{
  "type": "FeatureCollection",
  "name": "admin_boundaries",
  "crs": { "type": "name", "properties": { "name": "urn:ogc:def:crs:OGC:1.3:CRS84" } },
  "features": [
    {
      "type": "Feature",
      "properties": {
        "ADM_ID": "051603012",
        "ADM_NM": "051603012",
        "REMARK": "Dogongan",
        "NRDB_Paren": 51603012,
        "AREA": 482.299,
        "Brgy_Pop": 4335,
        "below5": 453,
        "below5_pro": 10.45,
        "above60": 293,
        "60_pro": 6.76,
        "Household": "954",
        "Househol_1": "4,203"
      },
      "geometry": {
        "type": "MultiPolygon",
        "coordinates": [
          [
            [
              [122.906495971878556, 14.088801727982869],
              [122.906331620826293, 14.088659855608478],
              [122.905291011847567, 14.088686410894407],
              [122.904991867354056, 14.088774807835142],
              [122.905315365857788, 14.089068366626153],
              [122.905241323234577, 14.089104484096453],
              [122.904885650695903, 14.088806209020797],
              [122.904627917841381, 14.088856919794404],
              [122.904066184449363, 14.08890165793542],
              [122.902850597952124, 14.088973056945424],
              [122.902113876392676, 14.088999720757831],
              [122.901865274712407, 14.08899062010097],
              [122.901635095410555, 14.088846717830856],
              [122.901142036010754, 14.088810554803478],
              [122.900014383662523, 14.088837088640776],
              [122.899903877956206, 14.088783119244209],
              [122.899655347293745, 14.088612208662415],
              [122.899535694856397, 14.08847734996862],
              [122.899425189436542, 14.088423380352951],
              [122.898467407723047, 14.088629710570935],
              [122.898191098086301, 14.088728441550657],
              [122.898191436675788, 14.087964438364539],
              [122.898320714034284, 14.087182527360207],
              [122.898404142292961, 14.085915210837069],
              [122.898386057971152, 14.085196123663716],
              [122.898404635091296, 14.084800667345247],
              [122.898460070404795, 14.084369228108448],
              [122.898460157777549, 14.084171496060646],
              [122.898427215407423, 14.084018229637532],
              [122.898050141378093, 14.084018477936837],
              [122.897846418780603, 14.083440305919469],
              [122.897249896135406, 14.082654235040254],
              [122.897354397373633, 14.081787132188293],
              [122.897503754708055, 14.081494726961798],
              [122.89751898078049, 14.081469512307391],
              [122.897382848042454, 14.081460714077124],
              [122.897370615454506, 14.081494744427095],
              [122.897271198883885, 14.081597438374075],
              [122.897174028837213, 14.081597396974507],
              [122.897048542143537, 14.081623564531689],
              [122.897013908053225, 14.082708317219332],
              [122.897110857165217, 14.083202892533413],
              [122.896902574067354, 14.083324724191538],
              [122.896881667632016, 14.083494078215363],
              [122.896783827355918, 14.084984415501278],
              [122.896658014750074, 14.086996384269893],
              [122.896317514792656, 14.08791753081557],
              [122.896289679142214, 14.088053031381705],
              [122.896275765611747, 14.088195278375141],
              [122.896449098936344, 14.088513746218585],
              [122.896601631944165, 14.088933830150221],
              [122.897148953061716, 14.091081561726734],
              [122.897170706739544, 14.091478775596682],
              [122.897197164868459, 14.091962246884314],
              [122.89769867954314, 14.105138163963531],
              [122.897710775877144, 14.105412526980395],
              [122.897578313311428, 14.105480689804006],
              [122.897641199759008, 14.105629228290953],
              [122.897698829165151, 14.105823836501857],
              [122.897756422142507, 14.106100403907337],
              [122.897756346829667, 14.106269396169083],
              [122.897861247035877, 14.106402582754018],
              [122.897897931215866, 14.106510148957703],
              [122.897876872473077, 14.106592062217084],
              [122.897687890112422, 14.106868524940667],
              [122.897671861383031, 14.107498415279197],
              [122.897876423372324, 14.107600904838451],
              [122.897918386881884, 14.107698214478159],
              [122.897314789037026, 14.108082051401205],
              [122.897314768413054, 14.108128123357675],
              [122.898117380441619, 14.108548408001516],
              [122.898489909834254, 14.10853319565811],
              [122.898531966646431, 14.108420551872698],
              [122.898500545693153, 14.108251546363894],
              [122.898532059518729, 14.108210598555406],
              [122.899339901766794, 14.108651324850369],
              [122.89938185957682, 14.108676970842398],
              [122.899245058767008, 14.109547466362722],
              [122.899271246307322, 14.109624288612702],
              [122.899491572111017, 14.109783151178256],
              [122.899601720727986, 14.109808788549664],
              [122.8998431814246, 14.109624527186797],
              [122.899895666397711, 14.109614327258257],
              [122.900173426736586, 14.110336483541159],
              [122.900808127207355, 14.110777170086617],
              [122.901142085480259, 14.111161363880495],
              [122.901142121112571, 14.111166734018891],
              [122.901246669207083, 14.111334250713414],
              [122.901142106182263, 14.111553494024342],
              [122.900723631905961, 14.112062483605154],
              [122.900571436707338, 14.112123899451159],
              [122.899826212170751, 14.112420613887689],
              [122.899637101948613, 14.11289677243847],
              [122.899642325093964, 14.11301454696344],
              [122.900555082311172, 14.113521902360967],
              [122.900707267346647, 14.113486114981521],
              [122.900638824921401, 14.114064763740458],
              [122.900767317230915, 14.114148479546669],
              [122.906853287604392, 14.114319199987117],
              [122.91189458964341, 14.114401870698119],
              [122.916341947733642, 14.114540312398015],
              [122.916300417185965, 14.114466552497444],
              [122.916133807690173, 14.114415163526573],
              [122.916175754765675, 14.114286852997601],
              [122.916261112569202, 14.11402578123692],
              [122.916248012403571, 14.113944447069413],
              [122.91594106371312, 14.113918674589613],
              [122.915827073867547, 14.113905783494941],
              [122.915467662449245, 14.113520527034574],
              [122.915568602600715, 14.113315164447574],
              [122.915217977386774, 14.112878542661953],
              [122.91502074915087, 14.112613114881103],
              [122.91513709349131, 14.112407904880579],
              [122.915319096036626, 14.112086873673661],
              [122.914968308142434, 14.112095305199519],
              [122.91496399180366, 14.111966939164185],
              [122.915253488371846, 14.111667462317019],
              [122.915012368692373, 14.11157323346923],
              [122.914947575721783, 14.111516990930777],
              [122.914775654482796, 14.111367751753903],
              [122.91474506181423, 14.111081013253106],
              [122.914650301677469, 14.110995613200522],
              [122.914709523427049, 14.110726313122679],
              [122.914339938816283, 14.110673258404718],
              [122.914404420055192, 14.110569671179848],
              [122.914660493647375, 14.110120249264233],
              [122.914512635860447, 14.110062458700892],
              [122.914271141658446, 14.11016336824485],
              [122.914276079963955, 14.11004793081165],
              [122.914113561941306, 14.109821809108118],
              [122.914182603413366, 14.109677543990129],
              [122.91437977339838, 14.109581433367794],
              [122.914369937740915, 14.109499655809641],
              [122.914562160085751, 14.109441985973358],
              [122.914774220128521, 14.109100558116369],
              [122.914739756484323, 14.108917776436932],
              [122.914735885035512, 14.108900999207338],
              [122.914705318322504, 14.108768659897965],
              [122.914675804322968, 14.108643618079071],
              [122.914636427811502, 14.108508906531361],
              [122.914675940307177, 14.108278042117234],
              [122.914878008040077, 14.108273299031842],
              [122.915025848211712, 14.108273351244588],
              [122.915262409444793, 14.10826862000561],
              [122.915405316549652, 14.108268670249476],
              [122.915454611016258, 14.108263909999733],
              [122.915720732676988, 14.108259188686743],
              [122.915858741140738, 14.108268829104947],
              [122.915917876122265, 14.108230407057269],
              [122.916129871480095, 14.108057303643733],
              [122.915701536804562, 14.106902798918874],
              [122.915701558020899, 14.10684506079566],
              [122.915721292853249, 14.10673444307297],
              [122.915721793255258, 14.106731259364185],
              [122.915741070917534, 14.106609381570847],
              [122.91576576345858, 14.106431435284586],
              [122.915778763408397, 14.106370701833455],
              [122.916061778169151, 14.106444612117127],
              [122.916075386564941, 14.106380101254494],
              [122.91584837729738, 14.104970455990385],
              [122.91582346243996, 14.104824120541764],
              [122.915361189721622, 14.104860549490775],
              [122.915124033526368, 14.104226383478732],
              [122.91527418325137, 14.103616723018582],
              [122.915011843461102, 14.103567855018849],
              [122.914599963738382, 14.102384910617486],
              [122.914912495351942, 14.101946040888054],
              [122.914925087945235, 14.101653391781076],
              [122.915157591937145, 14.101426598515467],
              [122.91593486179795, 14.101330649595758],
              [122.916408156221507, 14.100239886177548],
              [122.916744347141574, 14.099465088071597],
              [122.916703688499638, 14.098890951447844],
              [122.916442464624097, 14.098396475603183],
              [122.915486708738058, 14.098180855576564],
              [122.913256390376077, 14.098148175571088],
              [122.911663435304931, 14.097916347931331],
              [122.911132466870143, 14.097732753470614],
              [122.910846619318647, 14.097461548854534],
              [122.910691874585794, 14.096305320783431],
              [122.911273807390842, 14.093914456564411],
              [122.911207915923271, 14.092789074630673],
              [122.910885685877048, 14.092029396647506],
              [122.910056970902545, 14.09110809243475],
              [122.909588363979637, 14.090820855719313],
              [122.908563670288018, 14.090685919635144],
              [122.907153099679789, 14.090245807304523],
              [122.906496215823154, 14.089693874030452],
              [122.905833801083133, 14.089498254456075],
              [122.906296265746747, 14.089104896385352],
              [122.906399912424263, 14.088955276555506],
              [122.906495971878556, 14.088801727982869]
            ]
          ]
        ]
      }
    },
    {
      "type": "Feature",
      "properties": {
        "ADM_ID": "051603006",
        "ADM_NM": "051603006",
        "REMARK": "Calasgasan",
        "NRDB_Paren": 51603006,
        "AREA": 718.218,
        "Brgy_Pop": 4182,
        "below5": 344,
        "below5_pro": 8.23,
        "above60": 378,
        "60_pro": 9.04,
        "Household": "945",
        "Househol_1": "4,141"
      },
      "geometry": {
        "type": "MultiPolygon",
        "coordinates": [
          [
            [
              [122.943088593493343, 14.079283181517935],
              [122.939828573778058, 14.077776007616443],
              [122.939531526863504, 14.077638642874604],
              [122.939466951014836, 14.077635663845648],
              [122.939277956037415, 14.077665133627574],
              [122.939436123623139, 14.077274930634667],
              [122.939436204908574, 14.076966351112601],
              [122.939231662260795, 14.076966299688754],
              [122.939185100365989, 14.077138725110634],
              [122.938924614744963, 14.077773965762937],
              [122.938803814827025, 14.077465355629414],
              [122.938627101474452, 14.077537937302655],
              [122.938496983649941, 14.07745620392769],
              [122.938329663284748, 14.077165729070208],
              [122.937939281690532, 14.076748128125733],
              [122.937437206302363, 14.076593708705396],
              [122.93759536642149, 14.076239764619324],
              [122.937558235622745, 14.076049170472434],
              [122.937390905980635, 14.07594020579158],
              [122.937437598946744, 14.075150621588365],
              [122.937521376152148, 14.074860211088895],
              [122.938263006291933, 14.07459870926335],
              [122.938730219143153, 14.074433946378397],
              [122.938962664908416, 14.074506594815187],
              [122.938720993715876, 14.07417073288747],
              [122.938934951729919, 14.073853096770275],
              [122.938888520487126, 14.07353543169871],
              [122.938739872532622, 14.073090671948332],
              [122.93840513148956, 14.073190434416897],
              [122.938005310494873, 14.073190332053343],
              [122.937940285968466, 14.073026951831476],
              [122.937921837041245, 14.072500524730232],
              [122.937680334239346, 14.071556539086886],
              [122.937708323825362, 14.071175340041211],
              [122.937652642240536, 14.070839524893868],
              [122.937764311171961, 14.070521900316898],
              [122.937569122876951, 14.070186012091956],
              [122.937029870550759, 14.070067913997068],
              [122.937076459917009, 14.069795641213574],
              [122.937197491397228, 14.069232955455236],
              [122.937104554498092, 14.06903323587972],
              [122.936388587914209, 14.069160117077047],
              [122.936472371744159, 14.06884248570881],
              [122.935858793384398, 14.068470190832407],
              [122.935198719605879, 14.068306651005615],
              [122.934947647046329, 14.06838828378989],
              [122.934659454882208, 14.068252063490643],
              [122.934475112641195, 14.067822438822253],
              [122.93431236838984, 14.067758249122441],
              [122.934155483642229, 14.067768428186968],
              [122.933742239307307, 14.068038896467451],
              [122.93367420368314, 14.068202241353731],
              [122.933590490242182, 14.068263475049868],
              [122.93319824806467, 14.068324660585322],
              [122.93307790742692, 14.068436918875257],
              [122.932999410148412, 14.068564521413165],
              [122.932826841433155, 14.068493031996836],
              [122.932131392499016, 14.068130334101843],
              [122.931869868770619, 14.068140482243262],
              [122.9313468652892, 14.068140334096398],
              [122.931273644061747, 14.06813009146919],
              [122.930939036636843, 14.067798157973458],
              [122.930891966920683, 14.067752183457959],
              [122.930928594320378, 14.067701159028196],
              [122.931106423547575, 14.067685877139574],
              [122.931263385948625, 14.067543001901965],
              [122.931294814116981, 14.067369425482106],
              [122.931132750607404, 14.067063058729428],
              [122.930960221908109, 14.066863906632999],
              [122.930756254311191, 14.066874032989451],
              [122.930494706664319, 14.067093504263731],
              [122.930233174763842, 14.067134278990206],
              [122.930301193950896, 14.067032191773201],
              [122.930248945329069, 14.066924958925785],
              [122.929694526260676, 14.067062644247928],
              [122.929542823930944, 14.067123856737854],
              [122.928930814547385, 14.067496365552932],
              [122.928909969583216, 14.067302367501886],
              [122.928957067081299, 14.06713390690151],
              [122.928925741268813, 14.0669705341164],
              [122.929025124635587, 14.06690926960535],
              [122.928941506708995, 14.066781620696155],
              [122.928768910586925, 14.066807087298885],
              [122.928219670884346, 14.067123467020002],
              [122.927900613707266, 14.067189739565077],
              [122.927759417488872, 14.067138662452814],
              [122.927586832220129, 14.067128388960304],
              [122.92750308216776, 14.067301949184932],
              [122.927571036717822, 14.06740918732973],
              [122.927570988508791, 14.067562329075582],
              [122.927288606343765, 14.067546948545537],
              [122.927095121624333, 14.067398822305094],
              [122.92690164913769, 14.067332396208689],
              [122.92620618009326, 14.066954385604392],
              [122.926059719175427, 14.066995190948081],
              [122.925562774633192, 14.067372837312737],
              [122.925479085812, 14.067352367907112],
              [122.925353598814993, 14.067296183340764],
              [122.92523554148562, 14.06737710639764],
              [122.925243688168379, 14.067525880485812],
              [122.924783887998188, 14.067892537176911],
              [122.924579960522294, 14.067892473562901],
              [122.923921264084612, 14.067723829507836],
              [122.923372206465061, 14.067922721628591],
              [122.923403549713697, 14.068022245929185],
              [122.923481849510722, 14.068389736858187],
              [122.923442558065787, 14.06868826745462],
              [122.923357818394479, 14.068746386281271],
              [122.922940532751852, 14.069032611820958],
              [122.922948312531133, 14.069139794994328],
              [122.922892200391018, 14.069135555034466],
              [122.922846369785859, 14.069132096092634],
              [122.922799403567879, 14.068894794733035],
              [122.92258769560587, 14.068787546252349],
              [122.922187738405242, 14.06876445567989],
              [122.921615195657935, 14.068840822819457],
              [122.921584615051913, 14.068843294266436],
              [122.921426969354343, 14.06885605729008],
              [122.921309362739024, 14.068833056987188],
              [122.921246573044456, 14.068940217202103],
              [122.921164963562333, 14.069272880306372],
              [122.921073817478032, 14.06964446454554],
              [122.92100528638349, 14.069786806518094],
              [122.920937856224327, 14.069926963736364],
              [122.920878968688712, 14.070049309668159],
              [122.920875784412885, 14.070041420067421],
              [122.920588183322593, 14.069969847158758],
              [122.920532368300684, 14.070422994908533],
              [122.920354578912139, 14.070534339034143],
              [122.920323423060807, 14.070553846449668],
              [122.920041077717457, 14.070641786424389],
              [122.920021328082299, 14.071028393218631],
              [122.919507568492108, 14.071265545778882],
              [122.919299706006953, 14.071334362360131],
              [122.919287109936533, 14.071333802616682],
              [122.918742732171012, 14.072963291823262],
              [122.9193769006243, 14.073756656069106],
              [122.919660502280138, 14.075188615781254],
              [122.91938899066183, 14.075092936713302],
              [122.91933754409979, 14.075088141948806],
              [122.919339962267117, 14.075116845240636],
              [122.919658540493757, 14.075265278535721],
              [122.920207327529766, 14.075796549134736],
              [122.920498916923279, 14.075985637330444],
              [122.920851853737361, 14.075966606011377],
              [122.921134971696034, 14.075856666345636],
              [122.921537604878566, 14.075967866942543],
              [122.921544736950409, 14.075970498779132],
              [122.921888806347965, 14.076030904125956],
              [122.92260048892399, 14.076206237102221],
              [122.92270338720104, 14.076202418395701],
              [122.922665009036891, 14.076260218455674],
              [122.92256503931614, 14.076242964907694],
              [122.922146184854398, 14.076412971048251],
              [122.922052017854625, 14.076514380776077],
              [122.921953991142232, 14.076585160892009],
              [122.921920626328102, 14.076627259416885],
              [122.921904942213146, 14.076669363659592],
              [122.921899376419631, 14.07674691411121],
              [122.921889159694331, 14.076889423252481],
              [122.921863644809349, 14.076943005301391],
              [122.9216282802753, 14.077205140020107],
              [122.921579259162939, 14.07720704993744],
              [122.921461639119144, 14.077210826335396],
              [122.921408668819026, 14.077222290080783],
              [122.921347908716527, 14.077268194251278],
              [122.921278282061081, 14.077279652538159],
              [122.921172391156617, 14.077268136977157],
              [122.921015529002048, 14.077302528657917],
              [122.920782212587056, 14.077342672680045],
              [122.920725333592202, 14.07735602380005],
              [122.920697893916383, 14.077379013802359],
              [122.920631192283551, 14.077489987135323],
              [122.920452710013478, 14.077614330458855],
              [122.920134004744739, 14.077929989472214],
              [122.920092752235931, 14.0781768911882],
              [122.920117372276621, 14.078625509786074],
              [122.92014428544239, 14.078698885926432],
              [122.920148041227819, 14.078700183410298],
              [122.920149478564241, 14.078712998152509],
              [122.920228711592145, 14.0789011644585],
              [122.920424578209378, 14.079855891946316],
              [122.920473771379037, 14.080235669656384],
              [122.920511688075138, 14.080528373294294],
              [122.920530192350682, 14.080671262144707],
              [122.92058895897425, 14.080797572368812],
              [122.920847750308965, 14.080832137417801],
              [122.921047739317018, 14.080843683939925],
              [122.921259470741433, 14.080912639071567],
              [122.921176633164151, 14.081494624046879],
              [122.921133009883576, 14.081796337552902],
              [122.921200611776669, 14.08193987198899],
              [122.921127016526796, 14.082123580769849],
              [122.921235736767642, 14.082410715043116],
              [122.921423934601734, 14.082511253575229],
              [122.921444487286195, 14.082657661369952],
              [122.921570920016549, 14.082743809912767],
              [122.921526781181726, 14.082778275552947],
              [122.921279682841259, 14.082938928850828],
              [122.921176727173474, 14.082990596703272],
              [122.921082545044726, 14.083126930397315],
              [122.920820615509385, 14.083603379547872],
              [122.920635302206747, 14.083718165535618],
              [122.920476425793993, 14.083858773796379],
              [122.920302914164395, 14.08385871652631],
              [122.920197000347017, 14.08390460544797],
              [122.920052897214134, 14.083895965505034],
              [122.919497068835682, 14.083806784475559],
              [122.919447038332208, 14.083869913190643],
              [122.919270594493099, 14.084116102809661],
              [122.919149839553086, 14.084284647660903],
              [122.919055749757007, 14.084261654132874],
              [122.918905797297256, 14.084054909000194],
              [122.918910163826297, 14.084046058999299],
              [122.918988229506994, 14.083888425384009],
              [122.918955913044883, 14.083750605670792],
              [122.918876535644912, 14.083647250119549],
              [122.918950161541929, 14.083383138136217],
              [122.918754711321412, 14.082976867701507],
              [122.918584173800554, 14.082830409112381],
              [122.918522507589373, 14.082643766714414],
              [122.918313669421906, 14.082652325340057],
              [122.918101897412342, 14.082695288711211],
              [122.917808633394642, 14.082608563072158],
              [122.917480412945096, 14.082554416307042],
              [122.917480337512416, 14.082553157076326],
              [122.917092140654773, 14.082680611046499],
              [122.91632734444336, 14.082967408635877],
              [122.916268449637656, 14.08309371607111],
              [122.91632502558727, 14.083292023425992],
              [122.91649755762073, 14.083376264760762],
              [122.916599450887389, 14.083537070837068],
              [122.916693455970673, 14.083896902567169],
              [122.916691100426206, 14.083905456938757],
              [122.916575640236829, 14.084325584018263],
              [122.916426536240223, 14.084608779381083],
              [122.916308861836882, 14.084647033212528],
              [122.916287226321103, 14.084773538736021],
              [122.916277416237406, 14.084830755071122],
              [122.916151897560738, 14.084945521300215],
              [122.916253618279683, 14.085580973501798],
              [122.916645666578461, 14.085833727978235],
              [122.91682718976439, 14.08592723103447],
              [122.9170769598351, 14.086055904051042],
              [122.917139607103309, 14.086362134495028],
              [122.917029747434924, 14.086507534841715],
              [122.916714109564765, 14.086583274590371],
              [122.916519899964214, 14.086629872074894],
              [122.91644148833312, 14.086583883955543],
              [122.916237534815508, 14.08671395568367],
              [122.916025793997179, 14.086660291784277],
              [122.915759163675816, 14.086568350937428],
              [122.915437686334343, 14.086323249087423],
              [122.914998576782295, 14.086001590185074],
              [122.914794912538753, 14.085350805867099],
              [122.914230108843284, 14.085618519940997],
              [122.913892875112296, 14.085610770472586],
              [122.913480047989381, 14.085229528185671],
              [122.913221605807834, 14.085365540525014],
              [122.912868591578345, 14.085549145992454],
              [122.913111457545824, 14.086268831913547],
              [122.913017312227481, 14.086291759937383],
              [122.912946703394539, 14.086383619344032],
              [122.912523203633882, 14.086329875839494],
              [122.911589751462614, 14.086666372592616],
              [122.911566200237445, 14.086735249839871],
              [122.911613237889384, 14.086765895377622],
              [122.912373967809444, 14.086842725217],
              [122.912455083397688, 14.08755757532049],
              [122.91305780575135, 14.088074548582034],
              [122.912263402298237, 14.088827857488074],
              [122.911562420486263, 14.088865858982949],
              [122.91157256350273, 14.087947236254745],
              [122.911172743387198, 14.087977199095659],
              [122.910784467429437, 14.088080421597304],
              [122.910543290785512, 14.088103294201519],
              [122.910455186810083, 14.087712834143018],
              [122.910302320500591, 14.087500342176895],
              [122.910220003908435, 14.087448647136103],
              [122.90997889312095, 14.087305007968862],
              [122.909784753245091, 14.087362340312778],
              [122.909661189874612, 14.08741399549592],
              [122.909578853124856, 14.0874139646359],
              [122.90946702494513, 14.087534472958255],
              [122.909267035289162, 14.087511435833159],
              [122.909108168624741, 14.087603260871267],
              [122.908861156684694, 14.087511282772139],
              [122.908355234574728, 14.087574236410306],
              [122.908208222916329, 14.087528256578693],
              [122.908137587630179, 14.087585634573685],
              [122.908019956709396, 14.087602848236294],
              [122.907972849613671, 14.08774634249451],
              [122.908013976658239, 14.08784972402791],
              [122.90780816328072, 14.087683134205738],
              [122.907619871426704, 14.087820870919453],
              [122.907213904175521, 14.088038890667219],
              [122.907384450981766, 14.08815376601218],
              [122.907290232500486, 14.088354683951668],
              [122.907178510193916, 14.088302976570413],
              [122.90717854730535, 14.088211128762801],
              [122.907031483598232, 14.088199591128447],
              [122.906796129470351, 14.088365974446441],
              [122.906537279890856, 14.088365874252545],
              [122.906643088786751, 14.088589868371594],
              [122.906495971878556, 14.088801727982869],
              [122.906399912424263, 14.088955276555506],
              [122.906296265746747, 14.089104896385352],
              [122.905833801083133, 14.089498254456075],
              [122.906496215823154, 14.089693874030452],
              [122.907153099679789, 14.090245807304523],
              [122.908563670288018, 14.090685919635144],
              [122.909588363979637, 14.090820855719313],
              [122.910056970902545, 14.09110809243475],
              [122.910885685877048, 14.092029396647506],
              [122.911207915923271, 14.092789074630673],
              [122.911241157249535, 14.093356825682781],
              [122.911902618639573, 14.093225828767146],
              [122.912073907184151, 14.093005271420182],
              [122.912127823601352, 14.092911850760922],
              [122.912421211600673, 14.092403683656128],
              [122.912493868468516, 14.092120574373215],
              [122.91260785658514, 14.092009361365831],
              [122.912753039300753, 14.091685798575014],
              [122.912727342641489, 14.091109370191649],
              [122.912856938878278, 14.090861687221301],
              [122.912986576622444, 14.090603856487325],
              [122.913162707904505, 14.090512886952856],
              [122.913193882905276, 14.090351090469621],
              [122.913763907325745, 14.089754654538307],
              [122.914530529726818, 14.089931919761748],
              [122.914830924673865, 14.090149423940588],
              [122.915017324214674, 14.090402330479019],
              [122.915549239897729, 14.090448959794251],
              [122.915832480509067, 14.090267029785918],
              [122.916060612683438, 14.089707541240125],
              [122.916143563729577, 14.089586205047494],
              [122.916820712464997, 14.088831361513051],
              [122.917373166441337, 14.089155166951262],
              [122.917662405865343, 14.089166042046473],
              [122.917808600223154, 14.089171537289964],
              [122.917969212643612, 14.089178369468264],
              [122.918253697716125, 14.089754589050496],
              [122.918184096774752, 14.090215434164044],
              [122.918302158829619, 14.090161254350578],
              [122.919128372128057, 14.090405522226812],
              [122.919211648830128, 14.09054109976819],
              [122.919679253587034, 14.091007830482198],
              [122.919843343723187, 14.091171616347779],
              [122.920627928038144, 14.091334572512018],
              [122.921058111285873, 14.092398778211036],
              [122.920919160824525, 14.092507172351812],
              [122.921273281845771, 14.092649615347003],
              [122.921530215100233, 14.092609034240125],
              [122.922023190219832, 14.092704078933879],
              [122.922043959406508, 14.092887077616751],
              [122.921856200747953, 14.093700351446028],
              [122.922578282657852, 14.093917463808504],
              [122.922682482241427, 14.093903942295665],
              [122.923092180335317, 14.093863408487266],
              [122.923418507455096, 14.093958397103695],
              [122.92361289119745, 14.094087230899145],
              [122.924564097573224, 14.094494179254379],
              [122.924560401129625, 14.09421033872969],
              [122.924537117324576, 14.092421224794146],
              [122.924450778191073, 14.092240464929468],
              [122.924500190885922, 14.092095894151159],
              [122.924745900125131, 14.092144931798432],
              [122.925259916862387, 14.091711332919603],
              [122.925412853008012, 14.091175922218072],
              [122.92527415054937, 14.090647235692726],
              [122.925760288874429, 14.09040339653005],
              [122.926106968537482, 14.090440908809114],
              [122.92606527142884, 14.090549335738356],
              [122.927072175191142, 14.090339540471764],
              [122.927092922383437, 14.090603868552215],
              [122.927391465300119, 14.090719175844676],
              [122.927467891045396, 14.090576871724625],
              [122.927613723294414, 14.090651467858192],
              [122.927870517008998, 14.091044638783959],
              [122.928183020391103, 14.090929514884147],
              [122.928474730315443, 14.090692389728748],
              [122.928801032089467, 14.090861923370104],
              [122.92923497977354, 14.091035338717333],
              [122.929564785006974, 14.091167134416072],
              [122.930085438380402, 14.091580712376935],
              [122.930717218124443, 14.091913028423926],
              [122.930883823148307, 14.092062180848727],
              [122.930876842680135, 14.092184173519044],
              [122.930439345130779, 14.092319597306602],
              [122.930369874673417, 14.092428016955338],
              [122.930265675038143, 14.092570313946004],
              [122.930487840659382, 14.092685595296709],
              [122.930716993215569, 14.092658551341259],
              [122.930904496588525, 14.092712825010748],
              [122.931036393616736, 14.092828079965235],
              [122.931099997268504, 14.092935387442507],
              [122.931341765647161, 14.093343255713629],
              [122.931501201874639, 14.09425152055092],
              [122.931417884173754, 14.094224386935965],
              [122.931577464702286, 14.094651413564554],
              [122.93169540494975, 14.095003875995193],
              [122.932424631745008, 14.094583877763482],
              [122.932770586146603, 14.094402352840159],
              [122.932917730886444, 14.094414578488736],
              [122.933035767948269, 14.09444172123427],
              [122.933123556620473, 14.094361712078415],
              [122.933128072550801, 14.094359824525236],
              [122.932772433983104, 14.093923003984951],
              [122.932468261761528, 14.093443273286621],
              [122.932318603175389, 14.093336828559655],
              [122.932015958952718, 14.093212859923991],
              [122.931967197088824, 14.093096888275685],
              [122.932027507689995, 14.092653776513743],
              [122.932021031002961, 14.092614072718527],
              [122.931920183361015, 14.092459976915427],
              [122.931711981633683, 14.092213743592952],
              [122.931879612385174, 14.092105795735636],
              [122.932031001686127, 14.091873922663241],
              [122.932470375807327, 14.09180260481507],
              [122.932532115731789, 14.092172680028828],
              [122.932623199730742, 14.092239406295814],
              [122.932855417788602, 14.092237248962995],
              [122.932875638678951, 14.092118630141922],
              [122.932664787331234, 14.091847916481017],
              [122.932705580316011, 14.091577902610089],
              [122.932723486711694, 14.091459060936799],
              [122.932836780491044, 14.091481943382568],
              [122.933645241662262, 14.091646123079975],
              [122.933432227930524, 14.092157782778827],
              [122.934008561418977, 14.092151163756192],
              [122.934064117283228, 14.092130846511685],
              [122.934078061205454, 14.091934303341032],
              [122.934237859675122, 14.091744540445085],
              [122.934341959590824, 14.091941152843617],
              [122.934475251727619, 14.091958855006943],
              [122.934547366411906, 14.092017872025437],
              [122.934856101760047, 14.092070360775518],
              [122.93486275095637, 14.092306204139309],
              [122.93496345256527, 14.092312786598272],
              [122.934950789276982, 14.092411371473515],
              [122.934943259736471, 14.092470033548848],
              [122.935144041090552, 14.092401646192743],
              [122.935339268990688, 14.092515989948922],
              [122.935399898801435, 14.092667999572434],
              [122.935380844999329, 14.092688845407446],
              [122.93556629988538, 14.092880664458011],
              [122.935908081892094, 14.09267587562576],
              [122.936127764776572, 14.092587789631519],
              [122.936382804761337, 14.092660520570513],
              [122.936475533259909, 14.092822537957339],
              [122.936184938279666, 14.09330014405184],
              [122.936526583396869, 14.09359088822681],
              [122.936668134987414, 14.09365762624889],
              [122.93677552445773, 14.093631433364205],
              [122.936740190386416, 14.093384879308401],
              [122.936857371618203, 14.093350355986217],
              [122.937168483437318, 14.093739938786443],
              [122.937300295984173, 14.093761416617101],
              [122.937258832464835, 14.093587487500548],
              [122.937285742203386, 14.093421946178234],
              [122.937539597788074, 14.093389828311635],
              [122.937565209156233, 14.093393427382487],
              [122.937812913710886, 14.093516189760967],
              [122.937939861971643, 14.093424485743576],
              [122.937933857861736, 14.093176717234364],
              [122.938099841437094, 14.093118392091467],
              [122.938186480909877, 14.09321133619585],
              [122.938148546527174, 14.093456686126345],
              [122.938337736757248, 14.093455549464256],
              [122.938392698616966, 14.09324472086807],
              [122.938559973165951, 14.093041068744444],
              [122.939016255706946, 14.093597493672155],
              [122.938890500439541, 14.093770195021975],
              [122.938945342159073, 14.094009605870106],
              [122.938636580643504, 14.09404171124187],
              [122.938577948731606, 14.094213207330737],
              [122.938608643959327, 14.094219770419807],
              [122.939131618043902, 14.094268678700296],
              [122.939296518986353, 14.09428409692938],
              [122.939449659857459, 14.094298419546872],
              [122.939718678830388, 14.094323565742872],
              [122.940038883578765, 14.094353497317213],
              [122.940581057684369, 14.094404182615584],
              [122.9412187594031, 14.094371562632524],
              [122.941767659073648, 14.094096490293513],
              [122.941842191210824, 14.094059139549104],
              [122.941950495678853, 14.094004867100585],
              [122.942286075308786, 14.094155644812561],
              [122.941729056542002, 14.093690345908179],
              [122.941621874127378, 14.092904132019058],
              [122.94144092523257, 14.091836171635439],
              [122.941982509928323, 14.091343953602546],
              [122.942027788633993, 14.091297781314992],
              [122.942502158653014, 14.091769652209962],
              [122.942558514756357, 14.091732333933395],
              [122.942587548789604, 14.0917046753849],
              [122.942662050477409, 14.091633659164732],
              [122.942702969415592, 14.091572004905034],
              [122.942778506195211, 14.091458101867079],
              [122.942809783707858, 14.091410963187743],
              [122.942875151239278, 14.091297798413592],
              [122.942920893275044, 14.091218664534708],
              [122.942967242656664, 14.091138419727297],
              [122.943009833948977, 14.09106469225773],
              [122.943017957411882, 14.091050657749788],
              [122.943057206392538, 14.090989928917363],
              [122.943108488155161, 14.090910574096245],
              [122.943155366715402, 14.090838032744729],
              [122.94320710390943, 14.090757974335588],
              [122.943212683779151, 14.090749346394448],
              [122.943360618667285, 14.09031988128751],
              [122.943494769609259, 14.089930448146937],
              [122.9434948163466, 14.089740456379454],
              [122.943438099543243, 14.08971392107992],
              [122.943172674378133, 14.089589720518385],
              [122.943226907435431, 14.089235489353849],
              [122.943239905061532, 14.08915075533592],
              [122.943220917219861, 14.088908798357327],
              [122.943213163205783, 14.088810097091104],
              [122.94320735479721, 14.088515515850755],
              [122.943273304747947, 14.088498124719189],
              [122.943357127202646, 14.088475997232532],
              [122.943436889432689, 14.088454942791932],
              [122.943519611424648, 14.088433111273963],
              [122.943599828973149, 14.088411945779638],
              [122.943685283040239, 14.0883893741349],
              [122.943763185866587, 14.08836880061245],
              [122.943843023909466, 14.088347746054742],
              [122.943900018556334, 14.088332685898038],
              [122.943910513409918, 14.088240618237309],
              [122.94391800428366, 14.088174956145266],
              [122.94393100879762, 14.088060704837499],
              [122.943939184175761, 14.087988746878114],
              [122.943362826715671, 14.08798183470587],
              [122.943341339877094, 14.087718396570759],
              [122.94332643528405, 14.087535734273052],
              [122.943309033946278, 14.087322739357878],
              [122.943308274618616, 14.087017085673104],
              [122.943298496058262, 14.086973418586819],
              [122.943561036186921, 14.086772562894808],
              [122.943713034417485, 14.08662560474313],
              [122.943864958596151, 14.086625640155622],
              [122.944012770128396, 14.086686375610954],
              [122.944117749863764, 14.08672280580258],
              [122.944256948498648, 14.086783279864076],
              [122.944194433048892, 14.086722230993177],
              [122.944190809401746, 14.086644455721357],
              [122.944301931458583, 14.086542819116639],
              [122.944367223226593, 14.086420357970924],
              [122.944392239074304, 14.086373402795854],
              [122.944336701927867, 14.086325947577587],
              [122.944357557283908, 14.086224290091915],
              [122.944427015989248, 14.086129421295244],
              [122.944225657317958, 14.086109042350161],
              [122.94428816754332, 14.086034504445649],
              [122.944392344054208, 14.085939643675163],
              [122.944933945525861, 14.085926212976331],
              [122.94496178310753, 14.085661897341963],
              [122.945003455823539, 14.085614427404352],
              [122.945088628968861, 14.085651037835085],
              [122.945177026956173, 14.08568905631585],
              [122.945321539799352, 14.085738864765808],
              [122.945431875417896, 14.085749407823632],
              [122.945412042545726, 14.085542152966946],
              [122.945435381401509, 14.085525492296631],
              [122.945521634477004, 14.085488328205447],
              [122.945841755629573, 14.085502066386329],
              [122.946032153015139, 14.085502849776635],
              [122.946037835798435, 14.085539701319938],
              [122.946050615297167, 14.085732251476369],
              [122.946218124412937, 14.085770879827473],
              [122.946508861914353, 14.085854348318563],
              [122.946265773752927, 14.086125393755053],
              [122.946800375493567, 14.086355983867714],
              [122.946369826087889, 14.086559213103435],
              [122.946611963550154, 14.086625338066511],
              [122.946596281497193, 14.087001503612283],
              [122.946929654114555, 14.086655888361904],
              [122.947096248738646, 14.086879619059003],
              [122.94763272514902, 14.086554379761287],
              [122.947955588616082, 14.086696813912736],
              [122.947924224407132, 14.087133936507456],
              [122.948311690823544, 14.087007247540816],
              [122.948583156119597, 14.086918494575711],
              [122.948812369383461, 14.08675418002781],
              [122.94890333280749, 14.086505764382572],
              [122.94890367332215, 14.086504808477228],
              [122.94895064091213, 14.086371496599357],
              [122.948950984987647, 14.086370522176962],
              [122.948951440312612, 14.086370485237902],
              [122.948659814168536, 14.08533261596836],
              [122.948027564229093, 14.084694841178571],
              [122.947965128671228, 14.08411148228997],
              [122.947193756923042, 14.084097759664255],
              [122.946992280871498, 14.083934907613237],
              [122.946839510044029, 14.083337936524401],
              [122.946971748926501, 14.082476520893445],
              [122.946589539186945, 14.082544248491667],
              [122.94633933572193, 14.082591672418891],
              [122.94641775293529, 14.081494514355326],
              [122.946418018531105, 14.081494514414317],
              [122.946520494011963, 14.080707348394677],
              [122.946083621366995, 14.080090092170815],
              [122.945851244659991, 14.079690686696654],
              [122.945674574037881, 14.079745089115661],
              [122.945612388749694, 14.079738332335589],
              [122.945715063582639, 14.079395594528117],
              [122.946338818968357, 14.079441954330656],
              [122.946383198572349, 14.078193868872733],
              [122.94605251888315, 14.078269125312994],
              [122.945137653225345, 14.07817207127224],
              [122.945182041639001, 14.076913245640334],
              [122.944531496909931, 14.0776985452923],
              [122.944729802300799, 14.07823653101743],
              [122.943781789035953, 14.078397712573619],
              [122.943946984365553, 14.079032575973626],
              [122.943693409503013, 14.079226175386765],
              [122.94363482603886, 14.079535707607397],
              [122.943088593493343, 14.079283181517935]
            ]
          ]
        ]
      }
    },
    {
      "type": "Feature",
      "properties": {
        "ADM_ID": "051603004",
        "ADM_NM": "051603004",
        "REMARK": "Bibirao",
        "NRDB_Paren": 51603004,
        "AREA": 317.57,
        "Brgy_Pop": 2130,
        "below5": 226,
        "below5_pro": 10.61,
        "above60": 184,
        "60_pro": 8.64,
        "Household": "504",
        "Househol_1": "2,173"
      },
      "geometry": {
        "type": "MultiPolygon",
        "coordinates": [
          [
            [
              [122.938577948731606, 14.094213207330737],
              [122.938636580643504, 14.09404171124187],
              [122.938945342159073, 14.094009605870106],
              [122.938890500439541, 14.093770195021975],
              [122.939016255706946, 14.093597493672155],
              [122.938559973165951, 14.093041068744444],
              [122.938392698616966, 14.09324472086807],
              [122.938337736757248, 14.093455549464256],
              [122.938148546527174, 14.093456686126345],
              [122.938186480909877, 14.09321133619585],
              [122.938099841437094, 14.093118392091467],
              [122.937933857861736, 14.093176717234364],
              [122.937939861971643, 14.093424485743576],
              [122.937812913710886, 14.093516189760967],
              [122.937565209156233, 14.093393427382487],
              [122.937539597788074, 14.093389828311635],
              [122.937285742203386, 14.093421946178234],
              [122.937258832464835, 14.093587487500548],
              [122.937300295984173, 14.093761416617101],
              [122.937168483437318, 14.093739938786443],
              [122.936857371618203, 14.093350355986217],
              [122.936740190386416, 14.093384879308401],
              [122.93677552445773, 14.093631433364205],
              [122.936668134987414, 14.09365762624889],
              [122.936526583396869, 14.09359088822681],
              [122.936184938279666, 14.09330014405184],
              [122.936475533259909, 14.092822537957339],
              [122.936382804761337, 14.092660520570513],
              [122.936127764776572, 14.092587789631519],
              [122.935908081892094, 14.09267587562576],
              [122.93556629988538, 14.092880664458011],
              [122.935380844999329, 14.092688845407446],
              [122.935399898801435, 14.092667999572434],
              [122.935339268990688, 14.092515989948922],
              [122.935144041090552, 14.092401646192743],
              [122.934943259736471, 14.092470033548848],
              [122.934950789276982, 14.092411371473515],
              [122.93496345256527, 14.092312786598272],
              [122.93486275095637, 14.092306204139309],
              [122.934856101760047, 14.092070360775518],
              [122.934547366411906, 14.092017872025437],
              [122.934475251727619, 14.091958855006943],
              [122.934341959590824, 14.091941152843617],
              [122.934237859675122, 14.091744540445085],
              [122.934078061205454, 14.091934303341032],
              [122.934064117283228, 14.092130846511685],
              [122.934008561418977, 14.092151163756192],
              [122.933432227930524, 14.092157782778827],
              [122.933645241662262, 14.091646123079975],
              [122.932836780491044, 14.091481943382568],
              [122.932723486711694, 14.091459060936799],
              [122.932705580316011, 14.091577902610089],
              [122.932664787331234, 14.091847916481017],
              [122.932875638678951, 14.092118630141922],
              [122.932855417788602, 14.092237248962995],
              [122.932623199730742, 14.092239406295814],
              [122.932532115731789, 14.092172680028828],
              [122.932470375807327, 14.09180260481507],
              [122.932031001686127, 14.091873922663241],
              [122.931879612385174, 14.092105795735636],
              [122.931711981633683, 14.092213743592952],
              [122.931920183361015, 14.092459976915427],
              [122.932021031002961, 14.092614072718527],
              [122.932027507689995, 14.092653776513743],
              [122.931967197088824, 14.093096888275685],
              [122.932015958952718, 14.093212859923991],
              [122.932318603175389, 14.093336828559655],
              [122.932468261761528, 14.093443273286621],
              [122.932772433983104, 14.093923003984951],
              [122.933128072550801, 14.094359824525236],
              [122.933123556620473, 14.094361712078415],
              [122.933035767948269, 14.09444172123427],
              [122.932917730886444, 14.094414578488736],
              [122.932770586146603, 14.094402352840159],
              [122.932424631745008, 14.094583877763482],
              [122.93169540494975, 14.095003875995193],
              [122.931577464702286, 14.094651413564554],
              [122.931417884173754, 14.094224386935965],
              [122.931501201874639, 14.09425152055092],
              [122.931341765647161, 14.093343255713629],
              [122.931099997268504, 14.092935387442507],
              [122.931036393616736, 14.092828079965235],
              [122.930904496588525, 14.092712825010748],
              [122.930716993215569, 14.092658551341259],
              [122.930487840659382, 14.092685595296709],
              [122.930265675038143, 14.092570313946004],
              [122.930369874673417, 14.092428016955338],
              [122.930439345130779, 14.092319597306602],
              [122.930876842680135, 14.092184173519044],
              [122.930883823148307, 14.092062180848727],
              [122.930717218124443, 14.091913028423926],
              [122.930085438380402, 14.091580712376935],
              [122.929564785006974, 14.091167134416072],
              [122.92923497977354, 14.091035338717333],
              [122.928801032089467, 14.090861923370104],
              [122.928474730315443, 14.090692389728748],
              [122.928183020391103, 14.090929514884147],
              [122.927870517008998, 14.091044638783959],
              [122.927613723294414, 14.090651467858192],
              [122.927467891045396, 14.090576871724625],
              [122.927391465300119, 14.090719175844676],
              [122.927092922383437, 14.090603868552215],
              [122.927072175191142, 14.090339540471764],
              [122.92606527142884, 14.090549335738356],
              [122.926106968537482, 14.090440908809114],
              [122.925760288874429, 14.09040339653005],
              [122.92527415054937, 14.090647235692726],
              [122.925412853008012, 14.091175922218072],
              [122.925259916862387, 14.091711332919603],
              [122.924745900125131, 14.092144931798432],
              [122.924500190885922, 14.092095894151159],
              [122.924450778191073, 14.092240464929468],
              [122.924537117324576, 14.092421224794146],
              [122.924560401129625, 14.09421033872969],
              [122.924564097573224, 14.094494179254379],
              [122.92361289119745, 14.094087230899145],
              [122.923418507455096, 14.093958397103695],
              [122.923092180335317, 14.093863408487266],
              [122.922682482241427, 14.093903942295665],
              [122.922578282657852, 14.093917463808504],
              [122.921856200747953, 14.093700351446028],
              [122.922043959406508, 14.092887077616751],
              [122.922023190219832, 14.092704078933879],
              [122.921530215100233, 14.092609034240125],
              [122.921273281845771, 14.092649615347003],
              [122.920919160824525, 14.092507172351812],
              [122.921058111285873, 14.092398778211036],
              [122.920627928038144, 14.091334572512018],
              [122.919843343723187, 14.091171616347779],
              [122.919679253587034, 14.091007830482198],
              [122.919211648830128, 14.09054109976819],
              [122.919128372128057, 14.090405522226812],
              [122.918302158829619, 14.090161254350578],
              [122.918184096774752, 14.090215434164044],
              [122.918253697716125, 14.089754589050496],
              [122.917969212643612, 14.089178369468264],
              [122.917808600223154, 14.089171537289964],
              [122.917662405865343, 14.089166042046473],
              [122.917373166441337, 14.089155166951262],
              [122.916820712464997, 14.088831361513051],
              [122.916143563729577, 14.089586205047494],
              [122.916060612683438, 14.089707541240125],
              [122.915832480509067, 14.090267029785918],
              [122.915549239897729, 14.090448959794251],
              [122.915017324214674, 14.090402330479019],
              [122.914830924673865, 14.090149423940588],
              [122.914530529726818, 14.089931919761748],
              [122.913763907325745, 14.089754654538307],
              [122.913193882905276, 14.090351090469621],
              [122.913162707904505, 14.090512886952856],
              [122.912986576622444, 14.090603856487325],
              [122.912856938878278, 14.090861687221301],
              [122.912727342641489, 14.091109370191649],
              [122.912753039300753, 14.091685798575014],
              [122.91260785658514, 14.092009361365831],
              [122.912493868468516, 14.092120574373215],
              [122.912421211600673, 14.092403683656128],
              [122.912127823601352, 14.092911850760922],
              [122.912073907184151, 14.093005271420182],
              [122.911902618639573, 14.093225828767146],
              [122.911241157249535, 14.093356825682781],
              [122.911273807390842, 14.093914456564411],
              [122.910691874585794, 14.096305320783431],
              [122.910846619318647, 14.097461548854534],
              [122.911132466870143, 14.097732753470614],
              [122.911663435304931, 14.097916347931331],
              [122.913256390376077, 14.098148175571088],
              [122.915486708738058, 14.098180855576564],
              [122.916442464624097, 14.098396475603183],
              [122.916703688499638, 14.098890951447844],
              [122.916744347141574, 14.099465088071597],
              [122.916408156221507, 14.100239886177548],
              [122.91593486179795, 14.101330649595758],
              [122.916253341833325, 14.101737446016021],
              [122.917919795529784, 14.102168592866427],
              [122.918499845183788, 14.10224056436247],
              [122.919251366246215, 14.10254380387234],
              [122.92052556447446, 14.103365524161939],
              [122.922249365856231, 14.103374086352428],
              [122.923417562947577, 14.103613672087191],
              [122.923711684226632, 14.103605765772638],
              [122.924022268395731, 14.103270990028115],
              [122.924986543062246, 14.102473883413232],
              [122.925166406276915, 14.102123103156751],
              [122.925084901908079, 14.101533030060335],
              [122.925722782153116, 14.099491947967334],
              [122.925943465734804, 14.09915710482802],
              [122.926580693775875, 14.099229074429241],
              [122.927127979456444, 14.099460489571523],
              [122.92767510042691, 14.100218139325612],
              [122.928401796029732, 14.101542001243564],
              [122.929389943914757, 14.102873937282357],
              [122.930975935546115, 14.103775357079643],
              [122.93144997436066, 14.104043961620118],
              [122.932600404936551, 14.104096689019068],
              [122.933278642420163, 14.10412776766545],
              [122.933297215668375, 14.103936485046908],
              [122.93326508341633, 14.103648118635446],
              [122.933411801907283, 14.1035805696579],
              [122.934068318440836, 14.103278250988422],
              [122.934475299688245, 14.103090846077848],
              [122.935100249157941, 14.102618406650821],
              [122.935758920927043, 14.102177491687263],
              [122.93539100477804, 14.101755189823006],
              [122.934855171065806, 14.101635310101052],
              [122.934475304781884, 14.10134533106082],
              [122.934103735737793, 14.101103351559225],
              [122.934033495082147, 14.100851676830894],
              [122.934168354394401, 14.10058294785259],
              [122.934121518091615, 14.100491420587156],
              [122.934027761622147, 14.100468507058437],
              [122.933945692433923, 14.100577146424188],
              [122.933822642101589, 14.100554224782782],
              [122.933728908745735, 14.100451277653733],
              [122.933664427911296, 14.100622807862088],
              [122.933395057353948, 14.100347819804131],
              [122.933260216354512, 14.100159457500641],
              [122.933602205385412, 14.100070667035261],
              [122.934671968323499, 14.100040812647807],
              [122.93530969138105, 14.099990801748589],
              [122.937017394619588, 14.099253360872012],
              [122.938570247477998, 14.100588999067568],
              [122.939494143551812, 14.10072359728558],
              [122.939472972388799, 14.100575154088467],
              [122.939384574601931, 14.100230961895221],
              [122.939424090137152, 14.099169833497575],
              [122.939460436653988, 14.098900891528691],
              [122.939445193762964, 14.098859000656111],
              [122.939246750215858, 14.09882332264533],
              [122.939194319134998, 14.098645835760797],
              [122.939329878170994, 14.09828610799986],
              [122.939266467491834, 14.09815983832612],
              [122.939227437749068, 14.097957318881628],
              [122.938812528548141, 14.097885735551076],
              [122.938830830077379, 14.097840482929865],
              [122.938998119000829, 14.097593943591669],
              [122.939016513184626, 14.097199669286294],
              [122.939141293152872, 14.096132377320814],
              [122.938867986174927, 14.095815470191996],
              [122.938368905332823, 14.095515134020383],
              [122.938616733300194, 14.095186433890511],
              [122.938433761157569, 14.094917176785929],
              [122.938698653511679, 14.094625405221773],
              [122.938577948731606, 14.094213207330737]
            ]
          ]
        ]
      }
    },
    {
      "type": "Feature",
      "properties": {
        "ADM_ID": "051603001",
        "ADM_NM": "051603001",
        "REMARK": "Alawihao",
        "NRDB_Paren": 51603001,
        "AREA": 322.985,
        "Brgy_Pop": 11121,
        "below5": 955,
        "below5_pro": 8.59,
        "above60": 962,
        "60_pro": 8.65,
        "Household": "2568",
        "Househol_1": "11,719"
      },
      "geometry": {
        "type": "MultiPolygon",
        "coordinates": [
          [
            [
              [122.932600404936551, 14.104096689019068],
              [122.93144997436066, 14.104043961620118],
              [122.930975935546115, 14.103775357079643],
              [122.929389943914757, 14.102873937282357],
              [122.928401796029732, 14.101542001243564],
              [122.92767510042691, 14.100218139325612],
              [122.927127979456444, 14.099460489571523],
              [122.926580693775875, 14.099229074429241],
              [122.925943465734804, 14.09915710482802],
              [122.925722782153116, 14.099491947967334],
              [122.925084901908079, 14.101533030060335],
              [122.925166406276915, 14.102123103156751],
              [122.924986543062246, 14.102473883413232],
              [122.924022268395731, 14.103270990028115],
              [122.923711684226632, 14.103605765772638],
              [122.923417562947577, 14.103613672087191],
              [122.922249365856231, 14.103374086352428],
              [122.92052556447446, 14.103365524161939],
              [122.919251366246215, 14.10254380387234],
              [122.918499845183788, 14.10224056436247],
              [122.917919795529784, 14.102168592866427],
              [122.916253341833325, 14.101737446016021],
              [122.91593486179795, 14.101330649595758],
              [122.915157591937145, 14.101426598515467],
              [122.914925087945235, 14.101653391781076],
              [122.914912495351942, 14.101946040888054],
              [122.914599963738382, 14.102384910617486],
              [122.915011843461102, 14.103567855018849],
              [122.91527418325137, 14.103616723018582],
              [122.915124033526368, 14.104226383478732],
              [122.915361189721622, 14.104860549490775],
              [122.91582346243996, 14.104824120541764],
              [122.91584837729738, 14.104970455990385],
              [122.916075386564941, 14.106380101254494],
              [122.916061778169151, 14.106444612117127],
              [122.915778763408397, 14.106370701833455],
              [122.91576576345858, 14.106431435284586],
              [122.915741070917534, 14.106609381570847],
              [122.915721793255258, 14.106731259364185],
              [122.915721292853249, 14.10673444307297],
              [122.915701558020899, 14.10684506079566],
              [122.915701536804562, 14.106902798918874],
              [122.916129871480095, 14.108057303643733],
              [122.915917876122265, 14.108230407057269],
              [122.915858741140738, 14.108268829104947],
              [122.915720732676988, 14.108259188686743],
              [122.915454611016258, 14.108263909999733],
              [122.915405316549652, 14.108268670249476],
              [122.915262409444793, 14.10826862000561],
              [122.915025848211712, 14.108273351244588],
              [122.914878008040077, 14.108273299031842],
              [122.914675940307177, 14.108278042117234],
              [122.914636427811502, 14.108508906531361],
              [122.914675804322968, 14.108643618079071],
              [122.914705318322504, 14.108768659897965],
              [122.914735885035512, 14.108900999207338],
              [122.914739756484323, 14.108917776436932],
              [122.914774220128521, 14.109100558116369],
              [122.914562160085751, 14.109441985973358],
              [122.914369937740915, 14.109499655809641],
              [122.91437977339838, 14.109581433367794],
              [122.914182603413366, 14.109677543990129],
              [122.914113561941306, 14.109821809108118],
              [122.914276079963955, 14.11004793081165],
              [122.914271141658446, 14.11016336824485],
              [122.914512635860447, 14.110062458700892],
              [122.914660493647375, 14.110120249264233],
              [122.914404420055192, 14.110569671179848],
              [122.914339938816283, 14.110673258404718],
              [122.914709523427049, 14.110726313122679],
              [122.914650301677469, 14.110995613200522],
              [122.91474506181423, 14.111081013253106],
              [122.914775654482796, 14.111367751753903],
              [122.914947575721783, 14.111516990930777],
              [122.915012368692373, 14.11157323346923],
              [122.915253488371846, 14.111667462317019],
              [122.91496399180366, 14.111966939164185],
              [122.914968308142434, 14.112095305199519],
              [122.915319096036626, 14.112086873673661],
              [122.91513709349131, 14.112407904880579],
              [122.91502074915087, 14.112613114881103],
              [122.915217977386774, 14.112878542661953],
              [122.915568602600715, 14.113315164447574],
              [122.915467662449245, 14.113520527034574],
              [122.915827073867547, 14.113905783494941],
              [122.91594106371312, 14.113918674589613],
              [122.916248012403571, 14.113944447069413],
              [122.916261112569202, 14.11402578123692],
              [122.916175754765675, 14.114286852997601],
              [122.916133807690173, 14.114415163526573],
              [122.916300417185965, 14.114466552497444],
              [122.916341947733642, 14.114540312398015],
              [122.916372262944265, 14.114541018501829],
              [122.91637529724693, 14.114545167514049],
              [122.917808744653954, 14.114620435580782],
              [122.918061822015758, 14.114609077940042],
              [122.918058834510646, 14.114580078250929],
              [122.918399027453731, 14.114603266832681],
              [122.920700816884178, 14.115714726018247],
              [122.92066798420349, 14.115737121579667],
              [122.920867372123297, 14.11581910938583],
              [122.920886882371803, 14.115804560910838],
              [122.921314575369209, 14.11601008347486],
              [122.929770043816745, 14.120094007363987],
              [122.931910122153354, 14.121126844167803],
              [122.932922976043344, 14.121615836478945],
              [122.932407696881043, 14.120251905502611],
              [122.932436432868968, 14.120093143092063],
              [122.932283423980849, 14.119836297065559],
              [122.932254745200268, 14.119672889090529],
              [122.932020370198231, 14.119560754065711],
              [122.931743037865729, 14.119065772350352],
              [122.931934467398719, 14.118879057360934],
              [122.932020555758967, 14.118935116162238],
              [122.932135429208174, 14.118795043898674],
              [122.93217367153089, 14.118827756884496],
              [122.93239385774622, 14.118538313594444],
              [122.932288608277389, 14.118472916628932],
              [122.932327861449139, 14.118295046930616],
              [122.931723736793842, 14.118124661868983],
              [122.931671560175985, 14.118116943709694],
              [122.931675897056436, 14.118080798448409],
              [122.931731235686257, 14.117792345879646],
              [122.931738647097319, 14.117753720120428],
              [122.931872612705504, 14.117725759362139],
              [122.93242275732355, 14.117823947018826],
              [122.932461100753528, 14.117641892039201],
              [122.933528132786236, 14.117105213661992],
              [122.933623805436582, 14.117086574252786],
              [122.933657274449899, 14.117221984702127],
              [122.934111753618041, 14.117180074435655],
              [122.934083106437384, 14.117035332461553],
              [122.934279275010965, 14.116984018084022],
              [122.934236311049418, 14.116610504879342],
              [122.934269967778334, 14.11609224141584],
              [122.934201995867525, 14.115852530065547],
              [122.933909320882805, 14.114344111122849],
              [122.933895038293542, 14.114274295559126],
              [122.933557939109505, 14.114296683210506],
              [122.933061187512934, 14.114483425978335],
              [122.932532642890806, 14.114643048928372],
              [122.932508486760511, 14.114586748421706],
              [122.932546825995274, 14.114416840971741],
              [122.932241788631913, 14.114335203455411],
              [122.932267690365819, 14.114250657877172],
              [122.932481734757772, 14.1135519361045],
              [122.932576322313082, 14.112959989482418],
              [122.932667270022421, 14.112485036472535],
              [122.932896206138224, 14.111967605314618],
              [122.932943478499837, 14.111871882078978],
              [122.932990713891868, 14.111772677498926],
              [122.933106390425579, 14.111596976877504],
              [122.933134942437135, 14.1115431353929],
              [122.93356103355147, 14.111732766769123],
              [122.934533003527946, 14.112165345645089],
              [122.934556778169579, 14.112104908085183],
              [122.934575084261482, 14.112050619221248],
              [122.934612687631429, 14.111925968410647],
              [122.934725487058273, 14.11158868094109],
              [122.934748056929166, 14.111485987997959],
              [122.934800716382753, 14.111258679203642],
              [122.934868429867336, 14.110936045437406],
              [122.934782526739824, 14.110908057011807],
              [122.934688121899342, 14.110877295541332],
              [122.93447533850923, 14.110129234444297],
              [122.934409461377768, 14.110000629713493],
              [122.934352316936241, 14.109987762868034],
              [122.934260059448391, 14.109884779375999],
              [122.934238155811613, 14.109648858101274],
              [122.934167930069705, 14.109335741904884],
              [122.934132909773581, 14.108790979070852],
              [122.934141832876406, 14.108374926148391],
              [122.934093510980219, 14.108297694177269],
              [122.933966086378206, 14.108164665247187],
              [122.933961706785965, 14.108087482329429],
              [122.933495899924907, 14.10799728411572],
              [122.933170676889901, 14.107937122708091],
              [122.933126782224079, 14.107774117846299],
              [122.933249959087803, 14.107375244006803],
              [122.932713813710819, 14.107242137812596],
              [122.932344697988057, 14.107018970339341],
              [122.932015121695869, 14.106928807496647],
              [122.931902538748105, 14.106914742754324],
              [122.931808586826847, 14.106903009519938],
              [122.931786466596819, 14.106890449420879],
              [122.931744091131478, 14.10686639566962],
              [122.931619645492944, 14.106795738537],
              [122.931747158919137, 14.106495528916611],
              [122.931758931279049, 14.106337761548732],
              [122.931939275923952, 14.105874574078047],
              [122.931978842645947, 14.105784515215436],
              [122.931403198948388, 14.105526993109402],
              [122.931530748619394, 14.105231042649413],
              [122.931776838447703, 14.105201076786081],
              [122.932150376562646, 14.105342731523132],
              [122.932374638463315, 14.104956774819254],
              [122.932386221591315, 14.104924335076943],
              [122.932526585701567, 14.104532428988572],
              [122.932561368058785, 14.104322448107197],
              [122.932600404936551, 14.104096689019068]
            ]
          ]
        ]
      }
    },
    {
      "type": "Feature",
      "properties": {
        "ADM_ID": "051603021",
        "ADM_NM": "051603021",
        "REMARK": "Mancruz",
        "NRDB_Paren": 51603021,
        "AREA": 105.12,
        "Brgy_Pop": 3172,
        "below5": 285,
        "below5_pro": 8.98,
        "above60": 264,
        "60_pro": 8.32,
        "Household": "865",
        "Househol_1": "3,631"
      },
      "geometry": {
        "type": "MultiPolygon",
        "coordinates": [
          [
            [
              [122.957144811870208, 14.088288405672317],
              [122.956867456679376, 14.088230063584229],
              [122.956820598464276, 14.088220202611755],
              [122.956433703908331, 14.088146247304378],
              [122.956327428415207, 14.088125932655048],
              [122.956160521674676, 14.088094014848576],
              [122.955761486127727, 14.088017723022272],
              [122.952344634232645, 14.087364507397478],
              [122.951775508620386, 14.087255695217348],
              [122.951750580934487, 14.087250912658325],
              [122.951141844804454, 14.087134535823488],
              [122.950813730976009, 14.087046287722846],
              [122.95017277470842, 14.087139078070638],
              [122.9501118360308, 14.087147879907477],
              [122.949958951564298, 14.08702574236391],
              [122.949875587451274, 14.087039317059157],
              [122.949868626635634, 14.086944319691993],
              [122.949806093341863, 14.086957898692928],
              [122.949799130475498, 14.087046078641412],
              [122.949451667774909, 14.086951047173418],
              [122.949208474626786, 14.086849222666878],
              [122.949062536279342, 14.08688989384037],
              [122.94898609288245, 14.086835620752208],
              [122.948972226783795, 14.086740658933337],
              [122.948812369383461, 14.08675418002781],
              [122.948583156119597, 14.086918494575711],
              [122.948311690823544, 14.087007247540816],
              [122.947924224407132, 14.087133936507456],
              [122.947955588616082, 14.086696813912736],
              [122.94763272514902, 14.086554379761287],
              [122.947096248738646, 14.086879619059003],
              [122.946929654114555, 14.086655888361904],
              [122.946596281497193, 14.087001503612283],
              [122.946611963550154, 14.086625338066511],
              [122.946369826087889, 14.086559213103435],
              [122.946800375493567, 14.086355983867714],
              [122.946265773752927, 14.086125393755053],
              [122.946508861914353, 14.085854348318563],
              [122.946218124412937, 14.085770879827473],
              [122.946050615297167, 14.085732251476369],
              [122.946037835798435, 14.085539701319938],
              [122.946032153015139, 14.085502849776635],
              [122.945841755629573, 14.085502066386329],
              [122.945521634477004, 14.085488328205447],
              [122.945435381401509, 14.085525492296631],
              [122.945412042545726, 14.085542152966946],
              [122.945431875417896, 14.085749407823632],
              [122.945321539799352, 14.085738864765808],
              [122.945177026956173, 14.08568905631585],
              [122.945088628968861, 14.085651037835085],
              [122.945003455823539, 14.085614427404352],
              [122.94496178310753, 14.085661897341963],
              [122.944933945525861, 14.085926212976331],
              [122.944392344054208, 14.085939643675163],
              [122.94428816754332, 14.086034504445649],
              [122.944225657317958, 14.086109042350161],
              [122.944427015989248, 14.086129421295244],
              [122.944357557283908, 14.086224290091915],
              [122.944336701927867, 14.086325947577587],
              [122.944392239074304, 14.086373402795854],
              [122.944367223226593, 14.086420357970924],
              [122.944301931458583, 14.086542819116639],
              [122.944190809401746, 14.086644455721357],
              [122.944194433048892, 14.086722230993177],
              [122.944256948498648, 14.086783279864076],
              [122.944117749863764, 14.08672280580258],
              [122.944012770128396, 14.086686375610954],
              [122.943864958596151, 14.086625640155622],
              [122.943713034417485, 14.08662560474313],
              [122.943561036186921, 14.086772562894808],
              [122.943298496058262, 14.086973418586819],
              [122.943308274618616, 14.087017085673104],
              [122.943309033946278, 14.087322739357878],
              [122.94332643528405, 14.087535734273052],
              [122.943341339877094, 14.087718396570759],
              [122.943362826715671, 14.08798183470587],
              [122.943939184175761, 14.087988746878114],
              [122.94393100879762, 14.088060704837499],
              [122.94391800428366, 14.088174956145266],
              [122.943910513409918, 14.088240618237309],
              [122.943900018556334, 14.088332685898038],
              [122.943910423200435, 14.0884546830547],
              [122.944899914951733, 14.088439652596335],
              [122.9456331243302, 14.08959976895007],
              [122.945609669802607, 14.089782755749479],
              [122.946090007596027, 14.090065925464208],
              [122.946066530875271, 14.090183174400648],
              [122.946242203543775, 14.090697858026489],
              [122.946335847838498, 14.091026716497169],
              [122.946866022668075, 14.091252713030283],
              [122.947252695493603, 14.0913099806499],
              [122.947478216913836, 14.091550241697822],
              [122.947777030468004, 14.091527418716888],
              [122.948195880327972, 14.091753388182692],
              [122.948667530672807, 14.091722045993318],
              [122.948770072110591, 14.091816434085112],
              [122.948676258907554, 14.092056588899263],
              [122.948854948416781, 14.092176695741538],
              [122.94894868158552, 14.092125273397361],
              [122.948995560857796, 14.09204236099168],
              [122.949191845798723, 14.092039550713075],
              [122.94929726945044, 14.092142494371165],
              [122.949379264079042, 14.092325503663718],
              [122.949238628273918, 14.092394100742011],
              [122.948998478585352, 14.092231057126549],
              [122.948892956638929, 14.092399731160867],
              [122.948898790244925, 14.092614204567804],
              [122.949069023743959, 14.092711865985198],
              [122.949126032057393, 14.092809762660796],
              [122.948919000032092, 14.093020191215334],
              [122.94897833466139, 14.093065387003186],
              [122.949380605333474, 14.093126283985482],
              [122.949375097890567, 14.093495637141839],
              [122.949840846436828, 14.093399849789858],
              [122.949957275204056, 14.09350109181082],
              [122.949920827813372, 14.09377099842767],
              [122.950000874789666, 14.093842048991744],
              [122.950201007648786, 14.093774611876634],
              [122.9502683931116, 14.093440788454675],
              [122.95059225198068, 14.09324193777355],
              [122.950685043655227, 14.093334323131829],
              [122.950428459125405, 14.093536706146086],
              [122.950706789536142, 14.093669942619512],
              [122.950826890373961, 14.093636227876615],
              [122.950846874459899, 14.093694821997468],
              [122.950845032609763, 14.093790706340734],
              [122.950666692332021, 14.093977143275206],
              [122.950897688947222, 14.094371395507329],
              [122.951116000382498, 14.094289776770937],
              [122.951136195449848, 14.09424907893391],
              [122.951155678630116, 14.0939873905672],
              [122.951396198552899, 14.093851333995859],
              [122.951471734312094, 14.094264109034818],
              [122.951129119161266, 14.094693206307252],
              [122.951152113010593, 14.094695470129263],
              [122.951775377643528, 14.094566008689403],
              [122.952004893094866, 14.094615496792866],
              [122.951919609989929, 14.094901652515198],
              [122.95157727355263, 14.095088131406248],
              [122.951674734386017, 14.095176517485354],
              [122.952028305972476, 14.095154774254819],
              [122.951661550083557, 14.095440132975176],
              [122.951818659036093, 14.095713819161752],
              [122.952425900435856, 14.096013408204543],
              [122.952272746440372, 14.096240923542622],
              [122.952499489228032, 14.0964954757399],
              [122.953039421352415, 14.096600651038749],
              [122.953003736945078, 14.096680455409645],
              [122.952685498944476, 14.097209592220507],
              [122.953154720283948, 14.097418896957409],
              [122.953655327282803, 14.096666841454764],
              [122.953811725215544, 14.097472947344974],
              [122.954187324764376, 14.097368134742005],
              [122.954512818588256, 14.097163464613645],
              [122.954558826895024, 14.097450127423013],
              [122.954840174964204, 14.097710872608566],
              [122.954463539534714, 14.097871646542556],
              [122.954684553471893, 14.098142380055],
              [122.955312986051794, 14.097817844961577],
              [122.95534362794713, 14.098103541837915],
              [122.955440821913996, 14.098212443950295],
              [122.955566700250344, 14.098136544593393],
              [122.955648584230261, 14.098143559371721],
              [122.955693620527114, 14.098166529613948],
              [122.955716112097519, 14.098217457444061],
              [122.955774419007795, 14.098490159909948],
              [122.95563824391553, 14.098635980338626],
              [122.955599045416733, 14.098642269139255],
              [122.955702321256268, 14.098691622790149],
              [122.955778053895727, 14.09872781798493],
              [122.955926898902675, 14.098798952091716],
              [122.955971632100386, 14.098820329702976],
              [122.956236669199996, 14.098671643763693],
              [122.956229979829999, 14.098530500585749],
              [122.956355352846131, 14.098517449825163],
              [122.956497513193213, 14.098421961197687],
              [122.95646839052803, 14.098120932083933],
              [122.956473380687626, 14.098043825249793],
              [122.956553179869161, 14.09681126391178],
              [122.956567683917442, 14.096562388503534],
              [122.956602280601345, 14.096208150934464],
              [122.956616940946589, 14.095934869195476],
              [122.956644362163345, 14.095424748211606],
              [122.956644738180628, 14.095417785619542],
              [122.956676575750905, 14.095004550077068],
              [122.956676660240731, 14.095002957568971],
              [122.956687000798468, 14.094817041591412],
              [122.956687198319997, 14.094813412155162],
              [122.956692531004293, 14.094704936350743],
              [122.956713770218002, 14.094353696179423],
              [122.956719094147914, 14.094090227103372],
              [122.9567191679443, 14.094088745699505],
              [122.956729647705004, 14.093874756876003],
              [122.956729721501219, 14.09387327547209],
              [122.956766918531699, 14.093005430914809],
              [122.956767195090563, 14.092991357500486],
              [122.956772281277864, 14.09273681388998],
              [122.956777573006093, 14.09264385590374],
              [122.956778187642087, 14.092622745817421],
              [122.956793574602543, 14.092096289890963],
              [122.956809492520961, 14.091791491116577],
              [122.956809538094802, 14.091788750502547],
              [122.956814861013413, 14.091491875404884],
              [122.956830782270856, 14.090765168909547],
              [122.956838704344804, 14.090404852544195],
              [122.95683579420978, 14.090343484300091],
              [122.956924446202208, 14.08904707452529],
              [122.956978740212577, 14.088253488709322],
              [122.957144811870208, 14.088288405672317]
            ]
          ]
        ]
      }
    },
    {
      "type": "Feature",
      "properties": {
        "ADM_ID": "051603018",
        "ADM_NM": "051603018",
        "REMARK": "Magang",
        "NRDB_Paren": 51603018,
        "AREA": 154.699,
        "Brgy_Pop": 6835,
        "below5": 571,
        "below5_pro": 8.35,
        "above60": 682,
        "60_pro": 9.98,
        "Household": "1714",
        "Househol_1": "7,669"
      },
      "geometry": {
        "type": "MultiPolygon",
        "coordinates": [
          [
            [
              [122.956497513193213, 14.098421961197687],
              [122.956355352846131, 14.098517449825163],
              [122.956229979829999, 14.098530500585749],
              [122.956236669199996, 14.098671643763693],
              [122.955971632100386, 14.098820329702976],
              [122.955926898902675, 14.098798952091716],
              [122.955778053895727, 14.09872781798493],
              [122.955702321256268, 14.098691622790149],
              [122.955599045416733, 14.098642269139255],
              [122.95563824391553, 14.098635980338626],
              [122.955774419007795, 14.098490159909948],
              [122.955716112097519, 14.098217457444061],
              [122.955693620527114, 14.098166529613948],
              [122.955648584230261, 14.098143559371721],
              [122.955566700250344, 14.098136544593393],
              [122.955440821913996, 14.098212443950295],
              [122.95534362794713, 14.098103541837915],
              [122.955312986051794, 14.097817844961577],
              [122.954684553471893, 14.098142380055],
              [122.954463539534714, 14.097871646542556],
              [122.954840174964204, 14.097710872608566],
              [122.954558826895024, 14.097450127423013],
              [122.954512818588256, 14.097163464613645],
              [122.954187324764376, 14.097368134742005],
              [122.953811725215544, 14.097472947344974],
              [122.953655327282803, 14.096666841454764],
              [122.953154720283948, 14.097418896957409],
              [122.952685498944476, 14.097209592220507],
              [122.953003736945078, 14.096680455409645],
              [122.953039421352415, 14.096600651038749],
              [122.952499489228032, 14.0964954757399],
              [122.952272746440372, 14.096240923542622],
              [122.952425900435856, 14.096013408204543],
              [122.951818659036093, 14.095713819161752],
              [122.951661550083557, 14.095440132975176],
              [122.952028305972476, 14.095154774254819],
              [122.951674734386017, 14.095176517485354],
              [122.95157727355263, 14.095088131406248],
              [122.951919609989929, 14.094901652515198],
              [122.952004893094866, 14.094615496792866],
              [122.951775377643528, 14.094566008689403],
              [122.951152113010593, 14.094695470129263],
              [122.951129119161266, 14.094693206307252],
              [122.951471734312094, 14.094264109034818],
              [122.951396198552899, 14.093851333995859],
              [122.951155678630116, 14.0939873905672],
              [122.951136195449848, 14.09424907893391],
              [122.951116000382498, 14.094289776770937],
              [122.950897688947222, 14.094371395507329],
              [122.950666692332021, 14.093977143275206],
              [122.950845032609763, 14.093790706340734],
              [122.950846874459899, 14.093694821997468],
              [122.950826890373961, 14.093636227876615],
              [122.950706789536142, 14.093669942619512],
              [122.950428459125405, 14.093536706146086],
              [122.950685043655227, 14.093334323131829],
              [122.95059225198068, 14.09324193777355],
              [122.9502683931116, 14.093440788454675],
              [122.950201007648786, 14.093774611876634],
              [122.950000874789666, 14.093842048991744],
              [122.949920827813372, 14.09377099842767],
              [122.949957275204056, 14.09350109181082],
              [122.949840846436828, 14.093399849789858],
              [122.949375097890567, 14.093495637141839],
              [122.949380605333474, 14.093126283985482],
              [122.94897833466139, 14.093065387003186],
              [122.948919000032092, 14.093020191215334],
              [122.949126032057393, 14.092809762660796],
              [122.949069023743959, 14.092711865985198],
              [122.948898790244925, 14.092614204567804],
              [122.948892956638929, 14.092399731160867],
              [122.948998478585352, 14.092231057126549],
              [122.949238628273918, 14.092394100742011],
              [122.949379264079042, 14.092325503663718],
              [122.94929726945044, 14.092142494371165],
              [122.949191845798723, 14.092039550713075],
              [122.948995560857796, 14.09204236099168],
              [122.94894868158552, 14.092125273397361],
              [122.948854948416781, 14.092176695741538],
              [122.948676258907554, 14.092056588899263],
              [122.948770072110591, 14.091816434085112],
              [122.948667530672807, 14.091722045993318],
              [122.948195880327972, 14.091753388182692],
              [122.947777030468004, 14.091527418716888],
              [122.947478216913836, 14.091550241697822],
              [122.947252695493603, 14.0913099806499],
              [122.946866022668075, 14.091252713030283],
              [122.946335847838498, 14.091026716497169],
              [122.946242203543775, 14.090697858026489],
              [122.946066530875271, 14.090183174400648],
              [122.946090007596027, 14.090065925464208],
              [122.945609669802607, 14.089782755749479],
              [122.9456331243302, 14.08959976895007],
              [122.944899914951733, 14.088439652596335],
              [122.943910423200435, 14.0884546830547],
              [122.943900018556334, 14.088332685898038],
              [122.943843023909466, 14.088347746054742],
              [122.943763185866587, 14.08836880061245],
              [122.943685283040239, 14.0883893741349],
              [122.943599828973149, 14.088411945779638],
              [122.943519611424648, 14.088433111273963],
              [122.943436889432689, 14.088454942791932],
              [122.943357127202646, 14.088475997232532],
              [122.943273304747947, 14.088498124719189],
              [122.94320735479721, 14.088515515850755],
              [122.943213163205783, 14.088810097091104],
              [122.943220917219861, 14.088908798357327],
              [122.943239905061532, 14.08915075533592],
              [122.943226907435431, 14.089235489353849],
              [122.943172674378133, 14.089589720518385],
              [122.943438099543243, 14.08971392107992],
              [122.9434948163466, 14.089740456379454],
              [122.943494769609259, 14.089930448146937],
              [122.943360618667285, 14.09031988128751],
              [122.943212683779151, 14.090749346394448],
              [122.94320710390943, 14.090757974335588],
              [122.943155366715402, 14.090838032744729],
              [122.943108488155161, 14.090910574096245],
              [122.943057206392538, 14.090989928917363],
              [122.943017957411882, 14.091050657749788],
              [122.943009833948977, 14.09106469225773],
              [122.942967242656664, 14.091138419727297],
              [122.942920893275044, 14.091218664534708],
              [122.942875151239278, 14.091297798413592],
              [122.942809783707858, 14.091410963187743],
              [122.942778506195211, 14.091458101867079],
              [122.942702969415592, 14.091572004905034],
              [122.942662050477409, 14.091633659164732],
              [122.942587548789604, 14.0917046753849],
              [122.942558514756357, 14.091732333933395],
              [122.942502158653014, 14.091769652209962],
              [122.942027788633993, 14.091297781314992],
              [122.941982509928323, 14.091343953602546],
              [122.94144092523257, 14.091836171635439],
              [122.941621874127378, 14.092904132019058],
              [122.941729056542002, 14.093690345908179],
              [122.942286075308786, 14.094155644812561],
              [122.941950495678853, 14.094004867100585],
              [122.941842191210824, 14.094059139549104],
              [122.941767659073648, 14.094096490293513],
              [122.9412187594031, 14.094371562632524],
              [122.940581057684369, 14.094404182615584],
              [122.940038883578765, 14.094353497317213],
              [122.939718678830388, 14.094323565742872],
              [122.939449659857459, 14.094298419546872],
              [122.939296518986353, 14.09428409692938],
              [122.939131618043902, 14.094268678700296],
              [122.938608643959327, 14.094219770419807],
              [122.938577948731606, 14.094213207330737],
              [122.938698653511679, 14.094625405221773],
              [122.938433761157569, 14.094917176785929],
              [122.938616733300194, 14.095186433890511],
              [122.938368905332823, 14.095515134020383],
              [122.938867986174927, 14.095815470191996],
              [122.939141293152872, 14.096132377320814],
              [122.939016513184626, 14.097199669286294],
              [122.938998119000829, 14.097593943591669],
              [122.938830830077379, 14.097840482929865],
              [122.938812528548141, 14.097885735551076],
              [122.939227437749068, 14.097957318881628],
              [122.939266467491834, 14.09815983832612],
              [122.939329878170994, 14.09828610799986],
              [122.939194319134998, 14.098645835760797],
              [122.939246750215858, 14.09882332264533],
              [122.939445193762964, 14.098859000656111],
              [122.939676760639784, 14.098616662013177],
              [122.939976240088669, 14.098407079366357],
              [122.940047912069545, 14.09814029413932],
              [122.940102659703996, 14.098021720379867],
              [122.940142202691874, 14.098005175378411],
              [122.940574718645564, 14.097931581965263],
              [122.941078529918727, 14.098017442650061],
              [122.94106436032402, 14.098080214201442],
              [122.940954483710911, 14.098328250462194],
              [122.940981147643029, 14.098372699482642],
              [122.941175725225321, 14.098242567604409],
              [122.941451862069016, 14.098199747853089],
              [122.941671486052499, 14.098356016463747],
              [122.941545895237738, 14.098625492686484],
              [122.941643132139987, 14.098689809720534],
              [122.941787497018083, 14.098604107673678],
              [122.941873841906144, 14.098375953374559],
              [122.941925650061634, 14.098323894083139],
              [122.94207764040388, 14.098994641880136],
              [122.942294119979479, 14.099135576503665],
              [122.942469788394064, 14.099357682798912],
              [122.942545109624859, 14.099357700770945],
              [122.942629900980023, 14.099118805575346],
              [122.942744451950048, 14.09898869040577],
              [122.942899750376867, 14.09903313270895],
              [122.943000131193116, 14.099121967378863],
              [122.942874598131652, 14.099316410564334],
              [122.942623506387406, 14.099501639034198],
              [122.942662701583885, 14.099662456089369],
              [122.942791269213274, 14.099930437794832],
              [122.94289324865197, 14.100000903323627],
              [122.942971689597101, 14.09996877517252],
              [122.942948223269838, 14.099728335777415],
              [122.943031381487373, 14.09964721088306],
              [122.943238504856353, 14.09957374448746],
              [122.94336401977138, 14.099605957789437],
              [122.943514533640197, 14.099975013887141],
              [122.943756101390306, 14.10009758351247],
              [122.943892648895073, 14.100014915292746],
              [122.944090293721857, 14.100065514562395],
              [122.944184474054978, 14.099909321064924],
              [122.944333535800453, 14.099857320806555],
              [122.944619036045722, 14.100015083348797],
              [122.94492023502589, 14.100218810077177],
              [122.94517907698075, 14.100307680008186],
              [122.945389249475525, 14.100496089798101],
              [122.94558692792134, 14.100568094311059],
              [122.945984148804314, 14.100865175215631],
              [122.945934810771774, 14.100893047177424],
              [122.945999108720912, 14.100976391251823],
              [122.94715315374269, 14.100606663477079],
              [122.948051621349009, 14.10028883585543],
              [122.948383904827807, 14.099969476895893],
              [122.948884647736747, 14.100235794145489],
              [122.949682848480421, 14.10083604683029],
              [122.949925782594306, 14.100976461624976],
              [122.951401892598369, 14.101726619710121],
              [122.95236962633777, 14.102241308784224],
              [122.952963256213295, 14.102574892170859],
              [122.953108837318865, 14.102656694715979],
              [122.953539099798519, 14.102883762262449],
              [122.953575482375342, 14.102902959400499],
              [122.955810375839718, 14.104086660727088],
              [122.956225305671424, 14.104137141664998],
              [122.956315844107806, 14.104140972747437],
              [122.956331868894466, 14.104080163530735],
              [122.956482300763341, 14.10200568982571],
              [122.956427135327061, 14.101566254781019],
              [122.956456671142035, 14.101091651395489],
              [122.956427399262736, 14.100176019713006],
              [122.956495192168035, 14.099456656150744],
              [122.956497513193213, 14.098421961197687]
            ]
          ]
        ]
      }
    },
    {
      "type": "Feature",
      "properties": {
        "ADM_ID": "051603007",
        "ADM_NM": "051603007",
        "REMARK": "Camambugan",
        "NRDB_Paren": 51603007,
        "AREA": 233.079,
        "Brgy_Pop": 7058,
        "below5": 578,
        "below5_pro": 8.19,
        "above60": 814,
        "60_pro": 11.53,
        "Household": "2090",
        "Househol_1": "9,479"
      },
      "geometry": {
        "type": "MultiPolygon",
        "coordinates": [
          [
            [
              [122.95236962633777, 14.102241308784224],
              [122.951401892598369, 14.101726619710121],
              [122.949925782594306, 14.100976461624976],
              [122.949682848480421, 14.10083604683029],
              [122.948884647736747, 14.100235794145489],
              [122.948383904827807, 14.099969476895893],
              [122.948051621349009, 14.10028883585543],
              [122.94715315374269, 14.100606663477079],
              [122.945999108720912, 14.100976391251823],
              [122.945934810771774, 14.100893047177424],
              [122.945984148804314, 14.100865175215631],
              [122.94558692792134, 14.100568094311059],
              [122.945389249475525, 14.100496089798101],
              [122.94517907698075, 14.100307680008186],
              [122.94492023502589, 14.100218810077177],
              [122.944619036045722, 14.100015083348797],
              [122.944333535800453, 14.099857320806555],
              [122.944184474054978, 14.099909321064924],
              [122.944090293721857, 14.100065514562395],
              [122.943892648895073, 14.100014915292746],
              [122.943756101390306, 14.10009758351247],
              [122.943514533640197, 14.099975013887141],
              [122.94336401977138, 14.099605957789437],
              [122.943238504856353, 14.09957374448746],
              [122.943031381487373, 14.09964721088306],
              [122.942948223269838, 14.099728335777415],
              [122.942971689597101, 14.09996877517252],
              [122.94289324865197, 14.100000903323627],
              [122.942791269213274, 14.099930437794832],
              [122.942662701583885, 14.099662456089369],
              [122.942623506387406, 14.099501639034198],
              [122.942874598131652, 14.099316410564334],
              [122.943000131193116, 14.099121967378863],
              [122.942899750376867, 14.09903313270895],
              [122.942744451950048, 14.09898869040577],
              [122.942629900980023, 14.099118805575346],
              [122.942545109624859, 14.099357700770945],
              [122.942469788394064, 14.099357682798912],
              [122.942294119979479, 14.099135576503665],
              [122.94207764040388, 14.098994641880136],
              [122.941925650061634, 14.098323894083139],
              [122.941873841906144, 14.098375953374559],
              [122.941787497018083, 14.098604107673678],
              [122.941643132139987, 14.098689809720534],
              [122.941545895237738, 14.098625492686484],
              [122.941671486052499, 14.098356016463747],
              [122.941451862069016, 14.098199747853089],
              [122.941175725225321, 14.098242567604409],
              [122.940981147643029, 14.098372699482642],
              [122.940954483710911, 14.098328250462194],
              [122.94106436032402, 14.098080214201442],
              [122.941078529918727, 14.098017442650061],
              [122.940574718645564, 14.097931581965263],
              [122.940142202691874, 14.098005175378411],
              [122.940102659703996, 14.098021720379867],
              [122.940047912069545, 14.09814029413932],
              [122.939976240088669, 14.098407079366357],
              [122.939676760639784, 14.098616662013177],
              [122.939445193762964, 14.098859000656111],
              [122.939460436653988, 14.098900891528691],
              [122.939424090137152, 14.099169833497575],
              [122.939384574601931, 14.100230961895221],
              [122.939472972388799, 14.100575154088467],
              [122.939494143551812, 14.10072359728558],
              [122.938570247477998, 14.100588999067568],
              [122.937017394619588, 14.099253360872012],
              [122.93530969138105, 14.099990801748589],
              [122.934671968323499, 14.100040812647807],
              [122.933602205385412, 14.100070667035261],
              [122.933260216354512, 14.100159457500641],
              [122.933395057353948, 14.100347819804131],
              [122.933664427911296, 14.100622807862088],
              [122.933728908745735, 14.100451277653733],
              [122.933822642101589, 14.100554224782782],
              [122.933945692433923, 14.100577146424188],
              [122.934027761622147, 14.100468507058437],
              [122.934121518091615, 14.100491420587156],
              [122.934168354394401, 14.10058294785259],
              [122.934033495082147, 14.100851676830894],
              [122.934103735737793, 14.101103351559225],
              [122.934475304781884, 14.10134533106082],
              [122.934855171065806, 14.101635310101052],
              [122.93539100477804, 14.101755189823006],
              [122.935758920927043, 14.102177491687263],
              [122.935100249157941, 14.102618406650821],
              [122.934475299688245, 14.103090846077848],
              [122.934068318440836, 14.103278250988422],
              [122.933411801907283, 14.1035805696579],
              [122.93326508341633, 14.103648118635446],
              [122.933297215668375, 14.103936485046908],
              [122.933278642420163, 14.10412776766545],
              [122.935059845206851, 14.104332282396978],
              [122.935571674531374, 14.104415678861066],
              [122.937350620731465, 14.104705539153111],
              [122.93765549296181, 14.104796021632406],
              [122.938917442704636, 14.105170550495879],
              [122.939834618614952, 14.105828937162844],
              [122.940305542607859, 14.106371104204969],
              [122.940602891730506, 14.106951929536693],
              [122.940964660571439, 14.107886087789248],
              [122.941365932079705, 14.10942519086308],
              [122.941459962949878, 14.109861758456354],
              [122.94159376327012, 14.110475458274212],
              [122.942118791809634, 14.111360537510928],
              [122.942445534591101, 14.111939930751142],
              [122.942621806192591, 14.112369138644391],
              [122.942891221162, 14.113023913873686],
              [122.942909526542081, 14.113117284365948],
              [122.94292745299667, 14.113208506715299],
              [122.943327333214796, 14.115246916285386],
              [122.943778291493373, 14.115457938395295],
              [122.944304423100832, 14.115522242984447],
              [122.944840043303188, 14.115265600194743],
              [122.945356888273523, 14.114807257377567],
              [122.946024112300719, 14.114211360825768],
              [122.946606644749124, 14.114220675509914],
              [122.947452117005824, 14.114725172072363],
              [122.947767956126143, 14.114725240813391],
              [122.947931283241317, 14.114725276198268],
              [122.948851781708839, 14.114555851596279],
              [122.949258773041024, 14.114375390340349],
              [122.949734418468537, 14.114334232738168],
              [122.95070687808095, 14.114277695661107],
              [122.951415084958626, 14.114148919539341],
              [122.952001716705595, 14.114154185140526],
              [122.95192571836445, 14.113921587883075],
              [122.951920262597326, 14.113880144219626],
              [122.951912301513488, 14.113842403592013],
              [122.951896732194527, 14.113712998913517],
              [122.951878237502839, 14.113599926244467],
              [122.951859705192675, 14.113485372150796],
              [122.951841207052468, 14.113388891320572],
              [122.951838099788915, 14.113367780539789],
              [122.951830602788903, 14.113288708531117],
              [122.95184565219401, 14.113183049638868],
              [122.951833899562729, 14.112588259270893],
              [122.951839920501939, 14.11210665252309],
              [122.951828852199995, 14.112048023316628],
              [122.951871483286226, 14.111294650755584],
              [122.951858043244741, 14.110737088057787],
              [122.951843100123597, 14.110698827527088],
              [122.951848242147094, 14.110065301412378],
              [122.951905953346781, 14.110094682000442],
              [122.952533515812178, 14.11011795364206],
              [122.953160583579148, 14.110148667663006],
              [122.953600763528968, 14.110174455440458],
              [122.954498734539953, 14.110208921566093],
              [122.954486671009676, 14.109808233526675],
              [122.954482480051809, 14.109510431247822],
              [122.954530108744521, 14.10948347848975],
              [122.954774677872436, 14.109476191543012],
              [122.954796013189451, 14.109429679111562],
              [122.954835076467575, 14.108385140528615],
              [122.954889036994814, 14.108383558121551],
              [122.954920114057487, 14.108390119204083],
              [122.954936394576521, 14.108383085528363],
              [122.954897776235114, 14.108325080887655],
              [122.954839838194403, 14.108291738183928],
              [122.954700912849447, 14.108304452262889],
              [122.954497396009472, 14.108348448964556],
              [122.954312214749436, 14.108355302483753],
              [122.95409177759926, 14.108379111347451],
              [122.953683889223768, 14.108187449204218],
              [122.953614828041864, 14.108178732596537],
              [122.953380860523794, 14.108308089045909],
              [122.953243847432745, 14.108247176312521],
              [122.953212671230133, 14.108168877456931],
              [122.953314061302407, 14.107999275076697],
              [122.953258448526825, 14.107729609654914],
              [122.953180457841114, 14.107594785703473],
              [122.952944369845198, 14.107333788362634],
              [122.952875302491591, 14.107171782078703],
              [122.95294114273814, 14.106786886176154],
              [122.952768500875834, 14.106532419265742],
              [122.952503587056412, 14.106214196143782],
              [122.952482478702947, 14.106080160906245],
              [122.952555626078251, 14.105937253442809],
              [122.952696513408071, 14.10566199941201],
              [122.952677974311484, 14.105529668317905],
              [122.952666913843828, 14.10545078076087],
              [122.95264115359835, 14.105425406453907],
              [122.952725826833102, 14.10535150044606],
              [122.952794233861752, 14.105031120683435],
              [122.952925199820413, 14.10495811020545],
              [122.952991804086423, 14.104920979028735],
              [122.953031927687505, 14.104849952971472],
              [122.953027463101634, 14.104786177153048],
              [122.952988876067721, 14.104765874229189],
              [122.952390244634501, 14.104735313554617],
              [122.952362061216803, 14.104684569492992],
              [122.952353164957941, 14.104583090754181],
              [122.952177925278036, 14.104423581618818],
              [122.952100687102174, 14.104327866812389],
              [122.951701172555772, 14.104236457752222],
              [122.951663186821989, 14.104244857167206],
              [122.951705786714911, 14.104128648642737],
              [122.951836737473684, 14.103771320328649],
              [122.951871775696631, 14.103675736658944],
              [122.951876034007583, 14.103664110709888],
              [122.952337157299382, 14.102363963610518],
              [122.952328625254466, 14.1023363335133],
              [122.952347303714888, 14.102292153975428],
              [122.95236962633777, 14.102241308784224]
            ]
          ]
        ]
      }
    },
    {
      "type": "Feature",
      "properties": {
        "ADM_ID": "051603015",
        "ADM_NM": "051603015",
        "REMARK": "Lag-on",
        "NRDB_Paren": 51603015,
        "AREA": 254.587,
        "Brgy_Pop": 6424,
        "below5": 474,
        "below5_pro": 7.38,
        "above60": 696,
        "60_pro": 10.83,
        "Household": "1460",
        "Househol_1": "6,263"
      },
      "geometry": {
        "type": "MultiPolygon",
        "coordinates": [
          [
            [
              [122.947767956126143, 14.114725240813391],
              [122.947452117005824, 14.114725172072363],
              [122.946606644749124, 14.114220675509914],
              [122.946024112300719, 14.114211360825768],
              [122.945356888273523, 14.114807257377567],
              [122.944840043303188, 14.115265600194743],
              [122.944304423100832, 14.115522242984447],
              [122.943778291493373, 14.115457938395295],
              [122.943327333214796, 14.115246916285386],
              [122.94292745299667, 14.113208506715299],
              [122.942909526542081, 14.113117284365948],
              [122.942891221162, 14.113023913873686],
              [122.942621806192591, 14.112369138644391],
              [122.942445534591101, 14.111939930751142],
              [122.942118791809634, 14.111360537510928],
              [122.94159376327012, 14.110475458274212],
              [122.941459962949878, 14.109861758456354],
              [122.941365932079705, 14.10942519086308],
              [122.940964660571439, 14.107886087789248],
              [122.940602891730506, 14.106951929536693],
              [122.940305542607859, 14.106371104204969],
              [122.939834618614952, 14.105828937162844],
              [122.938917442704636, 14.105170550495879],
              [122.93765549296181, 14.104796021632406],
              [122.937350620731465, 14.104705539153111],
              [122.935571674531374, 14.104415678861066],
              [122.935059845206851, 14.104332282396978],
              [122.933278642420163, 14.10412776766545],
              [122.932600404936551, 14.104096689019068],
              [122.932561368058785, 14.104322448107197],
              [122.932526585701567, 14.104532428988572],
              [122.932386221591315, 14.104924335076943],
              [122.932374638463315, 14.104956774819254],
              [122.932150376562646, 14.105342731523132],
              [122.931776838447703, 14.105201076786081],
              [122.931530748619394, 14.105231042649413],
              [122.931403198948388, 14.105526993109402],
              [122.931978842645947, 14.105784515215436],
              [122.931939275923952, 14.105874574078047],
              [122.931758931279049, 14.106337761548732],
              [122.931747158919137, 14.106495528916611],
              [122.931619645492944, 14.106795738537],
              [122.931744091131478, 14.10686639566962],
              [122.931786466596819, 14.106890449420879],
              [122.931808586826847, 14.106903009519938],
              [122.931902538748105, 14.106914742754324],
              [122.932015121695869, 14.106928807496647],
              [122.932344697988057, 14.107018970339341],
              [122.932713813710819, 14.107242137812596],
              [122.933249959087803, 14.107375244006803],
              [122.933126782224079, 14.107774117846299],
              [122.933170676889901, 14.107937122708091],
              [122.933495899924907, 14.10799728411572],
              [122.933961706785965, 14.108087482329429],
              [122.933966086378206, 14.108164665247187],
              [122.934093510980219, 14.108297694177269],
              [122.934141832876406, 14.108374926148391],
              [122.934132909773581, 14.108790979070852],
              [122.934167930069705, 14.109335741904884],
              [122.934238155811613, 14.109648858101274],
              [122.934260059448391, 14.109884779375999],
              [122.934352316936241, 14.109987762868034],
              [122.934409461377768, 14.110000629713493],
              [122.93447533850923, 14.110129234444297],
              [122.934688121899342, 14.110877295541332],
              [122.934782526739824, 14.110908057011807],
              [122.934868429867336, 14.110936045437406],
              [122.934800716382753, 14.111258679203642],
              [122.934748056929166, 14.111485987997959],
              [122.934725487058273, 14.11158868094109],
              [122.934612687631429, 14.111925968410647],
              [122.934575084261482, 14.112050619221248],
              [122.934556778169579, 14.112104908085183],
              [122.934533003527946, 14.112165345645089],
              [122.93356103355147, 14.111732766769123],
              [122.933134942437135, 14.1115431353929],
              [122.933106390425579, 14.111596976877504],
              [122.932990713891868, 14.111772677498926],
              [122.932943478499837, 14.111871882078978],
              [122.932896206138224, 14.111967605314618],
              [122.932667270022421, 14.112485036472535],
              [122.932576322313082, 14.112959989482418],
              [122.932481734757772, 14.1135519361045],
              [122.932267690365819, 14.114250657877172],
              [122.932241788631913, 14.114335203455411],
              [122.932546825995274, 14.114416840971741],
              [122.932508486760511, 14.114586748421706],
              [122.932532642890806, 14.114643048928372],
              [122.933061187512934, 14.114483425978335],
              [122.933557939109505, 14.114296683210506],
              [122.933895038293542, 14.114274295559126],
              [122.933909320882805, 14.114344111122849],
              [122.934201995867525, 14.115852530065547],
              [122.934269967778334, 14.11609224141584],
              [122.934236311049418, 14.116610504879342],
              [122.934279275010965, 14.116984018084022],
              [122.934083106437384, 14.117035332461553],
              [122.934111753618041, 14.117180074435655],
              [122.933657274449899, 14.117221984702127],
              [122.933623805436582, 14.117086574252786],
              [122.933528132786236, 14.117105213661992],
              [122.932461100753528, 14.117641892039201],
              [122.93242275732355, 14.117823947018826],
              [122.931872612705504, 14.117725759362139],
              [122.931738647097319, 14.117753720120428],
              [122.931731235686257, 14.117792345879646],
              [122.931675897056436, 14.118080798448409],
              [122.931671560175985, 14.118116943709694],
              [122.931723736793842, 14.118124661868983],
              [122.932327861449139, 14.118295046930616],
              [122.932288608277389, 14.118472916628932],
              [122.93239385774622, 14.118538313594444],
              [122.93217367153089, 14.118827756884496],
              [122.932135429208174, 14.118795043898674],
              [122.932020555758967, 14.118935116162238],
              [122.931934467398719, 14.118879057360934],
              [122.931743037865729, 14.119065772350352],
              [122.932020370198231, 14.119560754065711],
              [122.932254745200268, 14.119672889090529],
              [122.932283423980849, 14.119836297065559],
              [122.932436432868968, 14.120093143092063],
              [122.932407696881043, 14.120251905502611],
              [122.932922976043344, 14.121615836478945],
              [122.937594485529857, 14.123868576010871],
              [122.939246312113767, 14.124674203714381],
              [122.939985287164447, 14.125029201533376],
              [122.9402583773673, 14.125148794419824],
              [122.94092564954471, 14.12482889993095],
              [122.942454255647363, 14.124059824485494],
              [122.942542352123567, 14.123995367034265],
              [122.943648710053111, 14.123286846565239],
              [122.944093653136989, 14.123020444117518],
              [122.944161513700422, 14.122974938822985],
              [122.944939485646628, 14.122453220820503],
              [122.945947589662026, 14.121860402565233],
              [122.947444283494548, 14.120920147615751],
              [122.947702257111857, 14.120763359151075],
              [122.947766399386737, 14.120724374868201],
              [122.947991840688545, 14.12061087334075],
              [122.948710689875796, 14.120152045150741],
              [122.949015197510235, 14.119957677773538],
              [122.94929112146724, 14.119788188265016],
              [122.949352455201137, 14.119748314114295],
              [122.949542942976151, 14.11964006277883],
              [122.950386845579885, 14.119103114600243],
              [122.950309174588213, 14.119059100580081],
              [122.949766898924935, 14.118849553096391],
              [122.949085281175769, 14.118624494173739],
              [122.948445897020832, 14.118418441506172],
              [122.948433996282517, 14.118351553114486],
              [122.948428954368083, 14.118328367904939],
              [122.948155770428698, 14.117126363901294],
              [122.947944725632041, 14.116524567908309],
              [122.947931192400858, 14.116294871704911],
              [122.947928206133696, 14.116243688196693],
              [122.94786261149612, 14.116000055421351],
              [122.947889658969828, 14.116010211281193],
              [122.947886329283136, 14.115998690249578],
              [122.947797069273065, 14.115526840450951],
              [122.947700579376374, 14.115309755268084],
              [122.947680173374124, 14.115266197251277],
              [122.947735983250837, 14.11498325922901],
              [122.947745975050381, 14.114932671096486],
              [122.947767956126143, 14.114725240813391]
            ]
          ]
        ]
      }
    },
    {
      "type": "Feature",
      "properties": {
        "ADM_ID": "051603027",
        "ADM_NM": "051603027",
        "REMARK": "Barangay IV",
        "NRDB_Paren": 51603027,
        "AREA": 31.774,
        "Brgy_Pop": 6916,
        "below5": 557,
        "below5_pro": 8.05,
        "above60": 696,
        "60_pro": 10.06,
        "Household": "1,793",
        "Househol_1": "8,103"
      },
      "geometry": {
        "type": "MultiPolygon",
        "coordinates": [
          [
            [
              [122.952001716705595, 14.114154185140526],
              [122.951415084958626, 14.114148919539341],
              [122.95070687808095, 14.114277695661107],
              [122.949734418468537, 14.114334232738168],
              [122.949258773041024, 14.114375390340349],
              [122.948851781708839, 14.114555851596279],
              [122.947931283241317, 14.114725276198268],
              [122.947767956126143, 14.114725240813391],
              [122.947745975050381, 14.114932671096486],
              [122.947735983250837, 14.11498325922901],
              [122.947680173374124, 14.115266197251277],
              [122.947700579376374, 14.115309755268084],
              [122.947797069273065, 14.115526840450951],
              [122.947886329283136, 14.115998690249578],
              [122.947889658969828, 14.116010211281193],
              [122.94786261149612, 14.116000055421351],
              [122.947928206133696, 14.116243688196693],
              [122.947931192400858, 14.116294871704911],
              [122.947944725632041, 14.116524567908309],
              [122.948155770428698, 14.117126363901294],
              [122.948428954368083, 14.118328367904939],
              [122.948433996282517, 14.118351553114486],
              [122.948445897020832, 14.118418441506172],
              [122.949085281175769, 14.118624494173739],
              [122.949766898924935, 14.118849553096391],
              [122.950309174588213, 14.119059100580081],
              [122.950386845579885, 14.119103114600243],
              [122.950795902539085, 14.118878282911169],
              [122.951136724825645, 14.118665843517418],
              [122.952152204372979, 14.118056230405207],
              [122.953384000215522, 14.11731675807791],
              [122.954570175855253, 14.116594647298605],
              [122.954921128589646, 14.116355724115465],
              [122.95490380639194, 14.11625379956144],
              [122.954834473807978, 14.115683923470526],
              [122.954773159904903, 14.114864134208601],
              [122.954731153937871, 14.114468477515262],
              [122.954714852543887, 14.1143868485045],
              [122.954695238163112, 14.113979566896088],
              [122.954672057973482, 14.113758202145382],
              [122.954635019817857, 14.113764787463742],
              [122.953715359223878, 14.113767797438683],
              [122.953540377777159, 14.113792873709837],
              [122.952804366219382, 14.114063977554739],
              [122.952416570193577, 14.114107562435054],
              [122.952001716705595, 14.114154185140526]
            ]
          ]
        ]
      }
    },
    {
      "type": "Feature",
      "properties": {
        "ADM_ID": "051603026",
        "ADM_NM": "051603026",
        "REMARK": "Barangay III",
        "NRDB_Paren": 51603025,
        "AREA": 34.972,
        "Brgy_Pop": 1245,
        "below5": 89,
        "below5_pro": 7.15,
        "above60": 215,
        "60_pro": 17.27,
        "Household": "455",
        "Househol_1": "1,729"
      },
      "geometry": {
        "type": "MultiPolygon",
        "coordinates": [
          [
            [
              [122.954635019817857, 14.113764787463742],
              [122.95472237825976, 14.113749212021014],
              [122.956103566064783, 14.113502775254739],
              [122.956175365919592, 14.113486640915784],
              [122.956100510840727, 14.113207787983916],
              [122.956100245385457, 14.113206862051284],
              [122.956039211456755, 14.112885791292229],
              [122.955973638636621, 14.111697906783197],
              [122.955968961357158, 14.111551134739972],
              [122.955961679011097, 14.111335180138003],
              [122.955945605053031, 14.11085860598185],
              [122.95595511635112, 14.110335742265089],
              [122.955964502471772, 14.110266969284524],
              [122.955931652694659, 14.110202743928374],
              [122.955971154095792, 14.110012537449153],
              [122.955894653579293, 14.11000948654743],
              [122.955724095179519, 14.109940828687929],
              [122.95527854467359, 14.109629575089391],
              [122.955262244745157, 14.109541168609226],
              [122.955537704286229, 14.108938357693901],
              [122.955550395647563, 14.108849956579306],
              [122.955450796673972, 14.108791607446436],
              [122.955302811371013, 14.108755100171667],
              [122.955139727064136, 14.108699368629967],
              [122.955049057119197, 14.108582986548829],
              [122.954936394576521, 14.108383085528363],
              [122.954920114057487, 14.108390119204083],
              [122.954889036994814, 14.108383558121551],
              [122.954835076467575, 14.108385140528615],
              [122.954796013189451, 14.109429679111562],
              [122.954774677872436, 14.109476191543012],
              [122.954530108744521, 14.10948347848975],
              [122.954482480051809, 14.109510431247822],
              [122.954486671009676, 14.109808233526675],
              [122.954498734539953, 14.110208921566093],
              [122.953600763528968, 14.110174455440458],
              [122.953160583579148, 14.110148667663006],
              [122.952533515812178, 14.11011795364206],
              [122.951905953346781, 14.110094682000442],
              [122.951848242147094, 14.110065301412378],
              [122.951843100123597, 14.110698827527088],
              [122.951858043244741, 14.110737088057787],
              [122.951871483286226, 14.111294650755584],
              [122.951828852199995, 14.112048023316628],
              [122.951839920501939, 14.11210665252309],
              [122.951833899562729, 14.112588259270893],
              [122.95184565219401, 14.113183049638868],
              [122.951830602788903, 14.113288708531117],
              [122.951838099788915, 14.113367780539789],
              [122.951841207052468, 14.113388891320572],
              [122.951859705192675, 14.113485372150796],
              [122.951878237502839, 14.113599926244467],
              [122.951896732194527, 14.113712998913517],
              [122.951912301513488, 14.113842403592013],
              [122.951920262597326, 14.113880144219626],
              [122.95192571836445, 14.113921587883075],
              [122.952001716705595, 14.114154185140526],
              [122.952416570193577, 14.114107562435054],
              [122.952804366219382, 14.114063977554739],
              [122.953540377777159, 14.113792873709837],
              [122.953715359223878, 14.113767797438683],
              [122.954635019817857, 14.113764787463742]
            ]
          ]
        ]
      }
    },
    {
      "type": "Feature",
      "properties": {
        "ADM_ID": "051603025",
        "ADM_NM": "051603025",
        "REMARK": "Barangay II",
        "NRDB_Paren": 51603026,
        "AREA": 19.751,
        "Brgy_Pop": 2551,
        "below5": 157,
        "below5_pro": 6.15,
        "above60": 343,
        "60_pro": 13.45,
        "Household": "723",
        "Househol_1": "3,024"
      },
      "geometry": {
        "type": "MultiPolygon",
        "coordinates": [
          [
            [
              [122.956315844107806, 14.104140972747437],
              [122.956225305671424, 14.104137141664998],
              [122.955810375839718, 14.104086660727088],
              [122.953575482375342, 14.102902959400499],
              [122.953539099798519, 14.102883762262449],
              [122.953108837318865, 14.102656694715979],
              [122.952963256213295, 14.102574892170859],
              [122.95236962633777, 14.102241308784224],
              [122.952347303714888, 14.102292153975428],
              [122.952328625254466, 14.1023363335133],
              [122.952337157299382, 14.102363963610518],
              [122.951876034007583, 14.103664110709888],
              [122.951871775696631, 14.103675736658944],
              [122.951836737473684, 14.103771320328649],
              [122.951705786714911, 14.104128648642737],
              [122.951663186821989, 14.104244857167206],
              [122.951701172555772, 14.104236457752222],
              [122.952100687102174, 14.104327866812389],
              [122.952177925278036, 14.104423581618818],
              [122.952353164957941, 14.104583090754181],
              [122.952362061216803, 14.104684569492992],
              [122.952390244634501, 14.104735313554617],
              [122.952988876067721, 14.104765874229189],
              [122.953027463101634, 14.104786177153048],
              [122.953031927687505, 14.104849952971472],
              [122.952991804086423, 14.104920979028735],
              [122.952925199820413, 14.10495811020545],
              [122.952794233861752, 14.105031120683435],
              [122.952725826833102, 14.10535150044606],
              [122.95264115359835, 14.105425406453907],
              [122.952666913843828, 14.10545078076087],
              [122.952677974311484, 14.105529668317905],
              [122.952696513408071, 14.10566199941201],
              [122.952555626078251, 14.105937253442809],
              [122.952482478702947, 14.106080160906245],
              [122.952503587056412, 14.106214196143782],
              [122.952768500875834, 14.106532419265742],
              [122.95294114273814, 14.106786886176154],
              [122.952875302491591, 14.107171782078703],
              [122.952944369845198, 14.107333788362634],
              [122.953180457841114, 14.107594785703473],
              [122.953258448526825, 14.107729609654914],
              [122.953314061302407, 14.107999275076697],
              [122.953212671230133, 14.108168877456931],
              [122.953243847432745, 14.108247176312521],
              [122.953380860523794, 14.108308089045909],
              [122.953614828041864, 14.108178732596537],
              [122.953683889223768, 14.108187449204218],
              [122.95409177759926, 14.108379111347451],
              [122.954312214749436, 14.108355302483753],
              [122.954497396009472, 14.108348448964556],
              [122.954700912849447, 14.108304452262889],
              [122.954839838194403, 14.108291738183928],
              [122.954897776235114, 14.108325080887655],
              [122.954936394576521, 14.108383085528363],
              [122.955049057119197, 14.108582986548829],
              [122.955139727064136, 14.108699368629967],
              [122.955302811371013, 14.108755100171667],
              [122.955450796673972, 14.108791607446436],
              [122.955550395647563, 14.108849956579306],
              [122.955537704286229, 14.108938357693901],
              [122.955262244745157, 14.109541168609226],
              [122.95527854467359, 14.109629575089391],
              [122.955724095179519, 14.109940828687929],
              [122.955894653579293, 14.11000948654743],
              [122.955971154095792, 14.110012537449153],
              [122.956049332840223, 14.109970923965594],
              [122.956423337148067, 14.109976288001279],
              [122.956960629246183, 14.109971236721279],
              [122.957300407833998, 14.10996359385628],
              [122.958203837056075, 14.110030564195728],
              [122.958619999252747, 14.110043487351508],
              [122.958746442290391, 14.110022954412074],
              [122.959020366536663, 14.109894488416886],
              [122.959063142738003, 14.109838572268066],
              [122.958716087965385, 14.109372385702809],
              [122.958711004411541, 14.10936501479013],
              [122.958569914137044, 14.109176036034802],
              [122.958622570445613, 14.109029606026899],
              [122.958675876851999, 14.108881363698043],
              [122.958796991796248, 14.108541067463237],
              [122.958865597296182, 14.108348310012477],
              [122.958989053681734, 14.108001455329152],
              [122.959157434840023, 14.107528358029802],
              [122.958230259108532, 14.107460814039168],
              [122.957034164703614, 14.107368440125603],
              [122.95706646460664, 14.106923391624465],
              [122.957117189591017, 14.106770888928883],
              [122.95698711203201, 14.106755755293529],
              [122.956995703497157, 14.106679019500518],
              [122.956997146691293, 14.106666131442589],
              [122.957148171276486, 14.106677787473833],
              [122.95718117143592, 14.106335697442727],
              [122.957185925116846, 14.106286404182491],
              [122.957030613722935, 14.106270080951189],
              [122.957090731418091, 14.10621305716707],
              [122.957125707480202, 14.106066032891944],
              [122.957160092193874, 14.106037410652652],
              [122.957069602721702, 14.105970619728744],
              [122.956985761979368, 14.105860757797039],
              [122.956992398249028, 14.105681433611673],
              [122.956993662534174, 14.105617103360004],
              [122.956998451628152, 14.105372670619026],
              [122.956999753883622, 14.105308192230899],
              [122.956999158885139, 14.105040944719253],
              [122.956999018608769, 14.1049795400096],
              [122.957011046161199, 14.10458181904397],
              [122.957017666719594, 14.104486046690681],
              [122.957034484302568, 14.104243467842014],
              [122.957043910078951, 14.104162473109207],
              [122.956315844107806, 14.104140972747437]
            ]
          ]
        ]
      }
    },
    {
      "type": "Feature",
      "properties": {
        "ADM_ID": "051603023",
        "ADM_NM": "051603023",
        "REMARK": "Pamorangon",
        "NRDB_Paren": 51603023,
        "AREA": 211.393,
        "Brgy_Pop": 3251,
        "below5": 251,
        "below5_pro": 7.72,
        "above60": 426,
        "60_pro": 13.1,
        "Household": "777",
        "Househol_1": "3,432"
      },
      "geometry": {
        "type": "MultiPolygon",
        "coordinates": [
          [
            [
              [122.974175307567151, 14.087132728965129],
              [122.974021097332738, 14.087150011430714],
              [122.973286697066854, 14.087232335081044],
              [122.972641881442883, 14.087304593030009],
              [122.97236701699093, 14.087335412222615],
              [122.970757631805796, 14.087515770263781],
              [122.967880994205842, 14.087838131187912],
              [122.967803627279608, 14.087841750344422],
              [122.962187745971391, 14.088103627548776],
              [122.959707109373824, 14.088182296472237],
              [122.959361973469626, 14.088199385964431],
              [122.958565307331099, 14.088238841276162],
              [122.957332288004693, 14.088299882872239],
              [122.957144811870208, 14.088288405672317],
              [122.956978740212577, 14.088253488709322],
              [122.956924446202208, 14.08904707452529],
              [122.95683579420978, 14.090343484300091],
              [122.956838704344804, 14.090404852544195],
              [122.956830782270856, 14.090765168909547],
              [122.956814861013413, 14.091491875404884],
              [122.956809538094802, 14.091788750502547],
              [122.956809492520961, 14.091791491116577],
              [122.956793574602543, 14.092096289890963],
              [122.956778187642087, 14.092622745817421],
              [122.956777573006093, 14.09264385590374],
              [122.956772281277864, 14.09273681388998],
              [122.956767195090563, 14.092991357500486],
              [122.956766918531699, 14.093005430914809],
              [122.956729721501219, 14.09387327547209],
              [122.956729647705004, 14.093874756876003],
              [122.9567191679443, 14.094088745699505],
              [122.956719094147914, 14.094090227103372],
              [122.956713770218002, 14.094353696179423],
              [122.956692531004293, 14.094704936350743],
              [122.956687198319997, 14.094813412155162],
              [122.956687000798468, 14.094817041591412],
              [122.956676660240731, 14.095002957568971],
              [122.956676575750905, 14.095004550077068],
              [122.956644738180628, 14.095417785619542],
              [122.956644362163345, 14.095424748211606],
              [122.956616940946589, 14.095934869195476],
              [122.956602280601345, 14.096208150934464],
              [122.956567683917442, 14.096562388503534],
              [122.956553179869161, 14.09681126391178],
              [122.956473380687626, 14.098043825249793],
              [122.95646839052803, 14.098120932083933],
              [122.956497513193213, 14.098421961197687],
              [122.956495192168035, 14.099456656150744],
              [122.956427399262736, 14.100176019713006],
              [122.956456671142035, 14.101091651395489],
              [122.956427135327061, 14.101566254781019],
              [122.956482300763341, 14.10200568982571],
              [122.956331868894466, 14.104080163530735],
              [122.956315844107806, 14.104140972747437],
              [122.957043910078951, 14.104162473109207],
              [122.958995956323207, 14.104220107072525],
              [122.95946561261853, 14.104229068115018],
              [122.960273480736006, 14.104244468235764],
              [122.960514139758061, 14.104213435106809],
              [122.960701719342069, 14.104140950471859],
              [122.960970671472523, 14.103971742425152],
              [122.961331701612863, 14.103674776741828],
              [122.961539517127648, 14.103519496327392],
              [122.963101356880401, 14.102203674768285],
              [122.9647789643453, 14.100780914372946],
              [122.96473025064337, 14.100727168865561],
              [122.964742004732599, 14.100538734413686],
              [122.964816726696739, 14.100490154876805],
              [122.96484168848886, 14.100283463886246],
              [122.9647607401307, 14.100107200532088],
              [122.965022323295599, 14.099937060924915],
              [122.965028574111841, 14.099754699455106],
              [122.965794668819626, 14.099128762770954],
              [122.965221779689287, 14.098830841945517],
              [122.964719899904097, 14.098203981577262],
              [122.964594419639795, 14.09768639318763],
              [122.965123895334557, 14.097489367890059],
              [122.96511297691535, 14.097425443172932],
              [122.965091133618657, 14.09734018446996],
              [122.964905637700411, 14.096983247167179],
              [122.964749002640588, 14.096728457633093],
              [122.964882410346547, 14.09652059727812],
              [122.964922062737841, 14.096519751238176],
              [122.965315059704821, 14.096498512751001],
              [122.96544605377953, 14.096439941527375],
              [122.965647978123187, 14.096557150476375],
              [122.965953691871817, 14.096349425128611],
              [122.965959172466199, 14.095981849307007],
              [122.96610655895806, 14.095917946934334],
              [122.967050887987327, 14.09538536030319],
              [122.967803664901794, 14.095422756715937],
              [122.968063913645636, 14.095243762079869],
              [122.968067563662757, 14.095165395595943],
              [122.968071753637304, 14.095075363022763],
              [122.968292588701289, 14.095089759607848],
              [122.968777667057793, 14.095121379435037],
              [122.968872895319549, 14.094951029933286],
              [122.968965955337168, 14.094784566517577],
              [122.968746357798523, 14.094600805370781],
              [122.96869149291679, 14.094302218602394],
              [122.970048528823668, 14.093192365026306],
              [122.97076223770631, 14.093659432453187],
              [122.971349286558947, 14.094163999625632],
              [122.971510777242628, 14.094168166735798],
              [122.971309536521503, 14.093431322903193],
              [122.971001344202065, 14.09290323477693],
              [122.97090074743376, 14.09265760363496],
              [122.970825322115957, 14.092000585838989],
              [122.97105189268548, 14.091343567401365],
              [122.971127374670317, 14.091251469309638],
              [122.971441955387519, 14.091042737991618],
              [122.972247239729995, 14.090711253714383],
              [122.972593281392051, 14.090441119733946],
              [122.972549260257324, 14.090177089037152],
              [122.972341693185157, 14.089986703123232],
              [122.972228484778782, 14.089544597982048],
              [122.972329175032471, 14.089329692855561],
              [122.972624883847985, 14.089206917064374],
              [122.972939405820938, 14.089139436946155],
              [122.973021244526251, 14.088863124630144],
              [122.973165974677428, 14.088421048609112],
              [122.973348425126872, 14.088261409013615],
              [122.973543485245315, 14.087991256871668],
              [122.973732229467899, 14.087868467945304],
              [122.973952419436173, 14.087825493670195],
              [122.974071949189593, 14.087751843035836],
              [122.974053082554633, 14.087493926106513],
              [122.974191527843772, 14.087242210979058],
              [122.974175307567151, 14.087132728965129]
            ]
          ]
        ]
      }
    },
    {
      "type": "Feature",
      "properties": {
        "ADM_ID": "051603008",
        "ADM_NM": "051603008",
        "REMARK": "Cobangbang",
        "NRDB_Paren": 51603008,
        "AREA": 116.575,
        "Brgy_Pop": 4010,
        "below5": 347,
        "below5_pro": 8.65,
        "above60": 354,
        "60_pro": 8.83,
        "Household": "957",
        "Househol_1": "4,035"
      },
      "geometry": {
        "type": "MultiPolygon",
        "coordinates": [
          [
            [
              [122.971510777242628, 14.094168166735798],
              [122.971349286558947, 14.094163999625632],
              [122.97076223770631, 14.093659432453187],
              [122.970048528823668, 14.093192365026306],
              [122.96869149291679, 14.094302218602394],
              [122.968746357798523, 14.094600805370781],
              [122.968965955337168, 14.094784566517577],
              [122.968872895319549, 14.094951029933286],
              [122.968777667057793, 14.095121379435037],
              [122.968292588701289, 14.095089759607848],
              [122.968071753637304, 14.095075363022763],
              [122.968067563662757, 14.095165395595943],
              [122.968063913645636, 14.095243762079869],
              [122.967803664901794, 14.095422756715937],
              [122.967050887987327, 14.09538536030319],
              [122.96610655895806, 14.095917946934334],
              [122.965959172466199, 14.095981849307007],
              [122.965953691871817, 14.096349425128611],
              [122.965647978123187, 14.096557150476375],
              [122.96544605377953, 14.096439941527375],
              [122.965315059704821, 14.096498512751001],
              [122.964922062737841, 14.096519751238176],
              [122.964882410346547, 14.09652059727812],
              [122.964749002640588, 14.096728457633093],
              [122.964905637700411, 14.096983247167179],
              [122.965091133618657, 14.09734018446996],
              [122.96511297691535, 14.097425443172932],
              [122.965123895334557, 14.097489367890059],
              [122.964594419639795, 14.09768639318763],
              [122.964719899904097, 14.098203981577262],
              [122.965221779689287, 14.098830841945517],
              [122.965794668819626, 14.099128762770954],
              [122.965028574111841, 14.099754699455106],
              [122.965022323295599, 14.099937060924915],
              [122.9647607401307, 14.100107200532088],
              [122.96484168848886, 14.100283463886246],
              [122.964816726696739, 14.100490154876805],
              [122.964742004732599, 14.100538734413686],
              [122.96473025064337, 14.100727168865561],
              [122.9647789643453, 14.100780914372946],
              [122.963101356880401, 14.102203674768285],
              [122.961539517127648, 14.103519496327392],
              [122.961331701612863, 14.103674776741828],
              [122.960970671472523, 14.103971742425152],
              [122.960701719342069, 14.104140950471859],
              [122.960514139758061, 14.104213435106809],
              [122.960273480736006, 14.104244468235764],
              [122.95946561261853, 14.104229068115018],
              [122.958995956323207, 14.104220107072525],
              [122.957043910078951, 14.104162473109207],
              [122.957034484302568, 14.104243467842014],
              [122.957017666719594, 14.104486046690681],
              [122.957011046161199, 14.10458181904397],
              [122.956999018608769, 14.1049795400096],
              [122.956999158885139, 14.105040944719253],
              [122.956999753883622, 14.105308192230899],
              [122.956998451628152, 14.105372670619026],
              [122.956993662534174, 14.105617103360004],
              [122.956992398249028, 14.105681433611673],
              [122.956985761979368, 14.105860757797039],
              [122.957069602721702, 14.105970619728744],
              [122.957160092193874, 14.106037410652652],
              [122.957125707480202, 14.106066032891944],
              [122.957090731418091, 14.10621305716707],
              [122.957030613722935, 14.106270080951189],
              [122.957185925116846, 14.106286404182491],
              [122.95718117143592, 14.106335697442727],
              [122.957148171276486, 14.106677787473833],
              [122.956997146691293, 14.106666131442589],
              [122.956995703497157, 14.106679019500518],
              [122.95698711203201, 14.106755755293529],
              [122.957117189591017, 14.106770888928883],
              [122.95706646460664, 14.106923391624465],
              [122.957034164703614, 14.107368440125603],
              [122.958230259108532, 14.107460814039168],
              [122.959157434840023, 14.107528358029802],
              [122.958989053681734, 14.108001455329152],
              [122.958865597296182, 14.108348310012477],
              [122.958796991796248, 14.108541067463237],
              [122.958675876851999, 14.108881363698043],
              [122.958622570445613, 14.109029606026899],
              [122.958569914137044, 14.109176036034802],
              [122.958711004411541, 14.10936501479013],
              [122.958716087965385, 14.109372385702809],
              [122.959063142738003, 14.109838572268066],
              [122.95910674265123, 14.109844912726754],
              [122.959153114184829, 14.10984288365165],
              [122.959193413540532, 14.109844594112115],
              [122.959399013148598, 14.109827444450623],
              [122.959542331210145, 14.109870281474361],
              [122.959975210700165, 14.110198672468611],
              [122.960326168663855, 14.110498494916714],
              [122.960376018926766, 14.110568944417086],
              [122.960414380674891, 14.110605427103556],
              [122.96044309834457, 14.110632730369739],
              [122.960534422045185, 14.110719445178111],
              [122.960652875722445, 14.110819423052067],
              [122.960799569388286, 14.110877148099839],
              [122.960936682980631, 14.110814654665324],
              [122.961168727495746, 14.110602738725925],
              [122.961202080737692, 14.110615965733126],
              [122.961202066678609, 14.110699073122012],
              [122.961188460216874, 14.110825546748316],
              [122.961230401830662, 14.110990546116884],
              [122.96138217233208, 14.111097787927468],
              [122.961637614860734, 14.111203824015119],
              [122.961938714299933, 14.111272498357325],
              [122.962162069046727, 14.111287014395268],
              [122.962257542203844, 14.111298991807612],
              [122.962310192960757, 14.111189449407474],
              [122.962321290748605, 14.111084678059353],
              [122.962362130730838, 14.111030797971317],
              [122.962400623751691, 14.110941659828928],
              [122.962951906056063, 14.110321328600843],
              [122.963145748010945, 14.11003211201904],
              [122.963390923919263, 14.109553763381287],
              [122.963681655321679, 14.109186675644084],
              [122.963963096411192, 14.10901287383024],
              [122.964835168538656, 14.10865838893737],
              [122.965083095010016, 14.108524912443968],
              [122.965287343122668, 14.108400725283314],
              [122.96556975279411, 14.108332546642311],
              [122.965426199874059, 14.107557777633991],
              [122.965298050853036, 14.106850980929353],
              [122.965375427490102, 14.106574300645944],
              [122.96588233878667, 14.106163539362422],
              [122.967007787585871, 14.105912151755176],
              [122.967875470851411, 14.105618837602403],
              [122.968038761187529, 14.105291836765458],
              [122.96798724494343, 14.104914550317735],
              [122.96779831790009, 14.104595909590545],
              [122.966578506593009, 14.104050730471689],
              [122.966097418696151, 14.10333836134801],
              [122.966254487385257, 14.102491420730722],
              [122.967552192270304, 14.101427423599899],
              [122.967803711479164, 14.101313129033294],
              [122.968758460964793, 14.100743057539209],
              [122.968834043898525, 14.100496004090658],
              [122.968920977328054, 14.100212064805255],
              [122.969000358429298, 14.099935494557405],
              [122.969075972323651, 14.099736364847086],
              [122.9691478014729, 14.099463497111424],
              [122.969170489449283, 14.099205363161399],
              [122.969253737513341, 14.098383039370102],
              [122.969200241716095, 14.098332849544768],
              [122.969626817209786, 14.097780075966092],
              [122.969698910830132, 14.097793714077248],
              [122.972227701487526, 14.096962758705326],
              [122.972665202690223, 14.096666043863685],
              [122.973198834218849, 14.096219715802926],
              [122.973418564437381, 14.095957158955548],
              [122.973584573964615, 14.095283206466904],
              [122.973485961608219, 14.094906804555405],
              [122.97323938794996, 14.094670454214928],
              [122.972876923288396, 14.094512790899245],
              [122.97273269394978, 14.094534699601816],
              [122.972663525276019, 14.094501026558865],
              [122.971636587089193, 14.094278732340596],
              [122.971510777242628, 14.094168166735798]
            ]
          ]
        ]
      }
    },
    {
      "type": "Feature",
      "properties": {
        "ADM_ID": "051603032",
        "ADM_NM": "051603032",
        "REMARK": "San Isidro",
        "NRDB_Paren": 51603032,
        "AREA": 297.171,
        "Brgy_Pop": 3344,
        "below5": 367,
        "below5_pro": 10.97,
        "above60": 244,
        "60_pro": 7.3,
        "Household": "745",
        "Househol_1": "3,404"
      },
      "geometry": {
        "type": "MultiPolygon",
        "coordinates": [
          [
            [
              [122.98781260516175, 14.105966360037085],
              [122.987816292371932, 14.105845513711477],
              [122.987946030324579, 14.105853742098514],
              [122.988520975611706, 14.105817861146706],
              [122.988543850662097, 14.105565895102021],
              [122.988582839373805, 14.105205912843235],
              [122.988775506393637, 14.104915379160133],
              [122.989055705596982, 14.10481284102128],
              [122.988915622541342, 14.10452225483176],
              [122.989038198168217, 14.104317158366856],
              [122.989563598303135, 14.104334255026133],
              [122.98982628205178, 14.103855694743464],
              [122.990334164549921, 14.103530989204737],
              [122.990421717186422, 14.103257523245265],
              [122.991314869782357, 14.102710581134708],
              [122.991502360022935, 14.102706439855403],
              [122.99176404402543, 14.102429905528826],
              [122.991818763832157, 14.102372058080297],
              [122.992007567041171, 14.101704649243652],
              [122.992328236249008, 14.100843327017687],
              [122.992639098990452, 14.100423651368601],
              [122.993117383114466, 14.099746435836829],
              [122.993132334402191, 14.099718215273441],
              [122.993137912673234, 14.099707697373098],
              [122.993183902354104, 14.099707698678497],
              [122.993226024285377, 14.099617259370364],
              [122.993359296340984, 14.099331053348791],
              [122.99333609641387, 14.098862686654567],
              [122.993489924771197, 14.09875014112977],
              [122.993618977074021, 14.098596204873258],
              [122.993520583800958, 14.098485512441021],
              [122.993323797254774, 14.098391218887638],
              [122.993110611829721, 14.098374820008788],
              [122.992856429207549, 14.09824362897799],
              [122.992811332290714, 14.098014044674095],
              [122.993001969257364, 14.097782410510343],
              [122.993102412390314, 14.097612272142277],
              [122.992946623041249, 14.097528227888171],
              [122.992932274022252, 14.097472881672054],
              [122.993000688094966, 14.097402930204465],
              [122.992352407601032, 14.09742392136965],
              [122.991376623614343, 14.09723341522529],
              [122.990262606513127, 14.09708256452511],
              [122.989294975340059, 14.097074597902305],
              [122.988416685244019, 14.098197212152263],
              [122.987999265921076, 14.097930092243578],
              [122.988044886997912, 14.098443590667571],
              [122.988389486358798, 14.098795147752179],
              [122.988373721557181, 14.099142094823852],
              [122.988040948667603, 14.099019195009021],
              [122.986305012754073, 14.099361458029255],
              [122.985918271270322, 14.099422877499718],
              [122.985720384146333, 14.099466789861605],
              [122.985357620335336, 14.099581392713812],
              [122.985058408475524, 14.099187465616431],
              [122.984566491388676, 14.098539835542287],
              [122.984470338108608, 14.098581232652275],
              [122.983153328968569, 14.099245670738028],
              [122.982798809604247, 14.098197246970361],
              [122.982669370063675, 14.0978144025184],
              [122.981814825235659, 14.09811954847407],
              [122.981597128440967, 14.098197269300464],
              [122.980909961486091, 14.098442649587751],
              [122.980660010974233, 14.098531886180945],
              [122.980416092536686, 14.09861897494984],
              [122.980374312520681, 14.098633894510819],
              [122.980201008558709, 14.098734542608868],
              [122.979842950054575, 14.098856810826689],
              [122.979689341119624, 14.09890927017485],
              [122.979342701895618, 14.099023754226785],
              [122.978388313337959, 14.099339027114057],
              [122.978051994245178, 14.099450140005752],
              [122.977003077007737, 14.099799619486774],
              [122.976453139861079, 14.098650949887041],
              [122.976232118658203, 14.098197281311425],
              [122.976141069739683, 14.09801302108775],
              [122.975673417113413, 14.097829204563622],
              [122.975630923153005, 14.09778772059626],
              [122.975272597764331, 14.097538694941944],
              [122.975181475348592, 14.097692827007359],
              [122.9750721501714, 14.097746146732508],
              [122.974501228836729, 14.098101775194561],
              [122.974489075818212, 14.098197288260977],
              [122.974432123993168, 14.09850508360989],
              [122.973894836040699, 14.099046039412315],
              [122.97359455971754, 14.098197303006772],
              [122.973563833594042, 14.09811611799393],
              [122.973498933924972, 14.097906045952131],
              [122.973276950159175, 14.097302492182454],
              [122.973092490681424, 14.097059074848115],
              [122.973051516128038, 14.097009035410737],
              [122.972829497308865, 14.096718911995383],
              [122.972665202690223, 14.096666043863685],
              [122.972227701487526, 14.096962758705326],
              [122.969698910830132, 14.097793714077248],
              [122.969626817209786, 14.097780075966092],
              [122.969200241716095, 14.098332849544768],
              [122.969253737513341, 14.098383039370102],
              [122.969170489449283, 14.099205363161399],
              [122.9691478014729, 14.099463497111424],
              [122.969075972323651, 14.099736364847086],
              [122.969000358429298, 14.099935494557405],
              [122.968920977328054, 14.100212064805255],
              [122.968834043898525, 14.100496004090658],
              [122.968758460964793, 14.100743057539209],
              [122.967803711479164, 14.101313129033294],
              [122.967552192270304, 14.101427423599899],
              [122.966254487385257, 14.102491420730722],
              [122.966097418696151, 14.10333836134801],
              [122.966578506593009, 14.104050730471689],
              [122.96779831790009, 14.104595909590545],
              [122.96798724494343, 14.104914550317735],
              [122.968038761187529, 14.105291836765458],
              [122.967875470851411, 14.105618837602403],
              [122.967007787585871, 14.105912151755176],
              [122.96588233878667, 14.106163539362422],
              [122.965375427490102, 14.106574300645944],
              [122.965298050853036, 14.106850980929353],
              [122.965426199874059, 14.107557777633991],
              [122.96556975279411, 14.108332546642311],
              [122.965287343122668, 14.108400725283314],
              [122.965083095010016, 14.108524912443968],
              [122.964835168538656, 14.10865838893737],
              [122.963963096411192, 14.10901287383024],
              [122.963681655321679, 14.109186675644084],
              [122.963390923919263, 14.109553763381287],
              [122.963145748010945, 14.11003211201904],
              [122.962951906056063, 14.110321328600843],
              [122.962400623751691, 14.110941659828928],
              [122.962362130730838, 14.111030797971317],
              [122.962388426056151, 14.111043283003045],
              [122.963303721226112, 14.111633388558158],
              [122.963401472763806, 14.11169640987265],
              [122.963863743148266, 14.11195694950446],
              [122.96384085394115, 14.11200876781801],
              [122.96363616738337, 14.112472151382228],
              [122.963636162091888, 14.112505520253974],
              [122.963676024409835, 14.112729154014019],
              [122.96368404678293, 14.112776181996491],
              [122.964938398757184, 14.11253152708613],
              [122.965906624219912, 14.112491341701453],
              [122.96635726012569, 14.11247554687937],
              [122.966933064189135, 14.112278931772929],
              [122.967803053300983, 14.111681076486869],
              [122.969643466174077, 14.110754060750679],
              [122.97020278521515, 14.110625691913652],
              [122.971350232755469, 14.110292697908843],
              [122.972867833112019, 14.109779118839352],
              [122.973410491063831, 14.109417762162396],
              [122.974624032575576, 14.108615325112348],
              [122.975521830724276, 14.108465795070831],
              [122.978541800234623, 14.107470868039242],
              [122.979718391663624, 14.107241313519339],
              [122.980502778866452, 14.106858617482839],
              [122.981875460229389, 14.106782172533757],
              [122.983449981259525, 14.106657587697299],
              [122.985635606000983, 14.106270448810172],
              [122.98781260516175, 14.105966360037085]
            ]
          ]
        ]
      }
    },
    {
      "type": "Feature",
      "properties": {
        "ADM_ID": "051603024",
        "ADM_NM": "051603024",
        "REMARK": "Barangay I",
        "NRDB_Paren": 51603024,
        "AREA": 21.68,
        "Brgy_Pop": 1933,
        "below5": 149,
        "below5_pro": 7.71,
        "above60": 257,
        "60_pro": 13.3,
        "Household": "580",
        "Househol_1": "2,344"
      },
      "geometry": {
        "type": "MultiPolygon",
        "coordinates": [
          [
            [
              [122.959828524980537, 14.112698869262115],
              [122.960420819156354, 14.112636229444529],
              [122.960563310276385, 14.112644437645786],
              [122.960702202319368, 14.112611199120716],
              [122.960975587766583, 14.112545768523304],
              [122.961966429823519, 14.112560444964179],
              [122.962184662317156, 14.112578659081253],
              [122.962271902199433, 14.112585936331445],
              [122.963214306134105, 14.112709706252867],
              [122.96368404678293, 14.112776181996491],
              [122.963676024409835, 14.112729154014019],
              [122.963636162091888, 14.112505520253974],
              [122.96363616738337, 14.112472151382228],
              [122.96384085394115, 14.11200876781801],
              [122.963863743148266, 14.11195694950446],
              [122.963401472763806, 14.11169640987265],
              [122.963303721226112, 14.111633388558158],
              [122.962388426056151, 14.111043283003045],
              [122.962362130730838, 14.111030797971317],
              [122.962321290748605, 14.111084678059353],
              [122.962310192960757, 14.111189449407474],
              [122.962257542203844, 14.111298991807612],
              [122.962162069046727, 14.111287014395268],
              [122.961938714299933, 14.111272498357325],
              [122.961637614860734, 14.111203824015119],
              [122.96138217233208, 14.111097787927468],
              [122.961230401830662, 14.110990546116884],
              [122.961188460216874, 14.110825546748316],
              [122.961202066678609, 14.110699073122012],
              [122.961202080737692, 14.110615965733126],
              [122.961168727495746, 14.110602738725925],
              [122.960936682980631, 14.110814654665324],
              [122.960799569388286, 14.110877148099839],
              [122.960652875722445, 14.110819423052067],
              [122.960534422045185, 14.110719445178111],
              [122.96044309834457, 14.110632730369739],
              [122.960414380674891, 14.110605427103556],
              [122.960376018926766, 14.110568944417086],
              [122.960326168663855, 14.110498494916714],
              [122.959975210700165, 14.110198672468611],
              [122.959542331210145, 14.109870281474361],
              [122.959399013148598, 14.109827444450623],
              [122.959193413540532, 14.109844594112115],
              [122.959153114184829, 14.10984288365165],
              [122.95910674265123, 14.109844912726754],
              [122.959063142738003, 14.109838572268066],
              [122.959020366536663, 14.109894488416886],
              [122.958746442290391, 14.110022954412074],
              [122.958619999252747, 14.110043487351508],
              [122.958203837056075, 14.110030564195728],
              [122.957300407833998, 14.10996359385628],
              [122.956960629246183, 14.109971236721279],
              [122.956423337148067, 14.109976288001279],
              [122.956049332840223, 14.109970923965594],
              [122.955971154095792, 14.110012537449153],
              [122.955931652694659, 14.110202743928374],
              [122.955964502471772, 14.110266969284524],
              [122.95595511635112, 14.110335742265089],
              [122.95595218145526, 14.110496590162848],
              [122.955945605053031, 14.11085860598185],
              [122.955961679011097, 14.111335180138003],
              [122.955968961357158, 14.111551134739972],
              [122.955973638636621, 14.111697906783197],
              [122.956039211456755, 14.112885791292229],
              [122.956100245385457, 14.113206862051284],
              [122.956100510840727, 14.113207787983916],
              [122.956175365919592, 14.113486640915784],
              [122.956246102886695, 14.113472321095234],
              [122.957880033299361, 14.113141590387491],
              [122.958156464903325, 14.113079284192779],
              [122.959047269921015, 14.112875174142959],
              [122.959285167787314, 14.112821231570262],
              [122.959828524980537, 14.112698869262115]
            ]
          ]
        ]
      }
    },
    {
      "type": "Feature",
      "properties": {
        "ADM_ID": "051603031",
        "ADM_NM": "051603031",
        "REMARK": "Barangay VIII",
        "NRDB_Paren": 51603031,
        "AREA": 22.224,
        "Brgy_Pop": 1767,
        "below5": 106,
        "below5_pro": 6.0,
        "above60": 247,
        "60_pro": 13.98,
        "Household": "731",
        "Househol_1": "2,929"
      },
      "geometry": {
        "type": "MultiPolygon",
        "coordinates": [
          [
            [
              [122.96368404678293, 14.112776181996491],
              [122.963214306134105, 14.112709706252867],
              [122.962271902199433, 14.112585936331445],
              [122.962184662317156, 14.112578659081253],
              [122.961966429823519, 14.112560444964179],
              [122.960975587766583, 14.112545768523304],
              [122.960702202319368, 14.112611199120716],
              [122.960563310276385, 14.112644437645786],
              [122.960420819156354, 14.112636229444529],
              [122.959828524980537, 14.112698869262115],
              [122.959285167787314, 14.112821231570262],
              [122.959047269921015, 14.112875174142959],
              [122.958314776648464, 14.113042367285829],
              [122.958156464903325, 14.113079284192779],
              [122.957880033299361, 14.113141590387491],
              [122.956246102886695, 14.113472321095234],
              [122.956175365919592, 14.113486640915784],
              [122.956244979662074, 14.113790380632924],
              [122.956272841653444, 14.113945045390091],
              [122.956307423881469, 14.114081526996916],
              [122.956317048296015, 14.114156525361221],
              [122.956453980180186, 14.114867703260632],
              [122.956518844070004, 14.115209181042214],
              [122.956548203925408, 14.115471507820731],
              [122.95655847479685, 14.115540136201508],
              [122.957137337742907, 14.115509019168075],
              [122.957874793143503, 14.115432115805339],
              [122.958095803163147, 14.115423339966441],
              [122.95848367233684, 14.115401408172916],
              [122.9589149563067, 14.115358847526604],
              [122.959473556617539, 14.115311853699742],
              [122.960299107665975, 14.115264037667622],
              [122.960832940636465, 14.115228365297639],
              [122.961522548328745, 14.115177189987879],
              [122.961861908910251, 14.115152867278562],
              [122.962323889804892, 14.115128379798451],
              [122.962897020725762, 14.11509799450493],
              [122.963947924228293, 14.11500571392369],
              [122.964273593106441, 14.115000503458441],
              [122.964240024896526, 14.114900502982062],
              [122.964166866146684, 14.11462835621934],
              [122.964118777580268, 14.114441950046055],
              [122.964110283721993, 14.114400876555717],
              [122.964200679409998, 14.114373631984689],
              [122.964180579151858, 14.114296669497401],
              [122.964087339195871, 14.114312543778444],
              [122.964063748862898, 14.114228766252429],
              [122.96405051421732, 14.114170766887582],
              [122.964031266130689, 14.11398380946496],
              [122.964007801740124, 14.113823294662305],
              [122.963996037981403, 14.113823292903154],
              [122.963982621765183, 14.113713555092401],
              [122.963995220882865, 14.113710260829112],
              [122.964053395566182, 14.113703714262392],
              [122.964024323339686, 14.113489719543594],
              [122.963954993502767, 14.113487524085803],
              [122.963939330092046, 14.113430746515064],
              [122.963861611543635, 14.113443289851658],
              [122.963811247602692, 14.113250661315698],
              [122.963782652778519, 14.11313921757954],
              [122.963856575714019, 14.113131525331907],
              [122.96384964456476, 14.113047528065529],
              [122.963845137381, 14.112993196496367],
              [122.963836115753836, 14.112930605360512],
              [122.96368404678293, 14.112776181996491]
            ]
          ]
        ]
      }
    },
    {
      "type": "Feature",
      "properties": {
        "ADM_ID": "051603029",
        "ADM_NM": "051603029",
        "REMARK": "Barangay VI",
        "NRDB_Paren": 51603029,
        "AREA": 16.839,
        "Brgy_Pop": 1617,
        "below5": 104,
        "below5_pro": 6.43,
        "above60": 247,
        "60_pro": 15.28,
        "Household": "468",
        "Househol_1": "1,909"
      },
      "geometry": {
        "type": "MultiPolygon",
        "coordinates": [
          [
            [
              [122.95655847479685, 14.115540136201508],
              [122.956548203925408, 14.115471507820731],
              [122.956518844070004, 14.115209181042214],
              [122.956453980180186, 14.114867703260632],
              [122.956317048296015, 14.114156525361221],
              [122.956307423881469, 14.114081526996916],
              [122.956272841653444, 14.113945045390091],
              [122.956244979662074, 14.113790380632924],
              [122.956175365919592, 14.113486640915784],
              [122.956103566064783, 14.113502775254739],
              [122.95472237825976, 14.113749212021014],
              [122.954635019817857, 14.113764787463742],
              [122.954672057973482, 14.113758202145382],
              [122.954695238163112, 14.113979566896088],
              [122.954714852543887, 14.1143868485045],
              [122.954731153937871, 14.114468477515262],
              [122.954773159904903, 14.114864134208601],
              [122.954834473807978, 14.115683923470526],
              [122.95490380639194, 14.11625379956144],
              [122.954921128589646, 14.116355724115465],
              [122.95497779256786, 14.116317143877122],
              [122.955312303251787, 14.116906809126972],
              [122.955528009440201, 14.117354630683526],
              [122.955619370405003, 14.117541355680297],
              [122.955763192252064, 14.117944549037807],
              [122.955866454403377, 14.118116412041799],
              [122.955919363359016, 14.118266933417811],
              [122.956003486820592, 14.118506382372463],
              [122.956115172984582, 14.118881496816794],
              [122.956171001810858, 14.119045092140491],
              [122.956281024009641, 14.119193809089818],
              [122.956392759685528, 14.119312823946563],
              [122.956545097908787, 14.119445030670859],
              [122.956622114441515, 14.11954541036596],
              [122.9567372087688, 14.119765717347379],
              [122.957138894343998, 14.120578752166656],
              [122.957220145964996, 14.120763832255459],
              [122.957380341278892, 14.121098734285335],
              [122.957642125027419, 14.121645162959297],
              [122.957791813475737, 14.121959619334591],
              [122.957806837899255, 14.121977880394127],
              [122.958085252108845, 14.121864934224392],
              [122.958371420554982, 14.12168080714058],
              [122.95851295864783, 14.121533801268763],
              [122.958560140923012, 14.12146847905089],
              [122.958638393042563, 14.121223391440912],
              [122.958710920990569, 14.120996193205094],
              [122.958964360114422, 14.120265047687063],
              [122.959045195234808, 14.120027813010292],
              [122.959232835366919, 14.119476981066432],
              [122.959344541698187, 14.119129052831534],
              [122.959411891449321, 14.118964516127281],
              [122.959474758080006, 14.118815458267303],
              [122.959437385924531, 14.118789009885726],
              [122.95926832785274, 14.118563176777101],
              [122.959111453993117, 14.118536299542296],
              [122.958724376434802, 14.118769259910442],
              [122.958749644540504, 14.118800077657157],
              [122.958788229437403, 14.118848230227437],
              [122.958628229864161, 14.118897830147011],
              [122.958629135813865, 14.118924495756952],
              [122.958633646873736, 14.118951124951217],
              [122.958665513170359, 14.119008831506601],
              [122.958393369415134, 14.1190931511409],
              [122.958408277051561, 14.119126855888577],
              [122.958313704410784, 14.119154430861888],
              [122.958290288811639, 14.119162019051663],
              [122.958248370983767, 14.119078274851098],
              [122.958206456292956, 14.118977494381046],
              [122.958187146712035, 14.11893708661426],
              [122.958138420456322, 14.118952487164472],
              [122.958122296793931, 14.118921741544268],
              [122.95799612382821, 14.118683915551944],
              [122.95796369488346, 14.118591506682236],
              [122.957547201273442, 14.117825690575156],
              [122.957321620068072, 14.117272673280226],
              [122.957087930749836, 14.116719251890055],
              [122.957062173212222, 14.116670064339276],
              [122.956489515721088, 14.116980614082662],
              [122.956324459696788, 14.117083542481328],
              [122.956295702840464, 14.117042428014017],
              [122.955840391296334, 14.115911136888867],
              [122.95580796921449, 14.115789654953524],
              [122.95578286528486, 14.11569839521232],
              [122.955859181951027, 14.115680706317054],
              [122.956118374933837, 14.115635089108983],
              [122.95655847479685, 14.115540136201508]
            ]
          ]
        ]
      }
    },
    {
      "type": "Feature",
      "properties": {
        "ADM_ID": "051603028",
        "ADM_NM": "051603028",
        "REMARK": "Barangay V",
        "NRDB_Paren": 51603028,
        "AREA": 43.093,
        "Brgy_Pop": 4035,
        "below5": 308,
        "below5_pro": 7.63,
        "above60": 470,
        "60_pro": 11.65,
        "Household": "1129",
        "Househol_1": "4,826"
      },
      "geometry": {
        "type": "MultiPolygon",
        "coordinates": [
          [
            [
              [122.957806837899255, 14.121977880394127],
              [122.957791813475737, 14.121959619334591],
              [122.957642125027419, 14.121645162959297],
              [122.957380341278892, 14.121098734285335],
              [122.957220145964996, 14.120763832255459],
              [122.957138894343998, 14.120578752166656],
              [122.9567372087688, 14.119765717347379],
              [122.956622114441515, 14.11954541036596],
              [122.956545097908787, 14.119445030670859],
              [122.956392759685528, 14.119312823946563],
              [122.956281024009641, 14.119193809089818],
              [122.956171001810858, 14.119045092140491],
              [122.956115172984582, 14.118881496816794],
              [122.956003486820592, 14.118506382372463],
              [122.955919363359016, 14.118266933417811],
              [122.955866454403377, 14.118116412041799],
              [122.955763192252064, 14.117944549037807],
              [122.955619370405003, 14.117541355680297],
              [122.955528009440201, 14.117354630683526],
              [122.955312303251787, 14.116906809126972],
              [122.95497779256786, 14.116317143877122],
              [122.954921128589646, 14.116355724115465],
              [122.954570175855253, 14.116594647298605],
              [122.953384000215522, 14.11731675807791],
              [122.952152204372979, 14.118056230405207],
              [122.951136724825645, 14.118665843517418],
              [122.950795902539085, 14.118878282911169],
              [122.950386845579885, 14.119103114600243],
              [122.949542942976151, 14.11964006277883],
              [122.949352455201137, 14.119748314114295],
              [122.94929112146724, 14.119788188265016],
              [122.949015197510235, 14.119957677773538],
              [122.948710689875796, 14.120152045150741],
              [122.947991840688545, 14.12061087334075],
              [122.947994936097771, 14.120693536894839],
              [122.947994969101217, 14.120694425750191],
              [122.948003232367284, 14.12091426932794],
              [122.948004933566878, 14.120942898014869],
              [122.948011360578519, 14.12104993154121],
              [122.948037333300917, 14.121482584004228],
              [122.948046695227347, 14.121533065194559],
              [122.948184647853068, 14.121495689249098],
              [122.94834047378167, 14.121460835465562],
              [122.948616353088696, 14.121500781601892],
              [122.948683974172752, 14.12152308783639],
              [122.949395424675615, 14.121757749769431],
              [122.950271593174406, 14.122089509853335],
              [122.950759462916182, 14.122276564589049],
              [122.951130085265476, 14.122396449478323],
              [122.951488332688527, 14.122534886006484],
              [122.952232609850043, 14.122800837554511],
              [122.952725415569319, 14.122990481755675],
              [122.952923499671343, 14.123040703480669],
              [122.953429211473789, 14.123032431919111],
              [122.953648264743762, 14.122978587805385],
              [122.953710392722783, 14.122958381944422],
              [122.953759690675781, 14.122942351650913],
              [122.95435400583186, 14.122781657702063],
              [122.954907371839099, 14.122627472829004],
              [122.955329309988429, 14.122522519315819],
              [122.955479784629219, 14.122488178411391],
              [122.956611722641938, 14.122118920638403],
              [122.957499400830741, 14.122045636839147],
              [122.957558905723189, 14.122040722799813],
              [122.957757196602657, 14.121999907712794],
              [122.957806837899255, 14.121977880394127]
            ]
          ]
        ]
      }
    },
    {
      "type": "Feature",
      "properties": {
        "ADM_ID": "051603013",
        "ADM_NM": "051603013",
        "REMARK": "Gahonon",
        "NRDB_Paren": 51603013,
        "AREA": 174.363,
        "Brgy_Pop": 2966,
        "below5": 231,
        "below5_pro": 7.79,
        "above60": 377,
        "60_pro": 12.71,
        "Household": "831",
        "Househol_1": "3,628"
      },
      "geometry": {
        "type": "MultiPolygon",
        "coordinates": [
          [
            [
              [122.957806837899255, 14.121977880394127],
              [122.957757196602657, 14.121999907712794],
              [122.957558905723189, 14.122040722799813],
              [122.957499400830741, 14.122045636839147],
              [122.956611722641938, 14.122118920638403],
              [122.955479784629219, 14.122488178411391],
              [122.955329309988429, 14.122522519315819],
              [122.954907371839099, 14.122627472829004],
              [122.95435400583186, 14.122781657702063],
              [122.953759690675781, 14.122942351650913],
              [122.953710392722783, 14.122958381944422],
              [122.953648264743762, 14.122978587805385],
              [122.953429211473789, 14.123032431919111],
              [122.952923499671343, 14.123040703480669],
              [122.952725415569319, 14.122990481755675],
              [122.952232609850043, 14.122800837554511],
              [122.951488332688527, 14.122534886006484],
              [122.951130085265476, 14.122396449478323],
              [122.950759462916182, 14.122276564589049],
              [122.950271593174406, 14.122089509853335],
              [122.949395424675615, 14.121757749769431],
              [122.948683974172752, 14.12152308783639],
              [122.948616353088696, 14.121500781601892],
              [122.94834047378167, 14.121460835465562],
              [122.948184647853068, 14.121495689249098],
              [122.948046695227347, 14.121533065194559],
              [122.948037333300917, 14.121482584004228],
              [122.948011360578519, 14.12104993154121],
              [122.948004933566878, 14.120942898014869],
              [122.948003232367284, 14.12091426932794],
              [122.947994969101217, 14.120694425750191],
              [122.947994936097771, 14.120693536894839],
              [122.947991840688545, 14.12061087334075],
              [122.947766399386737, 14.120724374868201],
              [122.947702257111857, 14.120763359151075],
              [122.947444283494548, 14.120920147615751],
              [122.945947589662026, 14.121860402565233],
              [122.944939485646628, 14.122453220820503],
              [122.944161513700422, 14.122974938822985],
              [122.944093653136989, 14.123020444117518],
              [122.943648710053111, 14.123286846565239],
              [122.942542352123567, 14.123995367034265],
              [122.942454255647363, 14.124059824485494],
              [122.94092564954471, 14.12482889993095],
              [122.9402583773673, 14.125148794419824],
              [122.940436227058029, 14.125223760985781],
              [122.940670435720079, 14.125430401905284],
              [122.940881276778498, 14.125602556966474],
              [122.940889623671978, 14.12561033643574],
              [122.94124878960416, 14.125936981670121],
              [122.941707026584211, 14.126352836257826],
              [122.942388767292897, 14.126970460013968],
              [122.946200284687677, 14.130434948931077],
              [122.947986141060639, 14.132052000219863],
              [122.94826626328323, 14.132305836373],
              [122.948490124158468, 14.132519392981088],
              [122.948393878761095, 14.132530149616757],
              [122.949512903362503, 14.13354520979509],
              [122.950956004840648, 14.134835685698389],
              [122.951163182403107, 14.134651184441461],
              [122.951428010794459, 14.1344443218624],
              [122.95148308078268, 14.134429889214653],
              [122.951516218960506, 14.134397119657429],
              [122.952244457247303, 14.133868956815249],
              [122.952772106171579, 14.133601518003726],
              [122.952758943106346, 14.133567221881963],
              [122.952994563213579, 14.133470345511881],
              [122.952984245766928, 14.133445085415691],
              [122.95322218544608, 14.133318952539677],
              [122.953522276993127, 14.133061541284478],
              [122.953879226209423, 14.132763809109807],
              [122.954101691931058, 14.132582119420235],
              [122.954277581734644, 14.132450899795842],
              [122.954556990854954, 14.13217837288343],
              [122.954846758323484, 14.131528531822267],
              [122.9550560527491, 14.131156032815213],
              [122.95490049595351, 14.130952124284132],
              [122.955002745525292, 14.130895738655534],
              [122.955522700257802, 14.131307927336659],
              [122.956130825646497, 14.130481336744817],
              [122.956230852835631, 14.130334954364693],
              [122.956454183774952, 14.130370808062553],
              [122.956550923224682, 14.130149613610094],
              [122.956837677727677, 14.129736499236717],
              [122.957557662433118, 14.129980616068531],
              [122.957601030561406, 14.129824482813826],
              [122.958867804853625, 14.129853960728115],
              [122.958557647414892, 14.128749736408841],
              [122.958368021383194, 14.128691891518098],
              [122.957805045970531, 14.128616611696721],
              [122.957301291540944, 14.1286454473723],
              [122.957662105971679, 14.127082750058984],
              [122.957677060864, 14.127042623756006],
              [122.957691038061384, 14.127005110585317],
              [122.957840067209688, 14.126384757959217],
              [122.957555625294461, 14.12622856698292],
              [122.957937908425649, 14.125933684761932],
              [122.957813503602253, 14.125760152447228],
              [122.957706860158211, 14.125582290055855],
              [122.957964668181688, 14.125491265363847],
              [122.957964691265602, 14.125365456342143],
              [122.958044699970912, 14.125304732363924],
              [122.958044711880717, 14.125239698320589],
              [122.958000301651765, 14.12508351256847],
              [122.958364813299468, 14.124836328042592],
              [122.958838250817934, 14.12452286836899],
              [122.958991581611329, 14.124437379965123],
              [122.958569194018267, 14.123443206213437],
              [122.958493974010736, 14.12326616316787],
              [122.957817763428565, 14.121998362854706],
              [122.957806837899255, 14.121977880394127]
            ]
          ]
        ]
      }
    },
    {
      "type": "Feature",
      "properties": {
        "ADM_ID": "051603002",
        "ADM_NM": "051603002",
        "REMARK": "Awitan",
        "NRDB_Paren": 51603002,
        "AREA": 230.132,
        "Brgy_Pop": 1761,
        "below5": 143,
        "below5_pro": 8.12,
        "above60": 186,
        "60_pro": 10.56,
        "Household": "414",
        "Househol_1": "1,713"
      },
      "geometry": {
        "type": "MultiPolygon",
        "coordinates": [
          [
            [
              [122.958867804853625, 14.129853960728115],
              [122.957601030561406, 14.129824482813826],
              [122.957557662433118, 14.129980616068531],
              [122.956837677727677, 14.129736499236717],
              [122.956550923224682, 14.130149613610094],
              [122.956454183774952, 14.130370808062553],
              [122.956230852835631, 14.130334954364693],
              [122.956130825646497, 14.130481336744817],
              [122.955522700257802, 14.131307927336659],
              [122.955002745525292, 14.130895738655534],
              [122.95490049595351, 14.130952124284132],
              [122.9550560527491, 14.131156032815213],
              [122.954846758323484, 14.131528531822267],
              [122.954556990854954, 14.13217837288343],
              [122.954277581734644, 14.132450899795842],
              [122.954101691931058, 14.132582119420235],
              [122.953879226209423, 14.132763809109807],
              [122.953522276993127, 14.133061541284478],
              [122.95322218544608, 14.133318952539677],
              [122.952984245766928, 14.133445085415691],
              [122.952994563213579, 14.133470345511881],
              [122.952758943106346, 14.133567221881963],
              [122.952772106171579, 14.133601518003726],
              [122.952244457247303, 14.133868956815249],
              [122.951516218960506, 14.134397119657429],
              [122.95148308078268, 14.134429889214653],
              [122.951428010794459, 14.1344443218624],
              [122.951163182403107, 14.134651184441461],
              [122.950956004840648, 14.134835685698389],
              [122.955158093163234, 14.138616607206437],
              [122.957861807916586, 14.141049521364227],
              [122.95789126090591, 14.141037860412373],
              [122.958048615376015, 14.141217620172108],
              [122.958176720758274, 14.141332859272671],
              [122.95823420884318, 14.141384607563619],
              [122.959419797387994, 14.142451315751297],
              [122.960837403013798, 14.143726786782336],
              [122.962515380057695, 14.145236501195392],
              [122.963220441356228, 14.145870876265169],
              [122.963751896228288, 14.146349045369726],
              [122.963998328114457, 14.146570738525259],
              [122.965522656920271, 14.147942155942989],
              [122.96568879507646, 14.148091615876812],
              [122.965765161156455, 14.148056555533442],
              [122.967491858673768, 14.147431936390952],
              [122.968072134290338, 14.14736431375028],
              [122.972569080843385, 14.147137176545096],
              [122.97262591595026, 14.146659057663634],
              [122.972631426003048, 14.14628452056969],
              [122.972637203798087, 14.145892502844537],
              [122.971871685029811, 14.1453422183685],
              [122.971835633343403, 14.143772325693451],
              [122.971830897481027, 14.140314525575121],
              [122.971664705670818, 14.140314506036862],
              [122.97145847450038, 14.140314481631588],
              [122.971404530709918, 14.140160739405561],
              [122.971329180250223, 14.139945965079042],
              [122.971540942086705, 14.139692481350028],
              [122.972058647241937, 14.139072758750141],
              [122.97183622668102, 14.13895159033439],
              [122.971319094547141, 14.138052978786714],
              [122.971391615394523, 14.137179732083062],
              [122.971381332898105, 14.136553797209261],
              [122.971309127287853, 14.134913198613093],
              [122.970978091956411, 14.134817274462655],
              [122.970838425519887, 14.134867736686639],
              [122.970683286792891, 14.134529511375039],
              [122.970698815229213, 14.134479034141142],
              [122.970140122941316, 14.13459503405622],
              [122.969772862615457, 14.134655577924416],
              [122.969995221672718, 14.135205839353336],
              [122.969777937329994, 14.135311807183427],
              [122.969545166686629, 14.135432920294685],
              [122.969674438977279, 14.135639889928472],
              [122.96938992891981, 14.13584684419032],
              [122.968603577202288, 14.136412086686995],
              [122.968541518414554, 14.136472668328979],
              [122.968319098755487, 14.136376717682207],
              [122.968127719253417, 14.136311065825144],
              [122.968008727707655, 14.136412008254505],
              [122.967803866663473, 14.136409462501643],
              [122.96752032853226, 14.136434682433203],
              [122.967230626324294, 14.136570933026555],
              [122.967122016730357, 14.136520439078408],
              [122.966801320335577, 14.136570874116563],
              [122.965747799066435, 14.136510729112308],
              [122.965421911439918, 14.136505608617092],
              [122.965328852671632, 14.136268347066576],
              [122.965344380113436, 14.136233017627028],
              [122.965080623376252, 14.13570296722925],
              [122.964470203113763, 14.136028751416914],
              [122.964004614987687, 14.13628107773474],
              [122.963471811455904, 14.13631125520031],
              [122.963223531398384, 14.13632636478099],
              [122.963042551604929, 14.136028536160184],
              [122.962706715301252, 14.13606144571102],
              [122.962573070642691, 14.135243981722361],
              [122.962506223099396, 14.135107236959902],
              [122.962323760812708, 14.134604898580097],
              [122.962106491884199, 14.134599827629385],
              [122.961992711287664, 14.134619993909682],
              [122.961128877149221, 14.134574413465479],
              [122.961082313786065, 14.134559295527113],
              [122.960994401867282, 14.134438101756951],
              [122.960947840265433, 14.134412873154059],
              [122.960687723818353, 14.134413830712379],
              [122.95990305507037, 14.133943241614844],
              [122.960133478819841, 14.133589814953471],
              [122.96007148458952, 14.133271782464844],
              [122.9595983656031, 14.132117016488962],
              [122.959431656396362, 14.131643751179684],
              [122.959385111503479, 14.131528489423012],
              [122.959310895305791, 14.131230157411371],
              [122.958867804853625, 14.129853960728115]
            ]
          ]
        ]
      }
    },
    {
      "type": "Feature",
      "properties": {
        "ADM_ID": "051603005",
        "ADM_NM": "051603005",
        "REMARK": "Borabod",
        "NRDB_Paren": 51603005,
        "AREA": 256.097,
        "Brgy_Pop": 3746,
        "below5": 318,
        "below5_pro": 8.49,
        "above60": 454,
        "60_pro": 12.12,
        "Household": "967",
        "Househol_1": "4,233"
      },
      "geometry": {
        "type": "MultiPolygon",
        "coordinates": [
          [
            [
              [122.975479107542796, 14.125803970468896],
              [122.975312100720913, 14.125365010557884],
              [122.975341044240665, 14.125123617185643],
              [122.975482391938314, 14.124901049240636],
              [122.975607731720672, 14.124612630748882],
              [122.975700917449572, 14.124424500644805],
              [122.975964361836745, 14.124063988052628],
              [122.976214985380082, 14.123637662086038],
              [122.975916230805595, 14.12344949281273],
              [122.975697827425208, 14.123145373629461],
              [122.975668928812809, 14.122969786133213],
              [122.975540460176376, 14.122715821734648],
              [122.975158166871566, 14.122662488700261],
              [122.97509076339766, 14.122367791470994],
              [122.975145395169974, 14.122154621656204],
              [122.97496227149152, 14.121988425058825],
              [122.974811313613131, 14.12196018836609],
              [122.974734194760856, 14.122019733121235],
              [122.97464099430151, 14.122342671554103],
              [122.974544636161539, 14.122392807239372],
              [122.974351879295327, 14.122176463300073],
              [122.974072431760376, 14.122098066550675],
              [122.97323396987089, 14.121919279177007],
              [122.972752092954792, 14.121928632065462],
              [122.972428719336321, 14.122016554178598],
              [122.971776397422829, 14.121847189963939],
              [122.971546655435588, 14.121228672567005],
              [122.971288805742446, 14.121127609500462],
              [122.971227673200659, 14.121103640326066],
              [122.970889604043933, 14.120970939035473],
              [122.970499240850245, 14.121140957821666],
              [122.970475099516278, 14.12059749811592],
              [122.970394549982174, 14.120476530758227],
              [122.970177726773287, 14.120355583557055],
              [122.969973252090114, 14.120409963061102],
              [122.969874098491246, 14.120361582497081],
              [122.969725410716038, 14.120397858481031],
              [122.969074806791824, 14.120482438559165],
              [122.96891991736706, 14.120355424379991],
              [122.968808390274219, 14.120325189101246],
              [122.968622514294324, 14.120349349019813],
              [122.968360965484948, 14.120307632951572],
              [122.967803789979172, 14.120216209879597],
              [122.967211207611598, 14.120048100466938],
              [122.967108959033496, 14.1201521928886],
              [122.966961784624758, 14.120481417004559],
              [122.966969792512913, 14.120476492402203],
              [122.967211578854418, 14.120370974718664],
              [122.967363024045156, 14.120693980606589],
              [122.967387564261628, 14.120741022301486],
              [122.966867738523277, 14.121069969862372],
              [122.966799189650644, 14.121161919185955],
              [122.966760573619808, 14.12157574683947],
              [122.9666620351842, 14.121734577812436],
              [122.966332179357465, 14.122018815204058],
              [122.966144407745389, 14.122019640668114],
              [122.966017703406649, 14.121970662077665],
              [122.965956999042561, 14.121876620751022],
              [122.965796010649285, 14.121428248003058],
              [122.965615149626274, 14.121406334333727],
              [122.965619166533457, 14.121191196568812],
              [122.965565043949852, 14.120988901752753],
              [122.965480578856372, 14.120929633090858],
              [122.96535517175225, 14.120839433990611],
              [122.96528653647843, 14.12074665054711],
              [122.965285253244488, 14.120700282103702],
              [122.965347306262231, 14.120655219027075],
              [122.965378962717793, 14.120607522052707],
              [122.965368430291278, 14.120492896126899],
              [122.965286590920741, 14.120387222478042],
              [122.964950094151504, 14.119679909580221],
              [122.964514619205602, 14.119531667308395],
              [122.964144889191729, 14.119271476177973],
              [122.964101074097528, 14.119172918568029],
              [122.963990947694924, 14.119172087336421],
              [122.963747467362268, 14.119189716643493],
              [122.963695561192168, 14.119143155377984],
              [122.963611440310231, 14.119074368019339],
              [122.963531229078328, 14.118999877778901],
              [122.963419706766004, 14.118948307638515],
              [122.963300366512826, 14.118900550895765],
              [122.963194726, 14.118850907386323],
              [122.963091019680533, 14.118808856374867],
              [122.963053827750016, 14.11882414626939],
              [122.962954014725184, 14.118877572941779],
              [122.962874474347601, 14.118924187038216],
              [122.962815761053378, 14.118689782368527],
              [122.962255757025616, 14.118685362050879],
              [122.961907960893299, 14.118678863098424],
              [122.961850446092413, 14.118588784003828],
              [122.961541768806342, 14.118844871386358],
              [122.961317044628558, 14.119031308375588],
              [122.961074859281027, 14.119237221765772],
              [122.960211670221526, 14.119971122417544],
              [122.959731130889082, 14.120379653492853],
              [122.959743155960112, 14.120406209850204],
              [122.959650892317725, 14.120465043565847],
              [122.95956595188072, 14.120528693071735],
              [122.959556506635934, 14.120519546067987],
              [122.959426321700718, 14.120623850412853],
              [122.959203833260403, 14.120809026567887],
              [122.958956293408264, 14.121021271080028],
              [122.95870253176497, 14.1212208852118],
              [122.958638391856653, 14.12122339144071],
              [122.958560140923012, 14.12146847905089],
              [122.95851295864783, 14.121533801268763],
              [122.958371420554982, 14.12168080714058],
              [122.958085252108845, 14.121864934224392],
              [122.957806837899255, 14.121977880394127],
              [122.957817763428565, 14.121998362854706],
              [122.958493974010736, 14.12326616316787],
              [122.958569194018267, 14.123443206213437],
              [122.958991581611329, 14.124437379965123],
              [122.958838250817934, 14.12452286836899],
              [122.958364813299468, 14.124836328042592],
              [122.958000301651765, 14.12508351256847],
              [122.958044711880717, 14.125239698320589],
              [122.958044699970912, 14.125304732363924],
              [122.957964691265602, 14.125365456342143],
              [122.957964668181688, 14.125491265363847],
              [122.957706860158211, 14.125582290055855],
              [122.957813503602253, 14.125760152447228],
              [122.957937908425649, 14.125933684761932],
              [122.957555625294461, 14.12622856698292],
              [122.957840067209688, 14.126384757959217],
              [122.957691038061384, 14.127005110585317],
              [122.957677060864, 14.127042623756006],
              [122.957662105971679, 14.127082750058984],
              [122.957301291540944, 14.1286454473723],
              [122.957805045970531, 14.128616611696721],
              [122.958368021383194, 14.128691891518098],
              [122.958557647414892, 14.128749736408841],
              [122.958867804853625, 14.129853960728115],
              [122.959310895305791, 14.131230157411371],
              [122.959385111503479, 14.131528489423012],
              [122.959431656396362, 14.131643751179684],
              [122.9595983656031, 14.132117016488962],
              [122.96007148458952, 14.133271782464844],
              [122.960133478819841, 14.133589814953471],
              [122.95990305507037, 14.133943241614844],
              [122.960687723818353, 14.134413830712379],
              [122.960947840265433, 14.134412873154059],
              [122.960994401867282, 14.134438101756951],
              [122.961082313786065, 14.134559295527113],
              [122.961128877149221, 14.134574413465479],
              [122.961992711287664, 14.134619993909682],
              [122.962106491884199, 14.134599827629385],
              [122.962323760812708, 14.134604898580097],
              [122.962506223099396, 14.135107236959902],
              [122.962573070642691, 14.135243981722361],
              [122.962706715301252, 14.13606144571102],
              [122.963042551604929, 14.136028536160184],
              [122.963223531398384, 14.13632636478099],
              [122.963471811455904, 14.13631125520031],
              [122.964004614987687, 14.13628107773474],
              [122.964470203113763, 14.136028751416914],
              [122.965080623376252, 14.13570296722925],
              [122.965344380113436, 14.136233017627028],
              [122.965328852671632, 14.136268347066576],
              [122.965421911439918, 14.136505608617092],
              [122.965747799066435, 14.136510729112308],
              [122.966801320335577, 14.136570874116563],
              [122.967122016730357, 14.136520439078408],
              [122.967230626324294, 14.136570933026555],
              [122.96752032853226, 14.136434682433203],
              [122.967803866663473, 14.136409462501643],
              [122.968008727707655, 14.136412008254505],
              [122.968127719253417, 14.136311065825144],
              [122.968319098755487, 14.136376717682207],
              [122.968541518414554, 14.136472668328979],
              [122.968603577202288, 14.136412086686995],
              [122.96938992891981, 14.13584684419032],
              [122.969674438977279, 14.135639889928472],
              [122.969545166686629, 14.135432920294685],
              [122.969777937329994, 14.135311807183427],
              [122.969995221672718, 14.135205839353336],
              [122.969772862615457, 14.134655577924416],
              [122.970140122941316, 14.13459503405622],
              [122.970698815229213, 14.134479034141142],
              [122.970683286792891, 14.134529511375039],
              [122.970838425519887, 14.134867736686639],
              [122.970978091956411, 14.134817274462655],
              [122.970853432064516, 14.134445054522224],
              [122.971136638382106, 14.134320131554899],
              [122.971152179425204, 14.134168696035298],
              [122.971121157487858, 14.133994552278136],
              [122.970686655578476, 14.134005869532393],
              [122.970535333432679, 14.134096698651881],
              [122.970446132207613, 14.133930102873542],
              [122.970581927971523, 14.133873344396109],
              [122.970570294554022, 14.133737053025039],
              [122.970450031544061, 14.133710520989924],
              [122.970422927945577, 14.13346823264348],
              [122.970409870519347, 14.133422013281088],
              [122.970329839207352, 14.133138829097613],
              [122.970415197915742, 14.133082064480259],
              [122.970504464632015, 14.132737535917569],
              [122.970523919780092, 14.132548250807007],
              [122.970554928431653, 14.132525551958052],
              [122.970617567714001, 14.132337196846727],
              [122.9706480953853, 14.132245391183359],
              [122.970756735319767, 14.132048561711994],
              [122.970857943627024, 14.131844289503221],
              [122.970869287837431, 14.131821400736721],
              [122.970846722200534, 14.13168521913706],
              [122.970826626218212, 14.131563963066892],
              [122.970790063577084, 14.131393929478765],
              [122.970761848632591, 14.131235377847085],
              [122.970817728581807, 14.131103390755261],
              [122.970280426059844, 14.130799637634148],
              [122.970327839378186, 14.130706608448387],
              [122.970323804475782, 14.130507580132894],
              [122.970320897876675, 14.130094524823445],
              [122.971033495357091, 14.130058354135173],
              [122.971640752340491, 14.129943505907212],
              [122.972247990545171, 14.129665441465731],
              [122.972607380722962, 14.12965337212075],
              [122.972581812379019, 14.129549078888566],
              [122.972502120370024, 14.129224046612581],
              [122.972442874207843, 14.128977866014461],
              [122.972235806419917, 14.128117437450523],
              [122.972898819742468, 14.127887708852901],
              [122.973016591033399, 14.127458408535748],
              [122.973047656557014, 14.126944398637175],
              [122.973785034134437, 14.12649701922698],
              [122.973685989365038, 14.125801632942348],
              [122.973500112245731, 14.125801612536273],
              [122.973351406775009, 14.125638307305609],
              [122.974070196243829, 14.125420692146546],
              [122.974324194495054, 14.125741223207061],
              [122.974410950628041, 14.12571097458123],
              [122.974559637428086, 14.126049641475145],
              [122.974801260770946, 14.126067814224234],
              [122.975084110741406, 14.12596392253465],
              [122.975419105268742, 14.125840888576141],
              [122.975479107542796, 14.125803970468896]
            ]
          ]
        ]
      }
    },
    {
      "type": "Feature",
      "properties": {
        "ADM_ID": "051603014",
        "ADM_NM": "051603014",
        "REMARK": "Gubat",
        "NRDB_Paren": 51603014,
        "AREA": 256.267,
        "Brgy_Pop": 6172,
        "below5": 459,
        "below5_pro": 7.44,
        "above60": 659,
        "60_pro": 10.68,
        "Household": "1422",
        "Househol_1": "6,695"
      },
      "geometry": {
        "type": "MultiPolygon",
        "coordinates": [
          [
            [
              [122.963947924228293, 14.11500571392369],
              [122.963961874973265, 14.115095082353127],
              [122.963961906872598, 14.115133562103935],
              [122.963896450301192, 14.115352764628128],
              [122.963824246726617, 14.115522227620675],
              [122.963752052437329, 14.115632285864917],
              [122.963627916427853, 14.115685227710477],
              [122.9635490916328, 14.115729065658108],
              [122.96351522982529, 14.115806094085995],
              [122.963490414771087, 14.116026191492084],
              [122.96333474824425, 14.116288081918608],
              [122.963426155231488, 14.116349426386666],
              [122.963460362640262, 14.116485647645751],
              [122.963480994622586, 14.116522230141525],
              [122.963525023882895, 14.116499693855985],
              [122.963564874634628, 14.11646636806579],
              [122.964523242723573, 14.116039530531477],
              [122.96463006902971, 14.116021695207939],
              [122.965005272069789, 14.115946864545155],
              [122.964986631408181, 14.116000637183436],
              [122.964872510270212, 14.11607628380432],
              [122.964578117622779, 14.116271379990676],
              [122.964485894219649, 14.116349476296355],
              [122.964521046914683, 14.116496509556793],
              [122.964541450421123, 14.116577620007636],
              [122.964594574222929, 14.116600219399311],
              [122.964665381425945, 14.116625487922096],
              [122.964765745739669, 14.116679759441462],
              [122.964902761736695, 14.11677466405853],
              [122.964938391227918, 14.116799334802636],
              [122.964964144421401, 14.116888112315152],
              [122.964982188450065, 14.117014294417721],
              [122.964938548126639, 14.117037322901513],
              [122.964961531575653, 14.117099917166257],
              [122.96494813629721, 14.117097174599035],
              [122.964809154931075, 14.117196409084643],
              [122.964462396935787, 14.117361424733279],
              [122.964413366586186, 14.117369676373704],
              [122.963750357114307, 14.117234213184215],
              [122.963586291688969, 14.117331591413794],
              [122.963587943319567, 14.117445475394572],
              [122.963158304596618, 14.117613772751154],
              [122.963183669957786, 14.11775080745959],
              [122.963164960930712, 14.117754137779055],
              [122.962903813232757, 14.117678582571523],
              [122.962893336944788, 14.117694469125276],
              [122.96287978608531, 14.117715058694843],
              [122.962797270944463, 14.117811411955602],
              [122.961850446092413, 14.118588784003828],
              [122.961907960893299, 14.118678863098424],
              [122.962255757025616, 14.118685362050879],
              [122.962815761053378, 14.118689782368527],
              [122.962874474347601, 14.118924187038216],
              [122.962954014725184, 14.118877572941779],
              [122.963053827750016, 14.11882414626939],
              [122.963091019680533, 14.118808856374867],
              [122.963194726, 14.118850907386323],
              [122.963300366512826, 14.118900550895765],
              [122.963419706766004, 14.118948307638515],
              [122.963531229078328, 14.118999877778901],
              [122.963611440310231, 14.119074368019339],
              [122.963695561192168, 14.119143155377984],
              [122.963747467362268, 14.119189716643493],
              [122.963990947694924, 14.119172087336421],
              [122.964101074097528, 14.119172918568029],
              [122.964144889191729, 14.119271476177973],
              [122.964514619205602, 14.119531667308395],
              [122.964950094151504, 14.119679909580221],
              [122.965286590920741, 14.120387222478042],
              [122.965368430291278, 14.120492896126899],
              [122.965378962717793, 14.120607522052707],
              [122.965347306262231, 14.120655219027075],
              [122.965285253244488, 14.120700282103702],
              [122.96528653647843, 14.12074665054711],
              [122.96535517175225, 14.120839433990611],
              [122.965480578856372, 14.120929633090858],
              [122.965565043949852, 14.120988901752753],
              [122.965619166533457, 14.121191196568812],
              [122.965615149626274, 14.121406334333727],
              [122.965796010649285, 14.121428248003058],
              [122.965956999042561, 14.121876620751022],
              [122.966017703406649, 14.121970662077665],
              [122.966144407745389, 14.122019640668114],
              [122.966332179357465, 14.122018815204058],
              [122.9666620351842, 14.121734577812436],
              [122.966760573619808, 14.12157574683947],
              [122.966799189650644, 14.121161919185955],
              [122.966867738523277, 14.121069969862372],
              [122.967387564261628, 14.120741022301486],
              [122.967363024045156, 14.120693980606589],
              [122.967211578854418, 14.120370974718664],
              [122.966969792512913, 14.120476492402203],
              [122.966961784624758, 14.120481417004559],
              [122.967108959033496, 14.1201521928886],
              [122.967211207611598, 14.120048100466938],
              [122.967803789979172, 14.120216209879597],
              [122.968360965484948, 14.120307632951572],
              [122.968622514294324, 14.120349349019813],
              [122.968808390274219, 14.120325189101246],
              [122.96891991736706, 14.120355424379991],
              [122.969074806791824, 14.120482438559165],
              [122.969725410716038, 14.120397858481031],
              [122.969874098491246, 14.120361582497081],
              [122.969973252090114, 14.120409963061102],
              [122.970177726773287, 14.120355583557055],
              [122.970394549982174, 14.120476530758227],
              [122.970475099516278, 14.12059749811592],
              [122.970499240850245, 14.121140957821666],
              [122.970889604043933, 14.120970939035473],
              [122.971227673200659, 14.121103640326066],
              [122.971288805742446, 14.121127609500462],
              [122.971546655435588, 14.121228672567005],
              [122.971776397422829, 14.121847189963939],
              [122.972428719336321, 14.122016554178598],
              [122.972752092954792, 14.121928632065462],
              [122.97323396987089, 14.121919279177007],
              [122.974072431760376, 14.122098066550675],
              [122.974351879295327, 14.122176463300073],
              [122.974544636161539, 14.122392807239372],
              [122.97464099430151, 14.122342671554103],
              [122.974734194760856, 14.122019733121235],
              [122.974811313613131, 14.12196018836609],
              [122.97496227149152, 14.121988425058825],
              [122.975145395169974, 14.122154621656204],
              [122.97509076339766, 14.122367791470994],
              [122.975158166871566, 14.122662488700261],
              [122.975540460176376, 14.122715821734648],
              [122.975668928812809, 14.122969786133213],
              [122.975697827425208, 14.123145373629461],
              [122.975916230805595, 14.12344949281273],
              [122.976214985380082, 14.123637662086038],
              [122.975964361836745, 14.124063988052628],
              [122.975700917449572, 14.124424500644805],
              [122.975607731720672, 14.124612630748882],
              [122.975482391938314, 14.124901049240636],
              [122.975341044240665, 14.125123617185643],
              [122.975312100720913, 14.125365010557884],
              [122.975479107542796, 14.125803970468896],
              [122.975457447398156, 14.126427717398673],
              [122.975503432569084, 14.126519977107154],
              [122.975564755318814, 14.126557389033456],
              [122.97586116681957, 14.126327985058854],
              [122.976247018317508, 14.126163438437302],
              [122.976300677840385, 14.126175924638723],
              [122.977174541579132, 14.126587471736872],
              [122.977286932351205, 14.126752067406485],
              [122.977407035699855, 14.126829371462177],
              [122.977511813537603, 14.126844343556735],
              [122.978168514410967, 14.126654894249453],
              [122.978038209833699, 14.126500259860071],
              [122.978079089307883, 14.126420489475111],
              [122.978459848024045, 14.126320750678195],
              [122.978567168327643, 14.126335722541093],
              [122.978883993930452, 14.126512816507182],
              [122.978873767061103, 14.126712287928044],
              [122.979205947313631, 14.126645023670457],
              [122.979323464146972, 14.126794619521952],
              [122.979553446155663, 14.126722346207426],
              [122.979572886985707, 14.126603945890599],
              [122.979831844536122, 14.126302500104279],
              [122.980218006266583, 14.126027692933922],
              [122.981117417314451, 14.126431154117306],
              [122.981912348114548, 14.12693219220276],
              [122.982729999478991, 14.127127317413239],
              [122.983306913578005, 14.127114025425229],
              [122.98383844140416, 14.126537754863138],
              [122.985005945167728, 14.126254102755661],
              [122.985360250115548, 14.126147759089671],
              [122.985619208169027, 14.125708868907351],
              [122.985614722509609, 14.125225668550984],
              [122.98587818490337, 14.124950807855981],
              [122.986445156248152, 14.123979914957269],
              [122.986363996553607, 14.123966362378358],
              [122.985795310293057, 14.124225725026077],
              [122.985579611380203, 14.124144345541012],
              [122.985814965055582, 14.123661122347732],
              [122.985658099052714, 14.123402754470154],
              [122.985732488531525, 14.123257506262071],
              [122.985725127177943, 14.123244876771949],
              [122.985741565524549, 14.123142771293653],
              [122.985564730600103, 14.12301335924279],
              [122.985459732431792, 14.122901580238951],
              [122.985441550413839, 14.122373380989471],
              [122.985153307434842, 14.1220977462975],
              [122.984506964876971, 14.12203037527701],
              [122.984074771303838, 14.121379413714529],
              [122.983870796690013, 14.121371733809417],
              [122.983668001610127, 14.121852957493784],
              [122.983525592878706, 14.122190858325165],
              [122.983365821069185, 14.122280658055866],
              [122.982997055105585, 14.122487993199581],
              [122.982803903533807, 14.122366873879116],
              [122.981872398316284, 14.122472393277935],
              [122.98156900429413, 14.122365412138485],
              [122.981370374667776, 14.122419653626716],
              [122.981360572585132, 14.122091186351346],
              [122.981611631525439, 14.121761998437877],
              [122.981399853467849, 14.121578249780555],
              [122.981133154283228, 14.121509343260936],
              [122.981164548079065, 14.121386869811232],
              [122.981093931554241, 14.121310312199416],
              [122.980986387932063, 14.121268972271585],
              [122.980994130633263, 14.12125526980283],
              [122.980795846517623, 14.121271994037906],
              [122.980419289274337, 14.121608800214588],
              [122.980136920777483, 14.121501596761844],
              [122.9802311003575, 14.121172434307546],
              [122.980474260692716, 14.120912169700796],
              [122.980639000259728, 14.120866259174354],
              [122.980764552816339, 14.120651908614466],
              [122.980874339174349, 14.120644251047541],
              [122.981007666314554, 14.12094284063263],
              [122.981203145191216, 14.120886228927072],
              [122.981509740581998, 14.120797404868744],
              [122.981643114629676, 14.120521835007446],
              [122.981614085897547, 14.120496389502177],
              [122.981480971215049, 14.120379754960377],
              [122.981391494550209, 14.120301307174365],
              [122.980788128526157, 14.120085417702999],
              [122.980544939927512, 14.120246131608322],
              [122.980364537817195, 14.120177231193143],
              [122.980309655695123, 14.119832723823754],
              [122.980733249008196, 14.119702615867647],
              [122.980976458184983, 14.119285431909546],
              [122.980466608641962, 14.118971516395844],
              [122.980231319253903, 14.118634660582957],
              [122.980043064522263, 14.118550426634751],
              [122.98005090787801, 14.118251848203162],
              [122.980286240720815, 14.11807580148518],
              [122.980513718108256, 14.118343770854747],
              [122.98063917583805, 14.118787797921257],
              [122.980827438028882, 14.118787812993881],
              [122.981023592940971, 14.118336145280368],
              [122.981980542219389, 14.118749607537188],
              [122.981894266236282, 14.118512278469245],
              [122.982115096248847, 14.117919210692955],
              [122.982039890176296, 14.117824209385635],
              [122.981431541425366, 14.117823274368314],
              [122.981054226003394, 14.117312193973678],
              [122.981412825088682, 14.116983903422511],
              [122.981400230877526, 14.116927571658076],
              [122.981377657403442, 14.116857869353598],
              [122.981306105294593, 14.116636651562628],
              [122.980811944756297, 14.116644278994402],
              [122.98061581094737, 14.11685862397829],
              [122.980623630617686, 14.117279679676859],
              [122.980537335794381, 14.117287301998942],
              [122.980254986407942, 14.117019365169499],
              [122.980945370986547, 14.115721812645084],
              [122.981251283636595, 14.115545770519853],
              [122.981002666885402, 14.114871929483659],
              [122.980994206426033, 14.114849040955784],
              [122.981007230603041, 14.114751416742207],
              [122.980899038888282, 14.113871929158501],
              [122.980890810211264, 14.113800450231111],
              [122.980429744168887, 14.113830597020229],
              [122.979448109665356, 14.113892919821483],
              [122.979286242128367, 14.113704358852994],
              [122.979286253192413, 14.113581882866939],
              [122.979019559744344, 14.113558897838379],
              [122.978713682150726, 14.113367472162565],
              [122.97846268866607, 14.113053575020434],
              [122.978423506127811, 14.11287061674714],
              [122.978380701397484, 14.112870612906935],
              [122.978051796128312, 14.112627371817878],
              [122.977607673667677, 14.11326022848179],
              [122.976995855018274, 14.113168286026118],
              [122.976611530497706, 14.113091696870875],
              [122.976441095404098, 14.112847950436166],
              [122.97627426514407, 14.112609352149244],
              [122.97663512658481, 14.112418025641873],
              [122.976784146724683, 14.112410373734965],
              [122.976901824633273, 14.112379756795843],
              [122.97700379766998, 14.112295585141275],
              [122.976995957928651, 14.112142443098422],
              [122.976870495429282, 14.111851555202653],
              [122.97661169462026, 14.111482509664098],
              [122.976690153320234, 14.111268193517834],
              [122.976153411886784, 14.111060668742201],
              [122.976035781701981, 14.111003252219584],
              [122.975513603612484, 14.110885279020717],
              [122.974964545460139, 14.110548385742545],
              [122.974995956064291, 14.110288104324693],
              [122.975576455754634, 14.109706375030749],
              [122.975654939190719, 14.109262365718472],
              [122.975459650700103, 14.109038133653703],
              [122.975341311155788, 14.108530810798957],
              [122.975521830724276, 14.108465795070831],
              [122.974624032575576, 14.108615325112348],
              [122.973410491063831, 14.109417762162396],
              [122.972867833112019, 14.109779118839352],
              [122.971350232755469, 14.110292697908843],
              [122.97020278521515, 14.110625691913652],
              [122.969643466174077, 14.110754060750679],
              [122.967803053300983, 14.111681076486869],
              [122.966933064189135, 14.112278931772929],
              [122.96635726012569, 14.11247554687937],
              [122.965906624219912, 14.112491341701453],
              [122.964938398757184, 14.11253152708613],
              [122.96368404678293, 14.112776181996491],
              [122.963836115753836, 14.112930605360512],
              [122.963845137381, 14.112993196496367],
              [122.96384964456476, 14.113047528065529],
              [122.963856575714019, 14.113131525331907],
              [122.963782652778519, 14.11313921757954],
              [122.963811247602692, 14.113250661315698],
              [122.963861611543635, 14.113443289851658],
              [122.963939330092046, 14.113430746515064],
              [122.963954993502767, 14.113487524085803],
              [122.964024323339686, 14.113489719543594],
              [122.964053395566182, 14.113703714262392],
              [122.963995220882865, 14.113710260829112],
              [122.963982621765183, 14.113713555092401],
              [122.963996037981403, 14.113823292903154],
              [122.964007801740124, 14.113823294662305],
              [122.964031266130689, 14.11398380946496],
              [122.96405051421732, 14.114170766887582],
              [122.964063748862898, 14.114228766252429],
              [122.964087339195871, 14.114312543778444],
              [122.964180579151858, 14.114296669497401],
              [122.964200679409998, 14.114373631984689],
              [122.964110283721993, 14.114400876555717],
              [122.964118777580268, 14.114441950046055],
              [122.964166866146684, 14.11462835621934],
              [122.964240024896526, 14.114900502982062],
              [122.964273593106441, 14.115000503458441],
              [122.963947924228293, 14.11500571392369]
            ]
          ]
        ]
      }
    },
    {
      "type": "Feature",
      "properties": {
        "ADM_ID": "051603030",
        "ADM_NM": "051603030",
        "REMARK": "Barangay VII",
        "NRDB_Paren": 51603030,
        "AREA": 31.111,
        "Brgy_Pop": 1552,
        "below5": 106,
        "below5_pro": 6.83,
        "above60": 188,
        "60_pro": 12.11,
        "Household": "519",
        "Househol_1": "2,014"
      },
      "geometry": {
        "type": "MultiPolygon",
        "coordinates": [
          [
            [
              [122.961850446092413, 14.118588784003828],
              [122.962797270944463, 14.117811411955602],
              [122.96287978608531, 14.117715058694843],
              [122.962893336944788, 14.117694469125276],
              [122.962903813232757, 14.117678582571523],
              [122.963164960930712, 14.117754137779055],
              [122.963183669957786, 14.11775080745959],
              [122.963158304596618, 14.117613772751154],
              [122.963587943319567, 14.117445475394572],
              [122.963586291688969, 14.117331591413794],
              [122.963750357114307, 14.117234213184215],
              [122.964413366586186, 14.117369676373704],
              [122.964462396935787, 14.117361424733279],
              [122.964809154931075, 14.117196409084643],
              [122.96494813629721, 14.117097174599035],
              [122.964961531575653, 14.117099917166257],
              [122.964938548126639, 14.117037322901513],
              [122.964982188450065, 14.117014294417721],
              [122.964964144421401, 14.116888112315152],
              [122.964938391227918, 14.116799334802636],
              [122.964902761736695, 14.11677466405853],
              [122.964765745739669, 14.116679759441462],
              [122.964665381425945, 14.116625487922096],
              [122.964594574222929, 14.116600219399311],
              [122.964541450421123, 14.116577620007636],
              [122.964521046914683, 14.116496509556793],
              [122.964485894219649, 14.116349476296355],
              [122.964578117622779, 14.116271379990676],
              [122.964872510270212, 14.11607628380432],
              [122.964986631408181, 14.116000637183436],
              [122.965005272069789, 14.115946864545155],
              [122.96463006902971, 14.116021695207939],
              [122.964523242723573, 14.116039530531477],
              [122.963564874634628, 14.11646636806579],
              [122.963525023882895, 14.116499693855985],
              [122.963480994622586, 14.116522230141525],
              [122.963460362640262, 14.116485647645751],
              [122.963426155231488, 14.116349426386666],
              [122.96333474824425, 14.116288081918608],
              [122.963490414771087, 14.116026191492084],
              [122.96351522982529, 14.115806094085995],
              [122.9635490916328, 14.115729065658108],
              [122.963627916427853, 14.115685227710477],
              [122.963752052437329, 14.115632285864917],
              [122.963824246726617, 14.115522227620675],
              [122.963896450301192, 14.115352764628128],
              [122.963961906872598, 14.115133562103935],
              [122.963961874973265, 14.115095082353127],
              [122.963947924228293, 14.11500571392369],
              [122.962897020725762, 14.11509799450493],
              [122.962323889804892, 14.115128379798451],
              [122.961861908910251, 14.115152867278562],
              [122.961522548328745, 14.115177189987879],
              [122.960832940636465, 14.115228365297639],
              [122.960299107665975, 14.115264037667622],
              [122.959473556617539, 14.115311853699742],
              [122.9589149563067, 14.115358847526604],
              [122.95848367233684, 14.115401408172916],
              [122.958095803163147, 14.115423339966441],
              [122.957874793143503, 14.115432115805339],
              [122.957137337742907, 14.115509019168075],
              [122.95655847479685, 14.115540136201508],
              [122.956118374933837, 14.115635089108983],
              [122.955859181951027, 14.115680706317054],
              [122.95578286528486, 14.11569839521232],
              [122.95580796921449, 14.115789654953524],
              [122.955840391296334, 14.115911136888867],
              [122.956295702840464, 14.117042428014017],
              [122.956324459696788, 14.117083542481328],
              [122.956489515721088, 14.116980614082662],
              [122.957062173212222, 14.116670064339276],
              [122.957087930749836, 14.116719251890055],
              [122.957321620068072, 14.117272673280226],
              [122.957547201273442, 14.117825690575156],
              [122.95796369488346, 14.118591506682236],
              [122.95799612382821, 14.118683915551944],
              [122.958122296793931, 14.118921741544268],
              [122.958138420456322, 14.118952487164472],
              [122.958187146712035, 14.11893708661426],
              [122.958206456292956, 14.118977494381046],
              [122.958248370983767, 14.119078274851098],
              [122.958290288811639, 14.119162019051663],
              [122.958313704410784, 14.119154430861888],
              [122.958408277051561, 14.119126855888577],
              [122.958393369415134, 14.1190931511409],
              [122.958665513170359, 14.119008831506601],
              [122.958633646873736, 14.118951124951217],
              [122.958629135813865, 14.118924495756952],
              [122.958628229864161, 14.118897830147011],
              [122.958788229437403, 14.118848230227437],
              [122.958749644540504, 14.118800077657157],
              [122.958724376434802, 14.118769259910442],
              [122.959111453993117, 14.118536299542296],
              [122.95926832785274, 14.118563176777101],
              [122.959437385924531, 14.118789009885726],
              [122.959474758080006, 14.118815458267303],
              [122.959411891449321, 14.118964516127281],
              [122.959344541698187, 14.119129052831534],
              [122.959232835366919, 14.119476981066432],
              [122.959045195234808, 14.120027813010292],
              [122.958964360114422, 14.120265047687063],
              [122.958710920990569, 14.120996193205094],
              [122.958638391856653, 14.12122339144071],
              [122.95870253176497, 14.1212208852118],
              [122.958956293408264, 14.121021271080028],
              [122.959203833260403, 14.120809026567887],
              [122.959426321700718, 14.120623850412853],
              [122.959556506635934, 14.120519546067987],
              [122.95956595188072, 14.120528693071735],
              [122.959650892317725, 14.120465043565847],
              [122.959743155960112, 14.120406209850204],
              [122.959731130889082, 14.120379653492853],
              [122.960211670221526, 14.119971122417544],
              [122.96056579693699, 14.119670038171096],
              [122.961074859281027, 14.119237221765772],
              [122.961317044628558, 14.119031308375588],
              [122.961541768806342, 14.118844871386358],
              [122.961850446092413, 14.118588784003828]
            ]
          ]
        ]
      }
    },
    {
      "type": "Feature",
      "properties": {
        "ADM_ID": "051603003",
        "ADM_NM": "051603003",
        "REMARK": "Bagasbas",
        "NRDB_Paren": 51603003,
        "AREA": 355.098,
        "Brgy_Pop": 5486,
        "below5": 482,
        "below5_pro": 8.79,
        "above60": 537,
        "60_pro": 9.79,
        "Household": "1272",
        "Househol_1": "5,653"
      },
      "geometry": {
        "type": "MultiPolygon",
        "coordinates": [
          [
            [
              [122.979005269926176, 14.147924801150946],
              [122.979019618945429, 14.147746463343465],
              [122.979060616142561, 14.147527128338849],
              [122.979095463760103, 14.14736108969049],
              [122.979259452548604, 14.14702491267407],
              [122.979316848624549, 14.146528846588867],
              [122.979525934329885, 14.146008182185385],
              [122.979698122557807, 14.145549013577586],
              [122.979894909104004, 14.145089844969792],
              [122.980112194248775, 14.144692172157683],
              [122.980329479393532, 14.144310898224425],
              [122.980475019443332, 14.144126410837368],
              [122.980655407110689, 14.143933724010882],
              [122.980975185248241, 14.143423308906678],
              [122.981196570112701, 14.142976439458021],
              [122.981438453575748, 14.142275387387194],
              [122.981553245727696, 14.141693227188021],
              [122.981553245727696, 14.141338601432894],
              [122.981676237319064, 14.140764640673151],
              [122.981782830031577, 14.140444862535581],
              [122.981918120782098, 14.140219377951396],
              [122.982182552703549, 14.139735611025323],
              [122.982319893313914, 14.139485528122863],
              [122.982346541492035, 14.139395334289189],
              [122.982348591351865, 14.13922109620141],
              [122.982397787988404, 14.139081705731186],
              [122.98252487929949, 14.138811124230164],
              [122.982713466406267, 14.138192066553584],
              [122.982893854073637, 14.137614006074129],
              [122.983016845665006, 14.137208133822595],
              [122.98315828599506, 14.13680841115063],
              [122.98333252408284, 14.13652553049047],
              [122.983662551519714, 14.136088910341096],
              [122.984088922369764, 14.135420656027966],
              [122.984457897143884, 14.134842595548509],
              [122.984953963229103, 14.134137443757968],
              [122.985204046131557, 14.133715172627586],
              [122.98544592959459, 14.133358497012598],
              [122.98579440577015, 14.132743539055729],
              [122.986167480263958, 14.132226974371962],
              [122.986499557560663, 14.131685811369918],
              [122.986827535137678, 14.131308637156371],
              [122.987135014116106, 14.13078797275289],
              [122.987282604025722, 14.130447696016756],
              [122.987635179921, 14.130082820962349],
              [122.988123046566784, 14.129504760482892],
              [122.988504320500041, 14.129070190193371],
              [122.988815899198187, 14.128188750455193],
              [122.989299666124253, 14.127663986331997],
              [122.989767034171479, 14.127278612679028],
              [122.990439388204322, 14.126606258646186],
              [122.990627975311099, 14.126335677145162],
              [122.990545980916849, 14.125892907416217],
              [122.990349194370623, 14.12531074721705],
              [122.990086812309031, 14.124515401592832],
              [122.990127809506149, 14.124154626258136],
              [122.990332795491781, 14.123498671104144],
              [122.990488584840847, 14.123588864937817],
              [122.990627975311071, 14.12387584531769],
              [122.990947753448637, 14.123777452044591],
              [122.991384581330692, 14.123521283175299],
              [122.9897464022403, 14.122604851695078],
              [122.989568803646335, 14.122537810077093],
              [122.988315963180412, 14.123090838397586],
              [122.988017751875873, 14.123222484391636],
              [122.987921434637059, 14.123264996154264],
              [122.987379324959079, 14.124056709959312],
              [122.987344597286224, 14.124130112188645],
              [122.986445156248152, 14.123979914957269],
              [122.98587818490337, 14.124950807855981],
              [122.985614722509609, 14.125225668550984],
              [122.985619208169027, 14.125708868907351],
              [122.985360250115548, 14.126147759089671],
              [122.985005945167728, 14.126254102755661],
              [122.98383844140416, 14.126537754863138],
              [122.983306913578005, 14.127114025425229],
              [122.982729999478991, 14.127127317413239],
              [122.981912348114548, 14.12693219220276],
              [122.981117417314451, 14.126431154117306],
              [122.980218006266583, 14.126027692933922],
              [122.979831844536122, 14.126302500104279],
              [122.979572886985707, 14.126603945890599],
              [122.979553446155663, 14.126722346207426],
              [122.979323464146972, 14.126794619521952],
              [122.979205947313631, 14.126645023670457],
              [122.978873767061103, 14.126712287928044],
              [122.978883993930452, 14.126512816507182],
              [122.978567168327643, 14.126335722541093],
              [122.978459848024045, 14.126320750678195],
              [122.978079089307883, 14.126420489475111],
              [122.978038209833699, 14.126500259860071],
              [122.978168514410967, 14.126654894249453],
              [122.977511813537603, 14.126844343556735],
              [122.977407035699855, 14.126829371462177],
              [122.977286932351205, 14.126752067406485],
              [122.977174541579132, 14.126587471736872],
              [122.976300677840385, 14.126175924638723],
              [122.976247018317508, 14.126163438437302],
              [122.97586116681957, 14.126327985058854],
              [122.975564755318814, 14.126557389033456],
              [122.975503432569084, 14.126519977107154],
              [122.975457447398156, 14.126427717398673],
              [122.975479107542796, 14.125803970468896],
              [122.975419105268742, 14.125840888576141],
              [122.975084110741406, 14.12596392253465],
              [122.974801260770946, 14.126067814224234],
              [122.974559637428086, 14.126049641475145],
              [122.974410950628041, 14.12571097458123],
              [122.974324194495054, 14.125741223207061],
              [122.974070196243829, 14.125420692146546],
              [122.973351406775009, 14.125638307305609],
              [122.973500112245731, 14.125801612536273],
              [122.973685989365038, 14.125801632942348],
              [122.973785034134437, 14.12649701922698],
              [122.973047656557014, 14.126944398637175],
              [122.973016591033399, 14.127458408535748],
              [122.972898819742468, 14.127887708852901],
              [122.972235806419917, 14.128117437450523],
              [122.972442874207843, 14.128977866014461],
              [122.972502120370024, 14.129224046612581],
              [122.972581812379019, 14.129549078888566],
              [122.972607380722962, 14.12965337212075],
              [122.972247990545171, 14.129665441465731],
              [122.971640752340491, 14.129943505907212],
              [122.971033495357091, 14.130058354135173],
              [122.970320897876675, 14.130094524823445],
              [122.970323804475782, 14.130507580132894],
              [122.970327839378186, 14.130706608448387],
              [122.970280426059844, 14.130799637634148],
              [122.970817728581807, 14.131103390755261],
              [122.970761848632591, 14.131235377847085],
              [122.970790063577084, 14.131393929478765],
              [122.970826626218212, 14.131563963066892],
              [122.970846722200534, 14.13168521913706],
              [122.970869287837431, 14.131821400736721],
              [122.970857943627024, 14.131844289503221],
              [122.970756735319767, 14.132048561711994],
              [122.9706480953853, 14.132245391183359],
              [122.970617567714001, 14.132337196846727],
              [122.970554928431653, 14.132525551958052],
              [122.970523919780092, 14.132548250807007],
              [122.970504464632015, 14.132737535917569],
              [122.970415197915742, 14.133082064480259],
              [122.970329839207352, 14.133138829097613],
              [122.970409870519347, 14.133422013281088],
              [122.970422927945577, 14.13346823264348],
              [122.970450031544061, 14.133710520989924],
              [122.970570294554022, 14.133737053025039],
              [122.970581927971523, 14.133873344396109],
              [122.970446132207613, 14.133930102873542],
              [122.970535333432679, 14.134096698651881],
              [122.970686655578476, 14.134005869532393],
              [122.971121157487858, 14.133994552278136],
              [122.971152179425204, 14.134168696035298],
              [122.971136638382106, 14.134320131554899],
              [122.970853432064516, 14.134445054522224],
              [122.970978091956411, 14.134817274462655],
              [122.971309127287853, 14.134913198613093],
              [122.971353841760248, 14.13592917037656],
              [122.971381332898105, 14.136553797209261],
              [122.971391615394523, 14.137179732083062],
              [122.971319094547141, 14.138052978786714],
              [122.97183622668102, 14.13895159033439],
              [122.972058647241937, 14.139072758750141],
              [122.971540942086705, 14.139692481350028],
              [122.971329180250223, 14.139945965079042],
              [122.971404530709918, 14.140160739405561],
              [122.97145847450038, 14.140314481631588],
              [122.971664705670818, 14.140314506036862],
              [122.971830897481027, 14.140314525575121],
              [122.971835633343403, 14.143772325693451],
              [122.971871685029811, 14.1453422183685],
              [122.972637203798087, 14.145892502844537],
              [122.972631426003048, 14.14628452056969],
              [122.97262591595026, 14.146659057663634],
              [122.972569080843385, 14.147137176545096],
              [122.968072134290338, 14.14736431375028],
              [122.967491858673768, 14.147431936390952],
              [122.965765161156455, 14.148056555533442],
              [122.96568879507646, 14.148091615876812],
              [122.966029682739787, 14.148398280456222],
              [122.966017688460994, 14.148405167318924],
              [122.966082617899502, 14.148464025533572],
              [122.966089715900864, 14.148459137880755],
              [122.966154619060916, 14.148439333168177],
              [122.96620587388243, 14.148575704232357],
              [122.966308561999426, 14.148668714209334],
              [122.966526233753612, 14.148865920393762],
              [122.966587937840004, 14.14892185223467],
              [122.966592454611529, 14.148919704817652],
              [122.966878129267641, 14.149187213059776],
              [122.967666810664014, 14.150470999740268],
              [122.967793695200328, 14.150677549673793],
              [122.968085666472021, 14.150546571907052],
              [122.968569433398088, 14.150398981997403],
              [122.968950707331345, 14.150243192648331],
              [122.969454972855985, 14.150112001617531],
              [122.969823947630104, 14.150013608344432],
              [122.970192922404223, 14.150021807783856],
              [122.970611093814867, 14.149923414510758],
              [122.971088711161372, 14.149724578104705],
              [122.971510982291761, 14.149597486793619],
              [122.972421120067949, 14.149273608936337],
              [122.972695801288694, 14.149285908095473],
              [122.973245163730155, 14.149216212860361],
              [122.973687933459104, 14.149048124352152],
              [122.974118404028914, 14.148937431919915],
              [122.974464830344616, 14.14907887225],
              [122.974854303717294, 14.149130118746404],
              [122.975194580453433, 14.14916496636396],
              [122.975493859992469, 14.149144467765398],
              [122.975823887429314, 14.149123969166835],
              [122.976303554635678, 14.149009177014886],
              [122.976621282913356, 14.148957930518478],
              [122.976936961331219, 14.148822639767968],
              [122.97718294451397, 14.148839038646818],
              [122.977340783722937, 14.148851337805958],
              [122.977627764102806, 14.148716047055446],
              [122.978107431309155, 14.14858895574436],
              [122.978267320377952, 14.148798041449696],
              [122.978632195432354, 14.148875936124233],
              [122.978874078895387, 14.148810340608833],
              [122.978939674410768, 14.148552058266951],
              [122.979005269926176, 14.147924801150946]
            ]
          ]
        ]
      }
    },
    {
      "type": "Feature",
      "properties": {
        "ADM_ID": "051603019",
        "ADM_NM": "051603019",
        "REMARK": "Mambalite",
        "NRDB_Paren": 51603019,
        "AREA": 410.833,
        "Brgy_Pop": 2313,
        "below5": 212,
        "below5_pro": 9.17,
        "above60": 202,
        "60_pro": 8.73,
        "Household": "530",
        "Househol_1": "2,373"
      },
      "geometry": {
        "type": "MultiPolygon",
        "coordinates": [
          [
            [
              [122.99457355854021, 14.095477880879892],
              [122.994679523317217, 14.095479136729381],
              [122.994787140959659, 14.095516034206794],
              [122.994865035634206, 14.095607252970396],
              [122.99492140678025, 14.095745618510692],
              [122.994979482147713, 14.095822393270941],
              [122.995059772320516, 14.095988526903655],
              [122.995113068676773, 14.096066421578191],
              [122.995180714052026, 14.096070521297905],
              [122.995240159987858, 14.096054122419055],
              [122.995279107325132, 14.096019274801499],
              [122.995297556063832, 14.095976227744517],
              [122.995285256904694, 14.095920881528398],
              [122.99541234821578, 14.095847086573574],
              [122.995430796954466, 14.095785590777886],
              [122.995545589106413, 14.095699496663924],
              [122.995752624951905, 14.095484261379019],
              [122.995801821588458, 14.095402266984769],
              [122.995974009816379, 14.095383818246063],
              [122.996260990196262, 14.0954945106783],
              [122.996470075901598, 14.095400217124913],
              [122.996427028844607, 14.095305923571525],
              [122.996572568894408, 14.095240328056125],
              [122.996662762728079, 14.095131685483745],
              [122.996908745910815, 14.094989732688699],
              [122.996929244509374, 14.094952835211288],
              [122.996920020140024, 14.094872378211932],
              [122.996949743107947, 14.094827281295094],
              [122.997024562992692, 14.094752461410343],
              [122.996900546471366, 14.094597696991192],
              [122.996408580105879, 14.094146727822823],
              [122.996293787953917, 14.094212323338223],
              [122.996097001407719, 14.094072932867999],
              [122.996203594120246, 14.093876146321801],
              [122.996064203650022, 14.093736755851577],
              [122.99596581037693, 14.093531769865955],
              [122.995838719065816, 14.093478473509689],
              [122.995834619346098, 14.09342927687314],
              [122.99579362214898, 14.093334983319753],
              [122.995715727474433, 14.093330883600041],
              [122.995424647374861, 14.093134097053843],
              [122.995498442329676, 14.09296190882592],
              [122.995420547655144, 14.092884014151384],
              [122.995354952139749, 14.092826618075408],
              [122.995277057465202, 14.092605233210936],
              [122.995154065873834, 14.092527338536403],
              [122.995170464752675, 14.092223959277682],
              [122.995285256904623, 14.091977976094935],
              [122.995309855222899, 14.091592602441963],
              [122.995260658586361, 14.090985843924521],
              [122.995285256904623, 14.09066606578695],
              [122.995506641769097, 14.090461079801326],
              [122.995703428315309, 14.090067506708932],
              [122.995842818785533, 14.089739529131936],
              [122.996047804771166, 14.089206565569317],
              [122.996113400286561, 14.088608006491295],
              [122.996236391877929, 14.088173436201775],
              [122.996318386272165, 14.087788062548801],
              [122.996474175621231, 14.086648340468738],
              [122.996498773939521, 14.08583659596567],
              [122.996457776742389, 14.085065848659729],
              [122.996260990196191, 14.084655876688483],
              [122.99579362214898, 14.084122913125865],
              [122.995285256904623, 14.083442359653597],
              [122.995059772320417, 14.082917595530404],
              [122.994879384653075, 14.082601917112544],
              [122.994514509598673, 14.082278039255261],
              [122.994174232862534, 14.081880366443151],
              [122.994088138748566, 14.081671280737817],
              [122.993706864815323, 14.081392499797367],
              [122.992927918069967, 14.081023525023246],
              [122.992263763476544, 14.080990727265545],
              [122.991665204398529, 14.081253109327143],
              [122.990492684560763, 14.081449895873339],
              [122.989574347345169, 14.081425297555064],
              [122.988082049369837, 14.081138317175192],
              [122.986269973256938, 14.080506960339475],
              [122.984553119586195, 14.079989749191803],
              [122.984425561129939, 14.080139538237688],
              [122.984221566314233, 14.080407106312855],
              [122.984176193648111, 14.080318847796988],
              [122.984114104566046, 14.080548093323975],
              [122.9838231695676, 14.081553253840761],
              [122.983628366651544, 14.082187621321232],
              [122.984110646990061, 14.082813478968466],
              [122.984475345538868, 14.08288242572721],
              [122.983922895911945, 14.084064598727421],
              [122.983169487434068, 14.083278506563085],
              [122.982998915925535, 14.083031579126965],
              [122.982528278122487, 14.083513858406727],
              [122.981570203311136, 14.082867481135793],
              [122.981454400528733, 14.082895730323539],
              [122.981187715555635, 14.083201955967468],
              [122.981344546488302, 14.083959824923848],
              [122.981446485482977, 14.084120603746262],
              [122.981242539695913, 14.084166548984827],
              [122.980912599702819, 14.08404819478563],
              [122.980905306147605, 14.084151189839403],
              [122.981195475701043, 14.084350241229492],
              [122.98141508395851, 14.084403848569893],
              [122.981987578725338, 14.084702471922462],
              [122.982081724363766, 14.084580002653819],
              [122.982544468117865, 14.084664218199965],
              [122.983221821346177, 14.085204947009863],
              [122.98321696408091, 14.085212835225537],
              [122.983215901636825, 14.085213427719012],
              [122.982575697403362, 14.086134083889313],
              [122.98138924819871, 14.086237509357108],
              [122.980912984138627, 14.086271766967734],
              [122.979563994743145, 14.085842933942617],
              [122.978936593351477, 14.085582594743087],
              [122.978335602016443, 14.085720720808357],
              [122.978338639478949, 14.085699240514055],
              [122.978169563758456, 14.085718928133559],
              [122.97816804467088, 14.085733334790183],
              [122.977109188042917, 14.085935153938451],
              [122.977093250600802, 14.085949003687073],
              [122.976840964409178, 14.085980237519568],
              [122.9754007045143, 14.086158679891602],
              [122.975130098486432, 14.08612420916033],
              [122.97494185683648, 14.086181594634814],
              [122.974800696124774, 14.086296389846183],
              [122.975666729366736, 14.086671113272317],
              [122.975702637333654, 14.086686650952426],
              [122.97568753551073, 14.086690982578826],
              [122.975476031731361, 14.086773290983107],
              [122.974704576684317, 14.087073420701929],
              [122.974408350498464, 14.087106610250229],
              [122.974175307567151, 14.087132728965129],
              [122.974191527843772, 14.087242210979058],
              [122.974053082554633, 14.087493926106513],
              [122.974071949189593, 14.087751843035836],
              [122.973952419436173, 14.087825493670195],
              [122.973732229467899, 14.087868467945304],
              [122.973543485245315, 14.087991256871668],
              [122.973348425126872, 14.088261409013615],
              [122.973165974677428, 14.088421048609112],
              [122.973021244526251, 14.088863124630144],
              [122.972939405820938, 14.089139436946155],
              [122.972624883847985, 14.089206917064374],
              [122.972329175032471, 14.089329692855561],
              [122.972228484778782, 14.089544597982048],
              [122.972341693185157, 14.089986703123232],
              [122.972549260257324, 14.090177089037152],
              [122.972593281392051, 14.090441119733946],
              [122.972247239729995, 14.090711253714383],
              [122.971441955387519, 14.091042737991618],
              [122.971127374670317, 14.091251469309638],
              [122.97105189268548, 14.091343567401365],
              [122.970825322115957, 14.092000585838989],
              [122.97090074743376, 14.09265760363496],
              [122.971001344202065, 14.09290323477693],
              [122.971309536521503, 14.093431322903193],
              [122.971510777242628, 14.094168166735798],
              [122.971636587089193, 14.094278732340596],
              [122.972663525276019, 14.094501026558865],
              [122.97273269394978, 14.094534699601816],
              [122.972876923288396, 14.094512790899245],
              [122.97323938794996, 14.094670454214928],
              [122.973485961608219, 14.094906804555405],
              [122.973584573964615, 14.095283206466904],
              [122.973418564437381, 14.095957158955548],
              [122.973198834218849, 14.096219715802926],
              [122.972665202690223, 14.096666043863685],
              [122.972829497308865, 14.096718911995383],
              [122.973051516128038, 14.097009035410737],
              [122.973092490681424, 14.097059074848115],
              [122.973276950159175, 14.097302492182454],
              [122.973498933924972, 14.097906045952131],
              [122.973563833594042, 14.09811611799393],
              [122.97359455971754, 14.098197303006772],
              [122.973894836040699, 14.099046039412315],
              [122.974432123993168, 14.09850508360989],
              [122.974489075818212, 14.098197288260977],
              [122.974501228836729, 14.098101775194561],
              [122.9750721501714, 14.097746146732508],
              [122.975181475348592, 14.097692827007359],
              [122.975272597764331, 14.097538694941944],
              [122.975630923153005, 14.09778772059626],
              [122.975673417113413, 14.097829204563622],
              [122.976141069739683, 14.09801302108775],
              [122.976232118658203, 14.098197281311425],
              [122.976453139861079, 14.098650949887041],
              [122.977003077007737, 14.099799619486774],
              [122.978051994245178, 14.099450140005752],
              [122.978388313337959, 14.099339027114057],
              [122.979342701895618, 14.099023754226785],
              [122.979689341119624, 14.09890927017485],
              [122.979842950054575, 14.098856810826689],
              [122.980201008558709, 14.098734542608868],
              [122.980374312520681, 14.098633894510819],
              [122.980416092536686, 14.09861897494984],
              [122.980660010974233, 14.098531886180945],
              [122.980909961486091, 14.098442649587751],
              [122.981597128440967, 14.098197269300464],
              [122.981814825235659, 14.09811954847407],
              [122.982669370063675, 14.0978144025184],
              [122.982798809604247, 14.098197246970361],
              [122.983153328968569, 14.099245670738028],
              [122.984470338108608, 14.098581232652275],
              [122.984566491388676, 14.098539835542287],
              [122.985058408475524, 14.099187465616431],
              [122.985357620335336, 14.099581392713812],
              [122.985720384146333, 14.099466789861605],
              [122.985918271270322, 14.099422877499718],
              [122.986305012754073, 14.099361458029255],
              [122.988040948667603, 14.099019195009021],
              [122.988373721557181, 14.099142094823852],
              [122.988389486358798, 14.098795147752179],
              [122.988044886997912, 14.098443590667571],
              [122.987999265921076, 14.097930092243578],
              [122.988416685244019, 14.098197212152263],
              [122.989294975340059, 14.097074597902305],
              [122.990262606513127, 14.09708256452511],
              [122.991376623614343, 14.09723341522529],
              [122.992352407601032, 14.09742392136965],
              [122.993000688094966, 14.097402930204465],
              [122.993103181087776, 14.097212293237837],
              [122.9932794690354, 14.097097501085887],
              [122.993582848294125, 14.097027805850775],
              [122.993730438203784, 14.096962210335375],
              [122.99375221796474, 14.096858948645117],
              [122.993711220767622, 14.096768754811444],
              [122.993750168104881, 14.096612965462372],
              [122.993758367544316, 14.096486899081214],
              [122.993920306472958, 14.096068727670545],
              [122.993920306472958, 14.096003132155147],
              [122.994004350727053, 14.095818644768087],
              [122.994119142879015, 14.095679254297863],
              [122.994272882368222, 14.095558312566347],
              [122.99457355854021, 14.095477880879892]
            ]
          ]
        ]
      }
    }
  ]
}
