{
"type": "FeatureCollection",
"name": "flood-prone-fgd",
"crs": { "type": "name", "properties": { "name": "urn:ogc:def:crs:OGC:1.3:CRS84" } },
"features": [
{ "type": "Feature", "properties": { "fid": 1, "desc": "flood-prone", "other desc": "intersection of mabulao & irrigation", "barangay": "Barangay I", "col": "flood-prone", "etc": null, "layer": "b1_flood-prone" }, "geometry": { "type": "MultiPolygon", "coordinates": [ [ [ [ 122.962492892077691, 14.111202813151239 ], [ 122.962694002623167, 14.111026400392049 ], [ 122.962609324498757, 14.11088703431229 ], [ 122.962455845398253, 14.110804120315471 ], [ 122.962291781532215, 14.110790007294735 ], [ 122.962159471962821, 14.110809412698247 ], [ 122.962113604645424, 14.110894090822658 ], [ 122.962118897028205, 14.110948778778006 ], [ 122.962131245921341, 14.111044041667968 ], [ 122.962157707835232, 14.111107550261277 ], [ 122.962238857704449, 14.111195756640871 ], [ 122.962298838042571, 14.11121339791679 ], [ 122.962418798718829, 14.111204577278832 ], [ 122.962492892077691, 14.111202813151239 ] ] ] ] } },
{ "type": "Feature", "properties": { "fid": 2, "desc": "flood-prone", "other desc": "p8", "barangay": "Barangay I", "col": "flood-prone", "etc": null, "layer": "b1_flood-prone" }, "geometry": { "type": "MultiPolygon", "coordinates": [ [ [ [ 122.962270612001149, 14.111132248047566 ], [ 122.96159318700586, 14.11068063138404 ], [ 122.960947516307229, 14.110641820577019 ], [ 122.960375938967445, 14.1103630884175 ], [ 122.960136017614957, 14.11015844961684 ], [ 122.959680872696239, 14.109883245712505 ], [ 122.95935980147452, 14.109805624098462 ], [ 122.959179860460139, 14.110126695320185 ], [ 122.959257482074193, 14.110405427479705 ], [ 122.95953268597853, 14.110465407817829 ], [ 122.959871398476167, 14.110673574873672 ], [ 122.960037226469808, 14.110790007294739 ], [ 122.960217167484174, 14.110895854950252 ], [ 122.960428862795212, 14.111075795964625 ], [ 122.960513540919621, 14.11111813502683 ], [ 122.960693481933987, 14.111255736978999 ], [ 122.961138042087143, 14.111488601821129 ], [ 122.96133562437744, 14.111566223435172 ], [ 122.961596715261038, 14.111435677993372 ], [ 122.96190720171721, 14.111291019530837 ], [ 122.962242385959669, 14.111453319269291 ], [ 122.962270612001149, 14.111132248047566 ] ] ] ] } },
{ "type": "Feature", "properties": { "fid": 3, "desc": "flood-prone", "other desc": "area near dulongbayan -ilaod & mabulao", "barangay": "Barangay I", "col": "flood-prone", "etc": null, "layer": "b1_flood-prone" }, "geometry": { "type": "MultiPolygon", "coordinates": [ [ [ [ 122.956371369333823, 14.110384257948601 ], [ 122.959148106163454, 14.11050421862485 ], [ 122.959243369053425, 14.110204316934228 ], [ 122.959335103688204, 14.109999678133567 ], [ 122.959204558246398, 14.10987971745732 ], [ 122.958844676217652, 14.109978508602465 ], [ 122.958569472313314, 14.110013791154303 ], [ 122.958188420753473, 14.110013791154303 ], [ 122.957828538724726, 14.109996149878384 ], [ 122.957137000708698, 14.109971452092097 ], [ 122.956699497065912, 14.109978508602465 ], [ 122.956300804230139, 14.10998203685765 ], [ 122.955990317773967, 14.110056130216508 ], [ 122.955976204753227, 14.110207845189411 ], [ 122.956060882877651, 14.110331334120845 ], [ 122.956371369333823, 14.110384257948601 ] ] ] ] } },
{ "type": "Feature", "properties": { "fid": 4, "desc": "houses near mabulao", "other desc": null, "barangay": "Barangay I", "col": "issues", "etc": null, "layer": "b1_issues" }, "geometry": { "type": "MultiPolygon", "coordinates": [ [ [ [ 122.956064411132814, 14.110077299747619 ], [ 122.95751805226854, 14.110084356257985 ], [ 122.958717659031024, 14.110130223575375 ], [ 122.959031673742388, 14.110073771492434 ], [ 122.959169275694549, 14.109907943498797 ], [ 122.959141049653098, 14.109858547926224 ], [ 122.958460096402618, 14.110042017195783 ], [ 122.956096165429486, 14.109950282561005 ], [ 122.956064411132814, 14.110077299747619 ] ] ] ] } },
{ "type": "Feature", "properties": { "fid": 5, "desc": "did not follow the easement law", "other desc": "houses, walls, other infrastructure", "barangay": "Barangay I", "col": "issues", "etc": null, "layer": "b1_issues" }, "geometry": { "type": "MultiPolygon", "coordinates": [ [ [ [ 122.956261993423041, 14.113298596730425 ], [ 122.959532685978417, 14.112592945693669 ], [ 122.95949387517139, 14.11252943710036 ], [ 122.958731772051692, 14.112681152073263 ], [ 122.9581637229671, 14.112737604156203 ], [ 122.956230239126384, 14.113164523033442 ], [ 122.956261993423041, 14.113298596730425 ] ] ] ] } },
{ "type": "Feature", "properties": { "fid": 6, "desc": "riprap; both sides of mabulao", "other desc": "dpwh", "barangay": "Barangay II", "col": "etc", "etc": null, "layer": "b2_etc" }, "geometry": { "type": "MultiPolygon", "coordinates": [ [ [ [ 122.954831717722882, 14.10838340492092 ], [ 122.954966644973595, 14.108417524455593 ], [ 122.955082961568991, 14.108690480732799 ], [ 122.955338858078875, 14.108826958871401 ], [ 122.955503252200373, 14.108888994388947 ], [ 122.955535820847089, 14.108938622802984 ], [ 122.955506353976247, 14.109042532294875 ], [ 122.955380732053243, 14.109282919925368 ], [ 122.955245804802573, 14.109576037745777 ], [ 122.955261313681959, 14.10973345287155 ], [ 122.955462929113992, 14.109898622437019 ], [ 122.955676176205557, 14.109969963282197 ], [ 122.955899504068725, 14.110043630459284 ], [ 122.955929746383561, 14.1099901248254 ], [ 122.955689358753062, 14.109915682204344 ], [ 122.955424156915555, 14.109805569160699 ], [ 122.955329552751294, 14.109703210556743 ], [ 122.955315594759853, 14.109603953728673 ], [ 122.955341959854806, 14.109493840685028 ], [ 122.955448971122578, 14.109287572589183 ], [ 122.9555621859421, 14.109115424027992 ], [ 122.955645933890779, 14.108915359483904 ], [ 122.955594754588802, 14.108823857095523 ], [ 122.955171362181503, 14.108654810310203 ], [ 122.955089165120754, 14.108454745766116 ], [ 122.954989908292674, 14.108327572955144 ], [ 122.954825514171176, 14.108308186855915 ], [ 122.954298212271979, 14.10840511735206 ], [ 122.95370577307942, 14.10815077173012 ], [ 122.953355272405275, 14.1082903516446 ], [ 122.953318051094755, 14.108222112575298 ], [ 122.953370781284661, 14.1078933243323 ], [ 122.953256015577196, 14.107614164503342 ], [ 122.953088519679824, 14.107406345519561 ], [ 122.952939634437712, 14.107331902898505 ], [ 122.953014077058768, 14.106733260154179 ], [ 122.952930329110089, 14.106581273136191 ], [ 122.952545708901297, 14.106240077789684 ], [ 122.952530200021911, 14.106100497875211 ], [ 122.952582930211818, 14.105920594874325 ], [ 122.952728713678056, 14.105722081218177 ], [ 122.95267288171226, 14.105573195976065 ], [ 122.9527907491956, 14.105439819613339 ], [ 122.952862090040782, 14.105117234922098 ], [ 122.95310402855921, 14.10499936743876 ], [ 122.953091621455698, 14.10480085378261 ], [ 122.952955143317098, 14.104692291626904 ], [ 122.95259533731533, 14.104782243127346 ], [ 122.952492978711376, 14.104794650230856 ], [ 122.952387518331548, 14.104549609936546 ], [ 122.952257243744697, 14.104403826470312 ], [ 122.952154885140743, 14.104199109262408 ], [ 122.95178887558734, 14.104182049495106 ], [ 122.951788875587226, 14.10420841459004 ], [ 122.951742348949068, 14.104220821693549 ], [ 122.952142478037246, 14.104287509874911 ], [ 122.95220451355479, 14.104476718203427 ], [ 122.952354949684846, 14.104622501669663 ], [ 122.952413883426516, 14.104810159110242 ], [ 122.952624804186172, 14.104855134860463 ], [ 122.952843479385521, 14.104803955558486 ], [ 122.952938083549782, 14.104771386911775 ], [ 122.953018729722601, 14.104811709998179 ], [ 122.95304199304168, 14.104937331921212 ], [ 122.952810910738819, 14.10505519940455 ], [ 122.952722510126279, 14.105416556294262 ], [ 122.952618600634395, 14.105566992424313 ], [ 122.952596888203246, 14.105616620838349 ], [ 122.952654271056986, 14.10570812322673 ], [ 122.952643414841418, 14.105763955192522 ], [ 122.952475143500067, 14.105965570624553 ], [ 122.952436371301573, 14.106160207060853 ], [ 122.952451880180959, 14.106239302345724 ], [ 122.952513140254538, 14.106306765971055 ], [ 122.952611621638638, 14.106378106816235 ], [ 122.952793075527495, 14.106523890282471 ], [ 122.952946613433426, 14.10671154772305 ], [ 122.9529497152093, 14.10686353474104 ], [ 122.952900862239233, 14.107067476504977 ], [ 122.952855111045039, 14.107217137191055 ], [ 122.952860539152823, 14.107334229230423 ], [ 122.952879925252049, 14.107369899653014 ], [ 122.953007098063026, 14.107424180730867 ], [ 122.953106742613087, 14.107505214625666 ], [ 122.953176144848342, 14.107595941570077 ], [ 122.953316500206768, 14.107942952746351 ], [ 122.953318438816709, 14.108025537529084 ], [ 122.953254076967255, 14.108198461534245 ], [ 122.953252526079325, 14.108280658594996 ], [ 122.953319989704653, 14.108341918668572 ], [ 122.953394044603826, 14.108358590713927 ], [ 122.95346577317089, 14.108323308013308 ], [ 122.953602639031445, 14.108236458288742 ], [ 122.953673592154644, 14.108210868637753 ], [ 122.95391785700501, 14.108322920291325 ], [ 122.953997340011867, 14.108373324149332 ], [ 122.954322251035009, 14.108466377425653 ], [ 122.954820086063322, 14.108374875037274 ], [ 122.954831717722882, 14.10838340492092 ] ] ] ] } },
{ "type": "Feature", "properties": { "fid": 7, "desc": "flood-prone", "other desc": null, "barangay": "Barangay II", "col": "flood-prone", "etc": null, "layer": "b2_flood-prone" }, "geometry": { "type": "MultiPolygon", "coordinates": [ [ [ [ 122.955953442224796, 14.109979543591605 ], [ 122.956089246712651, 14.108386593652884 ], [ 122.955796517321133, 14.108126873670674 ], [ 122.954643387386071, 14.108042623468091 ], [ 122.954685097692717, 14.108310875544257 ], [ 122.955019730309033, 14.10834741065651 ], [ 122.955135870954393, 14.108626456874443 ], [ 122.955620362640815, 14.108831998802019 ], [ 122.955621674525503, 14.108883287824836 ], [ 122.955452836513572, 14.109173248758381 ], [ 122.955361076724472, 14.109448528125672 ], [ 122.955339054375088, 14.109745829842346 ], [ 122.955595981784555, 14.109896315896464 ], [ 122.955953442224796, 14.109979543591605 ] ] ] ] } },
{ "type": "Feature", "properties": { "fid": 8, "desc": "flood-prone", "other desc": null, "barangay": "Barangay II", "col": "flood-prone", "etc": null, "layer": "b2_flood-prone" }, "geometry": { "type": "MultiPolygon", "coordinates": [ [ [ [ 122.952568215022538, 14.10599562292626 ], [ 122.952843494389825, 14.106094723498485 ], [ 122.953171688156615, 14.106062591908005 ], [ 122.953369889301058, 14.106062591908005 ], [ 122.953457978698594, 14.106062591908005 ], [ 122.953524045746747, 14.106040569558623 ], [ 122.953688551725875, 14.105954655321709 ], [ 122.953762200704844, 14.105836816955353 ], [ 122.953732741113257, 14.10568951899741 ], [ 122.953772020568707, 14.105601140222642 ], [ 122.953845669547647, 14.105473481992425 ], [ 122.953855489411509, 14.105218165531987 ], [ 122.953741934848452, 14.104955132048389 ], [ 122.953473899805218, 14.104697915261683 ], [ 122.953062161864111, 14.104712475007842 ], [ 122.953072587584387, 14.104950463264153 ], [ 122.952942242072254, 14.105065957642111 ], [ 122.952863375265238, 14.105178027541113 ], [ 122.952716559602692, 14.10552671473968 ], [ 122.952568215022538, 14.10599562292626 ] ] ] ] } },
{ "type": "Feature", "properties": { "fid": 9, "desc": "flood-prone", "other desc": null, "barangay": "Barangay II", "col": "flood-prone", "etc": null, "layer": "b2_flood-prone" }, "geometry": { "type": "MultiPolygon", "coordinates": [ [ [ [ 122.955245459390198, 14.10502754148699 ], [ 122.955344559962427, 14.104271440824832 ], [ 122.955814370082592, 14.104234736909193 ], [ 122.95630987294372, 14.104198032993555 ], [ 122.955546431498433, 14.104010843023797 ], [ 122.955300515263659, 14.103911742451572 ], [ 122.955172051558918, 14.103797960313093 ], [ 122.954893101800067, 14.103636463084282 ], [ 122.954313179932981, 14.103295116668843 ], [ 122.954063593306628, 14.103225379229128 ], [ 122.953802995505598, 14.103030848476243 ], [ 122.953300151861342, 14.102924407120891 ], [ 122.953006520536235, 14.102997814952168 ], [ 122.952819330566484, 14.103115267482211 ], [ 122.952753263518332, 14.103563055253005 ], [ 122.952419257886021, 14.103911742451572 ], [ 122.952279783006588, 14.104421926878951 ], [ 122.952716559602692, 14.104598105674016 ], [ 122.953091621455698, 14.10480085378261 ], [ 122.953292811078214, 14.104755932511264 ], [ 122.953780973156213, 14.104902748173817 ], [ 122.954030559782552, 14.105175861952377 ], [ 122.954750173562005, 14.105282472111115 ], [ 122.955235180284234, 14.105191160906363 ], [ 122.955245459390198, 14.10502754148699 ] ] ] ] } },
{ "type": "Feature", "properties": { "fid": 10, "desc": "drainage issue", "other desc": "cr overflow & kitchen waste ng abano, papunta sa drainage ng brgy", "barangay": "Barangay II", "col": "issues", "etc": null, "layer": "b2_issues" }, "geometry": { "type": "MultiPolygon", "coordinates": [ [ [ [ 122.953583252932262, 14.106686733516003 ], [ 122.954938728990655, 14.106779786792323 ], [ 122.954954237870041, 14.10617804227212 ], [ 122.953614270691034, 14.106069480116414 ], [ 122.953583252932262, 14.106686733516003 ] ] ] ] } },
{ "type": "Feature", "properties": { "fid": 11, "desc": "fence between cnsc & deped", "other desc": null, "barangay": "Barangay II", "col": "issues", "etc": null, "layer": "b2_issues" }, "geometry": { "type": "MultiPolygon", "coordinates": [ [ [ [ 122.956241474859141, 14.108830060647241 ], [ 122.958251425627637, 14.108848671302503 ], [ 122.958670165371075, 14.10747148281297 ], [ 122.958533687232475, 14.107477686364724 ], [ 122.958214204317116, 14.108783534009079 ], [ 122.956260085514401, 14.108764923353817 ], [ 122.956241474859141, 14.108830060647241 ] ] ] ] } },
{ "type": "Feature", "properties": { "fid": 12, "desc": "clogging & flood-prone", "other desc": "irrigation canal, maliit; naiipunan ng basura, etc", "barangay": "Barangay II", "col": "issues", "etc": null, "layer": "b2_issues" }, "geometry": { "type": "MultiPolygon", "coordinates": [ [ [ [ 122.956213558876243, 14.104225474357344 ], [ 122.956246127522959, 14.104061080235846 ], [ 122.955782412029293, 14.104006799157993 ], [ 122.955762250486089, 14.104220821693529 ], [ 122.956213558876243, 14.104225474357344 ] ] ] ] } },
{ "type": "Feature", "properties": { "fid": 13, "desc": "clogged drainage", "other desc": null, "barangay": "Barangay II", "col": "issues", "etc": null, "layer": "b2_issues" }, "geometry": { "type": "MultiPolygon", "coordinates": [ [ [ [ 122.956093319841457, 14.106862737268923 ], [ 122.956249311482921, 14.106859066877359 ], [ 122.956278674615433, 14.106225924332591 ], [ 122.956131858952872, 14.106203901983207 ], [ 122.956093319841457, 14.106862737268923 ] ] ] ] } },
{ "type": "Feature", "properties": { "fid": 14, "desc": "clogged drainage", "other desc": null, "barangay": "Barangay II", "col": "issues", "etc": null, "layer": "b2_issues" }, "geometry": { "type": "MultiPolygon", "coordinates": [ [ [ [ 122.956195345257015, 14.104112983139082 ], [ 122.956264509198036, 14.10412949990112 ], [ 122.956291348936347, 14.103697999492899 ], [ 122.956220120400047, 14.103603028111181 ], [ 122.956195345257015, 14.104112983139082 ] ] ] ] } },
{ "type": "Feature", "properties": { "fid": 15, "desc": "flood-prone", "other desc": null, "barangay": "Barangay III", "col": "flood-prone", "etc": null, "layer": "b3_flood-prone" }, "geometry": { "type": "MultiPolygon", "coordinates": [ [ [ [ 122.953130666947445, 14.111784975256535 ], [ 122.953892770067142, 14.111873181636129 ], [ 122.954347914985846, 14.111834370829108 ], [ 122.954206784778506, 14.111675599345837 ], [ 122.954210313033684, 14.111633260283632 ], [ 122.954605477614265, 14.11156622343514 ], [ 122.954499294343989, 14.111415085981143 ], [ 122.954407895323982, 14.111178115364924 ], [ 122.954697212249044, 14.111125191537166 ], [ 122.954803059904563, 14.110744139977317 ], [ 122.955067679043353, 14.110412483990041 ], [ 122.954919492325629, 14.110183147403093 ], [ 122.954598421103896, 14.110172562637542 ], [ 122.95439731055842, 14.110119638809786 ], [ 122.954256180351081, 14.109918528264309 ], [ 122.95409035235744, 14.110031432430191 ], [ 122.953892770067142, 14.11010552578905 ], [ 122.953674018245749, 14.109943226050596 ], [ 122.95360345314208, 14.109957339071331 ], [ 122.953472907700274, 14.110147864851257 ], [ 122.95332472098255, 14.110084356257948 ], [ 122.952996593250461, 14.109953810816148 ], [ 122.952890745594942, 14.11007729974758 ], [ 122.952770784918698, 14.11012316706497 ], [ 122.952442657186609, 14.11007729974758 ], [ 122.95207924690267, 14.109950282560964 ], [ 122.95184285380536, 14.109925584774677 ], [ 122.95184991031573, 14.110126695320153 ], [ 122.951899305888304, 14.110363088417467 ], [ 122.951832269039812, 14.110595953259597 ], [ 122.951927531929769, 14.110881741929484 ], [ 122.951895777633112, 14.111068739454225 ], [ 122.951811099508703, 14.111171058854556 ], [ 122.951976927502344, 14.111343943358561 ], [ 122.951994568778261, 14.111527412628119 ], [ 122.952139227240806, 14.111703825387307 ], [ 122.952541448331758, 14.111777918746167 ], [ 122.952647295987262, 14.11185554036021 ], [ 122.952834293512012, 14.11182731431874 ], [ 122.953130666947445, 14.111784975256535 ] ] ] ] } },
{ "type": "Feature", "properties": { "fid": 16, "desc": "flood-prone", "other desc": null, "barangay": "Barangay III", "col": "flood-prone", "etc": null, "layer": "b3_flood-prone" }, "geometry": { "type": "MultiPolygon", "coordinates": [ [ [ [ 122.955880941863242, 14.110389550331346 ], [ 122.955912696159899, 14.110153157234032 ], [ 122.955969148242829, 14.109772105674184 ], [ 122.956036185091321, 14.109482788749112 ], [ 122.955715113869601, 14.109207584844777 ], [ 122.95580684850438, 14.108914739664522 ], [ 122.955701000848862, 14.108748911670883 ], [ 122.955429325199717, 14.108724213884598 ], [ 122.954984765046561, 14.108360803600666 ], [ 122.954942425984356, 14.10877360945717 ], [ 122.954769541480346, 14.108763024691619 ], [ 122.954857747859933, 14.109041756851138 ], [ 122.95463193952817, 14.109221697865511 ], [ 122.954610769997075, 14.109443977942091 ], [ 122.95458254395561, 14.109747407887896 ], [ 122.954444942003434, 14.110089648640724 ], [ 122.954550789658953, 14.110128459447745 ], [ 122.954910671687699, 14.110223722337709 ], [ 122.955118838743545, 14.110368380800244 ], [ 122.955358760096033, 14.110396606841714 ], [ 122.955880941863242, 14.110389550331346 ] ] ] ] } },
{ "type": "Feature", "properties": { "fid": 17, "desc": "flood-prone", "other desc": null, "barangay": "Barangay III", "col": "flood-prone", "etc": null, "layer": "b3_flood-prone" }, "geometry": { "type": "MultiPolygon", "coordinates": [ [ [ [ 122.952507929907568, 14.112301864640967 ], [ 122.952881924957055, 14.112245412558027 ], [ 122.952980716102189, 14.112132508392145 ], [ 122.95283958589485, 14.111899643550016 ], [ 122.952642003604552, 14.111871417508546 ], [ 122.952268008555066, 14.111892587039648 ], [ 122.951872843974485, 14.111892587039648 ], [ 122.951802278870815, 14.112146621412881 ], [ 122.951957522098894, 14.112224243026924 ], [ 122.952098652306248, 14.112301864640967 ], [ 122.952507929907568, 14.112301864640967 ] ] ] ] } },
{ "type": "Feature", "properties": { "fid": 18, "desc": "flood-prone", "other desc": null, "barangay": "Barangay III", "col": "flood-prone", "etc": null, "layer": "b3_flood-prone" }, "geometry": { "type": "MultiPolygon", "coordinates": [ [ [ [ 122.954582543955581, 14.113374454216853 ], [ 122.95467427859036, 14.113081609036598 ], [ 122.954663693824813, 14.113063967760679 ], [ 122.954459055024145, 14.113081609036598 ], [ 122.954183851119808, 14.113134532864354 ], [ 122.954205020650917, 14.113243908775052 ], [ 122.954321453071984, 14.113339171665015 ], [ 122.954406131196393, 14.113399152003138 ], [ 122.954582543955581, 14.113374454216853 ] ] ] ] } },
{ "type": "Feature", "properties": { "fid": 19, "desc": "may dating drainage na nawala", "other desc": null, "barangay": "Barangay III", "col": "issues", "etc": null, "layer": "b3_issues" }, "geometry": { "type": "MultiPolygon", "coordinates": [ [ [ [ 122.951902834143496, 14.113996309192967 ], [ 122.952033379585302, 14.11398219617223 ], [ 122.951922239547002, 14.113250083221594 ], [ 122.951860495081291, 14.113248319094003 ], [ 122.951902834143496, 14.113996309192967 ] ] ] ] } },
{ "type": "Feature", "properties": { "fid": 20, "desc": "old drainage; eroding", "other desc": null, "barangay": "Barangay III", "col": "issues", "etc": null, "layer": "b3_issues" }, "geometry": { "type": "MultiPolygon", "coordinates": [ [ [ [ 122.95431792481682, 14.113693761310957 ], [ 122.954740433375079, 14.113635545100424 ], [ 122.954691919866306, 14.113507645850012 ], [ 122.954451116450016, 14.113628488590058 ], [ 122.95431792481682, 14.113693761310957 ] ] ] ] } },
{ "type": "Feature", "properties": { "fid": 21, "desc": "collapsed river control", "other desc": null, "barangay": "Barangay III", "col": "issues", "etc": null, "layer": "b3_issues" }, "geometry": { "type": "MultiPolygon", "coordinates": [ [ [ [ 122.952667583454613, 14.1139672010877 ], [ 122.952913679253683, 14.11395397013076 ], [ 122.953161539180343, 14.113913395196146 ], [ 122.953110379480179, 14.113806665476837 ], [ 122.9526684655184, 14.113886051218472 ], [ 122.952667583454613, 14.1139672010877 ] ] ] ] } },
{ "type": "Feature", "properties": { "fid": 22, "desc": "establishments, houses, walls sa old creek; boma bldg, potato corner, etc", "other desc": null, "barangay": "Barangay III", "col": "issues", "etc": null, "layer": "b3_issues" }, "geometry": { "type": "MultiPolygon", "coordinates": [ [ [ [ 122.95566042591426, 14.111539761521257 ], [ 122.956175551171086, 14.111453319269254 ], [ 122.956029128580951, 14.110929373374461 ], [ 122.955455787113593, 14.110800592060253 ], [ 122.955110018105586, 14.110952307033156 ], [ 122.955035924746724, 14.111292783658394 ], [ 122.95566042591426, 14.111539761521257 ] ] ] ] } },
{ "type": "Feature", "properties": { "fid": 23, "desc": "garbage, water hyacinth sa mabulao", "other desc": null, "barangay": "Barangay III", "col": "issues", "etc": null, "layer": "b3_issues" }, "geometry": { "type": "MultiPolygon", "coordinates": [ [ [ [ 122.959153398546178, 14.109883245712471 ], [ 122.959104002973604, 14.10982679362953 ], [ 122.958689432989516, 14.110008498771494 ], [ 122.957770322514136, 14.109980272730024 ], [ 122.956048533984443, 14.109923820647083 ], [ 122.955879177735625, 14.109925584774672 ], [ 122.955469900134304, 14.109809152353607 ], [ 122.95532876992695, 14.109657437380704 ], [ 122.955374637244347, 14.109456326835229 ], [ 122.955635728127945, 14.109015294937254 ], [ 122.955649841148684, 14.108817712646962 ], [ 122.955378165499525, 14.108863579964352 ], [ 122.955455787113578, 14.108994125406152 ], [ 122.955205280995528, 14.109608041808132 ], [ 122.95533582643732, 14.109879717457282 ], [ 122.955946214584117, 14.110070243237208 ], [ 122.957682116134549, 14.110056130216472 ], [ 122.958613575503065, 14.11012316706497 ], [ 122.959044022635481, 14.110017319409454 ], [ 122.959153398546178, 14.109883245712471 ] ] ] ] } },
{ "type": "Feature", "properties": { "fid": 24, "desc": "clogged drainage; near ponayo; pinatay na ang creek", "other desc": null, "barangay": "Barangay III", "col": "issues", "etc": null, "layer": "b3_issues" }, "geometry": { "type": "MultiPolygon", "coordinates": [ [ [ [ 122.954593889139758, 14.11117832236026 ], [ 122.954653109059308, 14.111017579754067 ], [ 122.954545635305962, 14.110844834699133 ], [ 122.954346150858314, 14.110961127671127 ], [ 122.954349679113506, 14.111024636264435 ], [ 122.954452758932419, 14.11117832236026 ], [ 122.954593889139758, 14.11117832236026 ] ] ] ] } },
{ "type": "Feature", "properties": { "fid": 25, "desc": "informal settlers", "other desc": null, "barangay": "Barangay III", "col": "issues", "etc": null, "layer": "b3_issues" }, "geometry": { "type": "MultiPolygon", "coordinates": [ [ [ [ 122.954480224555297, 14.113628488590081 ], [ 122.954684863355951, 14.113632016845266 ], [ 122.954684863355951, 14.113575564762325 ], [ 122.95313243107509, 14.113819014370005 ], [ 122.953146544095816, 14.113882522963314 ], [ 122.953901590705158, 14.113762562287064 ], [ 122.954480224555297, 14.113628488590081 ] ] ] ] } },
{ "type": "Feature", "properties": { "fid": 26, "desc": "flood-prone", "other desc": null, "barangay": "Barangay IV", "col": "flood-prone", "etc": null, "layer": "b4_flood-prone" }, "geometry": { "type": "MultiPolygon", "coordinates": [ [ [ [ 122.946630254482926, 14.115317064101427 ], [ 122.947169977557934, 14.114772434453002 ], [ 122.94641436525292, 14.114478040048448 ], [ 122.945835389590627, 14.114512386062312 ], [ 122.945698005535164, 14.114909818508462 ], [ 122.945899175044943, 14.115209119486424 ], [ 122.946630254482926, 14.115317064101427 ] ] ] ] } },
{ "type": "Feature", "properties": { "fid": 27, "desc": "flood-prone", "other desc": null, "barangay": "Barangay IV", "col": "flood-prone", "etc": null, "layer": "b4_flood-prone" }, "geometry": { "type": "MultiPolygon", "coordinates": [ [ [ [ 122.949073728040716, 14.117333665772625 ], [ 122.949672329996645, 14.117215908010804 ], [ 122.949196392375953, 14.116494641719646 ], [ 122.94896578342572, 14.116568240320785 ], [ 122.948509472098664, 14.116779222977382 ], [ 122.948352461749565, 14.116995112207388 ], [ 122.948465312937969, 14.117353292066262 ], [ 122.949073728040716, 14.117333665772625 ] ] ] ] } },
{ "type": "Feature", "properties": { "fid": 28, "desc": "flood-prone", "other desc": null, "barangay": "Barangay IV", "col": "flood-prone", "etc": null, "layer": "b4_flood-prone" }, "geometry": { "type": "MultiPolygon", "coordinates": [ [ [ [ 122.949220925242997, 14.11781941654014 ], [ 122.95000107041507, 14.11787829542105 ], [ 122.949986350694843, 14.117613340456952 ], [ 122.948941250558676, 14.117436703814219 ], [ 122.948460406364561, 14.11736310521308 ], [ 122.948367181469791, 14.117122683116028 ], [ 122.948234703987737, 14.116592773187831 ], [ 122.948009001610913, 14.115945105497811 ], [ 122.947940309583188, 14.115513327037798 ], [ 122.947812738674543, 14.115287624660972 ], [ 122.947719513779774, 14.115272904940745 ], [ 122.947596849444537, 14.115925479204174 ], [ 122.94769007433932, 14.116538800880329 ], [ 122.947817645247952, 14.116970579340341 ], [ 122.948254330281372, 14.117505395841949 ], [ 122.948578164126388, 14.117711471925137 ], [ 122.949220925242997, 14.11781941654014 ] ] ] ] } },
{ "type": "Feature", "properties": { "fid": 29, "desc": "flood-prone", "other desc": null, "barangay": "Barangay IV", "col": "flood-prone", "etc": null, "layer": "b4_flood-prone" }, "geometry": { "type": "MultiPolygon", "coordinates": [ [ [ [ 122.953519083549494, 14.117117776542619 ], [ 122.953695720192229, 14.116754690110335 ], [ 122.953631934737899, 14.11659767976124 ], [ 122.953327727186533, 14.116416136545098 ], [ 122.953151090543798, 14.116430856265326 ], [ 122.952763471244467, 14.116587866614422 ], [ 122.952213935022641, 14.116533894306921 ], [ 122.9518214091499, 14.116514268013283 ], [ 122.951742903975344, 14.116681091509198 ], [ 122.951693838241255, 14.117000018780798 ], [ 122.951850848590354, 14.11718156199694 ], [ 122.952518142574007, 14.116887167592386 ], [ 122.952709498936969, 14.116779222977382 ], [ 122.952935201313792, 14.116769409830564 ], [ 122.953195249704478, 14.116857728151929 ], [ 122.95334244690676, 14.1170539910883 ], [ 122.953519083549494, 14.117117776542619 ] ] ] ] } },
{ "type": "Feature", "properties": { "fid": 30, "desc": "flood-prone", "other desc": null, "barangay": "Barangay IV", "col": "flood-prone", "etc": null, "layer": "b4_flood-prone" }, "geometry": { "type": "MultiPolygon", "coordinates": [ [ [ [ 122.952930294740398, 14.114693929278454 ], [ 122.953048052502211, 14.11421308508435 ], [ 122.952204121875823, 14.11434065599299 ], [ 122.952027485233089, 14.114664489837999 ], [ 122.952498516280386, 14.114772434453002 ], [ 122.952930294740398, 14.114693929278454 ] ] ] ] } },
{ "type": "Feature", "properties": { "fid": 31, "desc": "flood-prone", "other desc": null, "barangay": "Barangay IV", "col": "flood-prone", "etc": null, "layer": "b4_flood-prone" }, "geometry": { "type": "MultiPolygon", "coordinates": [ [ [ [ 122.951929353764911, 14.114693929278454 ], [ 122.952115803554463, 14.114428974314356 ], [ 122.951998045792635, 14.114409348020718 ], [ 122.951791969709447, 14.114379908580263 ], [ 122.951281686074893, 14.114370095433445 ], [ 122.951350378102617, 14.114703742425274 ], [ 122.951693838241269, 14.114782247599821 ], [ 122.951929353764911, 14.114693929278454 ] ] ] ] } },
{ "type": "Feature", "properties": { "fid": 32, "desc": "flood-prone", "other desc": null, "barangay": "Barangay IV", "col": "flood-prone", "etc": null, "layer": "b4_flood-prone" }, "geometry": { "type": "MultiPolygon", "coordinates": [ [ [ [ 122.951615333066712, 14.115945105497811 ], [ 122.951674211947619, 14.115837160882808 ], [ 122.951630052786939, 14.115650711093256 ], [ 122.951463229291022, 14.115263091793926 ], [ 122.951242433487607, 14.115096268298013 ], [ 122.951041263977828, 14.115057015710738 ], [ 122.950928412789423, 14.115086455151195 ], [ 122.950820468174413, 14.115317064101427 ], [ 122.950864627335093, 14.115459354730296 ], [ 122.95094313250965, 14.115577112492117 ], [ 122.951271872928061, 14.115861693749853 ], [ 122.951394537263297, 14.115969638364858 ], [ 122.951615333066712, 14.115945105497811 ] ] ] ] } },
{ "type": "Feature", "properties": { "fid": 33, "desc": "flood-prone", "other desc": null, "barangay": "Barangay IV", "col": "flood-prone", "etc": null, "layer": "b4_flood-prone" }, "geometry": { "type": "MultiPolygon", "coordinates": [ [ [ [ 122.952694779216742, 14.116146275007591 ], [ 122.952837069845614, 14.116146275007589 ], [ 122.952832163272205, 14.116072676406452 ], [ 122.95274875152424, 14.115783188575305 ], [ 122.952557395161278, 14.115287624660972 ], [ 122.952405291385602, 14.115076642004375 ], [ 122.952238467889686, 14.115125707738468 ], [ 122.95206673782036, 14.115272904940745 ], [ 122.952056924673542, 14.115464261303705 ], [ 122.952125616701267, 14.115577112492117 ], [ 122.952316973064228, 14.115807721442351 ], [ 122.9524592636931, 14.115979451511675 ], [ 122.952557395161278, 14.116111928993725 ], [ 122.952694779216742, 14.116146275007591 ] ] ] ] } },
{ "type": "Feature", "properties": { "fid": 34, "desc": "flood-prone", "other desc": null, "barangay": "Barangay V", "col": "flood-prone", "etc": null, "layer": "b5_flood-prone" }, "geometry": { "type": "MultiPolygon", "coordinates": [ [ [ [ 122.95674454224438, 14.12177350138629 ], [ 122.956430521546139, 14.120669522369212 ], [ 122.955449206864316, 14.120615550061709 ], [ 122.955459020011162, 14.119074886011207 ], [ 122.955262757074792, 14.118520443215964 ], [ 122.954590556517729, 14.118383059160506 ], [ 122.954119525470446, 14.118407592027552 ], [ 122.9537319061711, 14.118746145592787 ], [ 122.953501297220882, 14.118912969088704 ], [ 122.953221622536546, 14.11990409691737 ], [ 122.95326578169724, 14.120267183349654 ], [ 122.953471857780414, 14.120782373557624 ], [ 122.95375153246475, 14.121626304184012 ], [ 122.953962515121347, 14.121940324882205 ], [ 122.954649435398636, 14.122308317887898 ], [ 122.955360888542984, 14.12228869159426 ], [ 122.956244071756643, 14.122141494391983 ], [ 122.95674454224438, 14.12177350138629 ] ] ] ] } },
{ "type": "Feature", "properties": { "fid": 35, "desc": "flood-prone", "other desc": null, "barangay": "Barangay V", "col": "flood-prone", "etc": null, "layer": "b5_flood-prone" }, "geometry": { "type": "MultiPolygon", "coordinates": [ [ [ [ 122.957034030075505, 14.120404567405114 ], [ 122.956155753435254, 14.119020913703707 ], [ 122.955984023365929, 14.119104325451664 ], [ 122.955478646304783, 14.11919755034644 ], [ 122.955488459451601, 14.119923723211008 ], [ 122.955512992318646, 14.120424193698749 ], [ 122.955925144485022, 14.120522325166935 ], [ 122.956410895252532, 14.120581204047845 ], [ 122.956621877909129, 14.120581204047845 ], [ 122.956930992033918, 14.120497792299888 ], [ 122.957034030075505, 14.120404567405114 ] ] ] ] } },
{ "type": "Feature", "properties": { "fid": 36, "desc": "flood-prone", "other desc": null, "barangay": "Barangay V", "col": "flood-prone", "etc": null, "layer": "b5_flood-prone" }, "geometry": { "type": "MultiPolygon", "coordinates": [ [ [ [ 122.952490543098563, 14.122087522084483 ], [ 122.952181428973773, 14.121086581108997 ], [ 122.95206367121196, 14.120968823347177 ], [ 122.951543574430573, 14.121116020549453 ], [ 122.951597546738085, 14.121366255793324 ], [ 122.951695678206264, 14.121739155372426 ], [ 122.951734930793535, 14.122151307538802 ], [ 122.951990072610826, 14.122332850754944 ], [ 122.952377691910144, 14.122254345580396 ], [ 122.952490543098563, 14.122087522084483 ] ] ] ] } },
{ "type": "Feature", "properties": { "fid": 37, "desc": "flood-prone", "other desc": null, "barangay": "Barangay V", "col": "flood-prone", "etc": null, "layer": "b5_flood-prone" }, "geometry": { "type": "MultiPolygon", "coordinates": [ [ [ [ 122.951715304499899, 14.122210186419714 ], [ 122.951528854710347, 14.121219058591047 ], [ 122.95146997582944, 14.121184712577183 ], [ 122.951121609117379, 14.121189619150591 ], [ 122.950738896391471, 14.121228871737866 ], [ 122.950650578070096, 14.121537985862648 ], [ 122.950812494992604, 14.12171952907879 ], [ 122.951067636809881, 14.12184219341402 ], [ 122.95131787205375, 14.122190560126077 ], [ 122.951715304499899, 14.122210186419714 ] ] ] ] } },
{ "type": "Feature", "properties": { "fid": 38, "desc": "flood-prone", "other desc": null, "barangay": "Barangay V", "col": "flood-prone", "etc": null, "layer": "b5_flood-prone" }, "geometry": { "type": "MultiPolygon", "coordinates": [ [ [ [ 122.949723235695743, 14.120600830341482 ], [ 122.949168792900494, 14.120959010200357 ], [ 122.949168792900494, 14.121415321527415 ], [ 122.949600571360506, 14.121641023904241 ], [ 122.949894965765054, 14.121788221106518 ], [ 122.950155014155754, 14.121920698588568 ], [ 122.950581886042357, 14.12196485774925 ], [ 122.950689830657353, 14.121763688239472 ], [ 122.950537726881663, 14.121366255793323 ], [ 122.950439595413485, 14.121101300829224 ], [ 122.950405249399623, 14.120865785305581 ], [ 122.95017464044939, 14.120625363208529 ], [ 122.949723235695743, 14.120600830341482 ] ] ] ] } },
{ "type": "Feature", "properties": { "fid": 39, "desc": "drainage has no connection to daet river", "other desc": null, "barangay": "Barangay V", "col": "issues", "etc": null, "layer": "b5_issues" }, "geometry": { "type": "MultiPolygon", "coordinates": [ [ [ [ 122.954963456096664, 14.116525921125112 ], [ 122.955093480292021, 14.116432696230335 ], [ 122.955122919732474, 14.116359097629196 ], [ 122.955127826305883, 14.116189820846579 ], [ 122.955010068544055, 14.116172647839646 ], [ 122.954870231201895, 14.116216807000329 ], [ 122.954786819453943, 14.116319845041923 ], [ 122.954781912880534, 14.116469495530906 ], [ 122.954963456096664, 14.116525921125112 ] ] ] ] } },
{ "type": "Feature", "properties": { "fid": 40, "desc": "flood-prone", "other desc": null, "barangay": "Barangay VI", "col": "flood-prone", "etc": null, "layer": "b6_flood-prone" }, "geometry": { "type": "MultiPolygon", "coordinates": [ [ [ [ 122.957193610413256, 14.117875938654345 ], [ 122.957245837650106, 14.117812905782278 ], [ 122.957126975662774, 14.117555371476403 ], [ 122.95680820942404, 14.116883621154086 ], [ 122.956363377441178, 14.117124947007143 ], [ 122.956550675118166, 14.117557172415605 ], [ 122.956773991579198, 14.117991198763269 ], [ 122.957193610413256, 14.117875938654345 ] ] ] ] } },
{ "type": "Feature", "properties": { "fid": 41, "desc": "flood-prone", "other desc": null, "barangay": "Barangay VI", "col": "flood-prone", "etc": null, "layer": "b6_flood-prone" }, "geometry": { "type": "MultiPolygon", "coordinates": [ [ [ [ 122.957488063972733, 14.121135638609829 ], [ 122.957669811631192, 14.121147632755877 ], [ 122.95868954120705, 14.120869109603063 ], [ 122.958783904242424, 14.120633202014618 ], [ 122.958505381089623, 14.120267925748637 ], [ 122.957898109297446, 14.120350112908485 ], [ 122.957447601902729, 14.120468827694928 ], [ 122.957196311822017, 14.12053772679479 ], [ 122.957439438614287, 14.12112663391382 ], [ 122.957488063972733, 14.121135638609829 ] ] ] ] } },
{ "type": "Feature", "properties": { "fid": 42, "desc": "flood-prone", "other desc": null, "barangay": "Barangay VI", "col": "flood-prone", "etc": null, "layer": "b6_flood-prone" }, "geometry": { "type": "MultiPolygon", "coordinates": [ [ [ [ 122.958016824083899, 14.121905581007788 ], [ 122.958573870389515, 14.12144594170643 ], [ 122.95873824470921, 14.120891939369692 ], [ 122.958601266109454, 14.120876719525276 ], [ 122.958248165719013, 14.120961950654005 ], [ 122.957855493733078, 14.12111110512928 ], [ 122.957639371942378, 14.121184160382477 ], [ 122.957572404626944, 14.121448985675313 ], [ 122.957739822915528, 14.121881229256722 ], [ 122.958016824083899, 14.121905581007788 ] ] ] ] } },
{ "type": "Feature", "properties": { "fid": 43, "desc": "flood-prone", "other desc": null, "barangay": "Barangay VI", "col": "flood-prone", "etc": null, "layer": "b6_flood-prone" }, "geometry": { "type": "MultiPolygon", "coordinates": [ [ [ [ 122.957219304236503, 14.120517531197061 ], [ 122.957885933421906, 14.120319673219655 ], [ 122.958860003464522, 14.120225310184276 ], [ 122.958890443153365, 14.119716967380787 ], [ 122.958476463385253, 14.119531285278914 ], [ 122.958016824083884, 14.119525197341147 ], [ 122.957411074276138, 14.119552593061096 ], [ 122.957064061823459, 14.119668263878657 ], [ 122.956978830694723, 14.120039628082402 ], [ 122.957070149761222, 14.120350112908486 ], [ 122.957219304236503, 14.120517531197061 ] ] ] ] } },
{ "type": "Feature", "properties": { "fid": 44, "desc": "flood-prone", "other desc": null, "barangay": "Barangay VI", "col": "flood-prone", "etc": null, "layer": "b6_flood-prone" }, "geometry": { "type": "MultiPolygon", "coordinates": [ [ [ [ 122.958147714745863, 14.119111217573032 ], [ 122.958351660661037, 14.119016854537653 ], [ 122.958351660661037, 14.119006200646563 ], [ 122.958345572723275, 14.118818996560247 ], [ 122.958246643734569, 14.118762683135909 ], [ 122.958152280699196, 14.118750507260376 ], [ 122.958059439648252, 14.118779424964766 ], [ 122.957984862410612, 14.118913359595625 ], [ 122.957989428363945, 14.119030552397628 ], [ 122.958147714745863, 14.119111217573032 ] ] ] ] } },
{ "type": "Feature", "properties": { "fid": 45, "desc": "flood-prone", "other desc": null, "barangay": "Barangay VI", "col": "flood-prone", "etc": null, "layer": "b6_flood-prone" }, "geometry": { "type": "MultiPolygon", "coordinates": [ [ [ [ 122.957558706766974, 14.117913415817506 ], [ 122.957881367468588, 14.117832750642103 ], [ 122.95779918030874, 14.117671420291295 ], [ 122.957681987506746, 14.117555749473734 ], [ 122.957523701124813, 14.117546617567085 ], [ 122.957385200540628, 14.117718601808985 ], [ 122.957385200540628, 14.117879932159791 ], [ 122.957558706766974, 14.117913415817506 ] ] ] ] } },
{ "type": "Feature", "properties": { "fid": 46, "desc": "blocked", "other desc": null, "barangay": "Barangay VI", "col": "issues", "etc": null, "layer": "b6_issues" }, "geometry": { "type": "MultiPolygon", "coordinates": [ [ [ [ 122.957945290815161, 14.121978636260978 ], [ 122.958091401321553, 14.12194058664994 ], [ 122.958036609881646, 14.121852311552328 ], [ 122.957963554628449, 14.121826437816821 ], [ 122.957844839842011, 14.121856877505653 ], [ 122.957826576028708, 14.12194210863438 ], [ 122.957945290815161, 14.121978636260978 ] ] ] ] } },
{ "type": "Feature", "properties": { "fid": 47, "desc": "encroachment", "other desc": "aswan creek; residential", "barangay": "Barangay VI", "col": "issues", "etc": null, "layer": "b6_issues" }, "geometry": { "type": "MultiPolygon", "coordinates": [ [ [ [ 122.958105099181523, 14.120534273025912 ], [ 122.95832730891, 14.120500789368197 ], [ 122.958260341594567, 14.120391206488403 ], [ 122.958071615523806, 14.120400338395052 ], [ 122.958105099181523, 14.120534273025912 ] ] ] ] } },
{ "type": "Feature", "properties": { "fid": 48, "desc": "encroachment", "other desc": "aswan creek;residential", "barangay": "Barangay VI", "col": "issues", "etc": null, "layer": "b6_issues" }, "geometry": { "type": "MultiPolygon", "coordinates": [ [ [ [ 122.95787071357752, 14.120184216604349 ], [ 122.957986384395085, 14.120226832168711 ], [ 122.95803813186609, 14.120150732946634 ], [ 122.958022912021676, 14.120056369911255 ], [ 122.95787071357752, 14.120035062129073 ], [ 122.957788526417673, 14.120050281973489 ], [ 122.957724603071128, 14.120120293257802 ], [ 122.95787071357752, 14.120184216604349 ] ] ] ] } },
{ "type": "Feature", "properties": { "fid": 49, "desc": "old small culvert", "other desc": "aswan creek brgy 5-brgy 6", "barangay": "Barangay VI", "col": "issues", "etc": null, "layer": "b6_issues" }, "geometry": { "type": "MultiPolygon", "coordinates": [ [ [ [ 122.956971981764767, 14.120374464659545 ], [ 122.957142444022224, 14.120345546955155 ], [ 122.957151575928876, 14.120286189561932 ], [ 122.957108199372286, 14.120267164756413 ], [ 122.957032861142437, 14.120270969717517 ], [ 122.956972742756989, 14.120305214367454 ], [ 122.956971981764767, 14.120374464659545 ] ] ] ] } },
{ "type": "Feature", "properties": { "fid": 50, "desc": "garbage prob", "other desc": "tinatapon sa drainage", "barangay": "Barangay VI", "col": "issues", "etc": null, "layer": "b6_issues" }, "geometry": { "type": "MultiPolygon", "coordinates": [ [ [ [ 122.955994867753262, 14.117455298500591 ], [ 122.956439287210216, 14.117193517176638 ], [ 122.956378407832545, 14.117068714452429 ], [ 122.956317528454889, 14.11705045063913 ], [ 122.956229253357264, 14.117053494608014 ], [ 122.9560983626953, 14.117086978265728 ], [ 122.955708734678254, 14.117284836243133 ], [ 122.955623503549518, 14.117534441691554 ], [ 122.955994867753262, 14.117455298500591 ] ] ] ] } },
{ "type": "Feature", "properties": { "fid": 51, "desc": "blocked drainage", "other desc": "blocked by b7", "barangay": "Barangay VI", "col": "issues", "etc": null, "layer": "b6_issues" }, "geometry": { "type": "MultiPolygon", "coordinates": [ [ [ [ 122.957876040523061, 14.117847970486514 ], [ 122.957961271651797, 14.117829706673215 ], [ 122.957961271651797, 14.117744475544486 ], [ 122.957845600834233, 14.117686640135705 ], [ 122.957678182545664, 14.117695772042355 ], [ 122.957675138576775, 14.117808398891032 ], [ 122.957876040523061, 14.117847970486514 ] ] ] ] } },
{ "type": "Feature", "properties": { "fid": 52, "desc": "flood-prone", "other desc": null, "barangay": "Barangay Dogongan", "col": "flood-prone", "etc": null, "layer": "dogongan_flood-prone" }, "geometry": { "type": "MultiPolygon", "coordinates": [ [ [ [ 122.904516412443158, 14.1026997027517 ], [ 122.904761730679198, 14.102633796359926 ], [ 122.904904527861376, 14.102179774549937 ], [ 122.904684839888802, 14.101894180185587 ], [ 122.904476136314855, 14.101894180185587 ], [ 122.903853687059211, 14.101934456313893 ], [ 122.903311790060201, 14.101967409509779 ], [ 122.903000565432379, 14.102278634137596 ], [ 122.903070133290356, 14.102780255008311 ], [ 122.903721874275675, 14.102813208204198 ], [ 122.904516412443158, 14.1026997027517 ] ] ] ] } },
{ "type": "Feature", "properties": { "fid": 53, "desc": "flood-prone", "other desc": null, "barangay": "Barangay Dogongan", "col": "flood-prone", "etc": null, "layer": "dogongan_flood-prone" }, "geometry": { "type": "MultiPolygon", "coordinates": [ [ [ [ 122.906742583898591, 14.102879114595972 ], [ 122.907017193864306, 14.102849822866295 ], [ 122.907039162661562, 14.102728994481378 ], [ 122.907002547999468, 14.102509306508802 ], [ 122.906856089351095, 14.102263988272759 ], [ 122.906398406074885, 14.101949102178734 ], [ 122.90588213933934, 14.101787997665511 ], [ 122.905065632374587, 14.101941779246314 ], [ 122.90493748105726, 14.102091899360907 ], [ 122.904878897597911, 14.102421431319772 ], [ 122.90506929384081, 14.102725333015169 ], [ 122.905589222042565, 14.102831515535248 ], [ 122.906339822615536, 14.102901083393231 ], [ 122.906742583898591, 14.102879114595972 ] ] ] ] } },
{ "type": "Feature", "properties": { "fid": 54, "desc": "flood-prone", "other desc": null, "barangay": "Barangay Dogongan", "col": "flood-prone", "etc": null, "layer": "dogongan_flood-prone" }, "geometry": { "type": "MultiPolygon", "coordinates": [ [ [ [ 122.913472178192706, 14.109871410108399 ], [ 122.915413537159139, 14.107631380531746 ], [ 122.914517525328463, 14.10615296101116 ], [ 122.911366550390653, 14.104749209143126 ], [ 122.908887584325825, 14.106496432212912 ], [ 122.90999266558363, 14.109692207742267 ], [ 122.913472178192706, 14.109871410108399 ] ] ] ] } },
{ "type": "Feature", "properties": { "fid": 55, "desc": "flood-prone", "other desc": null, "barangay": "Barangay Dogongan", "col": "flood-prone", "etc": null, "layer": "dogongan_flood-prone" }, "geometry": { "type": "MultiPolygon", "coordinates": [ [ [ [ 122.908040106469343, 14.095744290244996 ], [ 122.909152654492416, 14.094400272499005 ], [ 122.908525446210959, 14.094049334531997 ], [ 122.90753983319722, 14.093952266583674 ], [ 122.90677822314116, 14.094392805733749 ], [ 122.907166494934458, 14.095804024367039 ], [ 122.908040106469343, 14.095744290244996 ] ] ] ] } },
{ "type": "Feature", "properties": { "fid": 56, "desc": "natabunan na nia canal", "other desc": null, "barangay": "Barangay Dogongan", "col": "issues", "etc": null, "layer": "dogongan_issues" }, "geometry": { "type": "MultiPolygon", "coordinates": [ [ [ [ 122.912265524829309, 14.110277288506683 ], [ 122.912380867267487, 14.110142504218944 ], [ 122.912420191243939, 14.110033203249735 ], [ 122.912256464990989, 14.109955813686698 ], [ 122.91204138484666, 14.109991882919287 ], [ 122.911985678354966, 14.110002985421875 ], [ 122.911974943557226, 14.110065288743384 ], [ 122.91192411271463, 14.110139840645855 ], [ 122.911988498448579, 14.110236419246785 ], [ 122.912064744712467, 14.110282167005121 ], [ 122.912136962447249, 14.110291934854008 ], [ 122.912265524829309, 14.110277288506683 ] ] ] ] } },
{ "type": "Feature", "properties": { "fid": 57, "desc": "opening in riprap(fc)", "other desc": "exit of creek", "barangay": "Barangay Dogongan", "col": "issues", "etc": null, "layer": "dogongan_issues" }, "geometry": { "type": "MultiPolygon", "coordinates": [ [ [ [ 122.91214324655779, 14.101808135729662 ], [ 122.912655851827125, 14.101837427459339 ], [ 122.91276569581342, 14.101707445408898 ], [ 122.912661344026446, 14.101372421250719 ], [ 122.912425179455923, 14.101220470403021 ], [ 122.912073678699798, 14.101165548409877 ], [ 122.911965665446616, 14.101257085065118 ], [ 122.911824698997549, 14.101568309692933 ], [ 122.91214324655779, 14.101808135729662 ] ] ] ] } },
{ "type": "Feature", "properties": { "fid": 58, "desc": "opening in riprap (fc)", "other desc": "passage for trucks taking aggregates from the river", "barangay": "Barangay Dogongan", "col": "issues", "etc": null, "layer": "dogongan_issues" }, "geometry": { "type": "MultiPolygon", "coordinates": [ [ [ [ 122.899990840208119, 14.089730789437295 ], [ 122.900346002430453, 14.08987724808568 ], [ 122.900430216153268, 14.089749096768344 ], [ 122.900565690403027, 14.089577007856493 ], [ 122.900518091342306, 14.089225507100371 ], [ 122.900140960322716, 14.088991173262956 ], [ 122.899727214641032, 14.08896188153328 ], [ 122.899569771594017, 14.088980188864328 ], [ 122.89941965147942, 14.089119324580293 ], [ 122.899372052418698, 14.089489132667461 ], [ 122.899617370654738, 14.089771065565602 ], [ 122.899990840208119, 14.089730789437295 ] ] ] ] } },
{ "type": "Feature", "properties": { "fid": 59, "desc": "umaapaw", "other desc": null, "barangay": "Barangay Dogongan", "col": "issues", "etc": null, "layer": "dogongan_issues" }, "geometry": { "type": "MultiPolygon", "coordinates": [ [ [ [ 122.907289696561151, 14.090528754714027 ], [ 122.908734515638088, 14.090633289427604 ], [ 122.911497218782614, 14.092858385473743 ], [ 122.911452418191104, 14.093985867027325 ], [ 122.910257735750221, 14.095718156566599 ], [ 122.909899331017968, 14.099167802114643 ], [ 122.910914811092709, 14.100855291062386 ], [ 122.91261723357097, 14.101855837606623 ], [ 122.915947410874921, 14.101168895203116 ], [ 122.916126613241047, 14.100765689879321 ], [ 122.915633806734192, 14.10063128810472 ], [ 122.91382684954236, 14.101153961672606 ], [ 122.912467898265859, 14.10137796463027 ], [ 122.911616687026722, 14.101019559898008 ], [ 122.91042200458584, 14.099675542152019 ], [ 122.910541472829905, 14.099123001523109 ], [ 122.910242802219685, 14.097271243739744 ], [ 122.911512152313151, 14.095404552425874 ], [ 122.911900424106435, 14.094329338229082 ], [ 122.911825756453879, 14.092462646915207 ], [ 122.908734515638102, 14.090162883216513 ], [ 122.907267296265388, 14.090323418669502 ], [ 122.907289696561151, 14.090528754714027 ] ] ] ] } },
{ "type": "Feature", "properties": { "fid": 60, "desc": "siphon", "other desc": "creek is below nia canal", "barangay": "Barangay Gahonon", "col": "etc", "etc": null, "layer": "gahonon_etc" }, "geometry": { "type": "MultiPolygon", "coordinates": [ [ [ [ 122.948560051444986, 14.121468447745116 ], [ 122.948566547032598, 14.12142081343595 ], [ 122.948533527795576, 14.121412693951433 ], [ 122.948509169342017, 14.121431639415306 ], [ 122.948522160517243, 14.121466282549244 ], [ 122.948560051444986, 14.121468447745116 ] ] ] ] } },
{ "type": "Feature", "properties": { "fid": 61, "desc": "flood-prone", "other desc": "likod ng jnf", "barangay": "Barangay Gahonon", "col": "flood-prone", "etc": null, "layer": "gahonon_flood-prone" }, "geometry": { "type": "MultiPolygon", "coordinates": [ [ [ [ 122.957099583960783, 14.122125043393037 ], [ 122.954852110646527, 14.122986791349756 ], [ 122.954626930275936, 14.12314268545248 ], [ 122.954535992049344, 14.123328892297399 ], [ 122.954544652832823, 14.123562733451484 ], [ 122.954665903801612, 14.12394813831655 ], [ 122.954795815553879, 14.12408238046056 ], [ 122.954878092996992, 14.124104032419272 ], [ 122.955103273367584, 14.124181979470634 ], [ 122.955337114521669, 14.12419497064586 ], [ 122.955618589984923, 14.124047737326622 ], [ 122.955705197819768, 14.124004433409199 ], [ 122.9559953340665, 14.123913495182611 ], [ 122.956129576210515, 14.123870191265187 ], [ 122.956211853653613, 14.123831217739507 ], [ 122.956363417364599, 14.123796574605569 ], [ 122.95670984870398, 14.123714297162465 ], [ 122.956961011425037, 14.123601706977164 ], [ 122.957376729032291, 14.123393848173533 ], [ 122.957601909402896, 14.123220632503841 ], [ 122.95769717802122, 14.123012773700211 ], [ 122.957736151546911, 14.12280491489658 ], [ 122.957684186845995, 14.122501787474619 ], [ 122.957510971176305, 14.122289598279245 ], [ 122.957298781980938, 14.122155356135234 ], [ 122.957099583960783, 14.122125043393037 ] ] ] ] } },
{ "type": "Feature", "properties": { "fid": 62, "desc": "flood-prone", "other desc": "brgy hall and surrounding area", "barangay": "Barangay Gahonon", "col": "flood-prone", "etc": null, "layer": "gahonon_flood-prone" }, "geometry": { "type": "MultiPolygon", "coordinates": [ [ [ [ 122.948666146042669, 14.123255275637787 ], [ 122.949053716103592, 14.122988956545635 ], [ 122.949166306288902, 14.122885027143818 ], [ 122.949272400886585, 14.122508283062237 ], [ 122.948982264639852, 14.122250624753571 ], [ 122.948700789176598, 14.122259285537057 ], [ 122.948445296063795, 14.122343728176029 ], [ 122.947947301013429, 14.122783262937874 ], [ 122.947973283363879, 14.123134024669003 ], [ 122.948326210290901, 14.123341883472634 ], [ 122.948540564682133, 14.123285588379982 ], [ 122.948666146042669, 14.123255275637787 ] ] ] ] } },
{ "type": "Feature", "properties": { "fid": 63, "desc": "flood-prone", "other desc": "around cathedral", "barangay": "Barangay Gahonon", "col": "flood-prone", "etc": null, "layer": "gahonon_flood-prone" }, "geometry": { "type": "MultiPolygon", "coordinates": [ [ [ [ 122.947662577756375, 14.123266101617144 ], [ 122.946865785675797, 14.123409004544641 ], [ 122.946354799450205, 14.123781418234479 ], [ 122.946116627904374, 14.124223118192194 ], [ 122.946159931821796, 14.124456959346279 ], [ 122.94651502394467, 14.12485535538657 ], [ 122.947090966046403, 14.125032901448005 ], [ 122.947584630705023, 14.125106518107625 ], [ 122.9483294580847, 14.125011249489294 ], [ 122.948736514908475, 14.124660487758167 ], [ 122.948836113918546, 14.124374681903175 ], [ 122.948827453135067, 14.124023920172048 ], [ 122.948810131568095, 14.123733783925314 ], [ 122.94853731688832, 14.123495612379486 ], [ 122.948268832600306, 14.123387352585928 ], [ 122.948099947322348, 14.123305075142824 ], [ 122.947662577756375, 14.123266101617144 ] ] ] ] } },
{ "type": "Feature", "properties": { "fid": 64, "desc": "flood-prone", "other desc": null, "barangay": "Barangay Gahonon", "col": "flood-prone", "etc": null, "layer": "gahonon_flood-prone" }, "geometry": { "type": "MultiPolygon", "coordinates": [ [ [ [ 122.946125288687867, 14.124288074068327 ], [ 122.946337477883233, 14.123768427059249 ], [ 122.947203556231699, 14.123196815349266 ], [ 122.947519674828882, 14.12273779382458 ], [ 122.947381102293136, 14.122391362485196 ], [ 122.947619273838953, 14.121966984094449 ], [ 122.947606282663727, 14.121811089991727 ], [ 122.947090966046403, 14.121750464507334 ], [ 122.946510693552923, 14.121789438033014 ], [ 122.946004037719078, 14.121915019393542 ], [ 122.945566668153106, 14.122183503681565 ], [ 122.945337157390767, 14.122421675227391 ], [ 122.944510052567978, 14.122941322236468 ], [ 122.944371480032231, 14.123257440833656 ], [ 122.944631303536767, 14.12388101724455 ], [ 122.944999386834866, 14.124179814274768 ], [ 122.945895777925514, 14.124296734851811 ], [ 122.946125288687867, 14.124288074068327 ] ] ] ] } },
{ "type": "Feature", "properties": { "fid": 65, "desc": "flood-prone", "other desc": "area near irrig junction", "barangay": "Barangay Gahonon", "col": "flood-prone", "etc": null, "layer": "gahonon_flood-prone" }, "geometry": { "type": "MultiPolygon", "coordinates": [ [ [ [ 122.94431951533133, 14.124638835799459 ], [ 122.944839162340401, 14.124249100542652 ], [ 122.944432105516626, 14.123313735926313 ], [ 122.944237237888217, 14.123088555555714 ], [ 122.944029379084597, 14.12310154673094 ], [ 122.94363964382778, 14.123426326111614 ], [ 122.943384150714991, 14.123712131966606 ], [ 122.943349507581047, 14.124123519182126 ], [ 122.943579018343385, 14.124508924047191 ], [ 122.94382585067271, 14.12467780932514 ], [ 122.94431951533133, 14.124638835799459 ] ] ] ] } },
{ "type": "Feature", "properties": { "fid": 66, "desc": "closed creek", "other desc": "at the back of villa mila", "barangay": "Barangay Gahonon", "col": "issues", "etc": null, "layer": "gahonon_issues" }, "geometry": { "type": "MultiPolygon", "coordinates": [ [ [ [ 122.948210372311792, 14.12144030019879 ], [ 122.94826666740444, 14.12142297863182 ], [ 122.948267208703413, 14.121421896033885 ], [ 122.948264502208573, 14.121378592116461 ], [ 122.948232024270496, 14.121358022755686 ], [ 122.948173563981982, 14.121376968219558 ], [ 122.948148664229464, 14.12141810694111 ], [ 122.948167609693328, 14.121435969807047 ], [ 122.948210372311792, 14.12144030019879 ] ] ] ] } },
{ "type": "Feature", "properties": { "fid": 67, "desc": "closed drainage", "other desc": "closed by binanuaan talisay", "barangay": "Barangay Gahonon", "col": "issues", "etc": null, "layer": "gahonon_issues" }, "geometry": { "type": "MultiPolygon", "coordinates": [ [ [ [ 122.940525550866198, 14.125334810947303 ], [ 122.940584011154726, 14.125297867292751 ], [ 122.940547473474396, 14.125267825200039 ], [ 122.940492260979681, 14.125273102864975 ], [ 122.940472774216843, 14.125307204699947 ], [ 122.940486577340522, 14.125334810947303 ], [ 122.940525550866198, 14.125334810947303 ] ] ] ] } },
{ "type": "Feature", "properties": { "fid": 68, "desc": "flood-prone", "other desc": null, "barangay": "Barangay Lag-on", "col": "flood-prone", "etc": null, "layer": "lag-on_flood-prone" }, "geometry": { "type": "MultiPolygon", "coordinates": [ [ [ [ 122.947126459674593, 14.120595098039004 ], [ 122.94693271010479, 14.119701697244901 ], [ 122.946604412222612, 14.119405690957697 ], [ 122.946432190382779, 14.119185031725419 ], [ 122.945980108053234, 14.119190413657913 ], [ 122.945818650078408, 14.119416454822687 ], [ 122.946001635783219, 14.120056904789543 ], [ 122.946566738695154, 14.120724264418874 ], [ 122.947126459674593, 14.120595098039004 ] ] ] ] } },
{ "type": "Feature", "properties": { "fid": 69, "desc": "flood-prone", "other desc": "no drainage", "barangay": "Barangay Lag-on", "col": "flood-prone", "etc": null, "layer": "lag-on_flood-prone" }, "geometry": { "type": "MultiPolygon", "coordinates": [ [ [ [ 122.944669607490795, 14.119873919084727 ], [ 122.944475857920992, 14.119526784438825 ], [ 122.944645388794569, 14.119222705252881 ], [ 122.944255198688708, 14.118819060315786 ], [ 122.943590530025631, 14.119010118919345 ], [ 122.943512492004459, 14.11964249598746 ], [ 122.94428479931743, 14.120177998270671 ], [ 122.944669607490795, 14.119873919084727 ] ] ] ] } },
{ "type": "Feature", "properties": { "fid": 70, "desc": "flood-prone", "other desc": null, "barangay": "Barangay Lag-on", "col": "flood-prone", "etc": null, "layer": "lag-on_flood-prone" }, "geometry": { "type": "MultiPolygon", "coordinates": [ [ [ [ 122.944122668601111, 14.123059350379972 ], [ 122.944437511652026, 14.122853491462047 ], [ 122.944401183607681, 14.122752580227774 ], [ 122.944296235924043, 14.122284352100744 ], [ 122.943767461056453, 14.12193318100547 ], [ 122.943381980141538, 14.122054274486606 ], [ 122.943394089489658, 14.122350953515371 ], [ 122.943440508657417, 14.122724325082183 ], [ 122.943737187686182, 14.123099714873682 ], [ 122.944122668601111, 14.123059350379972 ] ] ] ] } },
{ "type": "Feature", "properties": { "fid": 71, "desc": "flood-prone", "other desc": null, "barangay": "Barangay Lag-on", "col": "flood-prone", "etc": null, "layer": "lag-on_flood-prone" }, "geometry": { "type": "MultiPolygon", "coordinates": [ [ [ [ 122.939577626609321, 14.123314655802671 ], [ 122.939977235097047, 14.12220059577629 ], [ 122.939234528412797, 14.121934190117807 ], [ 122.93900041434928, 14.122467001434773 ], [ 122.939012523697386, 14.123205671669657 ], [ 122.939577626609321, 14.123314655802671 ] ] ] ] } },
{ "type": "Feature", "properties": { "fid": 72, "desc": "flood-prone", "other desc": null, "barangay": "Barangay Lag-on", "col": "flood-prone", "etc": null, "layer": "lag-on_flood-prone" }, "geometry": { "type": "MultiPolygon", "coordinates": [ [ [ [ 122.933851923176476, 14.112807778090104 ], [ 122.934384734493435, 14.112456606994833 ], [ 122.934340333550352, 14.112016634013399 ], [ 122.933799449334657, 14.111843066690449 ], [ 122.933395804397563, 14.111907649880383 ], [ 122.933311038960767, 14.112392023804897 ], [ 122.933851923176476, 14.112807778090104 ] ] ] ] } },
{ "type": "Feature", "properties": { "fid": 73, "desc": "flood-prone", "other desc": null, "barangay": "Barangay Lag-on", "col": "flood-prone", "etc": null, "layer": "lag-on_flood-prone" }, "geometry": { "type": "MultiPolygon", "coordinates": [ [ [ [ 122.933803485784026, 14.11185113958919 ], [ 122.934953873854752, 14.112137727494527 ], [ 122.934953873854752, 14.11197626951969 ], [ 122.934945800956001, 14.110938902031355 ], [ 122.934328224202247, 14.11019215889773 ], [ 122.9337792670878, 14.110002445777296 ], [ 122.933307002511398, 14.110531220644891 ], [ 122.933343330555743, 14.111479786247063 ], [ 122.933803485784026, 14.11185113958919 ] ] ] ] } },
{ "type": "Feature", "properties": { "fid": 74, "desc": "flood-prone", "other desc": null, "barangay": "Barangay Lag-on", "col": "flood-prone", "etc": null, "layer": "lag-on_flood-prone" }, "geometry": { "type": "MultiPolygon", "coordinates": [ [ [ [ 122.933516897878675, 14.111911686329757 ], [ 122.933198018378377, 14.110963120727584 ], [ 122.931623803123699, 14.110248669188925 ], [ 122.930852841293856, 14.110325361726973 ], [ 122.930844768395104, 14.11043838230936 ], [ 122.930760002958323, 14.110720933765327 ], [ 122.931026408616802, 14.111132651601164 ], [ 122.931970937769606, 14.11145556755084 ], [ 122.932822628586877, 14.111847103139821 ], [ 122.933516897878675, 14.111911686329757 ] ] ] ] } },
{ "type": "Feature", "properties": { "fid": 75, "desc": "flood-prone", "other desc": null, "barangay": "Barangay Lag-on", "col": "flood-prone", "etc": null, "layer": "lag-on_flood-prone" }, "geometry": { "type": "MultiPolygon", "coordinates": [ [ [ [ 122.941360728118752, 14.110951011379463 ], [ 122.941510076745487, 14.109267811991778 ], [ 122.941029739270348, 14.108743073573555 ], [ 122.940969192529778, 14.109211301700585 ], [ 122.940864244846139, 14.110042810271 ], [ 122.940961119631041, 14.11068460572098 ], [ 122.941360728118752, 14.110951011379463 ] ] ] ] } },
{ "type": "Feature", "properties": { "fid": 76, "desc": "flood-prone", "other desc": null, "barangay": "Barangay Lag-on", "col": "flood-prone", "etc": null, "layer": "lag-on_flood-prone" }, "geometry": { "type": "MultiPolygon", "coordinates": [ [ [ [ 122.942127653499213, 14.113611031514921 ], [ 122.942345621765242, 14.113231605274052 ], [ 122.941691716967156, 14.112343586412443 ], [ 122.940157866206192, 14.112303221918735 ], [ 122.940375834472221, 14.11352222962876 ], [ 122.941223488840123, 14.113885510072146 ], [ 122.942127653499213, 14.113611031514921 ] ] ] ] } },
{ "type": "Feature", "properties": { "fid": 77, "desc": "flood-prone", "other desc": null, "barangay": "Barangay Lag-on", "col": "flood-prone", "etc": null, "layer": "lag-on_flood-prone" }, "geometry": { "type": "MultiPolygon", "coordinates": [ [ [ [ 122.939439378218168, 14.114717018642562 ], [ 122.939939897940164, 14.11352222962876 ], [ 122.939867241851488, 14.112521190184765 ], [ 122.938979222989872, 14.113086293096698 ], [ 122.938737036027618, 14.114281082110498 ], [ 122.939439378218168, 14.114717018642562 ] ] ] ] } },
{ "type": "Feature", "properties": { "fid": 78, "desc": "choke point", "other desc": null, "barangay": "Barangay Lag-on", "col": "issues", "etc": null, "layer": "lag-on_issues" }, "geometry": { "type": "MultiPolygon", "coordinates": [ [ [ [ 122.94743726627614, 14.120920704954925 ], [ 122.947465521421734, 14.120888413359957 ], [ 122.947446684658004, 14.120846703383123 ], [ 122.947407665647418, 14.120800956956918 ], [ 122.947367301153719, 14.120774047294447 ], [ 122.947357882771854, 14.120770010845074 ], [ 122.947340391491238, 14.120782120193187 ], [ 122.947347118906862, 14.120825175653145 ], [ 122.947359228254967, 14.120884376910585 ], [ 122.94743726627614, 14.120920704954925 ] ] ] ] } },
{ "type": "Feature", "properties": { "fid": 79, "desc": "choke point", "other desc": "only 1 m wide; stones, debris, etc", "barangay": "Barangay Lag-on", "col": "issues", "etc": null, "layer": "lag-on_issues" }, "geometry": { "type": "MultiPolygon", "coordinates": [ [ [ [ 122.944156978420736, 14.122992748965348 ], [ 122.944199361139127, 14.122876701045934 ], [ 122.944126705050451, 14.122852482349709 ], [ 122.944070194759263, 14.122967521156781 ], [ 122.944156978420736, 14.122992748965348 ] ] ] ] } },
{ "type": "Feature", "properties": { "fid": 80, "desc": "old catchbasin", "other desc": "from aswang creek; closed off", "barangay": "Barangay Lag-on", "col": "issues", "etc": null, "layer": "lag-on_issues" }, "geometry": { "type": "MultiPolygon", "coordinates": [ [ [ [ 122.941955095288833, 14.123680963583091 ], [ 122.942164990656124, 14.123402448576496 ], [ 122.942318375732228, 14.122663778341611 ], [ 122.94105900352848, 14.121961436151066 ], [ 122.940493900616559, 14.122736434430289 ], [ 122.940941946496736, 14.123689036481833 ], [ 122.941955095288833, 14.123680963583091 ] ] ] ] } },
{ "type": "Feature", "properties": { "fid": 81, "desc": "lourdes fence", "other desc": "floodwater cannot pass", "barangay": "Barangay Lag-on", "col": "issues", "etc": null, "layer": "lag-on_issues" }, "geometry": { "type": "MultiPolygon", "coordinates": [ [ [ [ 122.94064728569262, 14.123621425954862 ], [ 122.940768379173747, 14.123581061461154 ], [ 122.939726975236042, 14.122559839770304 ], [ 122.939666428495471, 14.122919083764318 ], [ 122.94064728569262, 14.123621425954862 ] ] ] ] } },
{ "type": "Feature", "properties": { "fid": 82, "desc": "closed", "other desc": null, "barangay": "Barangay Lag-on", "col": "issues", "etc": null, "layer": "lag-on_issues" }, "geometry": { "type": "MultiPolygon", "coordinates": [ [ [ [ 122.932867029529959, 14.111422266843524 ], [ 122.932946749405033, 14.111397039034957 ], [ 122.932943722068018, 14.111320346496909 ], [ 122.932828683260936, 14.111330437620335 ], [ 122.932867029529959, 14.111422266843524 ] ] ] ] } },
{ "type": "Feature", "properties": { "fid": 83, "desc": "dainage not passable", "other desc": null, "barangay": "Barangay Lag-on", "col": "issues", "etc": null, "layer": "lag-on_issues" }, "geometry": { "type": "MultiPolygon", "coordinates": [ [ [ [ 122.937237495086436, 14.113098402444811 ], [ 122.937309142062773, 14.113031801030189 ], [ 122.937331342534307, 14.112791632292618 ], [ 122.937279877804841, 14.112860251931924 ], [ 122.937244558872834, 14.112937953582314 ], [ 122.937052827527722, 14.112964190503225 ], [ 122.937237495086436, 14.113098402444811 ] ] ] ] } },
{ "type": "Feature", "properties": { "fid": 84, "desc": "drainage", "other desc": "water cant pass", "barangay": "Barangay Lag-on", "col": "issues", "etc": null, "layer": "lag-on_issues" }, "geometry": { "type": "MultiPolygon", "coordinates": [ [ [ [ 122.941703826315276, 14.11200048821591 ], [ 122.941457602903654, 14.111213380588575 ], [ 122.941461639353022, 14.110458564556209 ], [ 122.941388983264346, 14.110458564556209 ], [ 122.941324400074407, 14.110951011379465 ], [ 122.941409165511203, 14.111306218924108 ], [ 122.941594842182255, 14.111931868576605 ], [ 122.941703826315276, 14.11200048821591 ] ] ] ] } },
{ "type": "Feature", "properties": { "fid": 85, "desc": "blockage", "other desc": "planned to reverse slope; flow to gov. panotes ave.", "barangay": "Barangay VII", "col": "issues", "etc": null, "layer": "b7_issues" }, "geometry": { "type": "MultiPolygon", "coordinates": [ [ [ [ 122.963475276667381, 14.116497500958745 ], [ 122.963452940046338, 14.11650554214232 ], [ 122.963413627593312, 14.116486779380645 ], [ 122.963406479874578, 14.116442999603406 ], [ 122.963430603425294, 14.116392072107431 ], [ 122.963479743991584, 14.116382243994172 ], [ 122.963519056444625, 14.116378670134807 ], [ 122.963543179995341, 14.116417089122997 ], [ 122.963556581967964, 14.116466229689287 ], [ 122.963519949909468, 14.116503755212637 ], [ 122.963475276667381, 14.116497500958745 ] ] ] ] } },
{ "type": "Feature", "properties": { "fid": 86, "desc": "catchbasin", "other desc": null, "barangay": "Barangay VII", "col": "flood-prone", "etc": null, "layer": "b7_flood-prone" }, "geometry": { "type": "MultiPolygon", "coordinates": [ [ [ [ 122.96339754522613, 14.116529665693037 ], [ 122.963279607867022, 14.116440319208873 ], [ 122.963254590851463, 14.116179427475112 ], [ 122.963452940046309, 14.115827402327504 ], [ 122.963846064576643, 14.115030431688758 ], [ 122.964189155075829, 14.115098335016723 ], [ 122.963638780733376, 14.11625269159213 ], [ 122.96339754522613, 14.116529665693037 ] ] ] ] } },
{ "type": "Feature", "properties": { "fid": 87, "desc": "isla noah", "other desc": "sitio", "barangay": "Barangay VII", "col": "etc", "etc": null, "layer": "b7_etc" }, "geometry": { "type": "MultiPolygon", "coordinates": [ [ [ [ 122.961825047104838, 14.118632881930271 ], [ 122.961567729230438, 14.118561404742939 ], [ 122.961442644152612, 14.118466697469726 ], [ 122.961415840207366, 14.118348760110628 ], [ 122.961467661168172, 14.118216527314065 ], [ 122.961655288784925, 14.118139689337683 ], [ 122.961753569917505, 14.118152197845466 ], [ 122.961898311221844, 14.118214740384381 ], [ 122.962026970159044, 14.118379137915245 ], [ 122.961825047104838, 14.118632881930271 ] ] ] ] } },
{ "type": "Feature", "properties": { "fid": 88, "desc": "waterpipes in waterway", "other desc": null, "barangay": "Barangay VII", "col": "issues", "etc": null, "layer": "b7_issues" }, "geometry": { "type": "MultiPolygon", "coordinates": [ [ [ [ 122.962169924533654, 14.118700785258239 ], [ 122.962009100862161, 14.118666833594258 ], [ 122.961885802714022, 14.118609651844391 ], [ 122.961864359557822, 14.118529240008645 ], [ 122.961875081135915, 14.118500649133711 ], [ 122.961969788409135, 14.118484566766561 ], [ 122.962107381994741, 14.118513157641495 ], [ 122.962182433041448, 14.118557830883576 ], [ 122.962239614791301, 14.118620373422491 ], [ 122.962169924533654, 14.118700785258239 ] ] ] ] } },
{ "type": "Feature", "properties": { "fid": 89, "desc": "catchbasin", "other desc": null, "barangay": "Barangay VII", "col": "flood-prone", "etc": null, "layer": "b7_flood-prone" }, "geometry": { "type": "MultiPolygon", "coordinates": [ [ [ [ 122.95877297120569, 14.118514944571178 ], [ 122.958299434839617, 14.118416663438596 ], [ 122.958095724855724, 14.118071786009722 ], [ 122.95816541511337, 14.117801959627545 ], [ 122.958131463449391, 14.117734056299581 ], [ 122.95875688883855, 14.117555363331251 ], [ 122.959057093025336, 14.117739417088629 ], [ 122.959405544313583, 14.1183094476576 ], [ 122.95877297120569, 14.118514944571178 ] ] ] ] } },
{ "type": "Feature", "properties": { "fid": 90, "desc": "catchbasin; silted", "other desc": null, "barangay": "Barangay VII", "col": "flood-prone", "etc": null, "layer": "b7_flood-prone" }, "geometry": { "type": "MultiPolygon", "coordinates": [ [ [ [ 122.960599213342022, 14.11708182696518 ], [ 122.958006825103951, 14.117776942611973 ], [ 122.957973320172385, 14.11773763015894 ], [ 122.960601893736595, 14.116951381098266 ], [ 122.960599213342022, 14.11708182696518 ] ] ] ] } },
{ "type": "Feature", "properties": { "fid": 91, "desc": "catchbasin", "other desc": "purok 2", "barangay": "Barangay VII", "col": "flood-prone", "etc": null, "layer": "b7_flood-prone" }, "geometry": { "type": "MultiPolygon", "coordinates": [ [ [ [ 122.957945622762324, 14.117677768014543 ], [ 122.957613253841217, 14.117731375905043 ], [ 122.95743098701351, 14.117584847671008 ], [ 122.957584662966283, 14.117409728562039 ], [ 122.957888441012457, 14.117295365062306 ], [ 122.958345895011391, 14.117098802797138 ], [ 122.958860530760191, 14.117013030172336 ], [ 122.959582450352272, 14.116873649657034 ], [ 122.960229318897646, 14.117095228937771 ], [ 122.957945622762324, 14.117677768014543 ] ] ] ] } },
{ "type": "Feature", "properties": { "fid": 92, "desc": "boundary", "other desc": "desputed", "barangay": "Barangay Mancruz", "col": "etc", "etc": null, "layer": "mancruz_etc" }, "geometry": { "type": "MultiPolygon", "coordinates": [ [ [ [ 122.946030204525115, 14.090010268724967 ], [ 122.946375939747838, 14.086435496988157 ], [ 122.946291136768679, 14.086259367723752 ], [ 122.945951924852054, 14.0899906988067 ], [ 122.946030204525115, 14.090010268724967 ] ] ] ] } },
{ "type": "Feature", "properties": { "fid": 93, "desc": "dating hinukay; malalim, no houses", "other desc": null, "barangay": "Barangay Mancruz", "col": "etc", "etc": null, "layer": "mancruz_etc" }, "geometry": { "type": "MultiPolygon", "coordinates": [ [ [ [ 122.952021861167978, 14.093343678136486 ], [ 122.951323867416434, 14.092727225711069 ], [ 122.951263526835106, 14.09194279815387 ], [ 122.952145803983655, 14.091937905674291 ], [ 122.953063959315699, 14.092608175374954 ], [ 122.952677453429928, 14.093046867709434 ], [ 122.952021861167978, 14.093343678136486 ] ] ] ] } },
{ "type": "Feature", "properties": { "fid": 94, "desc": "culvert, 2", "other desc": null, "barangay": "Barangay Mancruz", "col": "etc", "etc": null, "layer": "mancruz_etc" }, "geometry": { "type": "MultiPolygon", "coordinates": [ [ [ [ 122.956392476247643, 14.088200051285256 ], [ 122.956320719880665, 14.088076108469563 ], [ 122.956441401043321, 14.08809567838783 ], [ 122.95650989575725, 14.088164173101767 ], [ 122.956496849145068, 14.088200051285256 ], [ 122.956392476247643, 14.088200051285256 ] ] ] ] } },
{ "type": "Feature", "properties": { "fid": 95, "desc": "flood-prone", "other desc": null, "barangay": "Barangay Mancruz", "col": "flood-prone", "etc": null, "layer": "mancruz_flood-prone" }, "geometry": { "type": "MultiPolygon", "coordinates": [ [ [ [ 122.955821686964882, 14.088063061857383 ], [ 122.955718944894002, 14.088501754191888 ], [ 122.954980180479396, 14.08879367213936 ], [ 122.953003618734414, 14.088826288669805 ], [ 122.951883240913631, 14.088182112193524 ], [ 122.950955300622439, 14.087299835044961 ], [ 122.950687845072778, 14.086771447251747 ], [ 122.950589995481451, 14.086523561620362 ], [ 122.951340175681693, 14.086321339131601 ], [ 122.952905769143058, 14.086386572192492 ], [ 122.953975591341674, 14.086621411211699 ], [ 122.954954087255032, 14.086732307415213 ], [ 122.955984769617103, 14.087201985453627 ], [ 122.95627179508503, 14.087502057533722 ], [ 122.955821686964882, 14.088063061857383 ] ] ] ] } },
{ "type": "Feature", "properties": { "fid": 96, "desc": "madumi; lumiit; naging mababaw; route change", "other desc": "silted, polluted, waste from harmony 2", "barangay": "Barangay Mancruz", "col": "issues", "etc": null, "layer": "mancruz_issues" }, "geometry": { "type": "MultiPolygon", "coordinates": [ [ [ [ 122.948544939022497, 14.091690020042913 ], [ 122.948685190103419, 14.091729159879446 ], [ 122.948988523836547, 14.09153019904373 ], [ 122.949063541856574, 14.091210557045365 ], [ 122.948884150939122, 14.091001811250516 ], [ 122.948587340512077, 14.090212491213737 ], [ 122.948577555552973, 14.090007007071936 ], [ 122.948668881838216, 14.089830877807531 ], [ 122.948982000530492, 14.089631916971815 ], [ 122.949112466652267, 14.089468834319588 ], [ 122.948701498368663, 14.089185070504712 ], [ 122.948926552428702, 14.08898937132204 ], [ 122.949118989958336, 14.088884998424614 ], [ 122.94922662450881, 14.088444675263602 ], [ 122.949207054590531, 14.088314209141823 ], [ 122.949383183854948, 14.088151126489596 ], [ 122.949637592792413, 14.087997828796503 ], [ 122.949500603364541, 14.087691233410316 ], [ 122.94933425905927, 14.087583598859846 ], [ 122.949432108650612, 14.087250910249304 ], [ 122.949683255935042, 14.087126967433612 ], [ 122.949317950794054, 14.087201985453635 ], [ 122.949200531284447, 14.087720588287716 ], [ 122.949379922201899, 14.087870624327765 ], [ 122.949239671120978, 14.088053276898259 ], [ 122.949135298223553, 14.088385965508802 ], [ 122.948952645653065, 14.088855643547214 ], [ 122.948571032246846, 14.089172023892536 ], [ 122.948685190103404, 14.089299228361272 ], [ 122.948955907306086, 14.089524282421348 ], [ 122.948460136043309, 14.089889587562336 ], [ 122.948496014226805, 14.090215752866788 ], [ 122.948613433736398, 14.0906267211504 ], [ 122.948743899858201, 14.090890915047007 ], [ 122.948880889286059, 14.091190987127105 ], [ 122.948942860693904, 14.091380163003686 ], [ 122.948874365979975, 14.09153346069678 ], [ 122.948544939022497, 14.091690020042913 ] ] ] ] } },
{ "type": "Feature", "properties": { "fid": 97, "desc": "culvert, mas mataas sa water", "other desc": null, "barangay": "Barangay Mancruz", "col": "issues", "etc": null, "layer": "mancruz_issues" }, "geometry": { "type": "MultiPolygon", "coordinates": [ [ [ [ 122.94900809375477, 14.089005679587267 ], [ 122.948838487796451, 14.08893718487333 ], [ 122.948962430612141, 14.088813242057638 ], [ 122.949058649376951, 14.088808349578072 ], [ 122.949122251611328, 14.088940446526376 ], [ 122.94900809375477, 14.089005679587267 ] ] ] ] } },
{ "type": "Feature", "properties": { "fid": 98, "desc": "flood-prone", "other desc": null, "barangay": "Barangay Mancruz", "col": "flood-prone", "etc": null, "layer": "mancruz_flood-prone" }, "geometry": { "type": "MultiPolygon", "coordinates": [ [ [ [ 122.949368506416249, 14.092781042986317 ], [ 122.948921659949136, 14.092813659516763 ], [ 122.948660727705573, 14.092376598008796 ], [ 122.948520476624665, 14.091802547072957 ], [ 122.948553093155112, 14.091505736645905 ], [ 122.948810763745627, 14.091062151831848 ], [ 122.949283703437089, 14.091003442077046 ], [ 122.949831661148565, 14.091385055483256 ], [ 122.94989363255641, 14.092777781333274 ], [ 122.949368506416249, 14.092781042986317 ] ] ] ] } },
{ "type": "Feature", "properties": { "fid": 99, "desc": "flood-pron", "other desc": null, "barangay": "Barangay Mancruz", "col": "flood-prone", "etc": null, "layer": "mancruz_flood-prone" }, "geometry": { "type": "MultiPolygon", "coordinates": [ [ [ [ 122.952294209197234, 14.096505850763181 ], [ 122.951544028996992, 14.095768717175115 ], [ 122.951811484546639, 14.095135956484476 ], [ 122.952359442258128, 14.095377318809772 ], [ 122.952776933847829, 14.095586064604623 ], [ 122.95290087666352, 14.096081835867391 ], [ 122.952294209197234, 14.096505850763181 ] ] ] ] } },
{ "type": "Feature", "properties": { "fid": 100, "desc": "flood-prone", "other desc": null, "barangay": "Barangay Mancruz", "col": "flood-prone", "etc": null, "layer": "mancruz_flood-prone" }, "geometry": { "type": "MultiPolygon", "coordinates": [ [ [ [ 122.95640389203335, 14.089483511758294 ], [ 122.955619464476143, 14.089462311013504 ], [ 122.9546491226954, 14.089790107144479 ], [ 122.953729336536838, 14.089033403638147 ], [ 122.955979877137565, 14.088120140785676 ], [ 122.956371275502903, 14.08823756029528 ], [ 122.95640389203335, 14.089483511758294 ] ] ] ] } },
{ "type": "Feature", "properties": { "fid": 101, "desc": "flood-prone", "other desc": null, "barangay": "Barangay Mancruz", "col": "flood-prone", "etc": null, "layer": "mancruz_flood-prone" }, "geometry": { "type": "MultiPolygon", "coordinates": [ [ [ [ 122.956371275502889, 14.09820517199938 ], [ 122.955999447055802, 14.098159508856757 ], [ 122.955976615484502, 14.09796707132713 ], [ 122.956113604912375, 14.097549579737429 ], [ 122.956354967237658, 14.097520224860027 ], [ 122.956557189726425, 14.097621336104408 ], [ 122.956371275502889, 14.09820517199938 ] ] ] ] } },
{ "type": "Feature", "properties": { "fid": 102, "desc": "flood-prone", "other desc": "walang dadaluyan ang tubig", "barangay": "Barangay Mancruz", "col": "flood-prone", "etc": null, "layer": "mancruz_flood-prone" }, "geometry": { "type": "MultiPolygon", "coordinates": [ [ [ [ 122.952473600114715, 14.090996918770959 ], [ 122.95219962125897, 14.090882760914399 ], [ 122.952059370178063, 14.090602258752568 ], [ 122.952264854319864, 14.090354373121185 ], [ 122.952669299297384, 14.090354373121185 ], [ 122.952878045092234, 14.090546810650812 ], [ 122.952972633030527, 14.090797957935241 ], [ 122.952979156336625, 14.0909121157918 ], [ 122.952473600114715, 14.090996918770959 ] ] ] ] } },
{ "type": "Feature", "properties": { "fid": 103, "desc": "box culvert", "other desc": "dpwh", "barangay": "Barangay Mancruz", "col": "etc", "etc": null, "layer": "mancruz_etc" }, "geometry": { "type": "MultiPolygon", "coordinates": [ [ [ [ 122.95666971675648, 14.098474258375555 ], [ 122.956493587492062, 14.098611247803426 ], [ 122.956471571334021, 14.098392717049451 ], [ 122.956517234476649, 14.098223111091135 ], [ 122.956844215194366, 14.098267143407227 ], [ 122.95666971675648, 14.098474258375555 ] ] ] ] } },
{ "type": "Feature", "properties": { "fid": 104, "desc": "structure sa waterway/easement", "other desc": "doghouse/fence", "barangay": "Barangay Mancruz", "col": "issues", "etc": null, "layer": "mancruz_issues" }, "geometry": { "type": "MultiPolygon", "coordinates": [ [ [ [ 122.954115027009351, 14.097502285768284 ], [ 122.95379130794467, 14.097523486513074 ], [ 122.953702427899216, 14.097416667375866 ], [ 122.953740752322489, 14.097253584723639 ], [ 122.953783153812068, 14.097129641907946 ], [ 122.953951944357115, 14.097092948311195 ], [ 122.954136227754134, 14.097093763724457 ], [ 122.954226738626119, 14.097264185096034 ], [ 122.954206353294595, 14.097435421880871 ], [ 122.954115027009351, 14.097502285768284 ] ] ] ] } },
{ "type": "Feature", "properties": { "fid": 105, "desc": "flood-prone", "other desc": "basura sa drainage", "barangay": "Barangay Mancruz", "col": "issues", "etc": null, "layer": "mancruz_issues" }, "geometry": { "type": "MultiPolygon", "coordinates": [ [ [ [ 122.956748811842829, 14.093640488563553 ], [ 122.956667270516718, 14.093640488563553 ], [ 122.956602037455824, 14.093154502259917 ], [ 122.956778166720241, 14.093108839117294 ], [ 122.956748811842829, 14.093640488563553 ] ] ] ] } },
{ "type": "Feature", "properties": { "fid": 106, "desc": "structure above waterway", "other desc": null, "barangay": "Barangay Mancruz", "col": "issues", "etc": "", "layer": "mancruz_issues" }, "geometry": { "type": "MultiPolygon", "coordinates": [ [ [ [ 122.956463417201405, 14.098358469692483 ], [ 122.95634762851833, 14.098329114815083 ], [ 122.956332951079631, 14.09823289605027 ], [ 122.956376983395728, 14.098131784805888 ], [ 122.956509080344034, 14.098135046458934 ], [ 122.956522126956216, 14.098239419356359 ], [ 122.956463417201405, 14.098358469692483 ] ] ] ] } },
{ "type": "Feature", "properties": { "fid": 107, "desc": "irrigation", "other desc": "lumiit; mabasura; water flows from mancruz", "barangay": "Barangay Pamorangon", "col": "issues", "etc": null, "layer": "pamorangon_issues" }, "geometry": { "type": "MultiPolygon", "coordinates": [ [ [ [ 122.958371543329179, 14.090400252470547 ], [ 122.958320885722898, 14.090359093165452 ], [ 122.95892877699815, 14.089969662817243 ], [ 122.959482844566736, 14.089510578260413 ], [ 122.959511339470268, 14.089551737565509 ], [ 122.958669156766007, 14.090229283049382 ], [ 122.958371543329179, 14.090400252470547 ] ] ] ] } },
{ "type": "Feature", "properties": { "fid": 108, "desc": "flood-prone", "other desc": "dati", "barangay": "Barangay Pamorangon", "col": "flood-prone", "etc": null, "layer": "pamorangon_flood-prone" }, "geometry": { "type": "MultiPolygon", "coordinates": [ [ [ [ 122.956804323635154, 14.100338641600802 ], [ 122.956294581472051, 14.100354472102762 ], [ 122.955813334212465, 14.100386133106657 ], [ 122.956364235680681, 14.096441172018334 ], [ 122.957272906493159, 14.096871761671638 ], [ 122.95738372000686, 14.098556127080121 ], [ 122.957352059002943, 14.09998087225649 ], [ 122.956804323635154, 14.100338641600802 ] ] ] ] } },
{ "type": "Feature", "properties": { "fid": 109, "desc": "flood-prone; catchbasin", "other desc": "p-6", "barangay": "Barangay Pamorangon", "col": "flood-prone", "etc": null, "layer": "pamorangon_flood-prone" }, "geometry": { "type": "MultiPolygon", "coordinates": [ [ [ [ 122.968594881494681, 14.094693484601979 ], [ 122.967315776936346, 14.094142583133785 ], [ 122.96695484149167, 14.093332061433451 ], [ 122.967366434542612, 14.092154272087651 ], [ 122.967670380180238, 14.091312089383393 ], [ 122.96968402002949, 14.090260944053277 ], [ 122.971203748217619, 14.090799181119905 ], [ 122.970450216324352, 14.093439708846775 ], [ 122.969684020029504, 14.093680332476563 ], [ 122.968594881494681, 14.094693484601979 ] ] ] ] } },
{ "type": "Feature", "properties": { "fid": 110, "desc": "culvert", "other desc": "box culvert; dpwh", "barangay": "Barangay Pamorangon", "col": "etc", "etc": null, "layer": "pamorangon_etc" }, "geometry": { "type": "MultiPolygon", "coordinates": [ [ [ [ 122.956481381395193, 14.098296506847991 ], [ 122.956731503326154, 14.098293340747599 ], [ 122.956759998229685, 14.098122371326435 ], [ 122.956462384792843, 14.098154032330354 ], [ 122.956481381395193, 14.098296506847991 ] ] ] ] } },
{ "type": "Feature", "properties": { "fid": 111, "desc": "lumiit", "other desc": null, "barangay": "Barangay Pamorangon", "col": "issues", "etc": null, "layer": "pamorangon_issues" }, "geometry": { "type": "MultiPolygon", "coordinates": [ [ [ [ 122.95680115753477, 14.090406584671291 ], [ 122.95680115753477, 14.090305269458749 ], [ 122.958365211128381, 14.090393920269724 ], [ 122.958352546726815, 14.090469906679131 ], [ 122.95680115753477, 14.090406584671291 ] ] ] ] } },
{ "type": "Feature", "properties": { "fid": 112, "desc": "may part na sinarhan para mapunta sa palayan", "other desc": "to verify where", "barangay": "Barangay Pamorangon", "col": "issues", "etc": null, "layer": "pamorangon_issues" }, "geometry": { "type": "MultiPolygon", "coordinates": [ [ [ [ 122.962297507815137, 14.097701279974302 ], [ 122.962253182409654, 14.097637957966464 ], [ 122.962329168819053, 14.097637957966464 ], [ 122.962297507815137, 14.097701279974302 ] ] ] ] } },
{ "type": "Feature", "properties": { "fid": 113, "desc": "naapaw na irrigation", "other desc": null, "barangay": "Barangay Pamorangon", "col": "flood-prone", "etc": null, "layer": "pamorangon_flood-prone" }, "geometry": { "type": "MultiPolygon", "coordinates": [ [ [ [ 122.956421225487745, 14.104229778982461 ], [ 122.956153690004626, 14.104193368827953 ], [ 122.956148940854035, 14.104111050217762 ], [ 122.956251839116774, 14.104057226511097 ], [ 122.956596944059498, 14.104039812958945 ], [ 122.956625438963016, 14.104199701028737 ], [ 122.956421225487745, 14.104229778982461 ] ] ] ] } },
{ "type": "Feature", "properties": { "fid": 114, "desc": "plan to move", "other desc": "bypass to mercedes proj", "barangay": "Barangay Pamorangon", "col": "issues", "etc": null, "layer": "pamorangon_issues" }, "geometry": { "type": "MultiPolygon", "coordinates": [ [ [ [ 122.958879702442104, 14.087674240033047 ], [ 122.960222129008287, 14.087851541654995 ], [ 122.960323444220819, 14.087117006364068 ], [ 122.959664895339301, 14.087344965592287 ], [ 122.958879702442104, 14.087674240033047 ] ] ] ] } },
{ "type": "Feature", "properties": { "fid": 115, "desc": "structure above the waterway", "other desc": "bahay sa ibabaw ng creek", "barangay": "Barangay Pamorangon", "col": "issues", "etc": null, "layer": "pamorangon_issues" }, "geometry": { "type": "MultiPolygon", "coordinates": [ [ [ [ 122.95708531504502, 14.098666940593812 ], [ 122.956990332033257, 14.098502303373431 ], [ 122.957170799755602, 14.098277510245603 ], [ 122.957278447168918, 14.098249015342077 ], [ 122.957370264080282, 14.098356662755403 ], [ 122.957389260682646, 14.098511801674608 ], [ 122.95708531504502, 14.098666940593812 ] ] ] ] } },
{ "type": "Feature", "properties": { "fid": 116, "desc": "flood-prone area", "other desc": "low lying area; akyatan ng ina during fluvial", "barangay": "Barangay VIII", "col": "flood-prone", "etc": null, "layer": "b8_flood-prone" }, "geometry": { "type": "MultiPolygon", "coordinates": [ [ [ [ 122.963791293355001, 14.113298387712641 ], [ 122.96350077783724, 14.113319138821053 ], [ 122.963341686006089, 14.113206160564147 ], [ 122.96335090872094, 14.112915645046387 ], [ 122.963436218833294, 14.112867225793428 ], [ 122.963641424238702, 14.112885671223127 ], [ 122.963765930889167, 14.112996343801321 ], [ 122.963791293355001, 14.113298387712641 ] ] ] ] } },
{ "type": "Feature", "properties": { "fid": 117, "desc": "flood-prone", "other desc": null, "barangay": "Barangay VIII", "col": "flood-prone", "etc": null, "layer": "b8_flood-prone" }, "geometry": { "type": "MultiPolygon", "coordinates": [ [ [ [ 122.961676985975728, 14.113360641037875 ], [ 122.960587552784133, 14.113415977326973 ], [ 122.96069130832619, 14.112852238881798 ], [ 122.962406733288191, 14.112803819628837 ], [ 122.962662663625267, 14.112866072954072 ], [ 122.963368201311269, 14.112969828496125 ], [ 122.963487520184643, 14.113312221784911 ], [ 122.962802733607063, 14.113372745851112 ], [ 122.961676985975728, 14.113360641037875 ] ] ] ] } },
{ "type": "Feature", "properties": { "fid": 118, "desc": "flood-prone", "other desc": null, "barangay": "Barangay VIII", "col": "flood-prone", "etc": null, "layer": "b8_flood-prone" }, "geometry": { "type": "MultiPolygon", "coordinates": [ [ [ [ 122.961545562289146, 14.114233916850178 ], [ 122.961422784897707, 14.114232187591146 ], [ 122.961469474891643, 14.114067907982889 ], [ 122.961678715234783, 14.114054073910614 ], [ 122.961718488192574, 14.11412151501295 ], [ 122.961545562289146, 14.114233916850178 ] ] ] ] } },
{ "type": "Feature", "properties": { "fid": 119, "desc": "flood-prone", "other desc": null, "barangay": "Barangay VIII", "col": "flood-prone", "etc": "b8_flood-prone", "layer": null }, "geometry": { "type": "MultiPolygon", "coordinates": [ [ [ [ 122.962297789969043, 14.115223053017784 ], [ 122.962085091107824, 14.115243804126196 ], [ 122.962034942595835, 14.115242074867162 ], [ 122.961932916312804, 14.115243804126196 ], [ 122.961945021126041, 14.11511583895766 ], [ 122.962010732969347, 14.115041480819185 ], [ 122.962202680722157, 14.115005166379465 ], [ 122.962296060710003, 14.115027646746912 ], [ 122.962347938481031, 14.115038022301118 ], [ 122.962297789969043, 14.115223053017784 ] ] ] ] } },
{ "type": "Feature", "properties": { "fid": 120, "desc": "flood-prone", "other desc": null, "barangay": "Barangay VIII", "col": "flood-prone", "etc": null, "layer": "b8_flood-prone" }, "geometry": { "type": "MultiPolygon", "coordinates": [ [ [ [ 122.961519623403603, 14.115138319325103 ], [ 122.961327675650807, 14.115108921921522 ], [ 122.961263693066527, 14.114994790825259 ], [ 122.961222190849711, 14.114775174927905 ], [ 122.961322487873701, 14.114737131229152 ], [ 122.961512706367472, 14.114750965301425 ], [ 122.96165623486732, 14.11503975156015 ], [ 122.961668339680557, 14.115105463403452 ], [ 122.961519623403603, 14.115138319325103 ] ] ] ] } },
{ "type": "Feature", "properties": { "fid": 121, "desc": "flood-prone", "other desc": null, "barangay": "Barangay VIII", "col": "flood-prone", "etc": null, "layer": "b8_flood-prone" }, "geometry": { "type": "MultiPolygon", "coordinates": [ [ [ [ 122.960518382422762, 14.115223053017784 ], [ 122.96041289762168, 14.11512448525283 ], [ 122.960452670579471, 14.115013812674636 ], [ 122.960578906488962, 14.114963664162643 ], [ 122.960637701296136, 14.114961934903608 ], [ 122.960698225362336, 14.115025917487875 ], [ 122.960834836826038, 14.115115838957658 ], [ 122.960857317193486, 14.115176363023858 ], [ 122.960518382422762, 14.115223053017784 ] ] ] ] } },
{ "type": "Feature", "properties": { "fid": 122, "desc": "plan to reverse flow", "other desc": null, "barangay": "Barangay VIII", "col": "etc", "etc": null, "layer": "b8_etc" }, "geometry": { "type": "MultiPolygon", "coordinates": [ [ [ [ 122.963539397955614, 14.116409324715301 ], [ 122.963442559449689, 14.116329778799724 ], [ 122.964013214931001, 14.115036293042087 ], [ 122.964127346027269, 14.115032834524017 ], [ 122.963539397955614, 14.116409324715301 ] ] ] ] } },
{ "type": "Feature", "properties": { "fid": 123, "desc": "open portion ng riprap", "other desc": null, "barangay": "Barangay VIII", "col": "etc", "etc": null, "layer": "b8_etc" }, "geometry": { "type": "MultiPolygon", "coordinates": [ [ [ [ 122.963561013693578, 14.112977610161783 ], [ 122.96337165982932, 14.112946483499165 ], [ 122.963387223160638, 14.112853103511315 ], [ 122.963742585892177, 14.112884230173933 ], [ 122.963680332566938, 14.112982797938885 ], [ 122.963561013693578, 14.112977610161783 ] ] ] ] } },
{ "type": "Feature", "properties": { "fid": 124, "desc": "flood-prone", "other desc": "greenview subd", "barangay": "Barangay Camambugan", "col": "flood-prone", "etc": null, "layer": "camambugan_flood-prone" }, "geometry": { "type": "MultiPolygon", "coordinates": [ [ [ [ 122.947206546376862, 14.112253915255939 ], [ 122.945821409890399, 14.11241992412323 ], [ 122.945022492216566, 14.111475748690516 ], [ 122.945795471004885, 14.110604202137241 ], [ 122.94654251090769, 14.110464132155464 ], [ 122.948420486218922, 14.110246245517146 ], [ 122.949815998259581, 14.110002419993313 ], [ 122.949847124922201, 14.110868778769484 ], [ 122.947206546376862, 14.112253915255939 ] ] ] ] } },
{ "type": "Feature", "properties": { "fid": 125, "desc": "superlines no drainage", "other desc": "exit sa mga kabahayan", "barangay": "Barangay Camambugan", "col": "issues", "etc": null, "layer": "camambugan_issues" }, "geometry": { "type": "MultiPolygon", "coordinates": [ [ [ [ 122.948124782924054, 14.110067267207093 ], [ 122.946641078672641, 14.11027996606831 ], [ 122.946900467527783, 14.109688559478586 ], [ 122.947792765189476, 14.108827388479519 ], [ 122.947917271839941, 14.109330602858492 ], [ 122.948124782924054, 14.110067267207093 ] ] ] ] } },
{ "type": "Feature", "properties": { "fid": 126, "desc": "flood-prone minsan", "other desc": null, "barangay": "Barangay Camambugan", "col": "flood-prone", "etc": null, "layer": "camambugan_flood-prone" }, "geometry": { "type": "MultiPolygon", "coordinates": [ [ [ [ 122.950726453141101, 14.108246357444001 ], [ 122.950275116533149, 14.108127038570636 ], [ 122.950145422105578, 14.10734627811666 ], [ 122.951242636962832, 14.107929903040729 ], [ 122.950726453141101, 14.108246357444001 ] ] ] ] } },
{ "type": "Feature", "properties": { "fid": 127, "desc": "may poste ng bahay", "other desc": null, "barangay": "Barangay Camambugan", "col": "issues", "etc": null, "layer": "camambugan_issues" }, "geometry": { "type": "MultiPolygon", "coordinates": [ [ [ [ 122.952941633964045, 14.107328120896799 ], [ 122.952805454815092, 14.10731904228687 ], [ 122.952800267037986, 14.1071465486982 ], [ 122.953001293400717, 14.107145251753925 ], [ 122.952941633964045, 14.107328120896799 ] ] ] ] } },
{ "type": "Feature", "properties": { "fid": 128, "desc": "nabaha", "other desc": "no drainage", "barangay": "Barangay Camambugan", "col": "flood-prone", "etc": null, "layer": "camambugan_flood-prone" }, "geometry": { "type": "MultiPolygon", "coordinates": [ [ [ [ 122.947511328281649, 14.104429450440598 ], [ 122.94667609616809, 14.104330882675645 ], [ 122.94670722283071, 14.10408186937471 ], [ 122.948211678190532, 14.104221939356487 ], [ 122.947511328281649, 14.104429450440598 ] ] ] ] } },
{ "type": "Feature", "properties": { "fid": 129, "desc": "binabaha minsan", "other desc": "samaka sitio/subd", "barangay": "Barangay Camambugan", "col": "flood-prone", "etc": null, "layer": "camambugan_flood-prone" }, "geometry": { "type": "MultiPolygon", "coordinates": [ [ [ [ 122.942498638656019, 14.109881804175664 ], [ 122.941876105403679, 14.109871428621458 ], [ 122.942073240933595, 14.109015445399493 ], [ 122.942809905282189, 14.108496667689211 ], [ 122.943619198510234, 14.108828685423791 ], [ 122.943743705160699, 14.10915551538127 ], [ 122.942498638656019, 14.109881804175664 ] ] ] ] } },
{ "type": "Feature", "properties": { "fid": 130, "desc": "desputed area", "other desc": "creek as boundary; claimed by magang; purok trese", "barangay": "Barangay Magang", "col": "issues", "etc": null, "layer": "magang_issues" }, "geometry": { "type": "MultiPolygon", "coordinates": [ [ [ [ 122.948355639005115, 14.10005874823147 ], [ 122.953035013951848, 14.102621510120263 ], [ 122.951924829651844, 14.103700567757649 ], [ 122.95118816530325, 14.102538505686617 ], [ 122.951084409761194, 14.102061230193158 ], [ 122.950503378725671, 14.102642261228674 ], [ 122.9490715522453, 14.102735641216524 ], [ 122.949123430016328, 14.102216863506243 ], [ 122.948749910064919, 14.102434750144562 ], [ 122.948500896763989, 14.102133859072598 ], [ 122.947660476873338, 14.102808270095965 ], [ 122.946654048115391, 14.102362121265122 ], [ 122.946124894850897, 14.101417945832409 ], [ 122.946124894850897, 14.10096142144736 ], [ 122.948355639005115, 14.10005874823147 ] ] ] ] } },
{ "type": "Feature", "properties": { "fid": 131, "desc": "flood-prone; catchbasin", "other desc": "", "barangay": "Barangay Magang", "col": "flood-prone", "etc": null, "layer": "magang_flood-prone" }, "geometry": { "type": "MultiPolygon", "coordinates": [ [ [ [ 122.948366014559312, 14.100089874894087 ], [ 122.952796376205129, 14.102704514553908 ], [ 122.951841825218196, 14.103690192203443 ], [ 122.951063658652785, 14.102725265662318 ], [ 122.951063658652785, 14.102133859072598 ], [ 122.95028549208736, 14.102735641216524 ], [ 122.949465823305118, 14.102891274529609 ], [ 122.94910267890792, 14.102683763445496 ], [ 122.94904042558268, 14.102164985735214 ], [ 122.948646154522862, 14.102320619048299 ], [ 122.947504843560253, 14.102642261228674 ], [ 122.94627015260977, 14.102050854638954 ], [ 122.945886257104164, 14.101324565844559 ], [ 122.945824003778938, 14.101054801435211 ], [ 122.948366014559312, 14.100089874894087 ] ] ] ] } },
{ "type": "Feature", "properties": { "fid": 132, "desc": "problem area", "other desc": "dating tambak ng basura; water pollution", "barangay": "Barangay Magang", "col": "issues", "etc": null, "layer": "magang_issues" }, "geometry": { "type": "MultiPolygon", "coordinates": [ [ [ [ 122.944999147219534, 14.101345316952969 ], [ 122.944381801744299, 14.101257124742222 ], [ 122.944044596232615, 14.10033370041792 ], [ 122.944993959442428, 14.100359639303434 ], [ 122.945922571543832, 14.101080740320725 ], [ 122.944999147219534, 14.101345316952969 ] ] ] ] } },
{ "type": "Feature", "properties": { "fid": 133, "desc": "no waterwsy", "other desc": null, "barangay": "Barangay Magang", "col": "etc", "etc": null, "layer": "magang_etc" }, "geometry": { "type": "MultiPolygon", "coordinates": [ [ [ [ 122.948822538944299, 14.099143105572818 ], [ 122.948765473396165, 14.099119760575856 ], [ 122.949037831694056, 14.098095174598049 ], [ 122.949079333910888, 14.098121113483563 ], [ 122.948822538944299, 14.099143105572818 ] ] ] ] } },
{ "type": "Feature", "properties": { "fid": 134, "desc": "flood-prone", "other desc": null, "barangay": "Barangay Magang", "col": "flood-prone", "etc": null, "layer": "magang_flood-prone" }, "geometry": { "type": "MultiPolygon", "coordinates": [ [ [ [ 122.942783966396561, 14.099140511684263 ], [ 122.941393642133008, 14.098559480648747 ], [ 122.940773702769221, 14.097911008510895 ], [ 122.940885239976922, 14.096183478735655 ], [ 122.941860542072263, 14.096370238711357 ], [ 122.943873399588156, 14.098102956263698 ], [ 122.942783966396561, 14.099140511684263 ] ] ] ] } },
{ "type": "Feature", "properties": { "fid": 135, "desc": "drainage problem", "other desc": null, "barangay": "Barangay Magang", "col": "issues", "etc": null, "layer": "magang_issues" }, "geometry": { "type": "MultiPolygon", "coordinates": [ [ [ [ 122.943012228589097, 14.09394754680434 ], [ 122.942208123138158, 14.094082429009013 ], [ 122.941632279879741, 14.093641467955274 ], [ 122.941523336560579, 14.092323772571158 ], [ 122.941824227632551, 14.091472977126296 ], [ 122.942088804264785, 14.091306968259007 ], [ 122.943780019600311, 14.093309450220694 ], [ 122.943012228589097, 14.09394754680434 ] ] ] ] } },
{ "type": "Feature", "properties": { "fid": 136, "desc": "flood-prone", "other desc": "from creek", "barangay": "Barangay Magang", "col": "flood-prone", "etc": null, "layer": "magang_flood-prone" }, "geometry": { "type": "MultiPolygon", "coordinates": [ [ [ [ 122.940636226676006, 14.097869506294073 ], [ 122.940527283356843, 14.098105550152251 ], [ 122.939992942315257, 14.098102956263698 ], [ 122.939471570716421, 14.097835785742904 ], [ 122.939422286833945, 14.097259942484492 ], [ 122.939378190728561, 14.096582937572574 ], [ 122.939676487911981, 14.096435085925142 ], [ 122.940358680600994, 14.096352081491498 ], [ 122.94059991223628, 14.096489557584723 ], [ 122.940781484434879, 14.096811199765098 ], [ 122.940636226676006, 14.097869506294073 ] ] ] ] } },
{ "type": "Feature", "properties": { "fid": 137, "desc": "flood-prone", "other desc": null, "barangay": "Barangay Magang", "col": "flood-prone", "etc": null, "layer": "magang_flood-prone" }, "geometry": { "type": "MultiPolygon", "coordinates": [ [ [ [ 122.947307708030223, 14.095841085446866 ], [ 122.946617733675552, 14.09551944326649 ], [ 122.946254589278354, 14.094902097791255 ], [ 122.946560668127418, 14.094559704502469 ], [ 122.946954939187236, 14.094642708936114 ], [ 122.947530782445639, 14.095415687724435 ], [ 122.947764232415267, 14.095560945483314 ], [ 122.94772273019845, 14.09596040432023 ], [ 122.947307708030223, 14.095841085446866 ] ] ] ] } },
{ "type": "Feature", "properties": { "fid": 138, "desc": "straucture; debris sa drainage", "other desc": null, "barangay": "Barangay Magang", "col": "issues", "etc": null, "layer": "magang_issues" }, "geometry": { "type": "MultiPolygon", "coordinates": [ [ [ [ 122.954710665955943, 14.100877120069429 ], [ 122.954329364338889, 14.100965312280177 ], [ 122.954248953793794, 14.10074742564186 ], [ 122.954316394896125, 14.100430971238588 ], [ 122.954573189862714, 14.100241617374333 ], [ 122.954775513169722, 14.100293495145362 ], [ 122.95488964426599, 14.100490630675269 ], [ 122.954923364817162, 14.100602167882981 ], [ 122.954710665955943, 14.100877120069429 ] ] ] ] } },
{ "type": "Feature", "properties": { "fid": 139, "desc": "flood-prone", "other desc": null, "barangay": "Barangay Magang", "col": "flood-prone", "etc": null, "layer": "magang_flood-prone" }, "geometry": { "type": "MultiPolygon", "coordinates": [ [ [ [ 122.956375942405941, 14.100233835708677 ], [ 122.95565484138865, 14.099657992450265 ], [ 122.955623714726045, 14.098983581426898 ], [ 122.955862352472764, 14.098672314800728 ], [ 122.956510824610618, 14.098646375915214 ], [ 122.957237113405014, 14.099159965848393 ], [ 122.957283803398937, 14.099990010184845 ], [ 122.957065916760627, 14.100332403473631 ], [ 122.956375942405941, 14.100233835708677 ] ] ] ] } },
{ "type": "Feature", "properties": { "fid": 140, "desc": "problem sa takip ng drainage; accident-prone", "other desc": null, "barangay": "Barangay Magang", "col": "issues", "etc": null, "layer": "magang_issues" }, "geometry": { "type": "MultiPolygon", "coordinates": [ [ [ [ 122.954679539293323, 14.100820054521296 ], [ 122.954814421498, 14.100654045654005 ], [ 122.950871710899861, 14.098329921511944 ], [ 122.947790171300781, 14.096140679574553 ], [ 122.942119930927447, 14.091290107983419 ], [ 122.941995424276982, 14.091705130151645 ], [ 122.949486574413442, 14.097681449374091 ], [ 122.954671757627708, 14.100820054521295 ], [ 122.954679539293323, 14.100820054521296 ] ] ] ] } },
{ "type": "Feature", "properties": { "fid": 141, "desc": "centennial old dau tree", "other desc": "kalingayuran festival", "barangay": "Barangay Magang", "col": "etc", "etc": null, "layer": "magang_etc" }, "geometry": { "type": "MultiPolygon", "coordinates": [ [ [ [ 122.949345639767571, 14.093784544988317 ], [ 122.949219106136781, 14.093664445270955 ], [ 122.949270577444224, 14.093501452797394 ], [ 122.94945716093369, 14.093490729608344 ], [ 122.949532223257037, 14.093540056277975 ], [ 122.949557958910759, 14.093675168460006 ], [ 122.949497909052084, 14.093754520058976 ], [ 122.949345639767571, 14.093784544988317 ] ] ] ] } },
{ "type": "Feature", "properties": { "fid": 142, "desc": "flood-prone", "other desc": null, "barangay": "Barangay Calasgasan", "col": "flood-prone", "etc": null, "layer": "calasgasan_flood-prone" }, "geometry": { "type": "MultiPolygon", "coordinates": [ [ [ [ 122.937805724113659, 14.090289186283487 ], [ 122.937470798650509, 14.089968216047977 ], [ 122.937463821036701, 14.089954260820345 ], [ 122.93744288819525, 14.089947283206531 ], [ 122.937421955353798, 14.089933327978899 ], [ 122.937408000126169, 14.089919372751268 ], [ 122.937394044898539, 14.089919372751268 ], [ 122.937387067284732, 14.089905417523639 ], [ 122.937373112057102, 14.089898439909822 ], [ 122.937359156829473, 14.089884484682193 ], [ 122.937345201601829, 14.089877507068376 ], [ 122.937338223988021, 14.089863551840745 ], [ 122.937324268760392, 14.08985657422693 ], [ 122.937310313532763, 14.089842618999299 ], [ 122.937296358305133, 14.089835641385484 ], [ 122.937289380691311, 14.089821686157853 ], [ 122.937282403077504, 14.089807730930222 ], [ 122.93726844784986, 14.089807730930222 ], [ 122.937261470236052, 14.089793775702592 ], [ 122.937247515008423, 14.089786798088776 ], [ 122.937233559780793, 14.08976586524733 ], [ 122.937219604553164, 14.08976586524733 ], [ 122.93720564932552, 14.089758887633515 ], [ 122.937191694097891, 14.089751910019698 ], [ 122.937177738870261, 14.089737954792069 ], [ 122.937163783642632, 14.089737954792069 ], [ 122.937149828415002, 14.089730977178252 ], [ 122.937135873187373, 14.089730977178252 ], [ 122.937128895573551, 14.089717021950621 ], [ 122.937114940345921, 14.089717021950621 ], [ 122.937100985118292, 14.089710044336806 ], [ 122.937087029890662, 14.089703066722992 ], [ 122.937066097049225, 14.08968911149536 ], [ 122.937052141821582, 14.089682133881546 ], [ 122.937038186593952, 14.089682133881546 ], [ 122.937031208980144, 14.089668178653914 ], [ 122.937017253752515, 14.089661201040098 ], [ 122.937003298524886, 14.089654223426283 ], [ 122.936989343297256, 14.089640268198652 ], [ 122.936975388069612, 14.089640268198652 ], [ 122.936968410455805, 14.089626312971022 ], [ 122.936954455228175, 14.089626312971022 ], [ 122.936940500000546, 14.089612357743391 ], [ 122.936926544772916, 14.08959840251576 ], [ 122.936919567159094, 14.089584447288129 ], [ 122.936905611931465, 14.089584447288129 ], [ 122.936891656703835, 14.089563514446683 ], [ 122.936863746248576, 14.089549559219051 ], [ 122.936856768634755, 14.089535603991422 ], [ 122.936835835793303, 14.089514671149974 ], [ 122.936828858179496, 14.089500715922345 ], [ 122.936814902951866, 14.089486760694713 ], [ 122.936800947724237, 14.089465827853267 ], [ 122.936793970110415, 14.089451872625636 ], [ 122.936780014882785, 14.089444895011821 ], [ 122.936773037268978, 14.08943093978419 ], [ 122.936759082041334, 14.089416984556559 ], [ 122.936745126813705, 14.089403029328928 ], [ 122.936731171586075, 14.089396051715113 ], [ 122.936724193972267, 14.089382096487482 ], [ 122.936717216358446, 14.08936814125985 ], [ 122.936703261130816, 14.08936814125985 ], [ 122.936696283517009, 14.089354186032221 ], [ 122.936682328289365, 14.08934023080459 ], [ 122.936668373061735, 14.089333253190775 ], [ 122.936661395447928, 14.089319297963144 ], [ 122.936661395447928, 14.089305342735512 ], [ 122.936647440220298, 14.089284409894066 ], [ 122.936647440220298, 14.089270454666435 ], [ 122.936647440220298, 14.089256499438804 ], [ 122.936633484992669, 14.089228588983543 ], [ 122.936633484992669, 14.089214633755912 ], [ 122.936633484992669, 14.089200678528281 ], [ 122.936633484992669, 14.089179745686835 ], [ 122.936633484992669, 14.089165790459203 ], [ 122.936633484992669, 14.089151835231574 ], [ 122.936633484992669, 14.089137880003943 ], [ 122.936633484992669, 14.089116947162497 ], [ 122.936633484992669, 14.089102991934865 ], [ 122.936640462606476, 14.089089036707234 ], [ 122.936647440220298, 14.089068103865788 ], [ 122.936647440220298, 14.089054148638157 ], [ 122.936647440220298, 14.089040193410527 ], [ 122.936647440220298, 14.089019260569081 ], [ 122.936647440220298, 14.08900530534145 ], [ 122.936647440220298, 14.088991350113819 ], [ 122.936654417834106, 14.088963439658556 ], [ 122.936661395447928, 14.08894250681711 ], [ 122.936661395447928, 14.088921573975664 ], [ 122.936668373061735, 14.088907618748033 ], [ 122.936675350675557, 14.088886685906587 ], [ 122.936689305903187, 14.088858775451326 ], [ 122.936689305903187, 14.08883784260988 ], [ 122.936696283517009, 14.088823887382249 ], [ 122.936703261130816, 14.088809932154618 ], [ 122.936710238744638, 14.088795976926987 ], [ 122.936717216358446, 14.088761088857909 ], [ 122.936724193972267, 14.088726200788834 ], [ 122.936731171586075, 14.088705267947386 ], [ 122.936738149199897, 14.08868433510594 ], [ 122.936745126813705, 14.088663402264494 ], [ 122.936745126813705, 14.088642469423048 ], [ 122.936759082041334, 14.088628514195417 ], [ 122.936766059655156, 14.088607581353971 ], [ 122.936773037268978, 14.08859362612634 ], [ 122.936780014882785, 14.08857967089871 ], [ 122.936800947724237, 14.088551760443448 ], [ 122.936807925338044, 14.088530827602002 ], [ 122.936821880565674, 14.088509894760556 ], [ 122.936828858179496, 14.08848896191911 ], [ 122.936849791020947, 14.088475006691478 ], [ 122.936849791020947, 14.088454073850032 ], [ 122.936877701476206, 14.08842616339477 ], [ 122.936898634317643, 14.088398252939509 ], [ 122.936912589545273, 14.088384297711878 ], [ 122.936933522386724, 14.088363364870432 ], [ 122.936947477614353, 14.088342432028986 ], [ 122.936968410455805, 14.08832149918754 ], [ 122.936996320911064, 14.088286611118463 ], [ 122.937010276138693, 14.088265678277017 ], [ 122.937024231366323, 14.088244745435569 ], [ 122.937038186593952, 14.088216834980308 ], [ 122.937052141821582, 14.088195902138862 ], [ 122.937059119435403, 14.088181946911231 ], [ 122.937073074663033, 14.088161014069785 ], [ 122.937073074663033, 14.088147058842154 ], [ 122.937087029890662, 14.088133103614522 ], [ 122.937087029890662, 14.088119148386893 ], [ 122.937107962732114, 14.088077282703999 ], [ 122.937128895573551, 14.088049372248738 ], [ 122.937163783642632, 14.087986573724399 ], [ 122.937177738870261, 14.087965640882953 ], [ 122.937191694097891, 14.087951685655323 ], [ 122.937198671711712, 14.087930752813875 ], [ 122.937212626939342, 14.087923775200061 ], [ 122.937219604553164, 14.087909819972429 ], [ 122.937233559780793, 14.087888887130983 ], [ 122.937233559780793, 14.087874931903352 ], [ 122.937247515008423, 14.087860976675723 ], [ 122.93725449262223, 14.087847021448091 ], [ 122.93726844784986, 14.087826088606645 ], [ 122.937289380691311, 14.087805155765199 ], [ 122.937296358305133, 14.087791200537568 ], [ 122.937303335918941, 14.087777245309937 ], [ 122.93731729114657, 14.087770267696122 ], [ 122.9373312463742, 14.087756312468491 ], [ 122.937345201601829, 14.087749334854676 ], [ 122.937359156829473, 14.087735379627045 ], [ 122.937373112057102, 14.087728402013228 ], [ 122.937387067284732, 14.087714446785599 ], [ 122.937401022512361, 14.087707469171782 ], [ 122.937414977739991, 14.087700491557968 ], [ 122.937421955353798, 14.087686536330336 ], [ 122.937435910581442, 14.087679558716522 ], [ 122.93744288819525, 14.08766560348889 ], [ 122.937456843422879, 14.087658625875076 ], [ 122.937470798650509, 14.087644670647444 ], [ 122.93747777626433, 14.087630715419813 ], [ 122.93749173149196, 14.087623737805998 ], [ 122.937498709105768, 14.087609782578367 ], [ 122.937512664333411, 14.087602804964552 ], [ 122.937519641947219, 14.087588849736921 ], [ 122.937533597174848, 14.087581872123105 ], [ 122.93754057478867, 14.087567916895475 ], [ 122.937561507630107, 14.087560939281659 ], [ 122.937582440471559, 14.087546984054029 ], [ 122.937596395699188, 14.087540006440213 ], [ 122.93761732854064, 14.087533028826398 ], [ 122.937631283768269, 14.087519073598767 ], [ 122.93765221660972, 14.087505118371135 ], [ 122.93766617183735, 14.087505118371135 ], [ 122.937680127064979, 14.087498140757321 ], [ 122.937694082292609, 14.087491163143504 ], [ 122.937708037520238, 14.087484185529689 ], [ 122.937721992747868, 14.087484185529689 ], [ 122.937735947975497, 14.087477207915875 ], [ 122.937749903203127, 14.087477207915875 ], [ 122.937763858430756, 14.087477207915875 ], [ 122.937777813658386, 14.087477207915875 ], [ 122.937791768886015, 14.087477207915875 ], [ 122.937805724113659, 14.087477207915875 ], [ 122.937819679341288, 14.087477207915875 ], [ 122.937833634568918, 14.087477207915875 ], [ 122.937854567410355, 14.087477207915875 ], [ 122.937875500251806, 14.087477207915875 ], [ 122.937889455479436, 14.087477207915875 ], [ 122.937903410707065, 14.087477207915875 ], [ 122.937917365934695, 14.087477207915875 ], [ 122.937938298776146, 14.087477207915875 ], [ 122.937952254003775, 14.087477207915875 ], [ 122.937966209231405, 14.087477207915875 ], [ 122.937980164459034, 14.087477207915875 ], [ 122.938001097300486, 14.087477207915875 ], [ 122.938015052528115, 14.087484185529689 ], [ 122.938029007755745, 14.087484185529689 ], [ 122.938042962983374, 14.087491163143504 ], [ 122.938063895824826, 14.087498140757321 ], [ 122.938084828666263, 14.087505118371135 ], [ 122.938098783893906, 14.087505118371135 ], [ 122.938112739121536, 14.087512095984952 ], [ 122.938133671962973, 14.087519073598767 ], [ 122.938147627190602, 14.087519073598767 ], [ 122.938161582418232, 14.087526051212581 ], [ 122.938175537645876, 14.087533028826398 ], [ 122.938189492873505, 14.087540006440213 ], [ 122.938203448101135, 14.087546984054029 ], [ 122.938217403328764, 14.087553961667844 ], [ 122.938231358556394, 14.087560939281659 ], [ 122.938238336170201, 14.08757489450929 ], [ 122.938252291397845, 14.08757489450929 ], [ 122.938266246625474, 14.087581872123105 ], [ 122.938273224239282, 14.087595827350736 ], [ 122.938287179466911, 14.087609782578367 ], [ 122.938301134694541, 14.087616760192182 ], [ 122.938322067535992, 14.087637693033628 ], [ 122.938336022763622, 14.087651648261259 ], [ 122.938349977991251, 14.087658625875076 ], [ 122.938370910832703, 14.087672581102705 ], [ 122.93837788844651, 14.087686536330336 ], [ 122.938398821287961, 14.087693513944151 ], [ 122.938405798901783, 14.087707469171782 ], [ 122.93842673174322, 14.087721424399414 ], [ 122.93844068697085, 14.087735379627045 ], [ 122.938454642198479, 14.08774235724086 ], [ 122.938468597426123, 14.087756312468491 ], [ 122.938482552653753, 14.087763290082306 ], [ 122.93848953026756, 14.087784222923752 ], [ 122.93850348549519, 14.087791200537568 ], [ 122.938510463109012, 14.087805155765199 ], [ 122.938524418336641, 14.087812133379014 ], [ 122.938545351178092, 14.08783306622046 ], [ 122.9385523287919, 14.087847021448091 ], [ 122.938573261633351, 14.087867954289537 ], [ 122.938594194474788, 14.087895864744798 ], [ 122.938622104930062, 14.087909819972429 ], [ 122.938643037771499, 14.087937730427692 ], [ 122.938670948226758, 14.087972618496769 ], [ 122.938684903454401, 14.087986573724399 ], [ 122.938705836295838, 14.088007506565846 ], [ 122.93872676913729, 14.088028439407292 ], [ 122.938740724364919, 14.088042394634922 ], [ 122.938761657206371, 14.08806332747637 ], [ 122.938775612434, 14.088070305090184 ], [ 122.938782590047808, 14.088084260317816 ], [ 122.938796545275437, 14.088084260317816 ], [ 122.938803522889259, 14.088098215545445 ], [ 122.938824455730696, 14.088105193159262 ], [ 122.93883841095834, 14.088119148386893 ], [ 122.938845388572147, 14.088133103614522 ], [ 122.938859343799777, 14.088147058842154 ], [ 122.938873299027406, 14.08815403645597 ], [ 122.938880276641228, 14.0881679916836 ], [ 122.938894231868858, 14.088181946911231 ], [ 122.93890120948268, 14.088195902138862 ], [ 122.938915164710309, 14.088209857366493 ], [ 122.938922142324117, 14.088223812594123 ], [ 122.938929119937939, 14.088237767821754 ], [ 122.938943075165568, 14.088244745435569 ], [ 122.938950052779376, 14.0882587006632 ], [ 122.938957030393198, 14.088272655890831 ], [ 122.938970985620827, 14.088279633504646 ], [ 122.938991918462278, 14.088314521573723 ], [ 122.939005873689908, 14.088335454415169 ], [ 122.939026806531345, 14.088370342484247 ], [ 122.939054716986618, 14.088384297711878 ], [ 122.939068672214248, 14.08841220816714 ], [ 122.939089605055685, 14.08842616339477 ], [ 122.939117515510944, 14.088454073850032 ], [ 122.939138448352395, 14.088461051463847 ], [ 122.939166358807654, 14.088481984305293 ], [ 122.939187291649105, 14.088502917146739 ], [ 122.939215202104364, 14.08851687237437 ], [ 122.939236134945816, 14.088530827602002 ], [ 122.939257067787253, 14.088544782829633 ], [ 122.939271023014896, 14.088551760443448 ], [ 122.939284978242526, 14.088565715671079 ], [ 122.939298933470155, 14.088572693284894 ], [ 122.939312888697785, 14.08859362612634 ], [ 122.939333821539222, 14.088614558967787 ], [ 122.939340799153044, 14.088628514195417 ], [ 122.939361731994495, 14.088656424650679 ], [ 122.939375687222125, 14.088670379878311 ], [ 122.939389642449754, 14.088691312719757 ], [ 122.939410575291191, 14.088712245561203 ], [ 122.939438485746464, 14.08874713363028 ], [ 122.939452440974094, 14.088768066471726 ], [ 122.939466396201723, 14.088775044085541 ], [ 122.939466396201723, 14.088788999313172 ], [ 122.93948732904316, 14.088809932154618 ], [ 122.939501284270804, 14.088823887382249 ], [ 122.939515239498434, 14.08883784260988 ], [ 122.939529194726063, 14.08885179783751 ], [ 122.939543149953693, 14.088865753065141 ], [ 122.939564082795144, 14.088893663520404 ], [ 122.939564082795144, 14.088907618748033 ], [ 122.939578038022773, 14.088921573975664 ], [ 122.939585015636581, 14.088935529203296 ], [ 122.939591993250403, 14.088949484430927 ], [ 122.939598970864211, 14.088970417272373 ], [ 122.939605948478032, 14.088991350113819 ], [ 122.93961292609184, 14.089012282955265 ], [ 122.939619903705662, 14.089026238182896 ], [ 122.939626881319469, 14.089047171024342 ], [ 122.939633858933291, 14.089061126251973 ], [ 122.939647814160921, 14.089089036707234 ], [ 122.93966176938855, 14.089096014321051 ], [ 122.93967572461618, 14.089116947162497 ], [ 122.939689679843809, 14.089123924776311 ], [ 122.939696657457631, 14.089137880003943 ], [ 122.939710612685261, 14.089151835231574 ], [ 122.93972456791289, 14.089165790459203 ], [ 122.93973852314052, 14.089179745686835 ], [ 122.939752478368149, 14.089200678528281 ], [ 122.939759455981971, 14.089214633755912 ], [ 122.9397734112096, 14.089228588983543 ], [ 122.939780388823408, 14.089242544211174 ], [ 122.939794344051052, 14.089256499438804 ], [ 122.939801321664859, 14.089270454666435 ], [ 122.939808299278681, 14.089284409894066 ], [ 122.939822254506311, 14.089298365121698 ], [ 122.93983620973394, 14.089319297963144 ], [ 122.939843187347748, 14.089333253190775 ], [ 122.939857142575377, 14.089347208418404 ], [ 122.939871097803021, 14.089361163646036 ], [ 122.93988505303065, 14.089375118873667 ], [ 122.93989900825828, 14.089382096487482 ], [ 122.939905985872088, 14.089396051715113 ], [ 122.939919941099717, 14.089403029328928 ], [ 122.93994785155499, 14.089423962170375 ], [ 122.93996180678262, 14.08943093978419 ], [ 122.939968784396427, 14.089444895011821 ], [ 122.939989717237879, 14.089451872625636 ], [ 122.939996694851686, 14.089465827853267 ], [ 122.94001065007933, 14.089472805467082 ], [ 122.940017627693138, 14.089486760694713 ], [ 122.940038560534589, 14.089507693536159 ], [ 122.940045538148397, 14.089521648763791 ], [ 122.940059493376026, 14.089542581605237 ], [ 122.940066470989848, 14.089563514446683 ], [ 122.940073448603655, 14.089577469674314 ], [ 122.940080426217477, 14.089591424901945 ], [ 122.940094381445107, 14.089612357743391 ], [ 122.940108336672736, 14.089626312971022 ], [ 122.940115314286558, 14.089647245812468 ], [ 122.940122291900366, 14.089661201040098 ], [ 122.940136247127995, 14.08968911149536 ], [ 122.940150202355625, 14.089717021950621 ], [ 122.940157179969447, 14.089737954792069 ], [ 122.940157179969447, 14.089758887633515 ], [ 122.940157179969447, 14.089786798088776 ], [ 122.940164157583268, 14.089807730930222 ], [ 122.940164157583268, 14.089821686157853 ], [ 122.940164157583268, 14.089842618999299 ], [ 122.940164157583268, 14.08985657422693 ], [ 122.940164157583268, 14.089884484682193 ], [ 122.940157179969447, 14.089898439909822 ], [ 122.940157179969447, 14.089912395137453 ], [ 122.940150202355625, 14.089926350365085 ], [ 122.940143224741817, 14.089947283206531 ], [ 122.940136247127995, 14.089968216047977 ], [ 122.940129269514188, 14.089982171275608 ], [ 122.940115314286558, 14.089996126503239 ], [ 122.940115314286558, 14.090010081730869 ], [ 122.940101359058929, 14.090031014572315 ], [ 122.940094381445107, 14.090051947413762 ], [ 122.940080426217477, 14.090072880255208 ], [ 122.940059493376026, 14.090107768324286 ], [ 122.940038560534589, 14.090142656393363 ], [ 122.940024605306959, 14.090170566848624 ], [ 122.940003672465508, 14.09019149969007 ], [ 122.939996694851686, 14.090212432531516 ], [ 122.939989717237879, 14.090240342986778 ], [ 122.939975762010249, 14.090254298214409 ], [ 122.939968784396427, 14.090275231055855 ], [ 122.939968784396427, 14.090289186283487 ], [ 122.939954829168798, 14.090303141511116 ], [ 122.93994785155499, 14.090317096738747 ], [ 122.939912963485909, 14.090379895263085 ], [ 122.93988505303065, 14.090442693787425 ], [ 122.939857142575377, 14.090505492311763 ], [ 122.93983620973394, 14.090554335608472 ], [ 122.939815276892489, 14.090589223677549 ], [ 122.939794344051052, 14.09061713413281 ], [ 122.939780388823408, 14.090652022201887 ], [ 122.9397734112096, 14.090679932657149 ], [ 122.939759455981971, 14.09070784311241 ], [ 122.939745500754341, 14.090728775953856 ], [ 122.939731545526712, 14.090756686409119 ], [ 122.939717590299082, 14.090784596864379 ], [ 122.939703635071439, 14.090812507319642 ], [ 122.939689679843809, 14.090833440161088 ], [ 122.93967572461618, 14.090833440161088 ], [ 122.939668747002372, 14.090847395388719 ], [ 122.939654791774743, 14.090854373002534 ], [ 122.939640836547113, 14.090868328230165 ], [ 122.939626881319469, 14.09087530584398 ], [ 122.939605948478032, 14.090889261071611 ], [ 122.939585015636581, 14.090896238685428 ], [ 122.939571060408952, 14.090903216299242 ], [ 122.9395501275675, 14.090917171526874 ], [ 122.939529194726063, 14.090924149140688 ], [ 122.939508261884612, 14.09093810436832 ], [ 122.939494306656982, 14.09093810436832 ], [ 122.939473373815531, 14.090952059595951 ], [ 122.939459418587901, 14.090959037209766 ], [ 122.939445463360272, 14.090959037209766 ], [ 122.939431508132643, 14.09096601482358 ], [ 122.939417552905013, 14.090972992437397 ], [ 122.939389642449754, 14.090986947665026 ], [ 122.939375687222125, 14.090993925278843 ], [ 122.939361731994495, 14.091000902892658 ], [ 122.939347776766866, 14.091014858120289 ], [ 122.939319866311592, 14.09102881334792 ], [ 122.939298933470155, 14.091035790961735 ], [ 122.939284978242526, 14.09104276857555 ], [ 122.939271023014896, 14.091049746189366 ], [ 122.939250090173445, 14.091070679030812 ], [ 122.939236134945816, 14.091070679030812 ], [ 122.939222179718186, 14.091077656644627 ], [ 122.939208224490557, 14.091084634258443 ], [ 122.939180314035283, 14.091098589486075 ], [ 122.939166358807654, 14.091105567099889 ], [ 122.939152403580024, 14.091105567099889 ], [ 122.939138448352395, 14.091112544713704 ], [ 122.939124493124766, 14.091119522327521 ], [ 122.939110537897136, 14.091126499941335 ], [ 122.939096582669507, 14.09113347755515 ], [ 122.939082627441877, 14.091147432782781 ], [ 122.939061694600426, 14.091147432782781 ], [ 122.939047739372796, 14.091161388010413 ], [ 122.939033784145167, 14.091161388010413 ], [ 122.939019828917537, 14.091168365624227 ], [ 122.939005873689908, 14.091175343238044 ], [ 122.938984940848457, 14.091189298465673 ], [ 122.938970985620827, 14.091189298465673 ], [ 122.938943075165568, 14.09119627607949 ], [ 122.938929119937939, 14.091203253693305 ], [ 122.938915164710309, 14.091203253693305 ], [ 122.93890120948268, 14.091210231307121 ], [ 122.938887254255036, 14.091210231307121 ], [ 122.938873299027406, 14.091210231307121 ], [ 122.938859343799777, 14.091210231307121 ], [ 122.938845388572147, 14.091210231307121 ], [ 122.938831433344518, 14.091210231307121 ], [ 122.938817478116889, 14.091210231307121 ], [ 122.938803522889259, 14.091224186534751 ], [ 122.938782590047808, 14.091224186534751 ], [ 122.938768634820178, 14.091224186534751 ], [ 122.938754679592549, 14.091224186534751 ], [ 122.938733746751097, 14.091231164148567 ], [ 122.93871281390966, 14.091231164148567 ], [ 122.938691881068209, 14.091231164148567 ], [ 122.938670948226758, 14.091231164148567 ], [ 122.938650015385321, 14.091231164148567 ], [ 122.938636060157691, 14.091231164148567 ], [ 122.938622104930062, 14.091231164148567 ], [ 122.938608149702432, 14.091231164148567 ], [ 122.938594194474788, 14.091224186534751 ], [ 122.938580239247159, 14.091224186534751 ], [ 122.938566284019529, 14.091217208920936 ], [ 122.938545351178092, 14.091210231307121 ], [ 122.938524418336641, 14.091203253693305 ], [ 122.938510463109012, 14.09119627607949 ], [ 122.938496507881382, 14.091189298465673 ], [ 122.938482552653753, 14.091182320851859 ], [ 122.938475575039931, 14.091168365624227 ], [ 122.938461619812301, 14.091161388010413 ], [ 122.938447664584672, 14.091154410396598 ], [ 122.938433709357042, 14.091147432782781 ], [ 122.938419754129413, 14.091140455168967 ], [ 122.938405798901783, 14.09113347755515 ], [ 122.938384866060332, 14.091126499941335 ], [ 122.938384866060332, 14.091112544713704 ], [ 122.938370910832703, 14.091112544713704 ], [ 122.938356955605073, 14.091105567099889 ], [ 122.938343000377444, 14.091105567099889 ], [ 122.938329045149814, 14.091091611872258 ], [ 122.938315089922185, 14.091091611872258 ], [ 122.938301134694541, 14.091084634258443 ], [ 122.938287179466911, 14.091077656644627 ], [ 122.938273224239282, 14.091070679030812 ], [ 122.938259269011652, 14.091063701416997 ], [ 122.938245313784023, 14.091049746189366 ], [ 122.938231358556394, 14.09104276857555 ], [ 122.938217403328764, 14.09104276857555 ], [ 122.938210425714942, 14.09102881334792 ], [ 122.938196470487313, 14.091021835734104 ], [ 122.938182515259683, 14.091021835734104 ], [ 122.938168560032054, 14.091014858120289 ], [ 122.938161582418232, 14.091000902892658 ], [ 122.938147627190602, 14.091000902892658 ], [ 122.938133671962973, 14.090986947665026 ], [ 122.938119716735343, 14.090979970051212 ], [ 122.938098783893906, 14.09096601482358 ], [ 122.938084828666263, 14.090959037209766 ], [ 122.938077851052455, 14.090945081982134 ], [ 122.938063895824826, 14.09093810436832 ], [ 122.938049940597196, 14.090931126754503 ], [ 122.938029007755745, 14.090910193913057 ], [ 122.938022030141937, 14.090896238685428 ], [ 122.938008074914293, 14.090882283457796 ], [ 122.937994119686664, 14.09087530584398 ], [ 122.937980164459034, 14.09086135061635 ], [ 122.937966209231405, 14.090854373002534 ], [ 122.937945276389968, 14.090833440161088 ], [ 122.937931321162324, 14.090819484933457 ], [ 122.937917365934695, 14.090812507319642 ], [ 122.937910388320887, 14.090798552092011 ], [ 122.937889455479436, 14.090784596864379 ], [ 122.937882477865628, 14.09077064163675 ], [ 122.937868522637984, 14.090763664022933 ], [ 122.937861545024177, 14.090742731181487 ], [ 122.937847589796547, 14.090728775953856 ], [ 122.937833634568918, 14.090721798340041 ], [ 122.937819679341288, 14.09070784311241 ], [ 122.937805724113659, 14.090693887884781 ], [ 122.937791768886015, 14.090672955043333 ], [ 122.937770836044578, 14.090652022201887 ], [ 122.937756880816949, 14.090631089360441 ], [ 122.937742925589319, 14.09061713413281 ], [ 122.93772897036169, 14.090610156518995 ], [ 122.937721992747868, 14.090596201291364 ], [ 122.937708037520238, 14.090589223677549 ], [ 122.937694082292609, 14.090582246063732 ], [ 122.937680127064979, 14.090575268449918 ], [ 122.937659194223528, 14.090561313222286 ], [ 122.937638261382077, 14.090554335608472 ], [ 122.937624306154447, 14.090554335608472 ], [ 122.93761732854064, 14.09054038038084 ], [ 122.93760337331301, 14.09054038038084 ], [ 122.937805724113659, 14.090289186283487 ] ] ] ] } },
{ "type": "Feature", "properties": { "fid": 143, "desc": "rerouted; encroached creek", "other desc": "expansion of st john", "barangay": "Barangay Calasgasan", "col": "issues", "etc": null, "layer": "calasgasan_flood-prone" }, "geometry": { "type": "MultiPolygon", "coordinates": [ [ [ [ 122.941667833360484, 14.08489897961107 ], [ 122.940551415150011, 14.084309371243668 ], [ 122.940865407771582, 14.08369883003482 ], [ 122.942264419341569, 14.084002356235789 ], [ 122.941667833360484, 14.08489897961107 ] ] ] ] } },
{ "type": "Feature", "properties": { "fid": 144, "desc": "flood-prone", "other desc": "\"riverside\"; mga bahay sa gilid", "barangay": "Barangay Calasgasan", "col": "flood-prone", "etc": null, "layer": "calasgasan_flood-prone" }, "geometry": { "type": "MultiPolygon", "coordinates": [ [ [ [ 122.940450239749481, 14.08416633016045 ], [ 122.937366134443067, 14.083356926957862 ], [ 122.937589418085167, 14.082359128182258 ], [ 122.941182889200107, 14.083419725482202 ], [ 122.940450239749481, 14.08416633016045 ] ] ] ] } },
{ "type": "Feature", "properties": { "fid": 145, "desc": "waste problem", "other desc": "waste from slaughterhouse to the waterway", "barangay": "Barangay Calasgasan", "col": "issues", "etc": null, "layer": "calasgasan_issues" }, "geometry": { "type": "MultiPolygon", "coordinates": [ [ [ [ 122.936466022260888, 14.083102244053599 ], [ 122.936605574537197, 14.083273195592078 ], [ 122.938088317472975, 14.083102244053599 ], [ 122.93818251525947, 14.08272196410066 ], [ 122.936466022260888, 14.083102244053599 ] ] ] ] } },
{ "type": "Feature", "properties": { "fid": 146, "desc": "disputed area", "other desc": "bibirao's purok 1", "barangay": "Barangay Bibirao", "col": "issues", "etc": null, "layer": "bibirao_issues" }, "geometry": { "type": "MultiPolygon", "coordinates": [ [ [ [ 122.946021864381066, 14.101008545507391 ], [ 122.944444923658793, 14.101476045633024 ], [ 122.943272684537803, 14.100987612665945 ], [ 122.941807385636565, 14.100834105162006 ], [ 122.939372198414986, 14.100715485727143 ], [ 122.938416265322275, 14.100631754361363 ], [ 122.937516153140081, 14.10112716494225 ], [ 122.935911301962534, 14.104434553890764 ], [ 122.933245853485047, 14.104155449338148 ], [ 122.933245853485047, 14.103611195460545 ], [ 122.935694995934256, 14.102187762242201 ], [ 122.935415891381638, 14.101734217344198 ], [ 122.934766973296817, 14.101587687454074 ], [ 122.934048279073821, 14.101064366417919 ], [ 122.93406223430145, 14.100778284251486 ], [ 122.934118055211982, 14.100506157312685 ], [ 122.934034323846191, 14.100471269243609 ], [ 122.933538913265295, 14.100520112540316 ], [ 122.93322492064361, 14.100115410939022 ], [ 122.935276339105343, 14.099947948207452 ], [ 122.936985854490104, 14.099285074894981 ], [ 122.938548839984762, 14.100499179698863 ], [ 122.939511750691281, 14.100680597658064 ], [ 122.939441974553134, 14.098838507610795 ], [ 122.940153691162308, 14.097973283497684 ], [ 122.941130557096457, 14.098057014863468 ], [ 122.941953915526682, 14.098671044879225 ], [ 122.942484214176659, 14.099312985350243 ], [ 122.942986602371363, 14.099117612163411 ], [ 122.942902871005572, 14.099968881048891 ], [ 122.943558766704228, 14.099647910813383 ], [ 122.943977423533156, 14.100094478097569 ], [ 122.944410035589712, 14.099815373544953 ], [ 122.946000931539615, 14.10093179175542 ], [ 122.946021864381066, 14.101008545507391 ] ] ] ] } },
{ "type": "Feature", "properties": { "fid": 147, "desc": "disputed area", "other desc": "bibirao's", "barangay": "Barangay Bibirao", "col": "issues", "etc": null, "layer": "bibirao_issues" }, "geometry": { "type": "MultiPolygon", "coordinates": [ [ [ [ 122.916360028051756, 14.10033171696729 ], [ 122.916332117596482, 14.10033171696729 ], [ 122.916304207141224, 14.10033171696729 ], [ 122.916262341458335, 14.10033171696729 ], [ 122.916234431003076, 14.10033171696729 ], [ 122.916220475775447, 14.100303806512029 ], [ 122.916192565320173, 14.100303806512029 ], [ 122.916164654864914, 14.100303806512029 ], [ 122.916136744409656, 14.100303806512029 ], [ 122.916108833954397, 14.100289851284398 ], [ 122.916080923499138, 14.100289851284398 ], [ 122.916053013043864, 14.100289851284398 ], [ 122.916025102588605, 14.100275896056766 ], [ 122.915983236905717, 14.100261940829137 ], [ 122.915955326450458, 14.100261940829137 ], [ 122.915927415995199, 14.100261940829137 ], [ 122.915899505539926, 14.100261940829137 ], [ 122.915871595084667, 14.100234030373874 ], [ 122.915843684629408, 14.100234030373874 ], [ 122.91580181894652, 14.100234030373874 ], [ 122.915773908491261, 14.100220075146243 ], [ 122.915745998035987, 14.100220075146243 ], [ 122.915718087580728, 14.100220075146243 ], [ 122.91569017712547, 14.100220075146243 ], [ 122.915662266670211, 14.100220075146243 ], [ 122.915634356214952, 14.100220075146243 ], [ 122.915606445759678, 14.100220075146243 ], [ 122.915578535304419, 14.100220075146243 ], [ 122.91555062484916, 14.100220075146243 ], [ 122.915522714393902, 14.100206119918614 ], [ 122.915494803938643, 14.100206119918614 ], [ 122.91545293825574, 14.100206119918614 ], [ 122.915425027800481, 14.100206119918614 ], [ 122.915397117345222, 14.100206119918614 ], [ 122.915369206889963, 14.100206119918614 ], [ 122.91532734120706, 14.100206119918614 ], [ 122.915299430751801, 14.100206119918614 ], [ 122.915243609841284, 14.100206119918614 ], [ 122.915215699386025, 14.100220075146243 ], [ 122.915187788930766, 14.100220075146243 ], [ 122.915145923247863, 14.100234030373874 ], [ 122.915104057564974, 14.100247985601506 ], [ 122.915062191882086, 14.100247985601506 ], [ 122.915020326199183, 14.100261940829137 ], [ 122.914978460516295, 14.100261940829137 ], [ 122.914950550061036, 14.100261940829137 ], [ 122.914922639605777, 14.100275896056766 ], [ 122.914880773922874, 14.100289851284398 ], [ 122.914838908239986, 14.100289851284398 ], [ 122.914810997784727, 14.100289851284398 ], [ 122.914783087329468, 14.100303806512029 ], [ 122.914755176874209, 14.10031776173966 ], [ 122.914727266418936, 14.10031776173966 ], [ 122.914699355963677, 14.10031776173966 ], [ 122.914657490280788, 14.10033171696729 ], [ 122.91462957982553, 14.100345672194921 ], [ 122.914601669370271, 14.100345672194921 ], [ 122.914559803687368, 14.100359627422552 ], [ 122.914531893232109, 14.100387537877813 ], [ 122.91449002754922, 14.100401493105444 ], [ 122.914462117093962, 14.100415448333075 ], [ 122.914434206638688, 14.100443358788338 ], [ 122.914406296183429, 14.100457314015967 ], [ 122.914364430500541, 14.100471269243599 ], [ 122.914336520045282, 14.100499179698861 ], [ 122.914294654362379, 14.100513134926491 ], [ 122.91426674390712, 14.100541045381753 ], [ 122.914238833451861, 14.100541045381753 ], [ 122.914196967768973, 14.100568955837014 ], [ 122.914155102086085, 14.100582911064645 ], [ 122.914127191630811, 14.100596866292276 ], [ 122.914099281175552, 14.100596866292276 ], [ 122.914015549809776, 14.100610821519908 ], [ 122.913987639354502, 14.100624776747537 ], [ 122.913903907988725, 14.1006526872028 ], [ 122.913862042305837, 14.100666642430431 ], [ 122.913806221395305, 14.10068059765806 ], [ 122.913764355712416, 14.100708508113323 ], [ 122.913708534801899, 14.100708508113323 ], [ 122.913666669118996, 14.100722463340954 ], [ 122.913610848208478, 14.100750373796215 ], [ 122.913541072070316, 14.100778284251478 ], [ 122.913485251159798, 14.100792239479107 ], [ 122.913457340704539, 14.100806194706738 ], [ 122.913415475021651, 14.100820149934369 ], [ 122.913387564566378, 14.100834105162001 ], [ 122.913359654111119, 14.100834105162001 ], [ 122.91333174365586, 14.100848060389632 ], [ 122.913303833200601, 14.100848060389632 ], [ 122.913261967517698, 14.100862015617261 ], [ 122.91320614660718, 14.100862015617261 ], [ 122.913178236151921, 14.100862015617261 ], [ 122.913150325696662, 14.100875970844893 ], [ 122.91310846001376, 14.100875970844893 ], [ 122.913066594330871, 14.100889926072524 ], [ 122.913024728647983, 14.100903881300155 ], [ 122.912996818192724, 14.100903881300155 ], [ 122.912968907737451, 14.100917836527785 ], [ 122.912940997282192, 14.100917836527785 ], [ 122.912913086826933, 14.100931791755416 ], [ 122.912885176371674, 14.100945746983047 ], [ 122.912843310688785, 14.100945746983047 ], [ 122.912829355461156, 14.100973657438308 ], [ 122.912801445005883, 14.100973657438308 ], [ 122.912759579322994, 14.100987612665939 ], [ 122.912731668867735, 14.101001567893571 ], [ 122.912703758412476, 14.101015523121202 ], [ 122.912675847957203, 14.101015523121202 ], [ 122.912647937501944, 14.101029478348831 ], [ 122.912606071819056, 14.101043433576463 ], [ 122.912578161363797, 14.101057388804094 ], [ 122.912550250908538, 14.101057388804094 ], [ 122.912522340453265, 14.101071344031725 ], [ 122.912494429998006, 14.101071344031725 ], [ 122.912466519542747, 14.101071344031725 ], [ 122.912438609087488, 14.101071344031725 ], [ 122.912410698632229, 14.101071344031725 ], [ 122.912368832949326, 14.101043433576463 ], [ 122.912340922494067, 14.101015523121202 ], [ 122.912313012038808, 14.100987612665939 ], [ 122.91227114635592, 14.100945746983047 ], [ 122.912243235900661, 14.100917836527785 ], [ 122.912215325445388, 14.100875970844893 ], [ 122.91215950453487, 14.100834105162001 ], [ 122.912131594079611, 14.100792239479107 ], [ 122.912089728396722, 14.100750373796215 ], [ 122.912061817941449, 14.100722463340954 ], [ 122.91203390748619, 14.10068059765806 ], [ 122.911992041803302, 14.1006526872028 ], [ 122.911964131348043, 14.100610821519908 ], [ 122.91192226566514, 14.100582911064645 ], [ 122.911880399982252, 14.100527090154122 ], [ 122.911852489526993, 14.100499179698861 ], [ 122.911796668616475, 14.100457314015967 ], [ 122.911740847705943, 14.100387537877813 ], [ 122.911726892478313, 14.100359627422552 ], [ 122.911698982023054, 14.100345672194921 ], [ 122.911671071567795, 14.100289851284398 ], [ 122.911643161112522, 14.100261940829137 ], [ 122.911615250657263, 14.100234030373874 ], [ 122.911573384974375, 14.100178209463351 ], [ 122.911545474519116, 14.100136343780459 ], [ 122.911517564063857, 14.100108433325197 ], [ 122.911475698380954, 14.100080522869936 ], [ 122.911447787925695, 14.100024701959413 ], [ 122.911405922242807, 14.09999679150415 ], [ 122.911364056559918, 14.099954925821258 ], [ 122.911350101332275, 14.099927015365996 ], [ 122.911322190877016, 14.099899104910735 ], [ 122.911294280421757, 14.099871194455472 ], [ 122.911266369966498, 14.099843284000212 ], [ 122.911238459511239, 14.099815373544949 ], [ 122.911224504283609, 14.099787463089688 ], [ 122.91121054905598, 14.099759552634426 ], [ 122.911168683373077, 14.099731642179165 ], [ 122.911112862462559, 14.099717686951534 ], [ 122.9110849520073, 14.099689776496273 ], [ 122.911043086324398, 14.099661866041011 ], [ 122.911015175869139, 14.09963395558575 ], [ 122.91098726541388, 14.099592089902856 ], [ 122.91097331018625, 14.099564179447595 ], [ 122.910945399730991, 14.099550224219964 ], [ 122.910931444503362, 14.099508358537072 ], [ 122.910917489275732, 14.09948044808181 ], [ 122.910903534048089, 14.099452537626549 ], [ 122.910903534048089, 14.099424627171286 ], [ 122.91087562359283, 14.099382761488394 ], [ 122.91087562359283, 14.099340895805502 ], [ 122.9108616683652, 14.09931298535024 ], [ 122.910847713137571, 14.099285074894979 ], [ 122.910833757909941, 14.099257164439717 ], [ 122.910833757909941, 14.099229253984456 ], [ 122.910805847454682, 14.099201343529193 ], [ 122.910805847454682, 14.099173433073933 ], [ 122.910777936999423, 14.099131567391039 ], [ 122.910763981771794, 14.099103656935778 ], [ 122.910763981771794, 14.099075746480516 ], [ 122.91075002654415, 14.099047836025255 ], [ 122.910722116088891, 14.098992015114732 ], [ 122.910722116088891, 14.098964104659469 ], [ 122.910708160861262, 14.098936194204208 ], [ 122.910680250406003, 14.098880373293685 ], [ 122.910680250406003, 14.098852462838423 ], [ 122.910652339950744, 14.098824552383162 ], [ 122.910652339950744, 14.098796641927899 ], [ 122.910638384723114, 14.098754776245007 ], [ 122.910610474267841, 14.098712910562115 ], [ 122.910610474267841, 14.098685000106853 ], [ 122.910610474267841, 14.098643134423961 ], [ 122.910596519040212, 14.098615223968698 ], [ 122.910582563812582, 14.098587313513438 ], [ 122.910582563812582, 14.098559403058175 ], [ 122.910582563812582, 14.098517537375283 ], [ 122.910568608584953, 14.098475671692391 ], [ 122.910554653357323, 14.098447761237129 ], [ 122.910554653357323, 14.098419850781868 ], [ 122.910554653357323, 14.098391940326605 ], [ 122.910540698129694, 14.098336119416082 ], [ 122.910540698129694, 14.098308208960821 ], [ 122.910540698129694, 14.098280298505559 ], [ 122.910540698129694, 14.098238432822667 ], [ 122.910540698129694, 14.098196567139773 ], [ 122.910540698129694, 14.098168656684512 ], [ 122.910540698129694, 14.09812679100162 ], [ 122.910554653357323, 14.098057014863466 ], [ 122.910568608584953, 14.098015149180574 ], [ 122.910568608584953, 14.09797328349768 ], [ 122.910596519040212, 14.097889552131896 ], [ 122.910596519040212, 14.097847686449002 ], [ 122.910596519040212, 14.097819775993742 ], [ 122.910596519040212, 14.097791865538479 ], [ 122.910624429495485, 14.097763955083218 ], [ 122.910624429495485, 14.097736044627956 ], [ 122.910638384723114, 14.097708134172695 ], [ 122.910652339950744, 14.097680223717433 ], [ 122.910652339950744, 14.097652313262172 ], [ 122.910680250406003, 14.097652313262172 ], [ 122.910680250406003, 14.097624402806909 ], [ 122.910708160861262, 14.09761044757928 ], [ 122.910736071316521, 14.097512760985863 ], [ 122.911524541677665, 14.097861641676632 ], [ 122.913296855586779, 14.098147723843065 ], [ 122.916450737031354, 14.098419850781866 ], [ 122.916806595335927, 14.099033880797622 ], [ 122.916778684880668, 14.099927015365996 ], [ 122.91673681919778, 14.09999679150415 ], [ 122.916708908742521, 14.100052612414673 ], [ 122.916694953514892, 14.100080522869936 ], [ 122.916667043059633, 14.10015029900809 ], [ 122.91662517737673, 14.100206119918614 ], [ 122.916611222149101, 14.100261940829137 ], [ 122.916597266921471, 14.100289851284398 ], [ 122.916569356466212, 14.10033171696729 ], [ 122.916555401238583, 14.100359627422552 ], [ 122.916541446010953, 14.100401493105444 ], [ 122.916527490783324, 14.100443358788338 ], [ 122.91649958032805, 14.100471269243599 ], [ 122.916485625100421, 14.100499179698861 ], [ 122.916360028051756, 14.10033171696729 ] ] ] ] } },
{ "type": "Feature", "properties": { "fid": 148, "desc": "flood-prone", "other desc": "p-4 bibirao", "barangay": "Barangay Bibirao", "col": "flood-prone", "etc": null, "layer": "bibirao_flood-prone" }, "geometry": { "type": "MultiPolygon", "coordinates": [ [ [ [ 122.917092677502339, 14.100345672194914 ], [ 122.91706476704708, 14.100345672194914 ], [ 122.917036856591807, 14.100345672194914 ], [ 122.917008946136548, 14.100345672194914 ], [ 122.916981035681289, 14.100345672194914 ], [ 122.91695312522603, 14.100345672194914 ], [ 122.916911259543141, 14.100345672194914 ], [ 122.916883349087868, 14.100345672194914 ], [ 122.91684148340498, 14.100345672194914 ], [ 122.916813572949721, 14.100345672194914 ], [ 122.916785662494462, 14.100345672194914 ], [ 122.9167158863563, 14.100345672194914 ], [ 122.916674020673412, 14.100345672194914 ], [ 122.916646110218153, 14.100345672194914 ], [ 122.916618199762894, 14.100345672194914 ], [ 122.916576334079991, 14.100345672194914 ], [ 122.916548423624732, 14.100345672194914 ], [ 122.916520513169473, 14.100345672194914 ], [ 122.916492602714214, 14.100345672194914 ], [ 122.916464692258941, 14.100359627422545 ], [ 122.916436781803682, 14.100359627422545 ], [ 122.916408871348423, 14.100359627422545 ], [ 122.916380960893164, 14.100359627422545 ], [ 122.916353050437905, 14.100359627422545 ], [ 122.916325139982646, 14.100359627422545 ], [ 122.916297229527373, 14.100359627422545 ], [ 122.916269319072114, 14.100359627422545 ], [ 122.916241408616855, 14.100359627422545 ], [ 122.916213498161596, 14.100359627422545 ], [ 122.916185587706337, 14.100359627422545 ], [ 122.916157677251064, 14.100359627422545 ], [ 122.916129766795805, 14.100359627422545 ], [ 122.916101856340546, 14.100359627422545 ], [ 122.916059990657658, 14.100359627422545 ], [ 122.916032080202399, 14.100359627422545 ], [ 122.916004169747126, 14.100359627422545 ], [ 122.915976259291867, 14.100359627422545 ], [ 122.915948348836608, 14.100359627422545 ], [ 122.915920438381349, 14.100359627422545 ], [ 122.91589252792609, 14.100359627422545 ], [ 122.915864617470817, 14.100359627422545 ], [ 122.915836707015558, 14.100359627422545 ], [ 122.915808796560299, 14.100359627422545 ], [ 122.91578088610504, 14.100359627422545 ], [ 122.915752975649781, 14.100359627422545 ], [ 122.915711109966878, 14.100359627422545 ], [ 122.91566924428399, 14.100359627422545 ], [ 122.915641333828731, 14.100359627422545 ], [ 122.915585512918199, 14.100359627422545 ], [ 122.91555760246294, 14.100359627422545 ], [ 122.915529692007681, 14.100359627422545 ], [ 122.915501781552422, 14.100359627422545 ], [ 122.915473871097163, 14.100359627422545 ], [ 122.91543200541426, 14.100359627422545 ], [ 122.915404094959001, 14.100359627422545 ], [ 122.915376184503742, 14.100359627422545 ], [ 122.915348274048483, 14.100373582650176 ], [ 122.915320363593224, 14.100373582650176 ], [ 122.915292453137965, 14.100373582650176 ], [ 122.915250587455063, 14.100387537877806 ], [ 122.915222676999804, 14.100387537877806 ], [ 122.915194766544545, 14.100387537877806 ], [ 122.915166856089286, 14.100387537877806 ], [ 122.915138945634013, 14.100387537877806 ], [ 122.915111035178754, 14.100401493105437 ], [ 122.915083124723495, 14.100415448333068 ], [ 122.915041259040606, 14.1004294035607 ], [ 122.914999393357718, 14.1004294035607 ], [ 122.914971482902445, 14.100443358788329 ], [ 122.914943572447186, 14.10045731401596 ], [ 122.914915661991927, 14.100471269243592 ], [ 122.914887751536668, 14.100471269243592 ], [ 122.914859841081409, 14.100471269243592 ], [ 122.914817975398506, 14.100499179698852 ], [ 122.914790064943247, 14.100499179698852 ], [ 122.9147202888051, 14.100527090154115 ], [ 122.914678423122197, 14.100541045381746 ], [ 122.91459469175642, 14.100541045381746 ], [ 122.914552826073518, 14.100555000609376 ], [ 122.914469094707741, 14.100596866292269 ], [ 122.914413273797223, 14.100596866292269 ], [ 122.914357452886691, 14.100610821519899 ], [ 122.914301631976173, 14.10062477674753 ], [ 122.914273721520914, 14.100638731975161 ], [ 122.914245811065641, 14.100652687202793 ], [ 122.914217900610382, 14.100666642430424 ], [ 122.914189990155123, 14.100680597658053 ], [ 122.914148124472234, 14.100694552885685 ], [ 122.914106258789332, 14.100708508113316 ], [ 122.914078348334073, 14.100722463340947 ], [ 122.914036482651184, 14.100736418568577 ], [ 122.913994616968296, 14.100750373796208 ], [ 122.913952751285393, 14.100764329023839 ], [ 122.913896930374875, 14.1007922394791 ], [ 122.913869019919616, 14.100820149934362 ], [ 122.913841109464357, 14.100834105161994 ], [ 122.913799243781455, 14.100862015617254 ], [ 122.913729467643307, 14.100875970844886 ], [ 122.913687601960419, 14.100889926072517 ], [ 122.913659691505146, 14.100917836527778 ], [ 122.913603870594628, 14.10094574698304 ], [ 122.91353409445648, 14.100987612665932 ], [ 122.913492228773578, 14.100987612665932 ], [ 122.913450363090689, 14.100987612665932 ], [ 122.913408497407801, 14.101015523121193 ], [ 122.913338721269639, 14.101043433576455 ], [ 122.91331081081438, 14.101043433576455 ], [ 122.913268945131492, 14.101057388804087 ], [ 122.913241034676233, 14.101071344031716 ], [ 122.91321312422096, 14.101071344031716 ], [ 122.913171258538071, 14.101085299259347 ], [ 122.913129392855183, 14.101085299259347 ], [ 122.913101482399924, 14.101085299259347 ], [ 122.913073571944651, 14.101099254486979 ], [ 122.913045661489392, 14.101099254486979 ], [ 122.913017751034133, 14.101099254486979 ], [ 122.912989840578874, 14.10111320971461 ], [ 122.912961930123615, 14.10111320971461 ], [ 122.912920064440712, 14.10111320971461 ], [ 122.912878198757824, 14.101127164942241 ], [ 122.912850288302565, 14.101127164942241 ], [ 122.912822377847306, 14.101127164942241 ], [ 122.912794467392047, 14.101127164942241 ], [ 122.912766556936774, 14.101141120169871 ], [ 122.912710736026256, 14.101141120169871 ], [ 122.912654915115738, 14.101099254486979 ], [ 122.912585138977576, 14.101085299259347 ], [ 122.912543273294688, 14.101085299259347 ], [ 122.912487452384156, 14.101071344031716 ], [ 122.912459541928897, 14.101057388804087 ], [ 122.912431631473638, 14.101057388804087 ], [ 122.912403721018379, 14.101043433576455 ], [ 122.91237581056312, 14.101043433576455 ], [ 122.912347900107861, 14.101029478348824 ], [ 122.912319989652588, 14.101015523121193 ], [ 122.912278123969699, 14.101001567893563 ], [ 122.91225021351444, 14.101001567893563 ], [ 122.912222303059181, 14.100973657438301 ], [ 122.912194392603908, 14.100973657438301 ], [ 122.912166482148649, 14.10095970221067 ], [ 122.91213857169339, 14.10094574698304 ], [ 122.912110661238131, 14.100931791755409 ], [ 122.912082750782872, 14.100917836527778 ], [ 122.91204088509997, 14.100903881300146 ], [ 122.912012974644711, 14.100889926072517 ], [ 122.911985064189452, 14.100875970844886 ], [ 122.911957153734193, 14.100848060389623 ], [ 122.911929243278934, 14.100834105161994 ], [ 122.91190133282366, 14.100806194706731 ], [ 122.911873422368402, 14.1007922394791 ], [ 122.911845511913143, 14.100764329023839 ], [ 122.911803646230254, 14.100750373796208 ], [ 122.911775735774995, 14.100722463340947 ], [ 122.911747825319722, 14.100722463340947 ], [ 122.911719914864463, 14.100694552885685 ], [ 122.911692004409204, 14.100666642430424 ], [ 122.911678049181575, 14.100638731975161 ], [ 122.911650138726316, 14.10062477674753 ], [ 122.911622228271057, 14.100610821519899 ], [ 122.911594317815783, 14.100582911064638 ], [ 122.911552452132895, 14.100541045381746 ], [ 122.911524541677636, 14.100513134926484 ], [ 122.911496631222377, 14.100485224471223 ], [ 122.911454765539474, 14.1004294035607 ], [ 122.911426855084216, 14.100401493105437 ], [ 122.911412899856586, 14.100373582650176 ], [ 122.911371034173698, 14.100331716967283 ], [ 122.911357078946068, 14.100303806512022 ], [ 122.911329168490809, 14.100275896056759 ], [ 122.911287302807906, 14.100234030373867 ], [ 122.911273347580277, 14.100206119918605 ], [ 122.911245437125018, 14.100178209463344 ], [ 122.911217526669759, 14.100150299008082 ], [ 122.9111896162145, 14.10010843332519 ], [ 122.911175660986871, 14.100080522869929 ], [ 122.911147750531597, 14.100052612414666 ], [ 122.911119840076339, 14.100024701959406 ], [ 122.91107797439345, 14.099996791504143 ], [ 122.911050063938191, 14.099954925821251 ], [ 122.911022153482932, 14.099927015365989 ], [ 122.910994243027659, 14.099899104910728 ], [ 122.9109663325724, 14.099871194455465 ], [ 122.910952377344771, 14.099843284000205 ], [ 122.910924466889512, 14.099815373544942 ], [ 122.910896556434253, 14.099787463089681 ], [ 122.910868645978979, 14.09977350786205 ], [ 122.91085469075135, 14.099745597406788 ], [ 122.910826780296091, 14.099717686951527 ], [ 122.910798869840832, 14.099689776496264 ], [ 122.910770959385573, 14.099675821268635 ], [ 122.910757004157944, 14.099647910813372 ], [ 122.910743048930314, 14.099620000358112 ], [ 122.910715138475041, 14.099592089902849 ], [ 122.910701183247411, 14.099564179447588 ], [ 122.910687228019782, 14.099522313764695 ], [ 122.910673272792152, 14.099494403309434 ], [ 122.910659317564523, 14.099466492854171 ], [ 122.910659317564523, 14.099438582398911 ], [ 122.910645362336894, 14.099410671943648 ], [ 122.910645362336894, 14.099382761488387 ], [ 122.910645362336894, 14.099340895805494 ], [ 122.910645362336894, 14.09928507489497 ], [ 122.910645362336894, 14.099243209212078 ], [ 122.910645362336894, 14.099201343529186 ], [ 122.910645362336894, 14.099131567391032 ], [ 122.910631407109264, 14.099103656935771 ], [ 122.910631407109264, 14.099061791252877 ], [ 122.910631407109264, 14.099019925569985 ], [ 122.910617451881635, 14.098978059887093 ], [ 122.910617451881635, 14.09892223897657 ], [ 122.910617451881635, 14.098894328521308 ], [ 122.910617451881635, 14.098852462838416 ], [ 122.910603496654005, 14.098824552383153 ], [ 122.910575586198732, 14.098796641927892 ], [ 122.910575586198732, 14.09876873147263 ], [ 122.910575586198732, 14.098740821017369 ], [ 122.910575586198732, 14.098712910562107 ], [ 122.910575586198732, 14.098685000106846 ], [ 122.910575586198732, 14.098657089651583 ], [ 122.910575586198732, 14.098629179196323 ], [ 122.910575586198732, 14.09860126874106 ], [ 122.910575586198732, 14.098573358285799 ], [ 122.910575586198732, 14.098531492602906 ], [ 122.910575586198732, 14.098489626920014 ], [ 122.910575586198732, 14.09843380600949 ], [ 122.910561630971102, 14.098364029871336 ], [ 122.910561630971102, 14.098336119416075 ], [ 122.910561630971102, 14.098308208960812 ], [ 122.910561630971102, 14.098280298505552 ], [ 122.910561630971102, 14.09823843282266 ], [ 122.910561630971102, 14.098196567139766 ], [ 122.910561630971102, 14.098168656684505 ], [ 122.910561630971102, 14.098098880546351 ], [ 122.910561630971102, 14.098057014863459 ], [ 122.910561630971102, 14.098015149180565 ], [ 122.910561630971102, 14.097973283497673 ], [ 122.910561630971102, 14.097903507359518 ], [ 122.910561630971102, 14.097861641676626 ], [ 122.910561630971102, 14.097833731221366 ], [ 122.910561630971102, 14.097791865538472 ], [ 122.910561630971102, 14.097763955083211 ], [ 122.910561630971102, 14.097694178945057 ], [ 122.910561630971102, 14.097652313262165 ], [ 122.910561630971102, 14.097624402806902 ], [ 122.910561630971102, 14.09758253712401 ], [ 122.910561630971102, 14.097540671441118 ], [ 122.910575586198732, 14.097498805758224 ], [ 122.910575586198732, 14.097470895302964 ], [ 122.910575586198732, 14.097429029620072 ], [ 122.910575586198732, 14.097401119164809 ], [ 122.910603496654005, 14.097359253481917 ], [ 122.910603496654005, 14.097331343026655 ], [ 122.910603496654005, 14.097303432571394 ], [ 122.910631407109264, 14.0972615668885 ], [ 122.910645362336894, 14.097233656433239 ], [ 122.910659317564523, 14.097205745977977 ], [ 122.910673272792152, 14.097177835522716 ], [ 122.910701183247411, 14.097149925067454 ], [ 122.910743048930314, 14.097135969839824 ], [ 122.910770959385573, 14.097122014612193 ], [ 122.910826780296091, 14.09706619370167 ], [ 122.910896556434253, 14.097038283246407 ], [ 122.911022153482932, 14.096968507108254 ], [ 122.911147750531597, 14.096912686197731 ], [ 122.9111896162145, 14.096884775742469 ], [ 122.911287302807906, 14.096842910059577 ], [ 122.911384989401327, 14.096801044376683 ], [ 122.911496631222377, 14.096773133921422 ], [ 122.911622228271057, 14.09673126823853 ], [ 122.911761780547366, 14.096689402555636 ], [ 122.911915288051304, 14.096647536872744 ], [ 122.91202692987234, 14.096619626417484 ], [ 122.912124616465761, 14.096619626417484 ], [ 122.912208347831552, 14.096605671189852 ], [ 122.91225021351444, 14.096605671189852 ], [ 122.912292079197329, 14.096605671189852 ], [ 122.912347900107861, 14.096605671189852 ], [ 122.91237581056312, 14.096605671189852 ], [ 122.912403721018379, 14.096619626417484 ], [ 122.912459541928897, 14.096661492100376 ], [ 122.912515362839429, 14.096675447328007 ], [ 122.912613049432835, 14.096703357783268 ], [ 122.912654915115738, 14.096717313010899 ], [ 122.912710736026256, 14.09674522346616 ], [ 122.912808422619676, 14.096773133921422 ], [ 122.912850288302565, 14.096773133921422 ], [ 122.912920064440712, 14.096787089149053 ], [ 122.912961930123615, 14.096814999604314 ], [ 122.912989840578874, 14.096828954831945 ], [ 122.913059616717021, 14.096856865287206 ], [ 122.913101482399924, 14.096870820514837 ], [ 122.913157303310442, 14.096870820514837 ], [ 122.91319916899333, 14.0968987309701 ], [ 122.913241034676233, 14.096912686197731 ], [ 122.91331081081438, 14.096926641425361 ], [ 122.913352676497269, 14.096954551880623 ], [ 122.913380586952542, 14.096954551880623 ], [ 122.91343640786306, 14.096954551880623 ], [ 122.913478273545948, 14.096968507108254 ], [ 122.913520139228837, 14.096982462335884 ], [ 122.913562004911739, 14.097010372791146 ], [ 122.913631781049887, 14.097010372791146 ], [ 122.913673646732789, 14.097024328018778 ], [ 122.913701557188048, 14.097024328018778 ], [ 122.913743422870937, 14.097024328018778 ], [ 122.913771333326196, 14.097038283246407 ], [ 122.913813199009084, 14.097052238474038 ], [ 122.913855064691987, 14.097052238474038 ], [ 122.913896930374875, 14.097052238474038 ], [ 122.913966706513037, 14.09706619370167 ], [ 122.913994616968296, 14.09706619370167 ], [ 122.914064393106443, 14.09709410415693 ], [ 122.914092303561702, 14.09709410415693 ], [ 122.914189990155123, 14.09709410415693 ], [ 122.914231855838011, 14.097108059384562 ], [ 122.914301631976173, 14.097149925067454 ], [ 122.914343497659061, 14.097149925067454 ], [ 122.914399318569579, 14.097177835522716 ], [ 122.914427229024852, 14.097177835522716 ], [ 122.91448304993537, 14.097205745977977 ], [ 122.914510960390629, 14.097205745977977 ], [ 122.914538870845888, 14.097233656433239 ], [ 122.914566781301161, 14.097233656433239 ], [ 122.91459469175642, 14.0972615668885 ], [ 122.914636557439309, 14.0972615668885 ], [ 122.914664467894568, 14.097303432571394 ], [ 122.91470633357747, 14.097303432571394 ], [ 122.914734244032729, 14.097317387799025 ], [ 122.914762154487988, 14.097331343026655 ], [ 122.914804020170877, 14.097345298254286 ], [ 122.914873796309038, 14.097345298254286 ], [ 122.914971482902445, 14.097387163937178 ], [ 122.914999393357718, 14.097401119164809 ], [ 122.915083124723495, 14.09741507439244 ], [ 122.915194766544545, 14.09741507439244 ], [ 122.915292453137965, 14.097456940075332 ], [ 122.915334318820854, 14.097456940075332 ], [ 122.915390139731372, 14.097456940075332 ], [ 122.915459915869533, 14.097470895302964 ], [ 122.915529692007681, 14.097484850530595 ], [ 122.915585512918199, 14.097498805758224 ], [ 122.91565528905636, 14.097498805758224 ], [ 122.915739020422151, 14.097540671441118 ], [ 122.91576693087741, 14.097554626668748 ], [ 122.915850662243187, 14.097568581896379 ], [ 122.915906483153719, 14.09758253712401 ], [ 122.915948348836608, 14.097624402806902 ], [ 122.915990214519496, 14.097652313262165 ], [ 122.916046035430028, 14.097666268489794 ], [ 122.916087901112917, 14.097694178945057 ], [ 122.916143722023435, 14.097708134172688 ], [ 122.916185587706337, 14.097736044627949 ], [ 122.916213498161596, 14.097777910310842 ], [ 122.916269319072114, 14.097791865538472 ], [ 122.916311184755003, 14.097819775993734 ], [ 122.916339095210276, 14.097833731221366 ], [ 122.916394916120794, 14.097875596904258 ], [ 122.916436781803682, 14.09791746258715 ], [ 122.916464692258941, 14.097931417814781 ], [ 122.916492602714214, 14.097959328270042 ], [ 122.916520513169473, 14.097973283497673 ], [ 122.916548423624732, 14.098015149180565 ], [ 122.916562378852362, 14.098043059635827 ], [ 122.916576334079991, 14.098070970091088 ], [ 122.91660424453525, 14.098098880546351 ], [ 122.916646110218153, 14.098154701456874 ], [ 122.916687975901041, 14.098210522367397 ], [ 122.9167158863563, 14.09823843282266 ], [ 122.91672984158393, 14.09826634327792 ], [ 122.916743796811559, 14.098294253733183 ], [ 122.916771707266832, 14.098336119416075 ], [ 122.916813572949721, 14.098377985098967 ], [ 122.91682752817735, 14.09840589555423 ], [ 122.916855438632609, 14.09843380600949 ], [ 122.916869393860239, 14.098461716464753 ], [ 122.916869393860239, 14.098489626920014 ], [ 122.916883349087868, 14.098517537375276 ], [ 122.916897304315498, 14.098545447830537 ], [ 122.916925214770771, 14.098587313513431 ], [ 122.9169391699984, 14.098615223968691 ], [ 122.916967080453659, 14.098643134423954 ], [ 122.916981035681289, 14.098671044879215 ], [ 122.917008946136548, 14.098698955334477 ], [ 122.917050811819436, 14.098740821017369 ], [ 122.91706476704708, 14.09876873147263 ], [ 122.917092677502339, 14.098824552383153 ], [ 122.917120587957598, 14.098852462838416 ], [ 122.917148498412857, 14.098908283748939 ], [ 122.917176408868116, 14.0989361942042 ], [ 122.917176408868116, 14.098964104659462 ], [ 122.917204319323375, 14.098992015114725 ], [ 122.917232229778648, 14.099019925569985 ], [ 122.917232229778648, 14.099047836025248 ], [ 122.917246185006277, 14.099075746480509 ], [ 122.917260140233907, 14.099117612163401 ], [ 122.917274095461536, 14.099145522618663 ], [ 122.917288050689166, 14.099173433073924 ], [ 122.917302005916795, 14.099201343529186 ], [ 122.917315961144425, 14.099229253984447 ], [ 122.917329916372054, 14.09925716443971 ], [ 122.917092677502339, 14.100345672194914 ] ] ] ] } },
{ "type": "Feature", "properties": { "fid": 149, "desc": "sunken \"island\"", "other desc": "sunken after typhoons, flooding", "barangay": "Barangay Bibirao", "col": "etc", "etc": null, "layer": "bibirao_etc" }, "geometry": { "type": "MultiPolygon", "coordinates": [ [ [ [ 122.927476116407078, 14.101074560275091 ], [ 122.927456491868227, 14.101078485182862 ], [ 122.927425092606057, 14.101082410090633 ], [ 122.927413317882753, 14.101082410090633 ], [ 122.927389768436115, 14.101082410090633 ], [ 122.927350519358413, 14.101082410090633 ], [ 122.927307345372924, 14.101082410090633 ], [ 122.927260246479676, 14.101082410090633 ], [ 122.927213147586428, 14.101082410090633 ], [ 122.927173898508713, 14.101082410090633 ], [ 122.927134649431011, 14.101082410090633 ], [ 122.927103250168841, 14.101082410090633 ], [ 122.927071850906671, 14.101082410090633 ], [ 122.927048301460047, 14.101082410090633 ], [ 122.927036526736742, 14.101082410090633 ], [ 122.92702082710565, 14.101082410090633 ], [ 122.927009052382346, 14.101082410090633 ], [ 122.926997277659027, 14.101082410090633 ], [ 122.92698942784348, 14.101082410090633 ], [ 122.926981578027949, 14.101082410090633 ], [ 122.92696980330463, 14.101082410090633 ], [ 122.926958028581325, 14.101082410090633 ], [ 122.92693840404246, 14.101082410090633 ], [ 122.926926629319155, 14.101082410090633 ], [ 122.926910929688063, 14.101082410090633 ], [ 122.926895230056985, 14.101082410090633 ], [ 122.926879530425893, 14.101082410090633 ], [ 122.926855980979269, 14.101082410090633 ], [ 122.926836356440418, 14.101082410090633 ], [ 122.926812806993794, 14.101082410090633 ], [ 122.926789257547171, 14.101082410090633 ], [ 122.926757858285001, 14.101082410090633 ], [ 122.926742158653923, 14.101082410090633 ], [ 122.926722534115058, 14.101082410090633 ], [ 122.926714684299526, 14.101086334998405 ], [ 122.926695059760661, 14.101090259906176 ], [ 122.926687209945129, 14.101094184813947 ], [ 122.926671510314037, 14.101074560275091 ], [ 122.926655810682959, 14.101051010828467 ], [ 122.926640111051867, 14.10102353647407 ], [ 122.926632261236335, 14.101011761750756 ], [ 122.926616561605243, 14.100984287396361 ], [ 122.926600861974165, 14.100956813041964 ], [ 122.926589087250846, 14.100925413779796 ], [ 122.926569462711996, 14.100890089609859 ], [ 122.92656161289645, 14.100862615255462 ], [ 122.926549838173145, 14.100835140901065 ], [ 122.926541988357599, 14.100823366177753 ], [ 122.926534138542053, 14.100811591454439 ], [ 122.926522363818748, 14.100784117100043 ], [ 122.926518438910975, 14.100776267284502 ], [ 122.926518438910975, 14.100764492561188 ], [ 122.926510589095429, 14.100744868022334 ], [ 122.926502739279897, 14.100733093299022 ], [ 122.926494889464351, 14.100721318575708 ], [ 122.926487039648805, 14.100705618944625 ], [ 122.926479189833259, 14.100693844221311 ], [ 122.926467415109954, 14.100670294774687 ], [ 122.926459565294408, 14.100650670235831 ], [ 122.926459565294408, 14.10064282042029 ], [ 122.926447790571103, 14.100615346065894 ], [ 122.92644386566333, 14.10059964643481 ], [ 122.926436015847784, 14.100583946803726 ], [ 122.926432090940011, 14.1005603973571 ], [ 122.926420316216706, 14.100540772818245 ], [ 122.926416391308933, 14.10051722337162 ], [ 122.926404616585614, 14.100497598832765 ], [ 122.926400691677841, 14.100462274662828 ], [ 122.926396766770083, 14.100446575031745 ], [ 122.92639284186231, 14.100426950492889 ], [ 122.926384992046764, 14.100411250861805 ], [ 122.926377142231217, 14.100375926691868 ], [ 122.926365367507913, 14.100348452337471 ], [ 122.92636144260014, 14.100324902890845 ], [ 122.926349667876821, 14.100289578720908 ], [ 122.926341818061289, 14.10025817945874 ], [ 122.926337893153516, 14.100238554919885 ], [ 122.926326118430197, 14.100211080565488 ], [ 122.926318268614665, 14.100183606211091 ], [ 122.926306493891346, 14.100152206948925 ], [ 122.926294719168027, 14.100116882778986 ], [ 122.926290794260268, 14.10009333333236 ], [ 122.926282944444722, 14.100065858977965 ], [ 122.926282944444722, 14.100042309531339 ], [ 122.926282944444722, 14.100010910269171 ], [ 122.926282944444722, 14.099987360822546 ], [ 122.926279019536949, 14.099959886468149 ], [ 122.926275094629176, 14.099932412113754 ], [ 122.926271169721403, 14.099916712482669 ], [ 122.926271169721403, 14.099897087943814 ], [ 122.926271169721403, 14.099885313220502 ], [ 122.926271169721403, 14.099861763773877 ], [ 122.926271169721403, 14.099853913958334 ], [ 122.926271169721403, 14.099838214327251 ], [ 122.926271169721403, 14.099830364511709 ], [ 122.926271169721403, 14.099822514696166 ], [ 122.926271169721403, 14.099814664880626 ], [ 122.926271169721403, 14.099806815065083 ], [ 122.926271169721403, 14.099795040341771 ], [ 122.926271169721403, 14.099783265618457 ], [ 122.926271169721403, 14.099771490895145 ], [ 122.926275094629176, 14.099763641079603 ], [ 122.926279019536949, 14.099751866356291 ], [ 122.926271169721403, 14.099740091632977 ], [ 122.926259394998098, 14.09971261727858 ], [ 122.926255470090325, 14.099700842555269 ], [ 122.926243695367006, 14.0996694432931 ], [ 122.926235845551474, 14.099657668569789 ], [ 122.926231920643701, 14.099649818754246 ], [ 122.926231920643701, 14.099641968938704 ], [ 122.926231920643701, 14.09962626930762 ], [ 122.926224070828155, 14.09961841949208 ], [ 122.926220145920382, 14.099610569676537 ], [ 122.926216221012609, 14.099602719860995 ], [ 122.926216221012609, 14.099594870045454 ], [ 122.926208371197077, 14.099587020229912 ], [ 122.926208371197077, 14.099571320598828 ], [ 122.926208371197077, 14.099563470783286 ], [ 122.926204446289304, 14.099555620967744 ], [ 122.926200521381531, 14.099547771152203 ], [ 122.926196596473758, 14.09953992133666 ], [ 122.926192671565985, 14.099528146613348 ], [ 122.926188746658212, 14.099520296797806 ], [ 122.926184821750439, 14.099512446982263 ], [ 122.926165197211589, 14.09949674735118 ], [ 122.926157347396057, 14.099492822443409 ], [ 122.926149497580511, 14.099488897535638 ], [ 122.926137722857192, 14.099481047720097 ], [ 122.92612987304166, 14.099477122812326 ], [ 122.926125948133887, 14.099469272996783 ], [ 122.926118098318341, 14.099465348089012 ], [ 122.926110248502795, 14.099457498273472 ], [ 122.926110248502795, 14.099449648457929 ], [ 122.926114173410568, 14.099441798642387 ], [ 122.926118098318341, 14.099433948826846 ], [ 122.926125948133887, 14.099426099011303 ], [ 122.926133797949419, 14.099422174103532 ], [ 122.926141647764965, 14.099422174103532 ], [ 122.926161272303816, 14.099414324287991 ], [ 122.926176971934908, 14.099414324287991 ], [ 122.926208371197077, 14.09941039938022 ], [ 122.926231920643701, 14.099406474472449 ], [ 122.926251545182552, 14.099402549564678 ], [ 122.926282944444722, 14.099402549564678 ], [ 122.926310418799119, 14.099394699749137 ], [ 122.926341818061289, 14.099382925025823 ], [ 122.926377142231217, 14.099379000118052 ], [ 122.926408541493387, 14.099379000118052 ], [ 122.926420316216706, 14.099379000118052 ], [ 122.92644386566333, 14.099375075210281 ], [ 122.926479189833259, 14.09936722539474 ], [ 122.926510589095429, 14.099363300486969 ], [ 122.926549838173145, 14.099363300486969 ], [ 122.926581237435315, 14.099363300486969 ], [ 122.92661263669747, 14.099363300486969 ], [ 122.926651885775186, 14.099363300486969 ], [ 122.926687209945129, 14.099363300486969 ], [ 122.926718609207299, 14.099363300486969 ], [ 122.926742158653923, 14.099363300486969 ], [ 122.926765708100547, 14.099363300486969 ], [ 122.926789257547171, 14.099363300486969 ], [ 122.926808882086021, 14.099363300486969 ], [ 122.926832431532645, 14.099363300486969 ], [ 122.926855980979269, 14.099363300486969 ], [ 122.926879530425893, 14.099363300486969 ], [ 122.92690700478029, 14.099363300486969 ], [ 122.92693840404246, 14.099371150302511 ], [ 122.92696980330463, 14.099375075210281 ], [ 122.926985502935722, 14.099382925025823 ], [ 122.927009052382346, 14.099390774841366 ], [ 122.92702082710565, 14.099398624656907 ], [ 122.927028676921196, 14.099398624656907 ], [ 122.927048301460047, 14.099406474472449 ], [ 122.927056151275593, 14.099406474472449 ], [ 122.927067925998898, 14.099414324287991 ], [ 122.92708362562999, 14.099426099011303 ], [ 122.927095400353295, 14.099433948826846 ], [ 122.92711502489216, 14.099441798642387 ], [ 122.927134649431011, 14.0994535733657 ], [ 122.92714642415433, 14.099465348089012 ], [ 122.927166048693181, 14.099477122812326 ], [ 122.927181748324259, 14.099488897535638 ], [ 122.927201372863109, 14.099500672258952 ], [ 122.927213147586428, 14.099508522074492 ], [ 122.927220997401975, 14.099516371890035 ], [ 122.927240621940825, 14.099520296797806 ], [ 122.927252396664144, 14.099528146613348 ], [ 122.927264171387449, 14.099543846244432 ], [ 122.927275946110768, 14.099555620967744 ], [ 122.927295570649619, 14.099575245506598 ], [ 122.927311270280697, 14.099587020229912 ], [ 122.927330894819562, 14.099602719860995 ], [ 122.927342669542867, 14.099610569676537 ], [ 122.927354444266186, 14.09962626930762 ], [ 122.927362294081718, 14.099630194215392 ], [ 122.927374068805037, 14.099641968938704 ], [ 122.927389768436115, 14.099649818754246 ], [ 122.927401543159434, 14.099665518385329 ], [ 122.927413317882753, 14.099677293108643 ], [ 122.92742901751383, 14.099692992739726 ], [ 122.927436867329376, 14.099700842555269 ], [ 122.927444717144908, 14.09971261727858 ], [ 122.927460416776, 14.099728316909665 ], [ 122.927468266591532, 14.099740091632977 ], [ 122.927480041314851, 14.099751866356291 ], [ 122.927495740945929, 14.099775415802917 ], [ 122.927499665853702, 14.099783265618457 ], [ 122.927527140208099, 14.099806815065083 ], [ 122.927531065115872, 14.099814664880626 ], [ 122.927546764746964, 14.099842139235022 ], [ 122.927562464378042, 14.099861763773877 ], [ 122.92757816400912, 14.099881388312731 ], [ 122.927589938732439, 14.099897087943814 ], [ 122.927601713455743, 14.099916712482669 ], [ 122.927617413086836, 14.099944186837066 ], [ 122.927625262902382, 14.099955961560378 ], [ 122.927640962533459, 14.099983435914774 ], [ 122.927664511980083, 14.100018760084714 ], [ 122.927684136518934, 14.10005015934688 ], [ 122.927699836150026, 14.100077633701277 ], [ 122.927707685965558, 14.10009333333236 ], [ 122.927715535781104, 14.100112957871215 ], [ 122.927727310504423, 14.100132582410071 ], [ 122.927743010135501, 14.100160056764466 ], [ 122.927758709766593, 14.100187531118863 ], [ 122.927774409397671, 14.10021500547326 ], [ 122.92778618412099, 14.100238554919885 ], [ 122.927790109028749, 14.100246404735426 ], [ 122.927794033936522, 14.100273879089823 ], [ 122.927801883752068, 14.100289578720908 ], [ 122.927809733567614, 14.100309203259762 ], [ 122.927813658475387, 14.100328827798617 ], [ 122.927813658475387, 14.1003445274297 ], [ 122.927825433198691, 14.100372001784097 ], [ 122.927825433198691, 14.10038770141518 ], [ 122.927833283014238, 14.100419100677348 ], [ 122.927841132829769, 14.100438725216202 ], [ 122.927845057737542, 14.100470124478369 ], [ 122.927845057737542, 14.100489749017225 ], [ 122.927856832460861, 14.10051722337162 ], [ 122.927856832460861, 14.100536847910474 ], [ 122.927860757368634, 14.1005603973571 ], [ 122.927860757368634, 14.100583946803726 ], [ 122.927864682276407, 14.100619270973665 ], [ 122.927864682276407, 14.100634970604748 ], [ 122.927868607184166, 14.100658520051374 ], [ 122.927868607184166, 14.100678144590228 ], [ 122.927868607184166, 14.100701694036854 ], [ 122.927868607184166, 14.100717393667937 ], [ 122.927876456999712, 14.100740943114562 ], [ 122.927876456999712, 14.100760567653419 ], [ 122.927876456999712, 14.100784117100043 ], [ 122.927876456999712, 14.100807666546668 ], [ 122.927880381907485, 14.100835140901065 ], [ 122.927880381907485, 14.100842990716608 ], [ 122.927880381907485, 14.100854765439919 ], [ 122.927880381907485, 14.100866540163233 ], [ 122.927880381907485, 14.100878314886545 ], [ 122.927880381907485, 14.100890089609859 ], [ 122.927880381907485, 14.100905789240942 ], [ 122.927884306815258, 14.100913639056484 ], [ 122.927884306815258, 14.100925413779796 ], [ 122.927884306815258, 14.10094111341088 ], [ 122.927884306815258, 14.100952888134193 ], [ 122.927884306815258, 14.100964662857505 ], [ 122.927888231723031, 14.10098036248859 ], [ 122.927888231723031, 14.100996062119673 ], [ 122.927892156630804, 14.101003911935216 ], [ 122.927892156630804, 14.101011761750756 ], [ 122.927476116407078, 14.101074560275091 ] ] ] ] } },
{ "type": "Feature", "properties": { "fid": 150, "desc": "\"tangga\" area", "other desc": null, "barangay": "Barangay Bibirao", "col": "etc", "etc": null, "layer": "bibirao_etc" }, "geometry": { "type": "MultiPolygon", "coordinates": [ [ [ [ 122.927586013824651, 14.101168758061599 ], [ 122.927578164009105, 14.101176607877139 ], [ 122.927570314193559, 14.101176607877139 ], [ 122.927562464378013, 14.101176607877139 ], [ 122.927554614562482, 14.101180532784911 ], [ 122.927546764746936, 14.101180532784911 ], [ 122.92753891493139, 14.101184457692682 ], [ 122.927531065115858, 14.101184457692682 ], [ 122.927523215300312, 14.101188382600453 ], [ 122.927511440576993, 14.101188382600453 ], [ 122.927503590761461, 14.101188382600453 ], [ 122.927491816038142, 14.101188382600453 ], [ 122.927483966222596, 14.101188382600453 ], [ 122.927476116407064, 14.101188382600453 ], [ 122.927468266591518, 14.101188382600453 ], [ 122.927460416775972, 14.101188382600453 ], [ 122.92745256696044, 14.101188382600453 ], [ 122.927444717144894, 14.101192307508224 ], [ 122.927436867329348, 14.101192307508224 ], [ 122.927429017513802, 14.101192307508224 ], [ 122.92742116769827, 14.101196232415994 ], [ 122.927413317882724, 14.101196232415994 ], [ 122.927405468067178, 14.101200157323765 ], [ 122.927397618251646, 14.101200157323765 ], [ 122.927385843528327, 14.101200157323765 ], [ 122.927374068805022, 14.101200157323765 ], [ 122.927366218989476, 14.101200157323765 ], [ 122.927350519358384, 14.101200157323765 ], [ 122.92733874463508, 14.101200157323765 ], [ 122.927330894819534, 14.101204082231536 ], [ 122.927319120096229, 14.101204082231536 ], [ 122.927311270280683, 14.101204082231536 ], [ 122.927295570649591, 14.101204082231536 ], [ 122.927287720834059, 14.101204082231536 ], [ 122.92727594611074, 14.101204082231536 ], [ 122.927268096295194, 14.101208007139308 ], [ 122.927252396664116, 14.101208007139308 ], [ 122.927240621940811, 14.101208007139308 ], [ 122.927228847217492, 14.101208007139308 ], [ 122.927220997401946, 14.101208007139308 ], [ 122.927205297770868, 14.101208007139308 ], [ 122.927197447955322, 14.101208007139308 ], [ 122.927189598139776, 14.101208007139308 ], [ 122.927177823416471, 14.101208007139308 ], [ 122.927166048693152, 14.101208007139308 ], [ 122.927154273969848, 14.101208007139308 ], [ 122.927134649430982, 14.101208007139308 ], [ 122.927118949799905, 14.101208007139308 ], [ 122.927095400353281, 14.101208007139308 ], [ 122.927083625629962, 14.101208007139308 ], [ 122.927067925998884, 14.101208007139308 ], [ 122.927048301460033, 14.101208007139308 ], [ 122.927036526736714, 14.101204082231536 ], [ 122.927024752013409, 14.101200157323765 ], [ 122.92701297729009, 14.101200157323765 ], [ 122.926993352751239, 14.101200157323765 ], [ 122.926977653120147, 14.101192307508224 ], [ 122.926961953489069, 14.101188382600453 ], [ 122.92695017876575, 14.101184457692682 ], [ 122.926938404042446, 14.101180532784911 ], [ 122.926926629319127, 14.101180532784911 ], [ 122.926914854595822, 14.101176607877139 ], [ 122.926903079872503, 14.101172682969368 ], [ 122.926887380241425, 14.101168758061599 ], [ 122.926875605518106, 14.101164833153828 ], [ 122.926863830794801, 14.101164833153828 ], [ 122.926852056071482, 14.101164833153828 ], [ 122.926840281348177, 14.101156983338285 ], [ 122.926820656809312, 14.101156983338285 ], [ 122.926808882086007, 14.101153058430514 ], [ 122.926801032270461, 14.101149133522743 ], [ 122.926793182454915, 14.101145208614973 ], [ 122.92678140773161, 14.101141283707202 ], [ 122.926769633008291, 14.101141283707202 ], [ 122.926757858284986, 14.101137358799431 ], [ 122.92675000846944, 14.101133433891659 ], [ 122.926734308838348, 14.101125584076119 ], [ 122.926726459022817, 14.101121659168347 ], [ 122.926706834483966, 14.101113809352805 ], [ 122.926695059760647, 14.101105959537263 ], [ 122.926683285037328, 14.101105959537263 ], [ 122.926675435221796, 14.101102034629493 ], [ 122.926663660498477, 14.101094184813951 ], [ 122.926651885775172, 14.101090259906179 ], [ 122.926640111051853, 14.101086334998408 ], [ 122.926632261236307, 14.101082410090637 ], [ 122.926624411420775, 14.101082410090637 ], [ 122.926612636697456, 14.101074560275096 ], [ 122.926600861974137, 14.101070635367325 ], [ 122.926593012158605, 14.101070635367325 ], [ 122.926585162343059, 14.101066710459554 ], [ 122.926577312527513, 14.101062785551782 ], [ 122.926569462711981, 14.101058860644011 ], [ 122.926561612896435, 14.101058860644011 ], [ 122.926549838173116, 14.101054935736242 ], [ 122.926541988357585, 14.101051010828471 ], [ 122.926534138542038, 14.101043161012928 ], [ 122.926526288726492, 14.101043161012928 ], [ 122.926518438910961, 14.101039236105157 ], [ 122.926514514003188, 14.101031386289616 ], [ 122.926506664187642, 14.101031386289616 ], [ 122.926498814372096, 14.101027461381845 ], [ 122.926494889464323, 14.101019611566302 ], [ 122.926475264925472, 14.101015686658531 ], [ 122.926467415109926, 14.101007836842991 ], [ 122.926459565294394, 14.101007836842991 ], [ 122.926447790571075, 14.100996062119677 ], [ 122.92643601584777, 14.100992137211906 ], [ 122.926416391308905, 14.100984287396365 ], [ 122.926408541493373, 14.100972512673051 ], [ 122.926392841862281, 14.10096466285751 ], [ 122.926384992046749, 14.100960737949739 ], [ 122.926377142231203, 14.100952888134197 ], [ 122.926365367507884, 14.100948963226426 ], [ 122.926357517692352, 14.100941113410885 ], [ 122.926349667876806, 14.100933263595342 ], [ 122.92634181806126, 14.100933263595342 ], [ 122.926337893153487, 14.1009254137798 ], [ 122.926330043337956, 14.1009254137798 ], [ 122.92632219352241, 14.10092148887203 ], [ 122.926298644075786, 14.100897939425405 ], [ 122.926263319905843, 14.100866540163237 ], [ 122.926255470090297, 14.100850840532154 ], [ 122.926243695366992, 14.100842990716611 ], [ 122.926239770459219, 14.100835140901069 ], [ 122.926231920643673, 14.100827291085528 ], [ 122.926220145920368, 14.100815516362214 ], [ 122.926208371197049, 14.100799816731131 ], [ 122.926200521381503, 14.100791966915589 ], [ 122.926192671565971, 14.100780192192277 ], [ 122.926169122119347, 14.100748792930109 ], [ 122.926157347396028, 14.100729168391254 ], [ 122.926145572672723, 14.100713468760171 ], [ 122.926137722857177, 14.100697769129088 ], [ 122.926122023226085, 14.10066636986692 ], [ 122.926110248502781, 14.100646745328065 ], [ 122.926098473779462, 14.100631045696982 ], [ 122.926086699056157, 14.100611421158126 ], [ 122.926078849240611, 14.100583946803731 ], [ 122.926074924332838, 14.100560397357105 ], [ 122.92605922470176, 14.100521148279396 ], [ 122.926051374886214, 14.10050152374054 ], [ 122.926043525070668, 14.100477974293915 ], [ 122.926039600162895, 14.100454424847291 ], [ 122.92602782543959, 14.100430875400665 ], [ 122.926019975624044, 14.100419100677351 ], [ 122.926008200900739, 14.100407325954039 ], [ 122.926004275992966, 14.100391626322955 ], [ 122.92599642617742, 14.100379851599643 ], [ 122.925992501269647, 14.1003720017841 ], [ 122.925984651454115, 14.100352377245246 ], [ 122.925980726546342, 14.100344527429703 ], [ 122.925976801638569, 14.100332752706391 ], [ 122.925968951823023, 14.100317053075308 ], [ 122.925961102007477, 14.100297428536454 ], [ 122.925953252191945, 14.10028565381314 ], [ 122.925941477468626, 14.100262104366514 ], [ 122.925937552560853, 14.10024247982766 ], [ 122.925925777837548, 14.100226780196577 ], [ 122.925921852929775, 14.100211080565492 ], [ 122.925914003114229, 14.10019930584218 ], [ 122.925910078206456, 14.100187531118866 ], [ 122.925906153298683, 14.100175756395554 ], [ 122.925898303483152, 14.1001561318567 ], [ 122.925894378575379, 14.100140432225617 ], [ 122.925886528759833, 14.100128657502303 ], [ 122.925878678944301, 14.100089408424594 ], [ 122.925870829128755, 14.100065858977969 ], [ 122.925870829128755, 14.100054084254655 ], [ 122.925866904220982, 14.100046234439114 ], [ 122.925862979313209, 14.1000344597158 ], [ 122.925859054405436, 14.10002660990026 ], [ 122.925859054405436, 14.100018760084717 ], [ 122.925855129497663, 14.100006985361404 ], [ 122.925851204589904, 14.099999135545863 ], [ 122.925851204589904, 14.09999128573032 ], [ 122.925843354774358, 14.099955961560383 ], [ 122.925827655143266, 14.099901012851589 ], [ 122.925815880419961, 14.099853913958338 ], [ 122.925804105696642, 14.099806815065087 ], [ 122.92579625588111, 14.099771490895149 ], [ 122.925788406065564, 14.099736166725211 ], [ 122.925784481157791, 14.099696917647501 ], [ 122.925780556250018, 14.09964589384648 ], [ 122.925776631342245, 14.099614494584312 ], [ 122.925776631342245, 14.099575245506603 ], [ 122.925768781526713, 14.099543846244435 ], [ 122.925768781526713, 14.099512446982269 ], [ 122.925768781526713, 14.099477122812329 ], [ 122.925768781526713, 14.099433948826849 ], [ 122.925768781526713, 14.099414324287995 ], [ 122.925768781526713, 14.099390774841369 ], [ 122.925768781526713, 14.099375075210286 ], [ 122.925768781526713, 14.099351525763661 ], [ 122.925768781526713, 14.099324051409264 ], [ 122.925768781526713, 14.099296577054867 ], [ 122.925768781526713, 14.099276952516012 ], [ 122.925768781526713, 14.099253403069387 ], [ 122.925772706434472, 14.09922200380722 ], [ 122.925776631342245, 14.099206304176136 ], [ 122.925784481157791, 14.09918275472951 ], [ 122.925788406065564, 14.099167055098427 ], [ 122.925800180788869, 14.099143505651801 ], [ 122.925804105696642, 14.099123881112947 ], [ 122.925819805327734, 14.09909640675855 ], [ 122.925831580051039, 14.099068932404153 ], [ 122.925843354774358, 14.099041458049758 ], [ 122.925855129497663, 14.099017908603132 ], [ 122.925870829128755, 14.098990434248735 ], [ 122.92588260385206, 14.098970809709881 ], [ 122.925894378575379, 14.098955110078796 ], [ 122.925902228390925, 14.098943335355484 ], [ 122.925910078206456, 14.09892371081663 ], [ 122.925921852929775, 14.098908011185546 ], [ 122.925929702745321, 14.098892311554462 ], [ 122.92593362765308, 14.09888053683115 ], [ 122.925941477468626, 14.098868762107836 ], [ 122.925945402376399, 14.098860912292295 ], [ 122.925949327284172, 14.098853062476753 ], [ 122.925957177099718, 14.098841287753441 ], [ 122.92596502691525, 14.098817738306815 ], [ 122.925980726546342, 14.09879418886019 ], [ 122.925992501269647, 14.098774564321335 ], [ 122.926000351085193, 14.098762789598021 ], [ 122.926004275992966, 14.098754939782479 ], [ 122.926012125808512, 14.098747089966938 ], [ 122.926023900531817, 14.098727465428084 ], [ 122.926035675255136, 14.098703915981458 ], [ 122.926047449978441, 14.098696066165916 ], [ 122.92605922470176, 14.098676441627061 ], [ 122.926074924332838, 14.098656817088207 ], [ 122.926082774148384, 14.098645042364893 ], [ 122.926094548871689, 14.098633267641581 ], [ 122.926102398687235, 14.098621492918268 ], [ 122.926118098318327, 14.098613643102727 ], [ 122.926122023226085, 14.098605793287184 ], [ 122.926129873041631, 14.098601868379413 ], [ 122.926137722857177, 14.098594018563873 ], [ 122.926153422488255, 14.098590093656101 ], [ 122.926161272303801, 14.098582243840559 ], [ 122.926173047027106, 14.098578318932788 ], [ 122.926184821750425, 14.098570469117247 ], [ 122.926196596473744, 14.098562619301704 ], [ 122.926212296104822, 14.098554769486162 ], [ 122.926220145920368, 14.098550844578392 ], [ 122.926231920643673, 14.098546919670621 ], [ 122.926247620274765, 14.098535144947308 ], [ 122.92625939499807, 14.098527295131767 ], [ 122.926271169721389, 14.098523370223996 ], [ 122.926282944444694, 14.098519445316224 ], [ 122.92629079426024, 14.098511595500682 ], [ 122.926302568983559, 14.098507670592911 ], [ 122.926314343706863, 14.098503745685141 ], [ 122.926326118430183, 14.09849982077737 ], [ 122.926337893153487, 14.09849982077737 ], [ 122.926349667876806, 14.09849982077737 ], [ 122.926361442600111, 14.09849982077737 ], [ 122.926377142231203, 14.09849982077737 ], [ 122.926388916954508, 14.09849982077737 ], [ 122.9264046165856, 14.09849982077737 ], [ 122.926428166032224, 14.09849982077737 ], [ 122.926447790571075, 14.09849982077737 ], [ 122.926463490202167, 14.09849982077737 ], [ 122.926494889464323, 14.09849982077737 ], [ 122.926534138542038, 14.09849982077737 ], [ 122.92657338761974, 14.09849982077737 ], [ 122.92660478688191, 14.09849982077737 ], [ 122.926628336328534, 14.098503745685141 ], [ 122.926659735590704, 14.098511595500682 ], [ 122.926683285037328, 14.098519445316224 ], [ 122.926706834483966, 14.098527295131767 ], [ 122.926734308838348, 14.098539069855079 ], [ 122.926765708100518, 14.098546919670621 ], [ 122.926793182454915, 14.098558694393933 ], [ 122.926808882086007, 14.098566544209476 ], [ 122.926828506624858, 14.098574394025016 ], [ 122.926844206255936, 14.098582243840559 ], [ 122.926852056071482, 14.09858616874833 ], [ 122.926863830794801, 14.098590093656101 ], [ 122.926875605518106, 14.098590093656101 ], [ 122.926883455333652, 14.098590093656101 ], [ 122.926914854595822, 14.098590093656101 ], [ 122.926965878396842, 14.098590093656101 ], [ 122.926997277659012, 14.098597943471642 ], [ 122.927036526736714, 14.098601868379413 ], [ 122.927115024892132, 14.098617568010498 ], [ 122.927146424154301, 14.098621492918268 ], [ 122.927189598139776, 14.098637192549353 ], [ 122.927213147586414, 14.098641117457124 ], [ 122.927228847217492, 14.098648967272664 ], [ 122.927248471756343, 14.098652892180436 ], [ 122.92727594611074, 14.098664666903748 ], [ 122.927287720834059, 14.098676441627061 ], [ 122.927323045003988, 14.098696066165916 ], [ 122.927366218989476, 14.098727465428084 ], [ 122.927401543159405, 14.098754939782479 ], [ 122.927425092606043, 14.098778489229105 ], [ 122.927456491868199, 14.09880203867573 ], [ 122.927468266591518, 14.098817738306815 ], [ 122.927483966222596, 14.098829513030127 ], [ 122.927487891130369, 14.098841287753441 ], [ 122.927495740945915, 14.09884521266121 ], [ 122.927507515669234, 14.098860912292295 ], [ 122.927519290392539, 14.098864837200066 ], [ 122.927523215300312, 14.098872687015607 ], [ 122.927531065115858, 14.098876611923378 ], [ 122.927546764746936, 14.098896236462233 ], [ 122.927562464378013, 14.098919785908858 ], [ 122.927582088916878, 14.098951185171027 ], [ 122.927613488179048, 14.098994359156507 ], [ 122.927640962533445, 14.099033608234215 ], [ 122.927656662164523, 14.099065007496383 ], [ 122.927664511980069, 14.099080707127467 ], [ 122.927668436887842, 14.099092481850779 ], [ 122.927672361795601, 14.099104256574092 ], [ 122.927676286703374, 14.099119956205175 ], [ 122.927680211611147, 14.099131730928489 ], [ 122.92768413651892, 14.099147430559572 ], [ 122.927688061426693, 14.099174904913969 ], [ 122.927688061426693, 14.099186679637281 ], [ 122.927688061426693, 14.099198454360595 ], [ 122.927691986334466, 14.099214153991678 ], [ 122.927695911242225, 14.099233778530532 ], [ 122.927699836149998, 14.099245553253846 ], [ 122.927711610873317, 14.099261252884929 ], [ 122.92771553578109, 14.099276952516012 ], [ 122.927727310504395, 14.099292652147096 ], [ 122.927735160319941, 14.099304426870409 ], [ 122.927739085227714, 14.099316201593721 ], [ 122.927743010135487, 14.099331901224806 ], [ 122.927754784858791, 14.099355450671432 ], [ 122.927766559582111, 14.099379000118057 ], [ 122.927786184120961, 14.099418249195766 ], [ 122.927801883752053, 14.099449648457933 ], [ 122.927821508290904, 14.099492822443413 ], [ 122.927841132829755, 14.099532071521123 ], [ 122.927856832460833, 14.099555620967749 ], [ 122.927860757368606, 14.09956347078329 ], [ 122.927868607184152, 14.099571320598832 ], [ 122.927872532091925, 14.099590945137686 ], [ 122.927880381907471, 14.09960664476877 ], [ 122.927888231723003, 14.099614494584312 ], [ 122.927888231723003, 14.099626269307626 ], [ 122.927896081538549, 14.09964589384648 ], [ 122.927903931354095, 14.099669443293106 ], [ 122.927907856261868, 14.099685142924189 ], [ 122.927911781169627, 14.099696917647501 ], [ 122.927923555892946, 14.099720467094127 ], [ 122.927923555892946, 14.09973224181744 ], [ 122.927927480800719, 14.099744016540752 ], [ 122.927935330616265, 14.099751866356295 ], [ 122.927939255524024, 14.099767565987378 ], [ 122.927943180431797, 14.099787190526232 ], [ 122.927951030247343, 14.099806815065087 ], [ 122.927962804970647, 14.099834289419483 ], [ 122.927970654786193, 14.099865688681652 ], [ 122.927982429509512, 14.099893163036048 ], [ 122.927990279325044, 14.099908862667132 ], [ 122.92799812914059, 14.099924562298215 ], [ 122.928005978956136, 14.099944186837069 ], [ 122.928017753679441, 14.099967736283695 ], [ 122.92802952840276, 14.09999128573032 ], [ 122.928037378218306, 14.100010910269175 ], [ 122.928049152941611, 14.100054084254655 ], [ 122.928064852572703, 14.100089408424594 ], [ 122.928068777480476, 14.100120807686761 ], [ 122.928072702388235, 14.100148282041157 ], [ 122.928080552203781, 14.100179681303326 ], [ 122.928080552203781, 14.100203230749951 ], [ 122.928084477111554, 14.100234630012118 ], [ 122.9280923269271, 14.100277803997598 ], [ 122.928096251834859, 14.100313128167537 ], [ 122.928100176742632, 14.100340602521934 ], [ 122.928111951465951, 14.100383776507414 ], [ 122.928119801281497, 14.100411250861809 ], [ 122.928127651097029, 14.100438725216206 ], [ 122.928143350728121, 14.100485824109457 ], [ 122.928162975266972, 14.100556472449334 ], [ 122.928170825082518, 14.100591796619272 ], [ 122.928182599805822, 14.100634970604752 ], [ 122.928194374529141, 14.100678144590233 ], [ 122.928206149252446, 14.1007095438524 ], [ 122.928213999067992, 14.100744868022339 ], [ 122.928225773791311, 14.100788042007819 ], [ 122.92822969869907, 14.100803741638902 ], [ 122.928237548514616, 14.100827291085528 ], [ 122.928241473422389, 14.100835140901069 ], [ 122.928245398330162, 14.100850840532154 ], [ 122.928245398330162, 14.100858690347694 ], [ 122.928245398330162, 14.100866540163237 ], [ 122.928245398330162, 14.100874389978779 ], [ 122.928253248145708, 14.10088223979432 ], [ 122.928253248145708, 14.100890089609862 ], [ 122.928257173053467, 14.100897939425405 ], [ 122.928265022869013, 14.100905789240946 ], [ 122.928268947776786, 14.100917563964259 ], [ 122.928276797592332, 14.100933263595342 ], [ 122.928280722500105, 14.100945038318656 ], [ 122.928288572315637, 14.100952888134197 ], [ 122.92829249722341, 14.100960737949739 ], [ 122.928300347038956, 14.100976437580822 ], [ 122.928308196854502, 14.100984287396365 ], [ 122.928308196854502, 14.100992137211906 ], [ 122.928312121762261, 14.101003911935219 ], [ 122.928319971577807, 14.101007836842991 ], [ 122.928319971577807, 14.101015686658531 ], [ 122.928319971577807, 14.101023536474074 ], [ 122.928319971577807, 14.101031386289616 ], [ 122.927586013824651, 14.101168758061599 ] ] ] ] } },
{ "type": "Feature", "properties": { "fid": 151, "desc": "dam", "other desc": "with warning device", "barangay": "Barangay Bibirao", "col": "etc", "etc": null, "layer": "bibirao_dam" }, "geometry": { "type": "MultiPolygon", "coordinates": [ [ [ [ 122.931224403328315, 14.104606977268928 ], [ 122.931208703697223, 14.104606977268928 ], [ 122.931193004066145, 14.104606977268928 ], [ 122.931177304435067, 14.104606977268928 ], [ 122.931161604803975, 14.10461482708447 ], [ 122.931145905172897, 14.10461482708447 ], [ 122.931130205541805, 14.10461482708447 ], [ 122.931114505910728, 14.10461482708447 ], [ 122.93109880627965, 14.10461482708447 ], [ 122.931083106648558, 14.10461482708447 ], [ 122.93106740701748, 14.10461482708447 ], [ 122.931051707386388, 14.10461482708447 ], [ 122.93103600775531, 14.10461482708447 ], [ 122.931020308124232, 14.10461482708447 ], [ 122.93100460849314, 14.10461482708447 ], [ 122.930988908862062, 14.10461482708447 ], [ 122.93097320923097, 14.10461482708447 ], [ 122.930957509599892, 14.10461482708447 ], [ 122.9309418099688, 14.10461482708447 ], [ 122.930918260522176, 14.104606977268928 ], [ 122.930902560891099, 14.104591277637844 ], [ 122.930886861260021, 14.104583427822302 ], [ 122.930879011444475, 14.104567728191219 ], [ 122.930871161628929, 14.104552028560136 ], [ 122.930855461997851, 14.104544178744593 ], [ 122.930839762366759, 14.10452847911351 ], [ 122.930839762366759, 14.104512779482427 ], [ 122.930831912551227, 14.104497079851342 ], [ 122.930831912551227, 14.104473530404716 ], [ 122.930816212920135, 14.104465680589175 ], [ 122.930816212920135, 14.104449980958091 ], [ 122.930816212920135, 14.104434281327007 ], [ 122.930816212920135, 14.104418581695924 ], [ 122.930816212920135, 14.104402882064841 ], [ 122.930816212920135, 14.104387182433756 ], [ 122.930816212920135, 14.104371482802673 ], [ 122.930816212920135, 14.10435578317159 ], [ 122.930816212920135, 14.104340083540505 ], [ 122.930816212920135, 14.104324383909422 ], [ 122.930816212920135, 14.104300834462796 ], [ 122.930816212920135, 14.104285134831713 ], [ 122.930816212920135, 14.10426943520063 ], [ 122.930816212920135, 14.104253735569545 ], [ 122.930816212920135, 14.104238035938462 ], [ 122.930824062735681, 14.104222336307378 ], [ 122.930824062735681, 14.104206636676293 ], [ 122.930824062735681, 14.10419093704521 ], [ 122.930831912551227, 14.104167387598585 ], [ 122.930831912551227, 14.104135988336417 ], [ 122.930831912551227, 14.104112438889793 ], [ 122.930839762366759, 14.104096739258708 ], [ 122.930839762366759, 14.104081039627625 ], [ 122.930847612182305, 14.104065339996541 ], [ 122.930855461997851, 14.104041790549916 ], [ 122.930855461997851, 14.104026090918831 ], [ 122.930863311813383, 14.104010391287748 ], [ 122.930871161628929, 14.103986841841122 ], [ 122.930871161628929, 14.103955442578956 ], [ 122.930886861260021, 14.103947592763413 ], [ 122.930894711075553, 14.10393189313233 ], [ 122.930902560891099, 14.103916193501245 ], [ 122.930910410706645, 14.103900493870162 ], [ 122.930918260522176, 14.103884794239079 ], [ 122.930926110337722, 14.103869094607994 ], [ 122.930933960153268, 14.103853394976911 ], [ 122.930933960153268, 14.103837695345828 ], [ 122.9309418099688, 14.103821995714744 ], [ 122.930949659784346, 14.103806296083659 ], [ 122.930949659784346, 14.103790596452576 ], [ 122.930949659784346, 14.103774896821493 ], [ 122.930957509599892, 14.103759197190408 ], [ 122.930965359415438, 14.103735647743783 ], [ 122.930965359415438, 14.103719948112699 ], [ 122.93097320923097, 14.103704248481616 ], [ 122.930981059046516, 14.103688548850531 ], [ 122.930981059046516, 14.103664999403907 ], [ 122.930996758677594, 14.103657149588365 ], [ 122.930996758677594, 14.103641449957282 ], [ 122.930996758677594, 14.103625750326197 ], [ 122.93100460849314, 14.103610050695114 ], [ 122.93100460849314, 14.103586501248488 ], [ 122.931012458308686, 14.103570801617405 ], [ 122.931012458308686, 14.10355510198632 ], [ 122.931020308124232, 14.103539402355237 ], [ 122.931020308124232, 14.103515852908611 ], [ 122.931020308124232, 14.103500153277528 ], [ 122.931020308124232, 14.103484453646445 ], [ 122.931028157939764, 14.10346875401536 ], [ 122.931028157939764, 14.103453054384277 ], [ 122.931028157939764, 14.103437354753193 ], [ 122.931028157939764, 14.103421655122109 ], [ 122.93103600775531, 14.103398105675483 ], [ 122.931043857570856, 14.103366706413317 ], [ 122.93106740701748, 14.103351006782233 ], [ 122.93106740701748, 14.103335307151148 ], [ 122.931075256833012, 14.103319607520065 ], [ 122.931090956464104, 14.10329605807344 ], [ 122.93109880627965, 14.103264658811272 ], [ 122.931106656095182, 14.103248959180188 ], [ 122.931114505910728, 14.103233259549105 ], [ 122.931114505910728, 14.10320971010248 ], [ 122.931122355726274, 14.103194010471396 ], [ 122.931138055357351, 14.103178310840311 ], [ 122.931138055357351, 14.103154761393686 ], [ 122.931145905172897, 14.103139061762603 ], [ 122.931145905172897, 14.10312336213152 ], [ 122.931153754988443, 14.103107662500435 ], [ 122.931153754988443, 14.103091962869351 ], [ 122.931153754988443, 14.103076263238268 ], [ 122.931161604803975, 14.103060563607185 ], [ 122.931161604803975, 14.1030448639761 ], [ 122.931161604803975, 14.103029164345017 ], [ 122.931161604803975, 14.103005614898391 ], [ 122.931161604803975, 14.102989915267308 ], [ 122.931161604803975, 14.102974215636223 ], [ 122.931161604803975, 14.10295851600514 ], [ 122.931161604803975, 14.102942816374057 ], [ 122.931161604803975, 14.102927116742972 ], [ 122.931161604803975, 14.102903567296348 ], [ 122.931161604803975, 14.102887867665263 ], [ 122.931161604803975, 14.10287216803418 ], [ 122.931161604803975, 14.102856468403097 ], [ 122.931161604803975, 14.102840768772012 ], [ 122.931169454619521, 14.102825069140929 ], [ 122.931169454619521, 14.102809369509846 ], [ 122.931177304435067, 14.102793669878761 ], [ 122.931185154250599, 14.102777970247677 ], [ 122.931185154250599, 14.102762270616594 ], [ 122.931193004066145, 14.102746570985511 ], [ 122.931200853881691, 14.102730871354426 ], [ 122.931208703697223, 14.102715171723343 ], [ 122.931224403328315, 14.10269947209226 ], [ 122.931224403328315, 14.102683772461175 ], [ 122.931240102959393, 14.102668072830092 ], [ 122.931247952774939, 14.102652373199009 ], [ 122.931255802590485, 14.102636673567924 ], [ 122.931271502221563, 14.102636673567924 ], [ 122.931287201852655, 14.102628823752383 ], [ 122.931310751299279, 14.102628823752383 ], [ 122.931326450930356, 14.1026131241213 ], [ 122.931342150561434, 14.1026131241213 ], [ 122.931357850192526, 14.1026131241213 ], [ 122.93138139963915, 14.1026131241213 ], [ 122.931397099270228, 14.1026131241213 ], [ 122.931428498532398, 14.1026131241213 ], [ 122.931459897794568, 14.1026131241213 ], [ 122.931475597425646, 14.1026131241213 ], [ 122.931491297056738, 14.1026131241213 ], [ 122.931506996687816, 14.1026131241213 ], [ 122.931522696318908, 14.1026131241213 ], [ 122.931538395949985, 14.1026131241213 ], [ 122.931561945396609, 14.102628823752383 ], [ 122.931585494843233, 14.102636673567924 ], [ 122.931601194474325, 14.102644523383466 ], [ 122.931616894105403, 14.102652373199009 ], [ 122.931632593736495, 14.102668072830092 ], [ 122.931640443552027, 14.102683772461175 ], [ 122.931656143183119, 14.102707321907801 ], [ 122.931656143183119, 14.102723021538885 ], [ 122.931671842814197, 14.102738721169969 ], [ 122.931671842814197, 14.102754420801052 ], [ 122.931679692629743, 14.102770120432137 ], [ 122.931679692629743, 14.10278582006322 ], [ 122.931679692629743, 14.102801519694303 ], [ 122.931679692629743, 14.102817219325386 ], [ 122.931679692629743, 14.102832918956471 ], [ 122.931679692629743, 14.102848618587554 ], [ 122.931679692629743, 14.102864318218638 ], [ 122.931679692629743, 14.102887867665263 ], [ 122.931679692629743, 14.102903567296348 ], [ 122.931679692629743, 14.102919266927431 ], [ 122.931679692629743, 14.102934966558514 ], [ 122.931671842814197, 14.10295851600514 ], [ 122.931663992998651, 14.102974215636223 ], [ 122.931663992998651, 14.102989915267308 ], [ 122.931648293367573, 14.103005614898391 ], [ 122.931648293367573, 14.103021314529474 ], [ 122.931640443552027, 14.103037014160559 ], [ 122.931632593736495, 14.103052713791643 ], [ 122.931624743920949, 14.103068413422726 ], [ 122.931624743920949, 14.103084113053809 ], [ 122.931624743920949, 14.103099812684894 ], [ 122.931609044289857, 14.10312336213152 ], [ 122.931609044289857, 14.103139061762603 ], [ 122.931601194474325, 14.103154761393686 ], [ 122.931601194474325, 14.103170461024771 ], [ 122.931593344658779, 14.103186160655854 ], [ 122.931585494843233, 14.103201860286937 ], [ 122.931585494843233, 14.103217559918022 ], [ 122.931585494843233, 14.103233259549105 ], [ 122.931577645027701, 14.103248959180188 ], [ 122.931577645027701, 14.103264658811272 ], [ 122.931577645027701, 14.103280358442357 ], [ 122.931577645027701, 14.10329605807344 ], [ 122.931224403328315, 14.104606977268928 ] ] ] ] } },
{ "type": "Feature", "properties": { "fid": 152, "desc": "catchbasin", "other desc": null, "barangay": "Barangay Bibirao", "col": "flood-prone", "etc": null, "layer": "bibirao_flood-prone" }, "geometry": { "type": "MultiPolygon", "coordinates": [ [ [ [ 122.930737714764717, 14.103547252170779 ], [ 122.930706315502547, 14.103547252170779 ], [ 122.930682766055924, 14.103547252170779 ], [ 122.930651366793754, 14.103539402355237 ], [ 122.93062781734713, 14.103531552539694 ], [ 122.930612117716052, 14.103523702724154 ], [ 122.93059641808496, 14.103523702724154 ], [ 122.930580718453882, 14.103523702724154 ], [ 122.930565018822804, 14.103515852908611 ], [ 122.930549319191712, 14.10350800309307 ], [ 122.930525769745088, 14.103500153277528 ], [ 122.930510070114011, 14.103500153277528 ], [ 122.930494370482918, 14.103492303461985 ], [ 122.930470821036295, 14.103484453646445 ], [ 122.930455121405217, 14.103476603830902 ], [ 122.930439421774125, 14.10346875401536 ], [ 122.930423722143047, 14.103460904199819 ], [ 122.930408022511955, 14.103453054384277 ], [ 122.930392322880877, 14.103445204568734 ], [ 122.930376623249799, 14.103437354753193 ], [ 122.930353073803175, 14.103429504937651 ], [ 122.930337374172083, 14.103421655122109 ], [ 122.930321674541005, 14.103413805306568 ], [ 122.930305974909913, 14.103405955491025 ], [ 122.930290275278836, 14.103398105675483 ], [ 122.930274575647744, 14.103390255859942 ], [ 122.930258876016666, 14.1033824060444 ], [ 122.930258876016666, 14.103366706413317 ], [ 122.930235326570042, 14.103358856597774 ], [ 122.930219626938964, 14.103351006782233 ], [ 122.930203927307872, 14.103335307151148 ], [ 122.930188227676794, 14.103319607520065 ], [ 122.930172528045702, 14.103303907888982 ], [ 122.930156828414624, 14.10329605807344 ], [ 122.930141128783532, 14.103280358442357 ], [ 122.930125429152454, 14.103272508626814 ], [ 122.930109729521376, 14.103256808995731 ], [ 122.930094029890284, 14.103248959180188 ], [ 122.930078330259207, 14.103241109364646 ], [ 122.930062630628115, 14.103233259549105 ], [ 122.930046930997037, 14.103225409733563 ], [ 122.930031231365959, 14.103217559918022 ], [ 122.930015531734867, 14.10320971010248 ], [ 122.929991982288243, 14.103201860286937 ], [ 122.929984132472697, 14.103186160655854 ], [ 122.929968432841619, 14.103178310840311 ], [ 122.929944883394995, 14.103154761393686 ], [ 122.929929183763903, 14.103139061762603 ], [ 122.929921333948371, 14.10312336213152 ], [ 122.929905634317279, 14.103115512315977 ], [ 122.929897784501748, 14.103099812684894 ], [ 122.929882084870655, 14.103091962869351 ], [ 122.929874235055109, 14.103076263238268 ], [ 122.929850685608486, 14.103052713791643 ], [ 122.929819286346316, 14.103029164345017 ], [ 122.929811436530784, 14.103005614898391 ], [ 122.92978788708416, 14.102982065451766 ], [ 122.92975648782199, 14.10295851600514 ], [ 122.929748638006444, 14.102942816374057 ], [ 122.929740788190898, 14.102927116742972 ], [ 122.92972508855982, 14.102927116742972 ], [ 122.929709388928742, 14.102911417111889 ], [ 122.92969368929765, 14.102895717480806 ], [ 122.929677989666573, 14.10287216803418 ], [ 122.929662290035481, 14.102856468403097 ], [ 122.929646590404403, 14.102840768772012 ], [ 122.929630890773325, 14.102817219325386 ], [ 122.929623040957779, 14.102801519694303 ], [ 122.929615191142233, 14.10278582006322 ], [ 122.929599491511155, 14.102777970247677 ], [ 122.929599491511155, 14.102762270616594 ], [ 122.929583791880063, 14.102754420801052 ], [ 122.929575942064531, 14.102738721169969 ], [ 122.929560242433439, 14.102723021538885 ], [ 122.929544542802361, 14.102707321907801 ], [ 122.929528843171269, 14.102691622276717 ], [ 122.929513143540191, 14.102675922645634 ], [ 122.929497443909113, 14.102660223014549 ], [ 122.929473894462475, 14.102636673567924 ], [ 122.929458194831398, 14.10262097393684 ], [ 122.92944249520032, 14.102605274305757 ], [ 122.929426795569228, 14.102589574674674 ], [ 122.92941109593815, 14.102573875043589 ], [ 122.929395396307058, 14.102558175412506 ], [ 122.92937969667598, 14.102550325596964 ], [ 122.929371846860434, 14.10253462596588 ], [ 122.929356147229356, 14.102518926334797 ], [ 122.929340447598264, 14.102503226703712 ], [ 122.929332597782732, 14.102487527072629 ], [ 122.929309048336108, 14.102471827441546 ], [ 122.929293348705016, 14.10244827799492 ], [ 122.929269799258392, 14.102440428179378 ], [ 122.929254099627315, 14.102424728548295 ], [ 122.929238399996223, 14.102401179101669 ], [ 122.929207000734053, 14.102377629655043 ], [ 122.929199150918521, 14.10236193002396 ], [ 122.929175601471897, 14.102338380577335 ], [ 122.929159901840805, 14.102314831130709 ], [ 122.929152052025259, 14.102299131499626 ], [ 122.929136352394181, 14.102275582053 ], [ 122.929128502578635, 14.102259882421915 ], [ 122.929112802947557, 14.10223633297529 ], [ 122.929104953132011, 14.102220633344206 ], [ 122.929089253500933, 14.102204933713123 ], [ 122.929081403685387, 14.102181384266498 ], [ 122.92906570405431, 14.102165684635414 ], [ 122.92906570405431, 14.102149985004329 ], [ 122.929050004423218, 14.102134285373246 ], [ 122.929042154607686, 14.102118585742163 ], [ 122.929026454976594, 14.102110735926621 ], [ 122.929018605161048, 14.102095036295538 ], [ 122.92900290552997, 14.102071486848912 ], [ 122.928987205898892, 14.102063637033369 ], [ 122.928979356083346, 14.102047937402286 ], [ 122.9289715062678, 14.102032237771201 ], [ 122.928955806636722, 14.102016538140118 ], [ 122.92894010700563, 14.102000838509035 ], [ 122.928916557559006, 14.101969439246867 ], [ 122.928900857927928, 14.101953739615784 ], [ 122.928893008112382, 14.101938039984701 ], [ 122.928877308481304, 14.101914490538075 ], [ 122.928861608850212, 14.10189879090699 ], [ 122.928853759034681, 14.101883091275907 ], [ 122.928845909219135, 14.101859541829281 ], [ 122.928830209588057, 14.101835992382656 ], [ 122.928814509956965, 14.10181244293603 ], [ 122.928806660141419, 14.101796743304947 ], [ 122.928790960510341, 14.101781043673864 ], [ 122.928783110694795, 14.101765344042779 ], [ 122.928767411063717, 14.101741794596153 ], [ 122.928759561248171, 14.101718245149529 ], [ 122.928743861617093, 14.101694695702903 ], [ 122.928728161986001, 14.101671146256278 ], [ 122.928712462354923, 14.101631897178567 ], [ 122.928696762723845, 14.101616197547484 ], [ 122.928681063092753, 14.101584798285316 ], [ 122.928665363461675, 14.101545549207607 ], [ 122.928649663830583, 14.101529849576524 ], [ 122.928641814015052, 14.101514149945441 ], [ 122.928618264568414, 14.101482750683273 ], [ 122.928610414752882, 14.10146705105219 ], [ 122.928602564937336, 14.101451351421105 ], [ 122.92859471512179, 14.101435651790021 ], [ 122.928586865306258, 14.101419952158938 ], [ 122.928571165675166, 14.101412102343396 ], [ 122.928571165675166, 14.101396402712313 ], [ 122.928555466044088, 14.10138855289677 ], [ 122.928555466044088, 14.101372853265687 ], [ 122.928539766412996, 14.101349303819061 ], [ 122.928516216966372, 14.101317904556893 ], [ 122.928500517335294, 14.101286505294727 ], [ 122.928484817704202, 14.101270805663642 ], [ 122.92847696788867, 14.101255106032559 ], [ 122.928461268257578, 14.101231556585933 ], [ 122.928453418442047, 14.101208007139308 ], [ 122.928445568626501, 14.101184457692682 ], [ 122.928437718810954, 14.101168758061599 ], [ 122.928422019179877, 14.101137358799431 ], [ 122.928414169364331, 14.101121659168347 ], [ 122.928398469733253, 14.101098109721722 ], [ 122.928390619917707, 14.101066710459556 ], [ 122.928374920286629, 14.101035311197387 ], [ 122.928359220655537, 14.101011761750762 ], [ 122.928359220655537, 14.100980362488594 ], [ 122.928343521024459, 14.10096466285751 ], [ 122.928335671208913, 14.100948963226427 ], [ 122.928327821393367, 14.100925413779802 ], [ 122.928319971577835, 14.100909714148719 ], [ 122.928312121762289, 14.100894014517634 ], [ 122.928304271946743, 14.100870465071008 ], [ 122.928296422131197, 14.100854765439925 ], [ 122.928288572315665, 14.100823366177757 ], [ 122.928280722500119, 14.100807666546674 ], [ 122.928265022869041, 14.10079196691559 ], [ 122.928257173053495, 14.100768417468965 ], [ 122.928241473422418, 14.100737018206797 ], [ 122.928233623606872, 14.100721318575713 ], [ 122.928225773791326, 14.100697769129088 ], [ 122.92821792397578, 14.100674219682462 ], [ 122.928210074160248, 14.100658520051379 ], [ 122.928202224344702, 14.100642820420296 ], [ 122.928194374529156, 14.10061927097367 ], [ 122.928186524713624, 14.100603571342585 ], [ 122.928186524713624, 14.10058002189596 ], [ 122.928170825082532, 14.100564322264876 ], [ 122.928170825082532, 14.100548622633793 ], [ 122.928170825082532, 14.100532923002708 ], [ 122.928162975266986, 14.100517223371625 ], [ 122.928155125451454, 14.100501523740542 ], [ 122.928147275635908, 14.100485824109459 ], [ 122.928147275635908, 14.100462274662833 ], [ 122.92813157600483, 14.100446575031748 ], [ 122.92813157600483, 14.100423025585123 ], [ 122.928123726189284, 14.100407325954039 ], [ 122.928115876373738, 14.100391626322956 ], [ 122.928115876373738, 14.100375926691871 ], [ 122.928115876373738, 14.100352377245247 ], [ 122.928108026558206, 14.100336677614163 ], [ 122.928108026558206, 14.100320977983079 ], [ 122.92810017674266, 14.100305278351996 ], [ 122.92810017674266, 14.100289578720911 ], [ 122.92810017674266, 14.100273879089828 ], [ 122.92810017674266, 14.100258179458745 ], [ 122.92810017674266, 14.100234630012119 ], [ 122.92810017674266, 14.100218930381034 ], [ 122.92810017674266, 14.10019538093441 ], [ 122.92810017674266, 14.100179681303326 ], [ 122.92810017674266, 14.1001561318567 ], [ 122.92810017674266, 14.100140432225617 ], [ 122.928092326927114, 14.100124732594534 ], [ 122.928092326927114, 14.100109032963449 ], [ 122.928092326927114, 14.100093333332365 ], [ 122.928092326927114, 14.100077633701282 ], [ 122.928092326927114, 14.100061934070199 ], [ 122.928092326927114, 14.100046234439114 ], [ 122.928092326927114, 14.100030534808031 ], [ 122.928092326927114, 14.100006985361405 ], [ 122.928092326927114, 14.099991285730322 ], [ 122.928092326927114, 14.099975586099237 ], [ 122.928092326927114, 14.099959886468154 ], [ 122.928092326927114, 14.099944186837071 ], [ 122.928092326927114, 14.099928487205986 ], [ 122.928092326927114, 14.099912787574903 ], [ 122.928108026558206, 14.09989708794382 ], [ 122.928123726189284, 14.099889238128277 ], [ 122.928139425820362, 14.099873538497194 ], [ 122.928155125451454, 14.099865688681652 ], [ 122.928170825082532, 14.099849989050568 ], [ 122.928186524713624, 14.099842139235026 ], [ 122.928202224344702, 14.099834289419485 ], [ 122.92821792397578, 14.099826439603943 ], [ 122.928225773791326, 14.09981073997286 ], [ 122.928241473422418, 14.09981073997286 ], [ 122.928257173053495, 14.099795040341775 ], [ 122.928272872684573, 14.099787190526234 ], [ 122.928288572315665, 14.099779340710691 ], [ 122.928304271946743, 14.099763641079608 ], [ 122.928319971577835, 14.099755791264066 ], [ 122.928335671208913, 14.099755791264066 ], [ 122.928351370839991, 14.099747941448525 ], [ 122.928359220655537, 14.09973224181744 ], [ 122.928374920286629, 14.09973224181744 ], [ 122.928390619917707, 14.0997243920019 ], [ 122.928406319548785, 14.0997243920019 ], [ 122.928422019179877, 14.099716542186357 ], [ 122.928437718810954, 14.099708692370815 ], [ 122.928453418442047, 14.099708692370815 ], [ 122.928469118073124, 14.099700842555274 ], [ 122.928484817704202, 14.099700842555274 ], [ 122.928500517335294, 14.099692992739731 ], [ 122.928524066781918, 14.099692992739731 ], [ 122.928547616228542, 14.099685142924189 ], [ 122.928563315859634, 14.099677293108648 ], [ 122.928579015490712, 14.099677293108648 ], [ 122.928610414752882, 14.099677293108648 ], [ 122.928633964199506, 14.099677293108648 ], [ 122.928649663830583, 14.099677293108648 ], [ 122.928665363461675, 14.099677293108648 ], [ 122.928681063092753, 14.099677293108648 ], [ 122.928696762723845, 14.099677293108648 ], [ 122.928728161986001, 14.099677293108648 ], [ 122.928751711432625, 14.099677293108648 ], [ 122.928767411063717, 14.099677293108648 ], [ 122.928783110694795, 14.099677293108648 ], [ 122.928798810325887, 14.099677293108648 ], [ 122.928814509956965, 14.099677293108648 ], [ 122.928830209588057, 14.099677293108648 ], [ 122.928845909219135, 14.099677293108648 ], [ 122.928869458665758, 14.099677293108648 ], [ 122.928900857927928, 14.099685142924189 ], [ 122.928924407374552, 14.099692992739731 ], [ 122.928947956821176, 14.099692992739731 ], [ 122.9289715062678, 14.099708692370815 ], [ 122.928987205898892, 14.099708692370815 ], [ 122.929026454976594, 14.0997243920019 ], [ 122.92906570405431, 14.09973224181744 ], [ 122.929097103316479, 14.099740091632983 ], [ 122.929120652763103, 14.099747941448525 ], [ 122.929144202209727, 14.099763641079608 ], [ 122.929159901840805, 14.099763641079608 ], [ 122.929183451287429, 14.099771490895149 ], [ 122.929207000734053, 14.099779340710691 ], [ 122.929222700365145, 14.099787190526234 ], [ 122.929246249811769, 14.099795040341775 ], [ 122.929269799258392, 14.099795040341775 ], [ 122.929309048336108, 14.099802890157317 ], [ 122.929340447598264, 14.0998185897884 ], [ 122.929363997044902, 14.099826439603943 ], [ 122.929387546491526, 14.099826439603943 ], [ 122.929418945753682, 14.099826439603943 ], [ 122.92944249520032, 14.099826439603943 ], [ 122.929458194831398, 14.099826439603943 ], [ 122.929481744278021, 14.099826439603943 ], [ 122.929505293724645, 14.099826439603943 ], [ 122.929520993355737, 14.099826439603943 ], [ 122.929536692986815, 14.099826439603943 ], [ 122.929552392617893, 14.099826439603943 ], [ 122.929568092248985, 14.099834289419485 ], [ 122.929630890773325, 14.099834289419485 ], [ 122.929717238744274, 14.099849989050568 ], [ 122.92978788708416, 14.099857838866111 ], [ 122.929850685608486, 14.099857838866111 ], [ 122.929960583026073, 14.099865688681652 ], [ 122.930015531734867, 14.099865688681652 ], [ 122.930086180074738, 14.099865688681652 ], [ 122.930125429152454, 14.099865688681652 ], [ 122.930172528045702, 14.099865688681652 ], [ 122.930227476754496, 14.099865688681652 ], [ 122.93028242546329, 14.099857838866111 ], [ 122.930321674541005, 14.099857838866111 ], [ 122.930345223987629, 14.099857838866111 ], [ 122.930376623249799, 14.099857838866111 ], [ 122.930408022511955, 14.099857838866111 ], [ 122.930462971220749, 14.099857838866111 ], [ 122.930494370482918, 14.099857838866111 ], [ 122.930517919929542, 14.099857838866111 ], [ 122.930565018822804, 14.099857838866111 ], [ 122.93059641808496, 14.099865688681652 ], [ 122.930643516978222, 14.099873538497194 ], [ 122.930674916240378, 14.099873538497194 ], [ 122.930714165318093, 14.099873538497194 ], [ 122.930761264211341, 14.099873538497194 ], [ 122.930816212920135, 14.099881388312737 ], [ 122.930847612182305, 14.099889238128277 ], [ 122.930894711075553, 14.09989708794382 ], [ 122.930918260522176, 14.099904937759362 ], [ 122.9309418099688, 14.099904937759362 ], [ 122.930957509599892, 14.099904937759362 ], [ 122.930981059046516, 14.099920637390445 ], [ 122.930996758677594, 14.099928487205986 ], [ 122.931020308124232, 14.099928487205986 ], [ 122.931059557201934, 14.099944186837071 ], [ 122.931106656095182, 14.099959886468154 ], [ 122.931130205541805, 14.099967736283697 ], [ 122.931177304435067, 14.09998343591478 ], [ 122.931216553512769, 14.099991285730322 ], [ 122.931255802590485, 14.100006985361405 ], [ 122.931279352037109, 14.100022684992489 ], [ 122.931302901483733, 14.100022684992489 ], [ 122.931334300745903, 14.100030534808031 ], [ 122.931365700008072, 14.100038384623574 ], [ 122.93138139963915, 14.100054084254657 ], [ 122.931397099270228, 14.100054084254657 ], [ 122.931420648716866, 14.100054084254657 ], [ 122.931459897794568, 14.10006978388574 ], [ 122.931483447241192, 14.100077633701282 ], [ 122.931514846503362, 14.100085483516823 ], [ 122.931538395949985, 14.100093333332365 ], [ 122.931554095581077, 14.100101183147908 ], [ 122.931585494843233, 14.100101183147908 ], [ 122.931616894105403, 14.100116882778991 ], [ 122.931632593736495, 14.100124732594534 ], [ 122.931656143183119, 14.100132582410074 ], [ 122.931671842814197, 14.100140432225617 ], [ 122.931695392260821, 14.1001561318567 ], [ 122.931711091891913, 14.1001561318567 ], [ 122.931726791522991, 14.100171831487785 ], [ 122.931750340969614, 14.100179681303326 ], [ 122.931766040600706, 14.100203230749951 ], [ 122.931781740231784, 14.100211080565494 ], [ 122.931797439862862, 14.100226780196577 ], [ 122.9318209893095, 14.10024247982766 ], [ 122.931852388571656, 14.100266029274286 ], [ 122.931875938018294, 14.100281728905371 ], [ 122.931899487464918, 14.100305278351996 ], [ 122.931915187095996, 14.100313128167537 ], [ 122.931938736542619, 14.100336677614163 ], [ 122.931954436173712, 14.100352377245247 ], [ 122.931970135804789, 14.100375926691871 ], [ 122.931970135804789, 14.100391626322956 ], [ 122.931985835435867, 14.100407325954039 ], [ 122.932001535066959, 14.100423025585123 ], [ 122.932009384882505, 14.100438725216208 ], [ 122.932009384882505, 14.100454424847291 ], [ 122.932025084513583, 14.100462274662833 ], [ 122.932025084513583, 14.100485824109459 ], [ 122.932032934329129, 14.100509373556084 ], [ 122.932040784144661, 14.100525073187168 ], [ 122.932040784144661, 14.100540772818251 ], [ 122.932048633960207, 14.100572172080419 ], [ 122.932048633960207, 14.100587871711502 ], [ 122.932048633960207, 14.100603571342585 ], [ 122.932048633960207, 14.100627120789211 ], [ 122.932048633960207, 14.100642820420296 ], [ 122.932048633960207, 14.100658520051379 ], [ 122.932048633960207, 14.100674219682462 ], [ 122.932048633960207, 14.100689919313545 ], [ 122.932048633960207, 14.10070561894463 ], [ 122.932048633960207, 14.100721318575713 ], [ 122.932048633960207, 14.100744868022339 ], [ 122.932048633960207, 14.100760567653422 ], [ 122.932048633960207, 14.10079196691559 ], [ 122.932048633960207, 14.100831215993299 ], [ 122.932048633960207, 14.10087831488655 ], [ 122.932048633960207, 14.100909714148719 ], [ 122.932048633960207, 14.100933263595344 ], [ 122.932048633960207, 14.10096466285751 ], [ 122.932048633960207, 14.100996062119679 ], [ 122.932040784144661, 14.101019611566304 ], [ 122.932040784144661, 14.101035311197387 ], [ 122.932032934329129, 14.101058860644013 ], [ 122.932032934329129, 14.101082410090639 ], [ 122.932032934329129, 14.101098109721722 ], [ 122.932032934329129, 14.101121659168347 ], [ 122.932032934329129, 14.101145208614973 ], [ 122.932025084513583, 14.101168758061599 ], [ 122.932025084513583, 14.101200157323767 ], [ 122.932025084513583, 14.101239406401476 ], [ 122.932025084513583, 14.101270805663642 ], [ 122.932017234698037, 14.10130220492581 ], [ 122.932017234698037, 14.101325754372436 ], [ 122.932017234698037, 14.101349303819061 ], [ 122.932017234698037, 14.101380703081229 ], [ 122.932017234698037, 14.101404252527855 ], [ 122.932017234698037, 14.101419952158938 ], [ 122.932017234698037, 14.101451351421105 ], [ 122.932017234698037, 14.10147490086773 ], [ 122.932009384882505, 14.101514149945441 ], [ 122.932001535066959, 14.101545549207607 ], [ 122.931993685251413, 14.101576948469775 ], [ 122.931993685251413, 14.101600497916401 ], [ 122.931993685251413, 14.10163974699411 ], [ 122.931993685251413, 14.101663296440735 ], [ 122.931993685251413, 14.101678996071819 ], [ 122.931985835435867, 14.101718245149529 ], [ 122.931977985620335, 14.101749644411695 ], [ 122.931977985620335, 14.101765344042779 ], [ 122.931970135804789, 14.101796743304947 ], [ 122.931962285989243, 14.101820292751572 ], [ 122.931954436173712, 14.101859541829281 ], [ 122.931954436173712, 14.101883091275907 ], [ 122.931954436173712, 14.101914490538075 ], [ 122.931946586358166, 14.101930190169158 ], [ 122.931938736542619, 14.101969439246867 ], [ 122.931923036911542, 14.102000838509035 ], [ 122.931923036911542, 14.102024387955661 ], [ 122.931915187095996, 14.102040087586744 ], [ 122.931899487464918, 14.102071486848912 ], [ 122.931891637649372, 14.102102886111078 ], [ 122.931891637649372, 14.102126435557704 ], [ 122.931883787833826, 14.102165684635414 ], [ 122.931875938018294, 14.102181384266498 ], [ 122.931860238387202, 14.102212783528664 ], [ 122.931860238387202, 14.102228483159749 ], [ 122.931844538756124, 14.102252032606374 ], [ 122.931836688940578, 14.102267732237458 ], [ 122.931836688940578, 14.102283431868541 ], [ 122.9318209893095, 14.102291281684083 ], [ 122.931813139493954, 14.102306981315166 ], [ 122.931797439862862, 14.102314831130709 ], [ 122.93178959004733, 14.102330530761792 ], [ 122.931766040600706, 14.102346230392875 ], [ 122.931750340969614, 14.10236193002396 ], [ 122.931734641338537, 14.102377629655043 ], [ 122.931718941707445, 14.102401179101669 ], [ 122.931711091891913, 14.102424728548295 ], [ 122.931687542445289, 14.10244827799492 ], [ 122.931679692629743, 14.102463977626003 ], [ 122.931671842814197, 14.102495376888172 ], [ 122.931656143183119, 14.102526776150338 ], [ 122.931640443552027, 14.102550325596964 ], [ 122.931624743920949, 14.102566025228048 ], [ 122.931609044289857, 14.102581724859132 ], [ 122.931585494843233, 14.102597424490215 ], [ 122.931569795212155, 14.1026131241213 ], [ 122.931554095581077, 14.10262097393684 ], [ 122.931554095581077, 14.102636673567924 ], [ 122.931538395949985, 14.102644523383466 ], [ 122.931530546134439, 14.102660223014549 ], [ 122.931514846503362, 14.102675922645634 ], [ 122.931506996687816, 14.102691622276717 ], [ 122.931499146872284, 14.102707321907801 ], [ 122.931491297056738, 14.102723021538885 ], [ 122.931475597425646, 14.102746570985511 ], [ 122.931467747610114, 14.102762270616594 ], [ 122.931459897794568, 14.102777970247677 ], [ 122.930737714764717, 14.103547252170779 ] ] ] ] } },
{ "type": "Feature", "properties": { "fid": 153, "desc": "flood-prone", "other desc": "due to backflow from river to irrigation", "barangay": "Barangay Bibirao", "col": "flood-prone", "etc": null, "layer": "bibrao_flood-prone" }, "geometry": { "type": "MultiPolygon", "coordinates": [ [ [ [ 122.935241546431882, 14.099918674936559 ], [ 122.935241546431882, 14.099926524752101 ], [ 122.935237621524109, 14.099934374567644 ], [ 122.935229771708578, 14.099942224383184 ], [ 122.935225846800805, 14.099950074198727 ], [ 122.935217996985259, 14.099957924014268 ], [ 122.935210147169713, 14.09996577382981 ], [ 122.935202297354181, 14.099969698737581 ], [ 122.935190522630862, 14.099977548553124 ], [ 122.935182672815316, 14.099981473460893 ], [ 122.935174822999784, 14.099985398368664 ], [ 122.935166973184238, 14.099989323276436 ], [ 122.935159123368692, 14.099989323276436 ], [ 122.93515127355316, 14.099993248184207 ], [ 122.935139498829841, 14.099997173091978 ], [ 122.935131649014295, 14.099997173091978 ], [ 122.93511987429099, 14.099997173091978 ], [ 122.935108099567671, 14.100001097999749 ], [ 122.935100249752139, 14.100005022907519 ], [ 122.93508847502882, 14.100005022907519 ], [ 122.935072775397742, 14.10000894781529 ], [ 122.93505707576665, 14.10000894781529 ], [ 122.935037451227799, 14.100012872723061 ], [ 122.935021751596722, 14.100012872723061 ], [ 122.934998202150084, 14.100016797630833 ], [ 122.934982502519006, 14.100020722538604 ], [ 122.934966802887928, 14.100024647446373 ], [ 122.934947178349063, 14.100028572354145 ], [ 122.934915779086893, 14.100036422169687 ], [ 122.934896154548042, 14.100044271985229 ], [ 122.934868680193645, 14.100048196892999 ], [ 122.934841205839248, 14.100056046708541 ], [ 122.934813731484851, 14.100063896524084 ], [ 122.934786257130455, 14.100067821431855 ], [ 122.934770557499377, 14.100071746339625 ], [ 122.934747008052753, 14.100075671247396 ], [ 122.934727383513902, 14.100079596155167 ], [ 122.934715608790583, 14.100079596155167 ], [ 122.934692059343959, 14.10008744597071 ], [ 122.93468028462064, 14.10008744597071 ], [ 122.934660660081789, 14.10009529578625 ], [ 122.934633185727392, 14.100099220694021 ], [ 122.934609636280769, 14.100107070509564 ], [ 122.934582161926372, 14.100114920325105 ], [ 122.934570387203053, 14.100122770140647 ], [ 122.934546837756429, 14.10013061995619 ], [ 122.934523288309805, 14.100134544863961 ], [ 122.934499738863181, 14.10013846977173 ], [ 122.93448011432433, 14.100150244495044 ], [ 122.934460489785479, 14.100158094310586 ], [ 122.934444790154387, 14.100162019218356 ], [ 122.934425165615536, 14.100169869033898 ], [ 122.934401616168913, 14.100177718849441 ], [ 122.934374141814516, 14.100189493572753 ], [ 122.934346667460119, 14.100197343388295 ], [ 122.934319193105722, 14.100213043019378 ], [ 122.934295643659098, 14.100220892834921 ], [ 122.934279944028006, 14.100232667558233 ], [ 122.934256394581382, 14.100244442281546 ], [ 122.934236770042531, 14.100248367189318 ], [ 122.934221070411439, 14.100256217004858 ], [ 122.934209295688134, 14.100264066820401 ], [ 122.934201445872588, 14.100264066820401 ], [ 122.934193596057057, 14.100267991728172 ], [ 122.934185746241511, 14.100267991728172 ], [ 122.934177896425965, 14.100271916635942 ], [ 122.934170046610419, 14.100271916635942 ], [ 122.934162196794887, 14.100271916635942 ], [ 122.934146497163795, 14.100271916635942 ], [ 122.934138647348263, 14.100275841543713 ], [ 122.934130797532717, 14.100275841543713 ], [ 122.934119022809398, 14.100283691359255 ], [ 122.934099398270547, 14.100291541174798 ], [ 122.934087623547228, 14.100295466082567 ], [ 122.934079773731696, 14.100295466082567 ], [ 122.93407192391615, 14.100299390990338 ], [ 122.934060149192845, 14.10030331589811 ], [ 122.934044449561753, 14.100307240805881 ], [ 122.934036599746207, 14.100307240805881 ], [ 122.934028749930675, 14.100311165713652 ], [ 122.934020900115129, 14.100315090621423 ], [ 122.934013050299583, 14.100315090621423 ], [ 122.933997350668506, 14.100319015529193 ], [ 122.933985575945186, 14.100322940436964 ], [ 122.933977726129655, 14.100330790252507 ], [ 122.933969876314109, 14.100330790252507 ], [ 122.93395810159079, 14.100334715160278 ], [ 122.933950251775258, 14.100338640068047 ], [ 122.933942401959712, 14.100342564975819 ], [ 122.933934552144166, 14.100342564975819 ], [ 122.933922777420861, 14.10034648988359 ], [ 122.933914927605315, 14.100354339699132 ], [ 122.933907077789769, 14.100354339699132 ], [ 122.933891378158691, 14.100358264606903 ], [ 122.933883528343145, 14.100362189514673 ], [ 122.93387175361984, 14.100362189514673 ], [ 122.933852129080975, 14.100370039330215 ], [ 122.933836429449897, 14.100373964237987 ], [ 122.933816804911046, 14.100377889145758 ], [ 122.9338089550955, 14.100381814053529 ], [ 122.933797180372181, 14.100381814053529 ], [ 122.933773630925558, 14.10038966386907 ], [ 122.933765781110026, 14.100393588776841 ], [ 122.933746156571161, 14.100393588776841 ], [ 122.93372653203231, 14.100393588776841 ], [ 122.933710832401232, 14.100397513684612 ], [ 122.933699057677913, 14.100397513684612 ], [ 122.933679433139062, 14.100401438592383 ], [ 122.93366373350797, 14.100405363500153 ], [ 122.933644108969119, 14.100405363500153 ], [ 122.933632334245814, 14.100405363500153 ], [ 122.933608784799176, 14.100405363500153 ], [ 122.933597010075871, 14.100409288407924 ], [ 122.933573460629248, 14.100409288407924 ], [ 122.933545986274851, 14.100409288407924 ], [ 122.933522436828227, 14.100413213315695 ], [ 122.933502812289362, 14.100417138223467 ], [ 122.933479262842738, 14.100417138223467 ], [ 122.933455713396114, 14.100424988039009 ], [ 122.933440013765036, 14.100424988039009 ], [ 122.93343216394949, 14.100428912946779 ], [ 122.933424314133944, 14.100428912946779 ], [ 122.933416464318412, 14.10043283785455 ], [ 122.933408614502866, 14.100436762762321 ], [ 122.93340076468732, 14.100440687670092 ], [ 122.933388989964016, 14.100452462393404 ], [ 122.933373290332923, 14.100464237116718 ], [ 122.933365440517392, 14.10047601184003 ], [ 122.933341891070754, 14.100491711471115 ], [ 122.933322266531903, 14.100511336009969 ], [ 122.933290867269733, 14.100534885456595 ], [ 122.933275167638655, 14.100546660179907 ], [ 122.933255543099804, 14.10056235981099 ], [ 122.93323199365318, 14.100578059442075 ], [ 122.933216294022088, 14.100589834165387 ], [ 122.933192744575464, 14.100597683980929 ], [ 122.933177044944387, 14.100601608888701 ], [ 122.933165270221068, 14.100605533796472 ], [ 122.933141720774444, 14.100609458704241 ], [ 122.933126021143352, 14.100613383612012 ], [ 122.933110321512274, 14.100617308519784 ], [ 122.93308677206565, 14.100621233427555 ], [ 122.933071072434572, 14.100621233427555 ], [ 122.933063222619026, 14.100621233427555 ], [ 122.933047522987934, 14.100625158335326 ], [ 122.933027898449083, 14.100629083243096 ], [ 122.933008273910232, 14.100633008150867 ], [ 122.932988649371381, 14.100636933058638 ], [ 122.932972949740289, 14.100644782874181 ], [ 122.932933700662588, 14.100652632689721 ], [ 122.932902301400418, 14.100660482505264 ], [ 122.932886601769326, 14.100664407413035 ], [ 122.932866977230475, 14.100668332320806 ], [ 122.932839502876078, 14.100668332320806 ], [ 122.932823803245, 14.100668332320806 ], [ 122.932808103613908, 14.100668332320806 ], [ 122.93279240398283, 14.100668332320806 ], [ 122.932780629259511, 14.100668332320806 ], [ 122.932768854536207, 14.100668332320806 ], [ 122.932745305089583, 14.100664407413035 ], [ 122.932725680550718, 14.100656557597492 ], [ 122.932706056011867, 14.100656557597492 ], [ 122.932682506565243, 14.100656557597492 ], [ 122.932658957118619, 14.100652632689721 ], [ 122.932623632948676, 14.100648707781952 ], [ 122.932607933317598, 14.100644782874181 ], [ 122.932592233686506, 14.100640857966409 ], [ 122.932572609147655, 14.100640857966409 ], [ 122.932556909516578, 14.100640857966409 ], [ 122.932537284977727, 14.100636933058638 ], [ 122.932517660438862, 14.100633008150867 ], [ 122.932501960807784, 14.100629083243096 ], [ 122.932490186084465, 14.100629083243096 ], [ 122.93247841136116, 14.100629083243096 ], [ 122.932458786822295, 14.100621233427555 ], [ 122.93244701209899, 14.100621233427555 ], [ 122.932435237375671, 14.100617308519784 ], [ 122.932423462652366, 14.100617308519784 ], [ 122.932411687929047, 14.100609458704241 ], [ 122.932399913205742, 14.100605533796472 ], [ 122.932388138482423, 14.100605533796472 ], [ 122.932376363759118, 14.100597683980929 ], [ 122.932368513943572, 14.100593759073158 ], [ 122.932356739220253, 14.100589834165387 ], [ 122.932348889404722, 14.100581984349846 ], [ 122.93233318977363, 14.100578059442075 ], [ 122.932313565234779, 14.100574134534304 ], [ 122.93230179051146, 14.100566284718761 ], [ 122.932290015788155, 14.10056235981099 ], [ 122.932282165972609, 14.10056235981099 ], [ 122.932274316157063, 14.10055843490322 ], [ 122.932262541433758, 14.100554509995449 ], [ 122.932254691618212, 14.100550585087678 ], [ 122.932246841802666, 14.100546660179907 ], [ 122.932238991987134, 14.100538810364366 ], [ 122.932223292356042, 14.100530960548824 ], [ 122.932211517632737, 14.100523110733281 ], [ 122.932203667817191, 14.10051526091774 ], [ 122.932195818001645, 14.100511336009969 ], [ 122.932187968186113, 14.100503486194427 ], [ 122.932180118370567, 14.100499561286655 ], [ 122.932172268555021, 14.100495636378884 ], [ 122.932160493831717, 14.100495636378884 ], [ 122.932136944385078, 14.100495636378884 ], [ 122.932121244754001, 14.100495636378884 ], [ 122.932105545122923, 14.100495636378884 ], [ 122.932093770399604, 14.100487786563344 ], [ 122.932074145860753, 14.100483861655572 ], [ 122.932058446229661, 14.10047208693226 ], [ 122.932042746598583, 14.100468162024489 ], [ 122.932019197151959, 14.100452462393404 ], [ 122.931995647705335, 14.100436762762321 ], [ 122.931983872982016, 14.100421063131238 ], [ 122.931964248443165, 14.100401438592383 ], [ 122.931936774088769, 14.100377889145758 ], [ 122.931924999365449, 14.100362189514673 ], [ 122.931917149549918, 14.100350414791361 ], [ 122.931909299734372, 14.100342564975819 ], [ 122.931901449918826, 14.100330790252507 ], [ 122.931893600103294, 14.100315090621423 ], [ 122.931885750287748, 14.100291541174798 ], [ 122.931881825379975, 14.100275841543713 ], [ 122.931877900472202, 14.10026014191263 ], [ 122.931866125748897, 14.100228742650462 ], [ 122.931862200841124, 14.100197343388295 ], [ 122.931858275933351, 14.10018164375721 ], [ 122.931854351025578, 14.100165944126127 ], [ 122.931854351025578, 14.100154169402815 ], [ 122.931854351025578, 14.10013846977173 ], [ 122.931854351025578, 14.10013061995619 ], [ 122.931854351025578, 14.100110995417335 ], [ 122.931854351025578, 14.100099220694021 ], [ 122.931858275933351, 14.100083521062938 ], [ 122.931862200841124, 14.100067821431855 ], [ 122.931870050656656, 14.100048196892999 ], [ 122.931870050656656, 14.100036422169687 ], [ 122.931873975564429, 14.100024647446373 ], [ 122.931881825379975, 14.10000894781529 ], [ 122.931893600103294, 14.099989323276436 ], [ 122.931897525011053, 14.099977548553124 ], [ 122.931913224642145, 14.099957924014268 ], [ 122.931928924273222, 14.099938299475413 ], [ 122.931944623904315, 14.099926524752101 ], [ 122.931956398627619, 14.099906900213247 ], [ 122.931976023166484, 14.09987942585885 ], [ 122.931995647705335, 14.099848026596682 ], [ 122.932019197151959, 14.099824477150056 ], [ 122.932034896783037, 14.099800927703431 ], [ 122.932062371137434, 14.099773453349036 ], [ 122.932078070768526, 14.099753828810181 ], [ 122.93210162021515, 14.099726354455784 ], [ 122.932117319846228, 14.099710654824701 ], [ 122.932136944385078, 14.099687105378075 ], [ 122.932160493831717, 14.099655706115907 ], [ 122.932172268555021, 14.099636081577053 ], [ 122.932191893093872, 14.099608607222656 ], [ 122.932211517632737, 14.09958505777603 ], [ 122.932227217263815, 14.099565433237176 ], [ 122.932235067079361, 14.099557583421634 ], [ 122.932250766710439, 14.09954188379055 ], [ 122.932258616525985, 14.099534033975008 ], [ 122.93227039124929, 14.099526184159467 ], [ 122.932282165972609, 14.099510484528382 ], [ 122.932282165972609, 14.099502634712842 ], [ 122.932290015788155, 14.09949870980507 ], [ 122.932290015788155, 14.099490859989528 ], [ 122.932293940695928, 14.099483010173987 ], [ 122.932317490142552, 14.099467310542902 ], [ 122.932344964496949, 14.099439836188507 ], [ 122.932368513943572, 14.09941236183411 ], [ 122.932395988297969, 14.099388812387485 ], [ 122.932419537744593, 14.099365262940859 ], [ 122.93244701209899, 14.099333863678691 ], [ 122.93247841136116, 14.099306389324296 ], [ 122.932498035900011, 14.099278914969899 ], [ 122.932517660438862, 14.099255365523273 ], [ 122.932541209885486, 14.099227891168876 ], [ 122.932568684239882, 14.099204341722251 ], [ 122.932596158594279, 14.099172942460084 ], [ 122.932615783133144, 14.099153317921228 ], [ 122.932635407671995, 14.099137618290145 ], [ 122.932655032210846, 14.099117993751291 ], [ 122.93267858165747, 14.099110143935748 ], [ 122.932686431473016, 14.099094444304665 ], [ 122.932706056011867, 14.099082669581353 ], [ 122.932713905827413, 14.099074819765811 ], [ 122.932729605458491, 14.099063045042497 ], [ 122.93274138018181, 14.099055195226956 ], [ 122.932757079812887, 14.099047345411414 ], [ 122.932768854536207, 14.099035570688102 ], [ 122.932788479075057, 14.099031645780331 ], [ 122.932808103613908, 14.099019871057017 ], [ 122.932831653060532, 14.099012021241476 ], [ 122.932866977230475, 14.099000246518163 ], [ 122.932882676861567, 14.098992396702622 ], [ 122.932902301400418, 14.098984546887079 ], [ 122.932918001031496, 14.098976697071537 ], [ 122.932945475385893, 14.098960997440454 ], [ 122.932969024832516, 14.098949222717142 ], [ 122.932988649371381, 14.098941372901599 ], [ 122.933012198818005, 14.098933523086057 ], [ 122.933027898449083, 14.098929598178286 ], [ 122.93305537280348, 14.098917823454974 ], [ 122.933078922250104, 14.098909973639431 ], [ 122.933102471696728, 14.098902123823891 ], [ 122.933126021143352, 14.098894274008348 ], [ 122.933145645682217, 14.098886424192806 ], [ 122.933184894759918, 14.098878574377265 ], [ 122.933216294022088, 14.098878574377265 ], [ 122.933259468007563, 14.098874649469494 ], [ 122.933283017454201, 14.098874649469494 ], [ 122.93331834162413, 14.098870724561722 ], [ 122.933353665794073, 14.098866799653951 ], [ 122.933377215240697, 14.09886287474618 ], [ 122.933396839779547, 14.09885894983841 ], [ 122.933416464318412, 14.098855024930639 ], [ 122.933428239041717, 14.098855024930639 ], [ 122.933440013765036, 14.098855024930639 ], [ 122.933447863580568, 14.098851100022868 ], [ 122.933455713396114, 14.098851100022868 ], [ 122.93346356321166, 14.098851100022868 ], [ 122.933471413027206, 14.098851100022868 ], [ 122.933538136459305, 14.098878574377265 ], [ 122.933628409338041, 14.098921748362745 ], [ 122.933722607124537, 14.098953147624911 ], [ 122.933801105279954, 14.098980621979308 ], [ 122.933883528343145, 14.098996321610391 ], [ 122.933930627236393, 14.099004171425934 ], [ 122.933985575945186, 14.099008096333705 ], [ 122.934032674838448, 14.099012021241476 ], [ 122.934079773731696, 14.099015946149247 ], [ 122.934158271887114, 14.099023795964788 ], [ 122.934197520964815, 14.099027720872559 ], [ 122.934244619858077, 14.099031645780331 ], [ 122.934276019120233, 14.099031645780331 ], [ 122.934307418382403, 14.099035570688102 ], [ 122.9343348927368, 14.099035570688102 ], [ 122.934374141814516, 14.099039495595873 ], [ 122.93439769126114, 14.099043420503643 ], [ 122.934421240707763, 14.099051270319185 ], [ 122.934436940338841, 14.099055195226956 ], [ 122.934464414693238, 14.099066969950268 ], [ 122.934484039232103, 14.099070894858039 ], [ 122.934507588678727, 14.099078744673582 ], [ 122.934535063033124, 14.099090519396894 ], [ 122.934558612479748, 14.099102294120208 ], [ 122.934570387203053, 14.099110143935748 ], [ 122.934593936649691, 14.099121918659062 ], [ 122.934605711372996, 14.099125843566833 ], [ 122.934613561188542, 14.099129768474603 ], [ 122.934625335911846, 14.099137618290145 ], [ 122.934633185727392, 14.099141543197916 ], [ 122.934641035542938, 14.099145468105688 ], [ 122.93464888535847, 14.099149393013459 ], [ 122.934660660081789, 14.099157242829 ], [ 122.934668509897335, 14.099165092644542 ], [ 122.934676359712867, 14.099172942460084 ], [ 122.934695984251732, 14.099184717183396 ], [ 122.934715608790583, 14.099196491906708 ], [ 122.934731308421661, 14.099208266630022 ], [ 122.934758782776058, 14.099223966261105 ], [ 122.934782332222682, 14.099235740984419 ], [ 122.934809806577078, 14.099247515707731 ], [ 122.934833356023717, 14.099259290431045 ], [ 122.934849055654794, 14.099267140246585 ], [ 122.934860830378113, 14.099267140246585 ], [ 122.934872605101418, 14.099274990062128 ], [ 122.934892229640269, 14.09928283987767 ], [ 122.934904004363588, 14.09928676478544 ], [ 122.934915779086893, 14.09928676478544 ], [ 122.934927553810212, 14.099294614600982 ], [ 122.93494325344129, 14.099298539508753 ], [ 122.934978577611233, 14.099302464416525 ], [ 122.93500605196563, 14.099314239139837 ], [ 122.935017826688949, 14.099314239139837 ], [ 122.935033526320026, 14.099322088955379 ], [ 122.935041376135572, 14.099322088955379 ], [ 122.935049225951104, 14.09932601386315 ], [ 122.935064925582196, 14.099329938770921 ], [ 122.935076700305501, 14.099329938770921 ], [ 122.935092399936593, 14.099333863678691 ], [ 122.935104174659898, 14.099333863678691 ], [ 122.935115949383217, 14.099337788586462 ], [ 122.935127724106536, 14.099341713494233 ], [ 122.935139498829841, 14.099345638402005 ], [ 122.935155198460933, 14.099349563309776 ], [ 122.935166973184238, 14.099349563309776 ], [ 122.935178747907557, 14.099349563309776 ], [ 122.935190522630862, 14.099353488217545 ], [ 122.935202297354181, 14.099353488217545 ], [ 122.935221921893032, 14.099361338033088 ], [ 122.935233696616351, 14.099361338033088 ], [ 122.935253321155201, 14.099365262940859 ], [ 122.935276870601825, 14.099365262940859 ], [ 122.935292570232903, 14.09936918784863 ], [ 122.935308269863995, 14.09936918784863 ], [ 122.935316119679527, 14.09936918784863 ], [ 122.935323969495073, 14.09936918784863 ], [ 122.935331819310619, 14.09936918784863 ], [ 122.935339669126165, 14.09936918784863 ], [ 122.935347518941697, 14.09936918784863 ], [ 122.935355368757243, 14.09936918784863 ], [ 122.935363218572789, 14.099373112756401 ], [ 122.935374993296094, 14.099380962571942 ], [ 122.935241546431882, 14.099918674936559 ] ] ] ] } },
{ "type": "Feature", "properties": { "fid": 154, "desc": "catchbasin", "other desc": null, "barangay": "Barangay Alawihao", "col": "flood-prone", "etc": null, "layer": "alawihao_flood-prone" }, "geometry": { "type": "MultiPolygon", "coordinates": [ [ [ [ 122.91779704573139, 14.105131667711799 ], [ 122.91778006363559, 14.105140158759705 ], [ 122.917763081539775, 14.105157140855516 ], [ 122.917729117348145, 14.105182613999231 ], [ 122.917703644204437, 14.105199596095042 ], [ 122.917678171060714, 14.105216578190852 ], [ 122.917652697917006, 14.105242051334569 ], [ 122.917635715821191, 14.105242051334569 ], [ 122.917618733725377, 14.105259033430379 ], [ 122.917601751629576, 14.105267524478284 ], [ 122.917584769533761, 14.105284506574096 ], [ 122.917567787437946, 14.105301488669907 ], [ 122.917550805342145, 14.105318470765717 ], [ 122.91753382324633, 14.105335452861528 ], [ 122.917516841150515, 14.105352434957339 ], [ 122.917499859054701, 14.105369417053149 ], [ 122.9174828769589, 14.10538639914896 ], [ 122.917465894863085, 14.10540338124477 ], [ 122.91744891276727, 14.105411872292676 ], [ 122.917431930671469, 14.105428854388487 ], [ 122.917414948575654, 14.105445836484298 ], [ 122.917389475431932, 14.105462818580108 ], [ 122.917372493336131, 14.105479800675919 ], [ 122.917347020192409, 14.105505273819634 ], [ 122.917330038096594, 14.10551376486754 ], [ 122.917296073904978, 14.105547729059161 ], [ 122.917279091809164, 14.105564711154972 ], [ 122.917262109713363, 14.105581693250784 ], [ 122.91723663656964, 14.105598675346593 ], [ 122.917219654473826, 14.105615657442405 ], [ 122.91718569028221, 14.105632639538216 ], [ 122.917168708186395, 14.105649621634026 ], [ 122.91715172609058, 14.105658112681931 ], [ 122.917134743994779, 14.105666603729837 ], [ 122.917117761898965, 14.105683585825648 ], [ 122.91710077980315, 14.105700567921458 ], [ 122.917083797707349, 14.105717550017269 ], [ 122.917049833515719, 14.105734532113079 ], [ 122.917032851419918, 14.105760005256796 ], [ 122.917015869324104, 14.105776987352607 ], [ 122.916998887228289, 14.105793969448417 ], [ 122.916990396180381, 14.105810951544228 ], [ 122.91697341408458, 14.10582793364004 ], [ 122.916939449892951, 14.105853406783755 ], [ 122.916922467797136, 14.105895862023281 ], [ 122.916905485701335, 14.105904353071187 ], [ 122.91688850360552, 14.105929826214902 ], [ 122.916854539413904, 14.105938317262808 ], [ 122.91683755731809, 14.105946808310714 ], [ 122.916820575222275, 14.105955299358619 ], [ 122.916803593126474, 14.105955299358619 ], [ 122.916778119982752, 14.105963790406525 ], [ 122.916761137886937, 14.105972281454429 ], [ 122.916744155791136, 14.105972281454429 ], [ 122.916718682647414, 14.106006245646052 ], [ 122.916693209503691, 14.106006245646052 ], [ 122.916650754264168, 14.106023227741861 ], [ 122.916633772168353, 14.106031718789767 ], [ 122.916616790072553, 14.106040209837673 ], [ 122.91657433483303, 14.106048700885578 ], [ 122.916548861689307, 14.106057191933484 ], [ 122.916523388545585, 14.106057191933484 ], [ 122.916489424353969, 14.106057191933484 ], [ 122.916463951210247, 14.10606568298139 ], [ 122.916438478066539, 14.10606568298139 ], [ 122.916413004922816, 14.106082665077199 ], [ 122.916379040731201, 14.106091156125105 ], [ 122.916353567587478, 14.106091156125105 ], [ 122.916319603395863, 14.106091156125105 ], [ 122.916285639204247, 14.106099647173011 ], [ 122.916260166060525, 14.106099647173011 ], [ 122.916226201868909, 14.106108138220916 ], [ 122.916192237677279, 14.106108138220916 ], [ 122.916166764533571, 14.106108138220916 ], [ 122.916141291389849, 14.106108138220916 ], [ 122.916115818246126, 14.106108138220916 ], [ 122.916090345102418, 14.106108138220916 ], [ 122.916073363006603, 14.106108138220916 ], [ 122.916047889862895, 14.106108138220916 ], [ 122.91603090776708, 14.106108138220916 ], [ 122.916013925671265, 14.106099647173011 ], [ 122.91597996147965, 14.106099647173011 ], [ 122.915954488335927, 14.106091156125105 ], [ 122.915920524144312, 14.106082665077199 ], [ 122.915903542048497, 14.106082665077199 ], [ 122.915869577856881, 14.106074174029294 ], [ 122.915844104713159, 14.10606568298139 ], [ 122.915827122617344, 14.10606568298139 ], [ 122.915793158425728, 14.106057191933484 ], [ 122.915767685282006, 14.106040209837673 ], [ 122.915750703186205, 14.106031718789767 ], [ 122.91573372109039, 14.106023227741861 ], [ 122.915708247946682, 14.106006245646052 ], [ 122.91568277480296, 14.10598926355024 ], [ 122.915640319563437, 14.105980772502335 ], [ 122.9155978643239, 14.105963790406525 ], [ 122.915580882228099, 14.105946808310714 ], [ 122.915555409084376, 14.105929826214902 ], [ 122.915529935940668, 14.105912844119093 ], [ 122.915495971749039, 14.105904353071187 ], [ 122.915478989653238, 14.105895862023281 ], [ 122.915462007557423, 14.105887370975376 ], [ 122.915436534413701, 14.10587887992747 ], [ 122.9154195523179, 14.105870388879566 ], [ 122.915402570222085, 14.105861897831661 ], [ 122.915368606030455, 14.105853406783755 ], [ 122.915343132886747, 14.105836424687944 ], [ 122.915317659743025, 14.105819442592134 ], [ 122.915300677647224, 14.105810951544228 ], [ 122.915266713455594, 14.105793969448417 ], [ 122.915232749263978, 14.105776987352607 ], [ 122.915215767168164, 14.105760005256796 ], [ 122.915190294024455, 14.105743023160985 ], [ 122.91517331192864, 14.105717550017269 ], [ 122.915156329832826, 14.105709058969364 ], [ 122.915139347737011, 14.105683585825648 ], [ 122.91512236564121, 14.105666603729837 ], [ 122.915105383545395, 14.10564113058612 ], [ 122.91508840144958, 14.105615657442405 ], [ 122.915071419353779, 14.105598675346593 ], [ 122.915054437257965, 14.105581693250784 ], [ 122.91503745516215, 14.105556220107067 ], [ 122.915020473066335, 14.105539238011257 ], [ 122.915003490970534, 14.10551376486754 ], [ 122.914978017826812, 14.105479800675919 ], [ 122.914961035730997, 14.105462818580108 ], [ 122.914935562587289, 14.105445836484298 ], [ 122.914935562587289, 14.105428854388487 ], [ 122.914918580491474, 14.105411872292676 ], [ 122.914901598395673, 14.10538639914896 ], [ 122.914893107347766, 14.105369417053149 ], [ 122.914876125251951, 14.105352434957339 ], [ 122.914859143156136, 14.105326961813622 ], [ 122.914842161060335, 14.105309979717811 ], [ 122.914833670012428, 14.105292997622001 ], [ 122.91482517896452, 14.10527601552619 ], [ 122.914816687916613, 14.105250542382475 ], [ 122.914799705820798, 14.105242051334569 ], [ 122.914782723724997, 14.105225069238758 ], [ 122.91477423267709, 14.105208087142948 ], [ 122.914757250581275, 14.105191105047137 ], [ 122.914748759533367, 14.105174122951325 ], [ 122.91474026848546, 14.105157140855516 ], [ 122.914731777437552, 14.105140158759705 ], [ 122.914714795341752, 14.105131667711799 ], [ 122.914706304293844, 14.105114685615987 ], [ 122.914689322198029, 14.105089212472272 ], [ 122.914680831150122, 14.105072230376461 ], [ 122.914672340102214, 14.105055248280651 ], [ 122.914655358006414, 14.105029775136934 ], [ 122.914638375910599, 14.105012793041125 ], [ 122.914621393814784, 14.104987319897408 ], [ 122.914612902766891, 14.104970337801598 ], [ 122.914595920671076, 14.104953355705787 ], [ 122.914578938575261, 14.104919391514166 ], [ 122.914561956479446, 14.104893918370449 ], [ 122.914544974383645, 14.104868445226733 ], [ 122.914544974383645, 14.104842972083016 ], [ 122.914536483335738, 14.104817498939301 ], [ 122.91452799228783, 14.104783534747678 ], [ 122.914502519144108, 14.104758061603963 ], [ 122.914494028096215, 14.104724097412342 ], [ 122.9144770460004, 14.10469013322072 ], [ 122.9144770460004, 14.104664660077004 ], [ 122.914460063904585, 14.104630695885383 ], [ 122.914451572856677, 14.104613713789572 ], [ 122.914451572856677, 14.104596731693761 ], [ 122.91444308180877, 14.104571258550045 ], [ 122.914426099712969, 14.104537294358424 ], [ 122.914426099712969, 14.104511821214707 ], [ 122.914417608665062, 14.104486348070992 ], [ 122.914400626569247, 14.104469365975181 ], [ 122.914400626569247, 14.10443540178356 ], [ 122.914383644473446, 14.104409928639843 ], [ 122.914366662377631, 14.104375964448222 ], [ 122.914349680281816, 14.104350491304507 ], [ 122.914341189233909, 14.104333509208695 ], [ 122.914324207138108, 14.104308036064978 ], [ 122.914315716090201, 14.104291053969169 ], [ 122.914307225042293, 14.104265580825452 ], [ 122.914298733994386, 14.104240107681736 ], [ 122.914281751898571, 14.104206143490115 ], [ 122.914273260850663, 14.104180670346398 ], [ 122.91426476980277, 14.104146706154777 ], [ 122.914256278754863, 14.104129724058966 ], [ 122.914256278754863, 14.104112741963156 ], [ 122.914222314563233, 14.104087268819439 ], [ 122.914213823515325, 14.104061795675724 ], [ 122.914196841419525, 14.104044813579913 ], [ 122.914196841419525, 14.104019340436196 ], [ 122.91417985932371, 14.104002358340386 ], [ 122.914162877227895, 14.103976885196669 ], [ 122.914145895132094, 14.103942921005048 ], [ 122.914137404084187, 14.103925938909237 ], [ 122.914120421988372, 14.103900465765522 ], [ 122.914120421988372, 14.10388348366971 ], [ 122.914111930940464, 14.103866501573901 ], [ 122.914103439892557, 14.103849519478089 ], [ 122.914094948844664, 14.103824046334374 ], [ 122.914086457796756, 14.103798573190657 ], [ 122.914069475700941, 14.103773100046942 ], [ 122.914060984653034, 14.103747626903225 ], [ 122.914052493605126, 14.103722153759509 ], [ 122.914035511509326, 14.103696680615792 ], [ 122.914018529413511, 14.103671207472077 ], [ 122.914018529413511, 14.103654225376266 ], [ 122.914010038365603, 14.103637243280456 ], [ 122.914001547317696, 14.103620261184645 ], [ 122.913993056269788, 14.103603279088833 ], [ 122.913993056269788, 14.103586296993024 ], [ 122.913984565221881, 14.103560823849307 ], [ 122.913984565221881, 14.103543841753496 ], [ 122.913976074173988, 14.10351836860978 ], [ 122.91396758312608, 14.103492895466065 ], [ 122.913959092078173, 14.103475913370254 ], [ 122.913950601030265, 14.103458931274442 ], [ 122.913942109982358, 14.103433458130727 ], [ 122.913942109982358, 14.103416476034916 ], [ 122.913942109982358, 14.103399493939106 ], [ 122.913942109982358, 14.103374020795389 ], [ 122.91393361893445, 14.103357038699578 ], [ 122.91393361893445, 14.103340056603768 ], [ 122.913925127886543, 14.103323074507957 ], [ 122.913925127886543, 14.103306092412145 ], [ 122.91391663683865, 14.103289110316336 ], [ 122.913908145790742, 14.103255146124715 ], [ 122.913899654742835, 14.103229672980998 ], [ 122.913891163694927, 14.103212690885186 ], [ 122.91388267264702, 14.103195708789377 ], [ 122.91388267264702, 14.103178726693566 ], [ 122.91388267264702, 14.103161744597754 ], [ 122.91388267264702, 14.103144762501945 ], [ 122.91388267264702, 14.103127780406133 ], [ 122.91388267264702, 14.103110798310324 ], [ 122.91388267264702, 14.103093816214512 ], [ 122.913874181599112, 14.103076834118701 ], [ 122.913874181599112, 14.103051360974986 ], [ 122.913874181599112, 14.103034378879174 ], [ 122.913874181599112, 14.103017396783365 ], [ 122.913874181599112, 14.103000414687553 ], [ 122.913874181599112, 14.102983432591742 ], [ 122.913874181599112, 14.102966450495932 ], [ 122.913874181599112, 14.102949468400121 ], [ 122.913874181599112, 14.10293248630431 ], [ 122.913874181599112, 14.1029155042085 ], [ 122.913874181599112, 14.102890031064783 ], [ 122.913874181599112, 14.102873048968974 ], [ 122.913874181599112, 14.102847575825256 ], [ 122.913874181599112, 14.102830593729445 ], [ 122.913874181599112, 14.102813611633636 ], [ 122.913874181599112, 14.102796629537824 ], [ 122.91388267264702, 14.102779647442015 ], [ 122.913891163694927, 14.102762665346203 ], [ 122.913908145790742, 14.102737192202486 ], [ 122.91391663683865, 14.102703228010865 ], [ 122.91391663683865, 14.10267775486715 ], [ 122.913925127886543, 14.102660772771339 ], [ 122.913942109982358, 14.102643790675527 ], [ 122.913942109982358, 14.102618317531812 ], [ 122.913959092078173, 14.102592844388095 ], [ 122.913976074173988, 14.102575862292285 ], [ 122.914001547317696, 14.102541898100664 ], [ 122.914001547317696, 14.102516424956947 ], [ 122.914010038365603, 14.102499442861136 ], [ 122.914018529413511, 14.102473969717421 ], [ 122.914044002557219, 14.102456987621609 ], [ 122.914052493605126, 14.1024400055258 ], [ 122.914069475700941, 14.102406041334177 ], [ 122.914077966748849, 14.102372077142556 ], [ 122.914094948844664, 14.102338112950935 ], [ 122.914111930940464, 14.102312639807218 ], [ 122.914120421988372, 14.102287166663503 ], [ 122.914137404084187, 14.102261693519786 ], [ 122.914154386179987, 14.102236220376071 ], [ 122.914162877227895, 14.102210747232354 ], [ 122.91417985932371, 14.102193765136544 ], [ 122.91417985932371, 14.102176783040733 ], [ 122.914196841419525, 14.102151309897017 ], [ 122.914205332467432, 14.102134327801206 ], [ 122.914213823515325, 14.102100363609585 ], [ 122.914247787706955, 14.102057908370059 ], [ 122.91426476980277, 14.102032435226342 ], [ 122.914281751898571, 14.102015453130532 ], [ 122.914315716090201, 14.101972997891004 ], [ 122.914324207138108, 14.101956015795194 ], [ 122.914349680281816, 14.101922051603573 ], [ 122.914375153425539, 14.101896578459856 ], [ 122.914392135521339, 14.101862614268235 ], [ 122.914400626569247, 14.101837141124518 ], [ 122.914417608665062, 14.101811667980803 ], [ 122.914434590760877, 14.101777703789182 ], [ 122.914451572856677, 14.10176072169337 ], [ 122.914460063904585, 14.101743739597559 ], [ 122.914485537048307, 14.10172675750175 ], [ 122.914485537048307, 14.101692793310127 ], [ 122.914502519144108, 14.101675811214317 ], [ 122.914511010192015, 14.101658829118506 ], [ 122.914519501239923, 14.101633355974791 ], [ 122.914536483335738, 14.101616373878979 ], [ 122.914536483335738, 14.101599391783168 ], [ 122.914561956479446, 14.101556936543641 ], [ 122.914587429623168, 14.101531463399926 ], [ 122.914587429623168, 14.101514481304115 ], [ 122.914612902766891, 14.101489008160399 ], [ 122.914621393814784, 14.101472026064588 ], [ 122.914638375910599, 14.101455043968777 ], [ 122.914646866958506, 14.101438061872967 ], [ 122.914663849054321, 14.10141258872925 ], [ 122.914697813245937, 14.101378624537629 ], [ 122.914706304293844, 14.101361642441818 ], [ 122.914731777437552, 14.101336169298103 ], [ 122.914748759533367, 14.101319187202291 ], [ 122.914765741629182, 14.10128522301067 ], [ 122.914799705820798, 14.101268240914859 ], [ 122.914833670012428, 14.101234276723238 ], [ 122.914850652108228, 14.101208803579521 ], [ 122.914884616299858, 14.101191821483711 ], [ 122.914901598395673, 14.101183330435806 ], [ 122.914935562587289, 14.101166348339994 ], [ 122.914952544683103, 14.10115785729209 ], [ 122.914986508874719, 14.101149366244185 ], [ 122.915003490970534, 14.101132384148373 ], [ 122.91503745516215, 14.101123893100468 ], [ 122.915071419353779, 14.101098419956752 ], [ 122.915105383545395, 14.101081437860941 ], [ 122.915139347737011, 14.101072946813035 ], [ 122.915190294024455, 14.101038982621414 ], [ 122.915215767168164, 14.101038982621414 ], [ 122.915266713455594, 14.101022000525603 ], [ 122.915309168695117, 14.101005018429793 ], [ 122.91533464183884, 14.101005018429793 ], [ 122.915377097078363, 14.100988036333982 ], [ 122.915411061269992, 14.100988036333982 ], [ 122.915445025461608, 14.100979545286076 ], [ 122.91547049860533, 14.100979545286076 ], [ 122.915487480701131, 14.100979545286076 ], [ 122.915504462796946, 14.100971054238171 ], [ 122.915529935940668, 14.100962563190267 ], [ 122.915555409084376, 14.100954072142361 ], [ 122.915589373276006, 14.100954072142361 ], [ 122.915623337467622, 14.100945581094456 ], [ 122.915648810611344, 14.100928598998644 ], [ 122.91568277480296, 14.10092010795074 ], [ 122.915699756898775, 14.10092010795074 ], [ 122.915750703186205, 14.100911616902835 ], [ 122.915776176329913, 14.100903125854929 ], [ 122.915801649473636, 14.100903125854929 ], [ 122.915835613665251, 14.100894634807023 ], [ 122.915861086808974, 14.100894634807023 ], [ 122.915878068904789, 14.100886143759118 ], [ 122.915903542048497, 14.100886143759118 ], [ 122.915929015192219, 14.100877652711212 ], [ 122.915962979383835, 14.100869161663308 ], [ 122.91597996147965, 14.100869161663308 ], [ 122.916005434623358, 14.100869161663308 ], [ 122.916056380910788, 14.100869161663308 ], [ 122.916090345102418, 14.100869161663308 ], [ 122.916115818246126, 14.100869161663308 ], [ 122.916158273485664, 14.100869161663308 ], [ 122.916175255581464, 14.100860670615402 ], [ 122.916200728725187, 14.100860670615402 ], [ 122.916226201868909, 14.100860670615402 ], [ 122.916260166060525, 14.100860670615402 ], [ 122.916285639204247, 14.100860670615402 ], [ 122.916302621300048, 14.100852179567497 ], [ 122.91632809444377, 14.100852179567497 ], [ 122.916353567587478, 14.100852179567497 ], [ 122.916370549683293, 14.100852179567497 ], [ 122.916396022827016, 14.100852179567497 ], [ 122.916446969114446, 14.100852179567497 ], [ 122.916472442258154, 14.100852179567497 ], [ 122.917949884593696, 14.102414532382083 ], [ 122.918314999653617, 14.104180670346402 ], [ 122.91779704573139, 14.105131667711799 ] ] ] ] } },
{ "type": "Feature", "properties": { "fid": 155, "desc": "naiipunan ng tubig", "other desc": "flood-prone", "barangay": "Barangay Alawihao", "col": "flood-prone", "etc": null, "layer": "alawihao_flood-prone" }, "geometry": { "type": "MultiPolygon", "coordinates": [ [ [ [ 122.924541060530217, 14.106156961746368 ], [ 122.923840549078022, 14.106072051267315 ], [ 122.923785357266638, 14.105931948976876 ], [ 122.923789602790592, 14.10592345792897 ], [ 122.923793848314546, 14.105910721357112 ], [ 122.923802339362453, 14.105897984785255 ], [ 122.923806584886407, 14.105889493737349 ], [ 122.9238150759343, 14.105881002689443 ], [ 122.923823566982207, 14.105876757165491 ], [ 122.923832058030115, 14.105872511641538 ], [ 122.923840549078022, 14.105872511641538 ], [ 122.923853285649884, 14.105868266117586 ], [ 122.923861776697791, 14.105868266117586 ], [ 122.923870267745684, 14.105868266117586 ], [ 122.923878758793592, 14.105868266117586 ], [ 122.923887249841499, 14.105868266117586 ], [ 122.923895740889407, 14.105868266117586 ], [ 122.923904231937314, 14.105868266117586 ], [ 122.923912722985222, 14.105868266117586 ], [ 122.923921214033129, 14.105868266117586 ], [ 122.923929705081022, 14.105868266117586 ], [ 122.923942441652883, 14.105868266117586 ], [ 122.923950932700791, 14.105868266117586 ], [ 122.923959423748698, 14.105868266117586 ], [ 122.92397216032056, 14.105868266117586 ], [ 122.923980651368467, 14.105868266117586 ], [ 122.92398914241636, 14.105868266117586 ], [ 122.924006124512175, 14.105868266117586 ], [ 122.924018861084036, 14.105868266117586 ], [ 122.924027352131944, 14.105868266117586 ], [ 122.924035843179851, 14.105868266117586 ], [ 122.924048579751698, 14.105868266117586 ], [ 122.924057070799606, 14.105868266117586 ], [ 122.924065561847513, 14.105868266117586 ], [ 122.924074052895421, 14.105868266117586 ], [ 122.924086789467282, 14.105868266117586 ], [ 122.924095280515189, 14.105868266117586 ], [ 122.924103771563082, 14.105872511641538 ], [ 122.92411226261099, 14.105876757165491 ], [ 122.924124999182851, 14.105876757165491 ], [ 122.924133490230759, 14.105876757165491 ], [ 122.924141981278666, 14.105876757165491 ], [ 122.924150472326573, 14.105876757165491 ], [ 122.924158963374467, 14.105881002689443 ], [ 122.924175945470282, 14.105885248213395 ], [ 122.924184436518189, 14.105885248213395 ], [ 122.924192927566097, 14.105885248213395 ], [ 122.924205664137958, 14.105889493737349 ], [ 122.924214155185851, 14.105889493737349 ], [ 122.924226891757712, 14.105889493737349 ], [ 122.92423538280562, 14.105889493737349 ], [ 122.924243873853527, 14.105889493737349 ], [ 122.924252364901434, 14.105893739261301 ], [ 122.924265101473296, 14.105893739261301 ], [ 122.924277838045143, 14.105897984785255 ], [ 122.92428632909305, 14.105902230309207 ], [ 122.924294820140958, 14.105902230309207 ], [ 122.924303311188865, 14.105902230309207 ], [ 122.924311802236772, 14.105902230309207 ], [ 122.92432029328468, 14.105902230309207 ], [ 122.924337275380481, 14.105910721357112 ], [ 122.924345766428388, 14.105910721357112 ], [ 122.924358503000249, 14.105910721357112 ], [ 122.92437123957211, 14.105914966881064 ], [ 122.924379730620018, 14.105919212405018 ], [ 122.924392467191865, 14.10592345792897 ], [ 122.924400958239772, 14.10592345792897 ], [ 122.92440944928768, 14.10592345792897 ], [ 122.924417940335587, 14.10592345792897 ], [ 122.924426431383495, 14.10592345792897 ], [ 122.924439167955356, 14.105927703452924 ], [ 122.924447659003249, 14.105927703452924 ], [ 122.924456150051157, 14.105931948976876 ], [ 122.924464641099064, 14.105931948976876 ], [ 122.924473132146971, 14.105936194500828 ], [ 122.924485868718833, 14.105936194500828 ], [ 122.924498605290694, 14.105940440024781 ], [ 122.924507096338587, 14.105944685548733 ], [ 122.924524078434402, 14.105948931072687 ], [ 122.924532569482309, 14.105948931072687 ], [ 122.924541060530217, 14.105953176596639 ], [ 122.924553797102078, 14.105957422120591 ], [ 122.924562288149971, 14.105957422120591 ], [ 122.924570779197879, 14.105961667644545 ], [ 122.924579270245786, 14.105961667644545 ], [ 122.924587761293694, 14.105961667644545 ], [ 122.924596252341601, 14.105965913168497 ], [ 122.924604743389509, 14.105965913168497 ], [ 122.924613234437416, 14.10597015869245 ], [ 122.924621725485309, 14.105974404216402 ], [ 122.92463446205717, 14.105974404216402 ], [ 122.924647198629032, 14.105982895264308 ], [ 122.924655689676939, 14.10598714078826 ], [ 122.924664180724847, 14.105991386312214 ], [ 122.924672671772754, 14.105999877360119 ], [ 122.924681162820647, 14.105999877360119 ], [ 122.924698144916462, 14.106008368408023 ], [ 122.92470663596437, 14.106008368408023 ], [ 122.924715127012277, 14.106016859455929 ], [ 122.924723618060185, 14.106021104979883 ], [ 122.924732109108092, 14.106029596027787 ], [ 122.924744845679939, 14.106038087075692 ], [ 122.924749091203893, 14.106046578123598 ], [ 122.9247575822518, 14.106055069171504 ], [ 122.924761827775754, 14.106063560219409 ], [ 122.924766073299708, 14.106072051267315 ], [ 122.924778809871569, 14.106084787839173 ], [ 122.924778809871569, 14.106093278887078 ], [ 122.924778809871569, 14.106101769934982 ], [ 122.924787300919476, 14.106110260982888 ], [ 122.924791546443416, 14.106122997554746 ], [ 122.924791546443416, 14.106131488602651 ], [ 122.924791546443416, 14.106139979650557 ], [ 122.924791546443416, 14.106148470698463 ], [ 122.924791546443416, 14.106156961746368 ], [ 122.924791546443416, 14.106165452794274 ], [ 122.924541060530217, 14.106156961746368 ] ] ] ] } },
{ "type": "Feature", "properties": { "fid": 156, "desc": "flood-prone", "other desc": null, "barangay": "Barangay Alawihao", "col": "flood-prone", "etc": null, "layer": "alawihao_flood-prone" }, "geometry": { "type": "MultiPolygon", "coordinates": [ [ [ [ 122.9274800244863, 14.107555861888756 ], [ 122.927785702210898, 14.107725682846862 ], [ 122.928036188124096, 14.107948572854378 ], [ 122.927787824972867, 14.108090797906794 ], [ 122.927499129344085, 14.107920976948686 ], [ 122.927352658767717, 14.107700209703147 ], [ 122.9274800244863, 14.107555861888756 ] ] ] ] } },
{ "type": "Feature", "properties": { "fid": 157, "desc": "catchbasin", "other desc": null, "barangay": "Barangay Alawihao", "col": "flood-prone", "etc": null, "layer": "alawihao_flood-prone" }, "geometry": { "type": "MultiPolygon", "coordinates": [ [ [ [ 122.921959559971157, 14.113753798930285 ], [ 122.921595284296828, 14.11384486784887 ], [ 122.921562168326432, 14.113853146841469 ], [ 122.92151249437083, 14.113853146841469 ], [ 122.921462820415243, 14.113853146841469 ], [ 122.921413146459656, 14.113853146841469 ], [ 122.921371751496665, 14.113853146841469 ], [ 122.921338635526268, 14.113853146841469 ], [ 122.921297240563263, 14.113853146841469 ], [ 122.921280682578072, 14.113853146841469 ], [ 122.921264124592881, 14.113853146841469 ], [ 122.92123928761508, 14.113853146841469 ], [ 122.921214450637279, 14.113853146841469 ], [ 122.921181334666883, 14.113853146841469 ], [ 122.921139939703892, 14.113853146841469 ], [ 122.921090265748305, 14.113853146841469 ], [ 122.921048870785313, 14.11384486784887 ], [ 122.920999196829712, 14.113828309863674 ], [ 122.92095780186672, 14.113828309863674 ], [ 122.920924685896324, 14.113820030871075 ], [ 122.920891569925928, 14.113811751878476 ], [ 122.920875011940737, 14.113811751878476 ], [ 122.920858453955546, 14.113803472885877 ], [ 122.920841895970341, 14.113803472885877 ], [ 122.92081705899254, 14.113786914900681 ], [ 122.920792222014754, 14.113753798930285 ], [ 122.920767385036953, 14.113745519937687 ], [ 122.920717711081366, 14.113728961952489 ], [ 122.920701153096161, 14.11372068295989 ], [ 122.920626642162773, 14.113695845982095 ], [ 122.920601805184987, 14.113687566989496 ], [ 122.920560410221981, 14.113687566989496 ], [ 122.920535573244194, 14.113679287996897 ], [ 122.920502457273798, 14.113671009004298 ], [ 122.920485899288593, 14.113662730011701 ], [ 122.920461062310807, 14.113662730011701 ], [ 122.920444504325602, 14.113662730011701 ], [ 122.92040310936261, 14.113646172026503 ], [ 122.920353435407023, 14.113637893033903 ], [ 122.920336877421818, 14.113629614041304 ], [ 122.920312040444031, 14.113613056056108 ], [ 122.920295482458826, 14.113613056056108 ], [ 122.920278924473635, 14.113613056056108 ], [ 122.92026236648843, 14.113604777063509 ], [ 122.920245808503239, 14.113588219078311 ], [ 122.920229250518034, 14.113579940085714 ], [ 122.920212692532843, 14.113563382100516 ], [ 122.920171297569851, 14.11353854512272 ], [ 122.920154739584646, 14.113530266130121 ], [ 122.92012990260686, 14.113530266130121 ], [ 122.920105065629059, 14.113513708144923 ], [ 122.920088507643868, 14.113505429152324 ], [ 122.920055391673472, 14.113497150159727 ], [ 122.920038833688267, 14.113488871167128 ], [ 122.92001399671048, 14.113480592174529 ], [ 122.919997438725275, 14.113464034189331 ], [ 122.919980880740084, 14.113455755196734 ], [ 122.919939485777093, 14.113439197211536 ], [ 122.919922927791887, 14.113430918218937 ], [ 122.919881532828896, 14.113406081241141 ], [ 122.919864974843705, 14.113397802248542 ], [ 122.919831858873309, 14.113381244263344 ], [ 122.919815300888104, 14.113372965270747 ], [ 122.919790463910317, 14.113356407285549 ], [ 122.919765626932517, 14.113331570307754 ], [ 122.919749068947311, 14.113323291315155 ], [ 122.919715952976929, 14.113298454337357 ], [ 122.919699394991724, 14.11329017534476 ], [ 122.919682837006533, 14.113281896352161 ], [ 122.919666279021328, 14.113265338366963 ], [ 122.919649721036137, 14.113257059374364 ], [ 122.919641442043542, 14.113240501389168 ], [ 122.919616605065741, 14.113215664411371 ], [ 122.919600047080536, 14.113207385418773 ], [ 122.919583489095345, 14.113190827433575 ], [ 122.919575210102749, 14.113174269448379 ], [ 122.919558652117544, 14.113157711463181 ], [ 122.919533815139758, 14.113141153477983 ], [ 122.919508978161957, 14.113124595492787 ], [ 122.919500699169362, 14.113108037507589 ], [ 122.919475862191561, 14.11309975851499 ], [ 122.91945930420637, 14.113083200529793 ], [ 122.919442746221165, 14.113074921537194 ], [ 122.919426188235974, 14.113066642544595 ], [ 122.919409630250769, 14.113050084559399 ], [ 122.919393072265578, 14.1130418055668 ], [ 122.919376514280373, 14.113033526574201 ], [ 122.919359956295182, 14.113025247581602 ], [ 122.919343398309977, 14.113016968589003 ], [ 122.919326840324786, 14.113008689596406 ], [ 122.919310282339595, 14.113000410603807 ], [ 122.919293724354389, 14.112983852618608 ], [ 122.919268887376589, 14.112975573626009 ], [ 122.919260608383993, 14.112959015640813 ], [ 122.919235771406207, 14.112950736648214 ], [ 122.919219213421002, 14.112934178663016 ], [ 122.919202655435811, 14.112925899670419 ], [ 122.919186097450606, 14.11291762067782 ], [ 122.919169539465415, 14.112901062692622 ], [ 122.91915298148021, 14.112892783700023 ], [ 122.919136423495019, 14.112884504707425 ], [ 122.919119865509813, 14.112876225714826 ], [ 122.919103307524622, 14.112851388737029 ], [ 122.919086749539417, 14.112843109744432 ], [ 122.919061912561631, 14.112826551759234 ], [ 122.919045354576426, 14.112809993774036 ], [ 122.91903707558383, 14.11279343578884 ], [ 122.91901223860603, 14.112768598811043 ], [ 122.919003959613434, 14.112752040825846 ], [ 122.918987401628243, 14.112743761833247 ], [ 122.918979122635648, 14.112710645862853 ], [ 122.918970843643038, 14.112694087877655 ], [ 122.918970843643038, 14.112677529892458 ], [ 122.918946006665252, 14.11266097190726 ], [ 122.918946006665252, 14.112644413922062 ], [ 122.918946006665252, 14.112627855936866 ], [ 122.918937727672642, 14.112611297951668 ], [ 122.918929448680046, 14.112586460973873 ], [ 122.918921169687451, 14.112569902988675 ], [ 122.918921169687451, 14.112553345003478 ], [ 122.918921169687451, 14.11253678701828 ], [ 122.918912890694855, 14.112520229033082 ], [ 122.918912890694855, 14.112503671047886 ], [ 122.91890461170226, 14.112487113062688 ], [ 122.91890461170226, 14.112470555077492 ], [ 122.91889633270965, 14.112453997092294 ], [ 122.91889633270965, 14.112437439107095 ], [ 122.91889633270965, 14.112420881121899 ], [ 122.918888053717055, 14.112404323136701 ], [ 122.918888053717055, 14.112387765151505 ], [ 122.918879774724459, 14.112362928173708 ], [ 122.918879774724459, 14.112329812203313 ], [ 122.918879774724459, 14.112313254218115 ], [ 122.918871495731864, 14.112296696232919 ], [ 122.918871495731864, 14.112280138247721 ], [ 122.918871495731864, 14.112255301269926 ], [ 122.918871495731864, 14.11223046429213 ], [ 122.918863216739254, 14.112213906306932 ], [ 122.918863216739254, 14.112180790336538 ], [ 122.918863216739254, 14.11216423235134 ], [ 122.918863216739254, 14.112139395373545 ], [ 122.918863216739254, 14.112122837388346 ], [ 122.918863216739254, 14.112098000410551 ], [ 122.918871495731864, 14.112081442425353 ], [ 122.918871495731864, 14.112064884440157 ], [ 122.918879774724459, 14.11204004746236 ], [ 122.91889633270965, 14.112006931491965 ], [ 122.91889633270965, 14.111990373506767 ], [ 122.91890461170226, 14.111973815521571 ], [ 122.918912890694855, 14.111948978543774 ], [ 122.918921169687451, 14.111932420558578 ], [ 122.918921169687451, 14.111899304588183 ], [ 122.918929448680046, 14.111882746602985 ], [ 122.918929448680046, 14.11185790962519 ], [ 122.918937727672642, 14.111833072647393 ], [ 122.918946006665252, 14.111808235669598 ], [ 122.918954285657847, 14.111766840706604 ], [ 122.918962564650442, 14.111725445743611 ], [ 122.918962564650442, 14.111708887758413 ], [ 122.918987401628243, 14.111684050780617 ], [ 122.918987401628243, 14.111650934810223 ], [ 122.918995680620839, 14.111634376825025 ], [ 122.919003959613434, 14.111601260854631 ], [ 122.919003959613434, 14.111576423876834 ], [ 122.91901223860603, 14.111551586899038 ], [ 122.919020517598639, 14.111518470928644 ], [ 122.919020517598639, 14.111501912943446 ], [ 122.919028796591235, 14.11147707596565 ], [ 122.919028796591235, 14.111460517980452 ], [ 122.91903707558383, 14.111427402010058 ], [ 122.919045354576426, 14.111394286039664 ], [ 122.919045354576426, 14.111377728054466 ], [ 122.919053633569035, 14.111344612084071 ], [ 122.919061912561631, 14.111311496113677 ], [ 122.919061912561631, 14.111294938128479 ], [ 122.919061912561631, 14.111278380143283 ], [ 122.919070191554226, 14.111253543165486 ], [ 122.919078470546822, 14.11122870618769 ], [ 122.919078470546822, 14.111195590217296 ], [ 122.919086749539417, 14.111170753239499 ], [ 122.919095028532027, 14.111145916261703 ], [ 122.919103307524622, 14.111121079283908 ], [ 122.919111586517218, 14.11110452129871 ], [ 122.919111586517218, 14.111087963313512 ], [ 122.919119865509813, 14.111071405328316 ], [ 122.919128144502423, 14.111054847343118 ], [ 122.919144702487614, 14.111021731372723 ], [ 122.919161260472805, 14.111005173387525 ], [ 122.919161260472805, 14.11098033640973 ], [ 122.919169539465415, 14.110963778424532 ], [ 122.919186097450606, 14.110938941446737 ], [ 122.919202655435811, 14.110914104468941 ], [ 122.919219213421002, 14.110897546483743 ], [ 122.919235771406207, 14.110880988498545 ], [ 122.919252329391398, 14.110864430513349 ], [ 122.919268887376589, 14.110847872528151 ], [ 122.919293724354389, 14.110831314542954 ], [ 122.919302003346985, 14.110814756557756 ], [ 122.919310282339595, 14.110798198572558 ], [ 122.919326840324786, 14.110781640587362 ], [ 122.919343398309977, 14.110773361594763 ], [ 122.919351677302586, 14.110756803609565 ], [ 122.919368235287777, 14.110740245624369 ], [ 122.919384793272982, 14.110715408646572 ], [ 122.919409630250769, 14.110698850661375 ], [ 122.919426188235974, 14.110682292676177 ], [ 122.919434467228569, 14.110665734690981 ], [ 122.91945102521376, 14.110657455698382 ], [ 122.919484141184157, 14.110632618720585 ], [ 122.919500699169362, 14.110632618720585 ], [ 122.919508978161957, 14.110616060735389 ], [ 122.919533815139758, 14.11059950275019 ], [ 122.919550373124949, 14.110582944764994 ], [ 122.919566931110154, 14.110574665772395 ], [ 122.91959176808794, 14.110549828794598 ], [ 122.919616605065741, 14.110533270809402 ], [ 122.919633163050932, 14.110524991816803 ], [ 122.919649721036137, 14.110508433831606 ], [ 122.919674558013924, 14.110491875846408 ], [ 122.919699394991724, 14.110483596853809 ], [ 122.91970767398432, 14.110467038868613 ], [ 122.91973251096212, 14.110442201890816 ], [ 122.919765626932517, 14.11042564390562 ], [ 122.919790463910317, 14.110409085920422 ], [ 122.919807021895508, 14.110400806927823 ], [ 122.919823579880699, 14.110384248942626 ], [ 122.9198484168585, 14.110375969950027 ], [ 122.9198732538363, 14.110367690957428 ], [ 122.919889811821491, 14.11035113297223 ], [ 122.919914648799292, 14.11035113297223 ], [ 122.919939485777093, 14.110342853979633 ], [ 122.919956043762284, 14.110334574987034 ], [ 122.919972601747489, 14.110326295994435 ], [ 122.91998915973268, 14.110326295994435 ], [ 122.920005717717871, 14.110326295994435 ], [ 122.920022275703076, 14.110318017001836 ], [ 122.920047112680876, 14.110309738009237 ], [ 122.920071949658663, 14.110309738009237 ], [ 122.920088507643868, 14.11030145901664 ], [ 122.920105065629059, 14.11030145901664 ], [ 122.920121623614264, 14.11030145901664 ], [ 122.920138181599455, 14.11030145901664 ], [ 122.920163018577256, 14.110293180024041 ], [ 122.920179576562447, 14.110284901031442 ], [ 122.920196134547652, 14.110284901031442 ], [ 122.920212692532843, 14.110284901031442 ], [ 122.920237529510644, 14.110284901031442 ], [ 122.92026236648843, 14.110284901031442 ], [ 122.920278924473635, 14.110284901031442 ], [ 122.920295482458826, 14.110284901031442 ], [ 122.920312040444031, 14.110284901031442 ], [ 122.920328598429222, 14.110284901031442 ], [ 122.920345156414427, 14.110284901031442 ], [ 122.920361714399618, 14.110284901031442 ], [ 122.920378272384824, 14.110284901031442 ], [ 122.920394830370014, 14.110284901031442 ], [ 122.920419667347815, 14.110284901031442 ], [ 122.920461062310807, 14.110284901031442 ], [ 122.920477620295998, 14.110284901031442 ], [ 122.920502457273798, 14.110284901031442 ], [ 122.920527294251599, 14.110284901031442 ], [ 122.920552131229385, 14.110284901031442 ], [ 122.920568689214591, 14.110293180024041 ], [ 122.920585247199782, 14.110293180024041 ], [ 122.920610084177582, 14.110293180024041 ], [ 122.920643200147978, 14.11030145901664 ], [ 122.920668037125765, 14.110309738009237 ], [ 122.920692874103565, 14.110309738009237 ], [ 122.920717711081366, 14.110318017001836 ], [ 122.920734269066557, 14.110326295994435 ], [ 122.920759106044358, 14.110342853979633 ], [ 122.920800501007349, 14.110342853979633 ], [ 122.92081705899254, 14.11035113297223 ], [ 122.920841895970341, 14.11035113297223 ], [ 122.920858453955546, 14.110359411964829 ], [ 122.920875011940737, 14.110367690957428 ], [ 122.920899848918538, 14.110367690957428 ], [ 122.920916406903729, 14.110367690957428 ], [ 122.920949522874125, 14.110384248942626 ], [ 122.920990917837116, 14.110384248942626 ], [ 122.921015754814917, 14.110392527935224 ], [ 122.921048870785313, 14.110392527935224 ], [ 122.921073707763099, 14.110392527935224 ], [ 122.9210985447409, 14.110392527935224 ], [ 122.921123381718701, 14.110409085920422 ], [ 122.921156497689097, 14.110417364913021 ], [ 122.921181334666883, 14.110417364913021 ], [ 122.921197892652089, 14.11042564390562 ], [ 122.921222729629875, 14.110433922898217 ], [ 122.921255845600271, 14.110450480883415 ], [ 122.921297240563263, 14.110458759876014 ], [ 122.921322077541063, 14.110467038868613 ], [ 122.921346914518864, 14.110483596853809 ], [ 122.921363472504055, 14.110483596853809 ], [ 122.92138003048926, 14.110491875846408 ], [ 122.921396588474451, 14.110500154839007 ], [ 122.921421425452252, 14.110516712824204 ], [ 122.921446262430052, 14.110533270809402 ], [ 122.921462820415243, 14.110533270809402 ], [ 122.92152077336344, 14.110549828794598 ], [ 122.921545610341227, 14.110558107787197 ], [ 122.921587005304218, 14.110582944764994 ], [ 122.921603563289423, 14.11059950275019 ], [ 122.92162840026721, 14.11060778174279 ], [ 122.921644958252415, 14.110616060735389 ], [ 122.92165323724501, 14.110632618720585 ], [ 122.921669795230216, 14.110640897713184 ], [ 122.921686353215406, 14.110657455698382 ], [ 122.921719469185803, 14.110674013683578 ], [ 122.921752585156199, 14.110707129653974 ], [ 122.92176914314139, 14.110723687639171 ], [ 122.921802259111786, 14.110748524616968 ], [ 122.921818817096991, 14.110773361594763 ], [ 122.921843654074777, 14.110798198572558 ], [ 122.921876770045174, 14.110831314542954 ], [ 122.921893328030379, 14.110847872528151 ], [ 122.921901607022974, 14.110864430513349 ], [ 122.92193472299337, 14.110889267491144 ], [ 122.921959559971157, 14.110922383461538 ], [ 122.921984396948957, 14.110930662454138 ], [ 122.922009233926758, 14.110963778424532 ], [ 122.922009233926758, 14.11098033640973 ], [ 122.922034070904544, 14.110996894394928 ], [ 122.922058907882345, 14.111021731372723 ], [ 122.922067186874941, 14.111038289357921 ], [ 122.92207546586755, 14.111054847343118 ], [ 122.922092023852741, 14.111087963313512 ], [ 122.922116860830542, 14.111112800291309 ], [ 122.922133418815733, 14.111145916261703 ], [ 122.922158255793533, 14.111187311224697 ], [ 122.922174813778724, 14.111212148202492 ], [ 122.922174813778724, 14.11122870618769 ], [ 122.922207929749121, 14.111270101150684 ], [ 122.922216208741716, 14.111294938128479 ], [ 122.922232766726921, 14.111328054098875 ], [ 122.922249324712112, 14.111369449061868 ], [ 122.922257603704722, 14.111394286039664 ], [ 122.922282440682508, 14.111419123017459 ], [ 122.922290719675104, 14.111435681002657 ], [ 122.922307277660309, 14.11147707596565 ], [ 122.92233211463811, 14.11153502891384 ], [ 122.922340393630705, 14.111559865891637 ], [ 122.922356951615896, 14.111617818839827 ], [ 122.922381788593697, 14.111634376825025 ], [ 122.922398346578888, 14.11165921380282 ], [ 122.922406625571497, 14.111700608765814 ], [ 122.922406625571497, 14.111717166751012 ], [ 122.922414904564093, 14.11173372473621 ], [ 122.922423183556688, 14.111750282721406 ], [ 122.922439741541879, 14.111791677684399 ], [ 122.922439741541879, 14.111808235669598 ], [ 122.922448020534489, 14.111833072647393 ], [ 122.92246457851968, 14.11185790962519 ], [ 122.92246457851968, 14.111874467610386 ], [ 122.922472857512275, 14.11191586257338 ], [ 122.922472857512275, 14.111932420558578 ], [ 122.922489415497481, 14.111965536528972 ], [ 122.922489415497481, 14.112006931491965 ], [ 122.922489415497481, 14.112031768469761 ], [ 122.922514252475281, 14.112073163432754 ], [ 122.922522531467877, 14.11210627940315 ], [ 122.922522531467877, 14.112122837388346 ], [ 122.922522531467877, 14.112155953358741 ], [ 122.922522531467877, 14.112180790336538 ], [ 122.922522531467877, 14.112213906306932 ], [ 122.922522531467877, 14.112263580262525 ], [ 122.922522531467877, 14.11228841724032 ], [ 122.922522531467877, 14.112321533210714 ], [ 122.922522531467877, 14.112346370188511 ], [ 122.922522531467877, 14.112371207166307 ], [ 122.922522531467877, 14.112396044144102 ], [ 122.922522531467877, 14.112445718099695 ], [ 122.922522531467877, 14.112470555077492 ], [ 122.922522531467877, 14.112511950040485 ], [ 122.922522531467877, 14.112528508025681 ], [ 122.922522531467877, 14.112578181981274 ], [ 122.922522531467877, 14.112627855936866 ], [ 122.922522531467877, 14.112652692914661 ], [ 122.922522531467877, 14.112677529892458 ], [ 122.922522531467877, 14.112710645862853 ], [ 122.922522531467877, 14.112760319818445 ], [ 122.922522531467877, 14.11279343578884 ], [ 122.922522531467877, 14.112843109744432 ], [ 122.922522531467877, 14.112884504707425 ], [ 122.922522531467877, 14.112934178663016 ], [ 122.922522531467877, 14.112975573626009 ], [ 122.922514252475281, 14.112992131611207 ], [ 122.922514252475281, 14.113008689596406 ], [ 122.922514252475281, 14.113033526574201 ], [ 122.922505973482671, 14.113050084559399 ], [ 122.922505973482671, 14.113066642544595 ], [ 122.922505973482671, 14.11309975851499 ], [ 122.922497694490076, 14.113116316500188 ], [ 122.922489415497481, 14.113149432470582 ], [ 122.922481136504885, 14.11316599045578 ], [ 122.922472857512275, 14.113182548440976 ], [ 122.92246457851968, 14.113199106426174 ], [ 122.92246457851968, 14.11322394340397 ], [ 122.922456299527084, 14.113240501389168 ], [ 122.922448020534489, 14.113257059374364 ], [ 122.922439741541879, 14.113273617359562 ], [ 122.922414904564093, 14.113306733329956 ], [ 122.922414904564093, 14.113323291315155 ], [ 122.922398346578888, 14.113339849300351 ], [ 122.922373509601101, 14.113372965270747 ], [ 122.922356951615896, 14.113397802248542 ], [ 122.922340393630705, 14.11341436023374 ], [ 122.922340393630705, 14.113430918218937 ], [ 122.9223238356455, 14.113439197211536 ], [ 122.922307277660309, 14.113455755196734 ], [ 122.922290719675104, 14.11347231318193 ], [ 122.922282440682508, 14.113488871167128 ], [ 122.922265882697317, 14.113505429152324 ], [ 122.922257603704722, 14.113521987137522 ], [ 122.921959559971157, 14.113753798930285 ] ] ] ] } },
{ "type": "Feature", "properties": { "fid": 158, "desc": "closed-off irrigation canal", "other desc": null, "barangay": "Barangay Alawihao", "col": "issues", "etc": null, "layer": "alawihao_issues" }, "geometry": { "type": "MultiPolygon", "coordinates": [ [ [ [ 122.922265882697317, 14.114076679641633 ], [ 122.922274161689913, 14.114060121656436 ], [ 122.922290719675104, 14.114043563671238 ], [ 122.922307277660309, 14.114027005686042 ], [ 122.9223238356455, 14.114010447700844 ], [ 122.922348672623301, 14.113985610723049 ], [ 122.922365230608492, 14.11397733173045 ], [ 122.922390067586292, 14.113969052737851 ], [ 122.922406625571497, 14.113960773745251 ], [ 122.922431462549284, 14.113952494752654 ], [ 122.922448020534489, 14.113935936767456 ], [ 122.92246457851968, 14.113927657774857 ], [ 122.922472857512275, 14.113911099789661 ], [ 122.922414904564093, 14.113853146841469 ], [ 122.922390067586292, 14.113820030871075 ], [ 122.922365230608492, 14.113778635908082 ], [ 122.922340393630705, 14.113753798930285 ], [ 122.922340393630705, 14.113737240945088 ], [ 122.922307277660309, 14.113695845982095 ], [ 122.922290719675104, 14.113679287996897 ], [ 122.921752585156199, 14.113199106426174 ], [ 122.921388309481856, 14.112925899670419 ], [ 122.921413146459656, 14.111998652499366 ], [ 122.921148218696487, 14.112180790336538 ], [ 122.921264124592881, 14.113083200529793 ], [ 122.922265882697317, 14.114076679641633 ] ] ] ] } },
{ "type": "Feature", "properties": { "fid": 159, "desc": "reclaimed area", "other desc": "private property", "barangay": "Barangay Bagasbas", "col": "issues", "etc": null, "layer": "bagasbas_issues" }, "geometry": { "type": "MultiPolygon", "coordinates": [ [ [ [ 122.990509618688193, 14.126221961783898 ], [ 122.989590650509726, 14.126892560184391 ], [ 122.989574092524521, 14.126925676154787 ], [ 122.989540976554125, 14.126958792125182 ], [ 122.989524418568934, 14.126991908095576 ], [ 122.989491302598537, 14.12702502406597 ], [ 122.989474744613332, 14.127058140036365 ], [ 122.989441628642936, 14.127091256006761 ], [ 122.989408512672554, 14.127124371977155 ], [ 122.989391954687349, 14.127157487947549 ], [ 122.989358838716953, 14.127190603917944 ], [ 122.989325722746557, 14.127223719888338 ], [ 122.989292606776161, 14.127223719888338 ], [ 122.989242932820574, 14.127240277873536 ], [ 122.989209816850178, 14.127240277873536 ], [ 122.98916014289459, 14.127240277873536 ], [ 122.989127026924194, 14.127240277873536 ], [ 122.989077352968607, 14.127240277873536 ], [ 122.989044236998211, 14.127240277873536 ], [ 122.989011121027815, 14.127240277873536 ], [ 122.988978005057419, 14.127240277873536 ], [ 122.988944889087023, 14.127240277873536 ], [ 122.98887865714623, 14.127240277873536 ], [ 122.988812425205438, 14.127240277873536 ], [ 122.988779309235042, 14.127240277873536 ], [ 122.988729635279455, 14.127240277873536 ], [ 122.988679961323868, 14.127240277873536 ], [ 122.988646845353472, 14.127256835858734 ], [ 122.988597171397885, 14.127256835858734 ], [ 122.988564055427489, 14.127256835858734 ], [ 122.988497823486696, 14.127256835858734 ], [ 122.9884647075163, 14.127256835858734 ], [ 122.988431591545904, 14.127256835858734 ], [ 122.988398475575508, 14.127256835858734 ], [ 122.988365359605112, 14.127256835858734 ], [ 122.988315685649525, 14.127256835858734 ], [ 122.988266011693938, 14.127256835858734 ], [ 122.988232895723542, 14.127256835858734 ], [ 122.988199779753145, 14.127256835858734 ], [ 122.988133547812353, 14.127256835858734 ], [ 122.988083873856766, 14.127256835858734 ], [ 122.98805075788637, 14.127256835858734 ], [ 122.987967967960373, 14.127256835858734 ], [ 122.987918294004785, 14.127256835858734 ], [ 122.987868620049198, 14.127256835858734 ], [ 122.987835504078802, 14.127256835858734 ], [ 122.98776927213801, 14.127256835858734 ], [ 122.987736156167614, 14.127240277873536 ], [ 122.987703040197218, 14.127240277873536 ], [ 122.987669924226822, 14.127240277873536 ], [ 122.987636808256426, 14.127240277873536 ], [ 122.987603692286044, 14.127240277873536 ], [ 122.987570576315647, 14.127240277873536 ], [ 122.987520902360046, 14.127240277873536 ], [ 122.987454670419268, 14.127223719888338 ], [ 122.987421554448872, 14.127207161903142 ], [ 122.98735532250808, 14.127190603917944 ], [ 122.987305648552478, 14.127190603917944 ], [ 122.987272532582097, 14.127174045932748 ], [ 122.9872394166117, 14.127157487947549 ], [ 122.987206300641304, 14.127157487947549 ], [ 122.987173184670908, 14.127157487947549 ], [ 122.987140068700512, 14.127140929962351 ], [ 122.987106952730116, 14.127140929962351 ], [ 122.987057278774529, 14.127124371977155 ], [ 122.987024162804133, 14.127124371977155 ], [ 122.986974488848531, 14.127091256006761 ], [ 122.98694137287815, 14.127091256006761 ], [ 122.986875140937357, 14.127091256006761 ], [ 122.986808908996565, 14.127058140036365 ], [ 122.986759235040978, 14.12702502406597 ], [ 122.986693003100186, 14.127008466080774 ], [ 122.986295611455446, 14.126793212273208 ], [ 122.986279053470255, 14.126760096302814 ], [ 122.986245937499859, 14.126726980332418 ], [ 122.986212821529463, 14.126693864362023 ], [ 122.986196263544258, 14.126660748391629 ], [ 122.986163147573862, 14.126627632421235 ], [ 122.986163147573862, 14.12659451645084 ], [ 122.98613003160348, 14.126577958465642 ], [ 122.986113473618275, 14.126544842495248 ], [ 122.986113473618275, 14.126511726524853 ], [ 122.986113473618275, 14.126478610554457 ], [ 122.986113473618275, 14.126445494584063 ], [ 122.986113473618275, 14.126412378613669 ], [ 122.986113473618275, 14.126379262643274 ], [ 122.986113473618275, 14.12634614667288 ], [ 122.98613003160348, 14.126296472717288 ], [ 122.986411517351826, 14.125567921368605 ], [ 122.986428075337031, 14.12553480539821 ], [ 122.986444633322222, 14.125501689427814 ], [ 122.986577097203806, 14.125071181812684 ], [ 122.987040720789324, 14.12440886240479 ], [ 122.987173184670908, 14.124375746434396 ], [ 122.987222858626495, 14.124375746434396 ], [ 122.987934851989991, 14.124292956508409 ], [ 122.987967967960373, 14.124276398523211 ], [ 122.988001083930769, 14.124276398523211 ], [ 122.989358838716953, 14.123895564863671 ], [ 122.989391954687349, 14.123879006878475 ], [ 122.990137064021226, 14.123713427026502 ], [ 122.990186737976828, 14.1237299850117 ], [ 122.990219853947224, 14.123763100982094 ], [ 122.990252969917606, 14.123763100982094 ], [ 122.990286085888002, 14.12377965896729 ], [ 122.990509618688193, 14.126221961783898 ] ] ] ] } },
{ "type": "Feature", "properties": { "fid": 160, "desc": "\"katangyanan\" area", "other desc": null, "barangay": "Barangay Bagasbas", "col": "etc", "etc": null, "layer": "bagasbas_etc" }, "geometry": { "type": "MultiPolygon", "coordinates": [ [ [ [ 122.985682966003168, 14.124566163264173 ], [ 122.985699523988359, 14.124615837219766 ], [ 122.985749197943946, 14.12464895319016 ], [ 122.985749197943946, 14.124682069160555 ], [ 122.985765755929151, 14.124715185130949 ], [ 122.985798871899547, 14.124731743116147 ], [ 122.985831987869943, 14.124764859086541 ], [ 122.985848545855134, 14.124797975056936 ], [ 122.98588166182553, 14.124831091027332 ], [ 122.98588166182553, 14.124864206997726 ], [ 122.985914777795927, 14.124897322968121 ], [ 122.985947893766323, 14.124946996923713 ], [ 122.985981009736719, 14.124980112894107 ], [ 122.98599756772191, 14.125013228864502 ], [ 122.986030683692306, 14.125046344834896 ], [ 122.986047241677497, 14.125096018790488 ], [ 122.986063799662702, 14.125129134760883 ], [ 122.986063799662702, 14.125162250731279 ], [ 122.986080357647893, 14.125195366701673 ], [ 122.986113473618289, 14.125228482672068 ], [ 122.986130031603494, 14.125261598642462 ], [ 122.986146589588685, 14.125311272598054 ], [ 122.98616314757389, 14.125344388568449 ], [ 122.98616314757389, 14.125377504538843 ], [ 122.98616314757389, 14.125410620509237 ], [ 122.98616314757389, 14.125443736479633 ], [ 122.98616314757389, 14.125476852450028 ], [ 122.986196263544272, 14.125509968420422 ], [ 122.986196263544272, 14.125543084390817 ], [ 122.986196263544272, 14.125576200361211 ], [ 122.986212821529477, 14.125642432302001 ], [ 122.986212821529477, 14.125675548272396 ], [ 122.986212821529477, 14.12570866424279 ], [ 122.986212821529477, 14.125741780213184 ], [ 122.986212821529477, 14.125774896183581 ], [ 122.986212821529477, 14.125808012153975 ], [ 122.986212821529477, 14.125841128124369 ], [ 122.986212821529477, 14.125874244094764 ], [ 122.986212821529477, 14.125907360065158 ], [ 122.986212821529477, 14.125940476035554 ], [ 122.986212821529477, 14.125973592005948 ], [ 122.986212821529477, 14.126006707976343 ], [ 122.986212821529477, 14.126056381931935 ], [ 122.986212821529477, 14.126089497902329 ], [ 122.986212821529477, 14.126122613872724 ], [ 122.986212821529477, 14.126205403798711 ], [ 122.986212821529477, 14.126238519769105 ], [ 122.986212821529477, 14.126288193724697 ], [ 122.986212821529477, 14.12633786768029 ], [ 122.986212821529477, 14.126370983650684 ], [ 122.986212821529477, 14.126404099621078 ], [ 122.986212821529477, 14.126437215591473 ], [ 122.986212821529477, 14.126470331561869 ], [ 122.986212821529477, 14.126503447532263 ], [ 122.986212821529477, 14.126536563502658 ], [ 122.986196263544272, 14.126569679473052 ], [ 122.986179705559081, 14.126635911413842 ], [ 122.986146589588685, 14.126652469399039 ], [ 122.986130031603494, 14.126702143354631 ], [ 122.986096915633098, 14.12676837529542 ], [ 122.986080357647893, 14.126801491265816 ], [ 122.986047241677497, 14.12683460723621 ], [ 122.986014125707115, 14.126884281191803 ], [ 122.985981009736719, 14.126917397162197 ], [ 122.985964451751514, 14.126950513132591 ], [ 122.985931335781117, 14.126983629102986 ], [ 122.985898219810721, 14.12701674507338 ], [ 122.985848545855134, 14.127082977014171 ], [ 122.985815429884738, 14.127132650969761 ], [ 122.985782313914342, 14.127165766940157 ], [ 122.985749197943946, 14.127198882910552 ], [ 122.98571608197355, 14.127231998880946 ], [ 122.985699523988359, 14.12726511485134 ], [ 122.985666408017963, 14.127281672836538 ], [ 122.985633292047567, 14.127314788806933 ], [ 122.985567060106774, 14.127364462762525 ], [ 122.985517386151187, 14.127381020747722 ], [ 122.9854677121956, 14.12739757873292 ], [ 122.985434596225204, 14.127414136718118 ], [ 122.985401480254808, 14.127447252688512 ], [ 122.985368364284412, 14.127463810673708 ], [ 122.985335248314016, 14.127496926644104 ], [ 122.98530213234362, 14.127513484629301 ], [ 122.985269016373223, 14.127513484629301 ], [ 122.985235900402827, 14.127563158584893 ], [ 122.985169668462049, 14.127563158584893 ], [ 122.985136552491653, 14.127579716570091 ], [ 122.985103436521257, 14.127596274555287 ], [ 122.985037204580465, 14.127612832540485 ], [ 122.985004088610069, 14.12764594851088 ], [ 122.984970972639672, 14.127662506496078 ], [ 122.984921298684085, 14.127679064481274 ], [ 122.984888182713689, 14.127695622466472 ], [ 122.984855066743293, 14.127712180451669 ], [ 122.984821950772897, 14.127728738436867 ], [ 122.984788834802501, 14.127745296422065 ], [ 122.984755718832105, 14.127761854407261 ], [ 122.984706044876518, 14.127778412392459 ], [ 122.984672928906122, 14.127794970377655 ], [ 122.984606696965329, 14.127811528362853 ], [ 122.984557023009742, 14.127844644333248 ], [ 122.984507349054155, 14.127877760303642 ], [ 122.984474233083759, 14.127877760303642 ], [ 122.984441117113363, 14.127910876274038 ], [ 122.984408001142967, 14.127927434259234 ], [ 122.984374885172571, 14.127927434259234 ], [ 122.984341769202175, 14.127943992244433 ], [ 122.984308653231778, 14.127960550229629 ], [ 122.984275537261382, 14.127977108214827 ], [ 122.984242421290986, 14.127993666200023 ], [ 122.984209305320604, 14.128010224185221 ], [ 122.984159631365003, 14.128010224185221 ], [ 122.984126515394607, 14.128010224185221 ], [ 122.984093399424211, 14.128026782170419 ], [ 122.984060283453815, 14.128059898140814 ], [ 122.984027167483433, 14.128059898140814 ], [ 122.983994051513037, 14.128059898140814 ], [ 122.98396093554264, 14.128059898140814 ], [ 122.983927819572244, 14.12807645612601 ], [ 122.983894703601848, 14.128093014111208 ], [ 122.983861587631452, 14.128093014111208 ], [ 122.983811913675865, 14.128093014111208 ], [ 122.983762239720264, 14.128109572096406 ], [ 122.983729123749868, 14.128126130081602 ], [ 122.983696007779486, 14.128126130081602 ], [ 122.98366289180909, 14.1281426880668 ], [ 122.983629775838693, 14.1281426880668 ], [ 122.983596659868297, 14.128159246051997 ], [ 122.983563543897901, 14.128175804037195 ], [ 122.983513869942314, 14.128192362022393 ], [ 122.983464195986713, 14.128208920007589 ], [ 122.983431080016317, 14.128225477992787 ], [ 122.983397964045921, 14.128225477992787 ], [ 122.983364848075539, 14.128242035977983 ], [ 122.983331732105142, 14.128242035977983 ], [ 122.983298616134746, 14.12827515194838 ], [ 122.983248942179145, 14.128291709933576 ], [ 122.983182710238367, 14.128308267918774 ], [ 122.983133036282766, 14.128341383889168 ], [ 122.983083362327179, 14.128341383889168 ], [ 122.983000572401195, 14.128374499859563 ], [ 122.982967456430799, 14.128391057844761 ], [ 122.982934340460403, 14.128407615829957 ], [ 122.982901224490007, 14.128407615829957 ], [ 122.982868108519611, 14.128424173815155 ], [ 122.982834992549215, 14.128424173815155 ], [ 122.982785318593628, 14.128440731800353 ], [ 122.982702528667645, 14.128473847770747 ], [ 122.982669412697248, 14.128473847770747 ], [ 122.982603180756456, 14.128473847770747 ], [ 122.982553506800869, 14.128490405755944 ], [ 122.982487274860077, 14.128490405755944 ], [ 122.982454158889681, 14.128506963741142 ], [ 122.982421042919285, 14.12852352172634 ], [ 122.982371368963697, 14.128540079711536 ], [ 122.982338252993301, 14.128540079711536 ], [ 122.982305137022905, 14.12857319568193 ], [ 122.982272021052509, 14.128589753667129 ], [ 122.982238905082113, 14.128606311652327 ], [ 122.982189231126526, 14.128606311652327 ], [ 122.98215611515613, 14.128639427622721 ], [ 122.982106441200528, 14.128639427622721 ], [ 122.982056767244941, 14.128672543593115 ], [ 122.981990535304149, 14.128689101578313 ], [ 122.981907745378166, 14.128689101578313 ], [ 122.98187462940777, 14.128722217548708 ], [ 122.981824955452183, 14.128722217548708 ], [ 122.981791839481787, 14.128738775533904 ], [ 122.98175872351139, 14.128738775533904 ], [ 122.981709049555803, 14.128738775533904 ], [ 122.981642817615011, 14.128738775533904 ], [ 122.981609701644615, 14.128755333519102 ], [ 122.981576585674219, 14.128755333519102 ], [ 122.981526911718632, 14.128755333519102 ], [ 122.981477237763031, 14.128755333519102 ], [ 122.981427563807443, 14.128755333519102 ], [ 122.981377889851856, 14.128755333519102 ], [ 122.981328215896255, 14.128755333519102 ], [ 122.981278541940668, 14.128755333519102 ], [ 122.981245425970272, 14.128755333519102 ], [ 122.981195752014685, 14.128755333519102 ], [ 122.981129520073893, 14.128755333519102 ], [ 122.981079846118305, 14.128738775533904 ], [ 122.981046730147909, 14.128722217548708 ], [ 122.981013614177513, 14.12870565956351 ], [ 122.980963940221912, 14.12870565956351 ], [ 122.98093082425153, 14.128672543593115 ], [ 122.980897708281134, 14.128655985607917 ], [ 122.980864592310738, 14.128655985607917 ], [ 122.980814918355136, 14.128639427622721 ], [ 122.98078180238474, 14.128622869637523 ], [ 122.980732128429153, 14.128606311652327 ], [ 122.980699012458757, 14.128589753667129 ], [ 122.980665896488361, 14.12857319568193 ], [ 122.980632780517965, 14.12857319568193 ], [ 122.980583106562378, 14.128556637696734 ], [ 122.980549990591982, 14.128540079711536 ], [ 122.980516874621586, 14.12852352172634 ], [ 122.980483758651189, 14.128506963741142 ], [ 122.980417526710411, 14.128490405755944 ], [ 122.98036785275481, 14.128457289785549 ], [ 122.980334736784414, 14.128457289785549 ], [ 122.980301620814018, 14.128457289785549 ], [ 122.980268504843636, 14.128440731800353 ], [ 122.98023538887324, 14.128424173815155 ], [ 122.980202272902844, 14.128407615829957 ], [ 122.980169156932448, 14.128391057844761 ], [ 122.980119482976846, 14.128357941874366 ], [ 122.980069809021259, 14.12832482590397 ], [ 122.980053251036068, 14.12827515194838 ], [ 122.980020135065672, 14.128242035977983 ], [ 122.979970461110071, 14.128192362022393 ], [ 122.979937345139689, 14.128159246051997 ], [ 122.979920787154484, 14.128126130081602 ], [ 122.979854555213691, 14.12807645612601 ], [ 122.979837997228501, 14.128043340155616 ], [ 122.979788323272899, 14.127993666200023 ], [ 122.979755207302517, 14.127943992244433 ], [ 122.979738649317312, 14.127910876274038 ], [ 122.979705533346916, 14.127877760303642 ], [ 122.97967241737652, 14.127844644333248 ], [ 122.979655859391329, 14.127811528362853 ], [ 122.979639301406124, 14.127778412392459 ], [ 122.979606185435742, 14.127712180451669 ], [ 122.979523395509744, 14.127629390525682 ], [ 122.979506837524553, 14.127596274555287 ], [ 122.979490279539348, 14.127563158584893 ], [ 122.979457163568966, 14.127513484629301 ], [ 122.97942404759857, 14.127480368658906 ], [ 122.97942404759857, 14.127447252688512 ], [ 122.979374373642969, 14.12739757873292 ], [ 122.979357815657778, 14.127364462762525 ], [ 122.979324699687382, 14.127314788806933 ], [ 122.979308141702177, 14.127281672836538 ], [ 122.979275025731795, 14.127248556866144 ], [ 122.979241909761399, 14.127215440895748 ], [ 122.979225351776194, 14.127182324925354 ], [ 122.979192235805797, 14.127116092984565 ], [ 122.979175677820606, 14.127082977014171 ], [ 122.97914256185021, 14.127049861043776 ], [ 122.979126003865019, 14.127000187088184 ], [ 122.979109445879814, 14.126933955147393 ], [ 122.979076329909418, 14.126900839176999 ], [ 122.979059771924227, 14.12683460723621 ], [ 122.979026655953831, 14.126801491265816 ], [ 122.979026655953831, 14.12676837529542 ], [ 122.979010097968626, 14.126735259325025 ], [ 122.97897698199823, 14.126685585369433 ], [ 122.97897698199823, 14.126652469399039 ], [ 122.978960424013039, 14.126619353428644 ], [ 122.978943866027848, 14.12658623745825 ], [ 122.978927308042643, 14.126553121487856 ], [ 122.978927308042643, 14.12652000551746 ], [ 122.978927308042643, 14.126486889547065 ], [ 122.978927308042643, 14.126453773576671 ], [ 122.978910750057452, 14.126420657606277 ], [ 122.978894192072246, 14.126370983650684 ], [ 122.978894192072246, 14.12633786768029 ], [ 122.978877634087056, 14.126304751709895 ], [ 122.97886107610185, 14.126255077754303 ], [ 122.978844518116659, 14.126188845813514 ], [ 122.978844518116659, 14.126155729843118 ], [ 122.978827960131454, 14.126106055887528 ], [ 122.978827960131454, 14.126072939917131 ], [ 122.978827960131454, 14.126023265961541 ], [ 122.978811402146263, 14.125990149991145 ], [ 122.978811402146263, 14.12595703402075 ], [ 122.978811402146263, 14.125907360065158 ], [ 122.978794844161072, 14.125874244094764 ], [ 122.978794844161072, 14.125841128124369 ], [ 122.978794844161072, 14.125791454168777 ], [ 122.978794844161072, 14.125758338198382 ], [ 122.978794844161072, 14.12570866424279 ], [ 122.978794844161072, 14.125658990287198 ], [ 122.978794844161072, 14.125625874316803 ], [ 122.978794844161072, 14.125576200361211 ], [ 122.978794844161072, 14.12552652640562 ], [ 122.978811402146263, 14.125476852450028 ], [ 122.978844518116659, 14.125443736479633 ], [ 122.97886107610185, 14.125410620509237 ], [ 122.978877634087056, 14.125360946553647 ], [ 122.978910750057452, 14.125311272598054 ], [ 122.978943866027848, 14.125261598642462 ], [ 122.978960424013039, 14.125228482672068 ], [ 122.979010097968626, 14.125178808716475 ], [ 122.979043213939022, 14.125145692746081 ], [ 122.979109445879814, 14.125079460805292 ], [ 122.979159119835401, 14.1250297868497 ], [ 122.979192235805797, 14.124996670879305 ], [ 122.979225351776194, 14.124963554908909 ], [ 122.979275025731795, 14.124946996923713 ], [ 122.979308141702177, 14.124913880953319 ], [ 122.979341257672573, 14.124897322968121 ], [ 122.979407489613365, 14.124864206997726 ], [ 122.979457163568966, 14.124831091027332 ], [ 122.979490279539348, 14.124814533042134 ], [ 122.97953995349495, 14.124781417071739 ], [ 122.979573069465346, 14.124781417071739 ], [ 122.979639301406124, 14.124748301101345 ], [ 122.97967241737652, 14.124731743116147 ], [ 122.979705533346916, 14.124715185130949 ], [ 122.979738649317312, 14.124698627145753 ], [ 122.979771765287708, 14.124682069160555 ], [ 122.979804881258104, 14.124665511175358 ], [ 122.979837997228501, 14.124632395204962 ], [ 122.979887671184088, 14.124599279234568 ], [ 122.979937345139689, 14.124566163264173 ], [ 122.979970461110071, 14.124549605278975 ], [ 122.979987019095276, 14.124516489308581 ], [ 122.980020135065672, 14.124499931323385 ], [ 122.980053251036068, 14.124483373338187 ], [ 122.980086367006464, 14.124466815352989 ], [ 122.980152598947242, 14.124433699382594 ], [ 122.980185714917639, 14.1244005834122 ], [ 122.980218830888035, 14.124367467441806 ], [ 122.980251946858431, 14.124334351471411 ], [ 122.980285062828827, 14.124317793486213 ], [ 122.980334736784414, 14.124268119530621 ], [ 122.980384410740015, 14.12421844557503 ], [ 122.980417526710411, 14.124201887589832 ], [ 122.980450642680793, 14.124168771619438 ], [ 122.980483758651189, 14.124135655649043 ], [ 122.980533432606791, 14.124085981693451 ], [ 122.980549990591982, 14.124052865723057 ], [ 122.980583106562378, 14.124003191767464 ], [ 122.980616222532774, 14.123986633782266 ], [ 122.980632780517965, 14.123953517811872 ], [ 122.980665896488361, 14.123920401841477 ], [ 122.980665896488361, 14.123887285871083 ], [ 122.980699012458757, 14.123837611915491 ], [ 122.980732128429153, 14.123804495945096 ], [ 122.98078180238474, 14.123754821989504 ], [ 122.980814918355136, 14.12372170601911 ], [ 122.980848034325533, 14.123688590048713 ], [ 122.980864592310738, 14.123655474078319 ], [ 122.980897708281134, 14.123622358107925 ], [ 122.980897708281134, 14.12358924213753 ], [ 122.98093082425153, 14.123556126167136 ], [ 122.980980498207117, 14.123523010196742 ], [ 122.980997056192308, 14.123489894226346 ], [ 122.981030172162704, 14.123440220270755 ], [ 122.9810632881331, 14.123407104300359 ], [ 122.981096404103496, 14.123390546315163 ], [ 122.981112962088687, 14.123357430344768 ], [ 122.981146078059083, 14.123324314374372 ], [ 122.981195752014685, 14.123291198403978 ], [ 122.981228867985081, 14.123258082433583 ], [ 122.981261983955477, 14.123224966463189 ], [ 122.981295099925859, 14.123208408477991 ], [ 122.981361331866651, 14.123175292507597 ], [ 122.981394447837047, 14.123142176537202 ], [ 122.981444121792634, 14.12309250258161 ], [ 122.981444121792634, 14.123059386611216 ], [ 122.981477237763031, 14.123026270640821 ], [ 122.981510353733427, 14.123009712655623 ], [ 122.981543469703823, 14.122976596685229 ], [ 122.981560027689028, 14.122943480714834 ], [ 122.981626259629806, 14.122893806759242 ], [ 122.981659375600202, 14.122877248774044 ], [ 122.981692491570598, 14.12284413280365 ], [ 122.981725607540994, 14.122811016833255 ], [ 122.98175872351139, 14.122777900862861 ], [ 122.981808397466978, 14.122777900862861 ], [ 122.981841513437374, 14.122744784892465 ], [ 122.98187462940777, 14.122744784892465 ], [ 122.981907745378166, 14.12271166892207 ], [ 122.981940861348562, 14.122695110936874 ], [ 122.981973977318958, 14.122678552951676 ], [ 122.98204020925975, 14.12266199496648 ], [ 122.982073325230147, 14.122645436981282 ], [ 122.982106441200528, 14.122645436981282 ], [ 122.982139557170925, 14.122645436981282 ], [ 122.982172673141321, 14.122628878996084 ], [ 122.982205789111717, 14.122612321010887 ], [ 122.982238905082113, 14.122595763025689 ], [ 122.982321695008096, 14.122579205040493 ], [ 122.982354810978492, 14.122579205040493 ], [ 122.982387926948888, 14.122562647055295 ], [ 122.982421042919285, 14.122546089070097 ], [ 122.982470716874872, 14.122546089070097 ], [ 122.982586622771251, 14.122496415114506 ], [ 122.982652854712043, 14.122479857129308 ], [ 122.982735644638041, 14.122446741158914 ], [ 122.982785318593628, 14.122446741158914 ], [ 122.98285155053442, 14.122430183173716 ], [ 122.982901224490007, 14.122397067203321 ], [ 122.982950898445594, 14.122397067203321 ], [ 122.983000572401195, 14.122380509218123 ], [ 122.983050246356783, 14.122363951232927 ], [ 122.983116478297575, 14.122347393247729 ], [ 122.983166152253162, 14.122347393247729 ], [ 122.983199268223558, 14.122347393247729 ], [ 122.983248942179145, 14.122314277277335 ], [ 122.983298616134746, 14.122314277277335 ], [ 122.983348290090333, 14.122314277277335 ], [ 122.98338140606073, 14.122297719292137 ], [ 122.983431080016317, 14.122264603321742 ], [ 122.983464195986713, 14.122264603321742 ], [ 122.983513869942314, 14.122264603321742 ], [ 122.98354698591271, 14.122264603321742 ], [ 122.983580101883092, 14.122264603321742 ], [ 122.983613217853488, 14.122248045336546 ], [ 122.983646333823884, 14.122248045336546 ], [ 122.98367944979428, 14.122248045336546 ], [ 122.983729123749868, 14.122231487351348 ], [ 122.983778797705469, 14.122231487351348 ], [ 122.983845029646261, 14.122231487351348 ], [ 122.983894703601848, 14.12221492936615 ], [ 122.983977493527831, 14.12221492936615 ], [ 122.984027167483433, 14.12221492936615 ], [ 122.984060283453815, 14.12221492936615 ], [ 122.984093399424211, 14.12221492936615 ], [ 122.984126515394607, 14.122198371380954 ], [ 122.984159631365003, 14.122198371380954 ], [ 122.984192747335399, 14.122181813395756 ], [ 122.984275537261382, 14.122165255410559 ], [ 122.984341769202175, 14.122165255410559 ], [ 122.984374885172571, 14.122165255410559 ], [ 122.984408001142967, 14.122165255410559 ], [ 122.984474233083759, 14.122148697425361 ], [ 122.984507349054155, 14.122132139440163 ], [ 122.984540465024551, 14.122115581454967 ], [ 122.984573580994933, 14.122115581454967 ], [ 122.984639812935725, 14.122099023469769 ], [ 122.984672928906122, 14.122082465484572 ], [ 122.984722602861709, 14.122065907499374 ], [ 122.984755718832105, 14.122065907499374 ], [ 122.984788834802501, 14.122049349514176 ], [ 122.984821950772897, 14.122049349514176 ], [ 122.984871624728484, 14.122049349514176 ], [ 122.98490474069888, 14.122049349514176 ], [ 122.984937856669276, 14.122049349514176 ], [ 122.984970972639672, 14.12203279152898 ], [ 122.985004088610069, 14.12203279152898 ], [ 122.985053762565656, 14.12203279152898 ], [ 122.985086878536052, 14.12203279152898 ], [ 122.985119994506448, 14.12203279152898 ], [ 122.985153110476844, 14.12203279152898 ], [ 122.985219342417636, 14.12203279152898 ], [ 122.985252458388032, 14.12203279152898 ], [ 122.985285574358429, 14.12203279152898 ], [ 122.985351806299221, 14.12203279152898 ], [ 122.985384922269603, 14.122049349514176 ], [ 122.985418038239999, 14.122065907499374 ], [ 122.985451154210395, 14.122082465484572 ], [ 122.985500828165996, 14.122115581454967 ], [ 122.985533944136378, 14.122132139440163 ], [ 122.985567060106774, 14.122148697425361 ], [ 122.98560017607717, 14.122181813395756 ], [ 122.985682966003168, 14.124566163264173 ] ] ] ] } },
{ "type": "Feature", "properties": { "fid": 161, "desc": "\"sabang daet\" area", "other desc": null, "barangay": "Barangay Bagasbas", "col": "etc", "etc": null, "layer": "bagasbas_etc" }, "geometry": { "type": "MultiPolygon", "coordinates": [ [ [ [ 122.990998079251455, 14.125990149991146 ], [ 122.991047753207042, 14.12597359200595 ], [ 122.991064311192247, 14.125940476035554 ], [ 122.991097427162643, 14.12590736006516 ], [ 122.991130543133039, 14.125857686109569 ], [ 122.991180217088626, 14.125808012153977 ], [ 122.991213333059022, 14.125791454168779 ], [ 122.991229891044213, 14.125758338198384 ], [ 122.991246449029418, 14.12572522222799 ], [ 122.991263007014609, 14.125692106257596 ], [ 122.991279564999815, 14.125658990287199 ], [ 122.991312680970211, 14.125642432302003 ], [ 122.991329238955402, 14.125609316331609 ], [ 122.991345796940593, 14.125576200361213 ], [ 122.991362354925798, 14.125543084390818 ], [ 122.991362354925798, 14.125509968420424 ], [ 122.991395470896194, 14.12547685245003 ], [ 122.991412028881385, 14.125443736479635 ], [ 122.991445144851781, 14.125427178494437 ], [ 122.991445144851781, 14.125394062524043 ], [ 122.99142858686659, 14.12534438856845 ], [ 122.991378912910989, 14.125311272598056 ], [ 122.991345796940593, 14.125311272598056 ], [ 122.991296122985005, 14.125261598642464 ], [ 122.991246449029418, 14.125245040657266 ], [ 122.991213333059022, 14.125211924686871 ], [ 122.991163659103435, 14.125195366701675 ], [ 122.991130543133039, 14.125162250731279 ], [ 122.991097427162643, 14.125145692746083 ], [ 122.991064311192247, 14.125129134760884 ], [ 122.991014637236646, 14.125079460805292 ], [ 122.990981521266264, 14.125062902820096 ], [ 122.990948405295867, 14.125062902820096 ], [ 122.990915289325471, 14.125046344834898 ], [ 122.990898731340266, 14.125013228864503 ], [ 122.99086561536987, 14.124980112894109 ], [ 122.990815941414283, 14.124963554908911 ], [ 122.990782825443887, 14.124946996923715 ], [ 122.990749709473491, 14.12491388095332 ], [ 122.990716593503095, 14.124880764982924 ], [ 122.990700035517904, 14.124831091027334 ], [ 122.990700035517904, 14.124797975056937 ], [ 122.990700035517904, 14.124748301101347 ], [ 122.990700035517904, 14.124715185130951 ], [ 122.990716593503095, 14.124682069160556 ], [ 122.990749709473491, 14.124648953190162 ], [ 122.990799383429092, 14.124632395204964 ], [ 122.99086561536987, 14.12459927923457 ], [ 122.990964963281058, 14.124582721249373 ], [ 122.990998079251455, 14.124582721249373 ], [ 122.991047753207042, 14.124533047293781 ], [ 122.991097427162643, 14.124516489308583 ], [ 122.991130543133039, 14.124516489308583 ], [ 122.991196775073817, 14.124516489308583 ], [ 122.991229891044213, 14.124499931323387 ], [ 122.991279564999815, 14.124483373338188 ], [ 122.991329238955402, 14.12446681535299 ], [ 122.991362354925798, 14.124433699382596 ], [ 122.991412028881385, 14.124400583412202 ], [ 122.991461702836986, 14.124367467441807 ], [ 122.991511376792573, 14.124334351471413 ], [ 122.991544492762969, 14.124301235501017 ], [ 122.991594166718556, 14.124251561545426 ], [ 122.991643840674158, 14.12421844557503 ], [ 122.991660398659349, 14.124185329604636 ], [ 122.991710072614936, 14.124135655649043 ], [ 122.991726630600141, 14.124085981693453 ], [ 122.991759746570537, 14.124069423708255 ], [ 122.991776304555728, 14.12403630773786 ], [ 122.991809420526124, 14.124003191767466 ], [ 122.991825978511329, 14.123970075797072 ], [ 122.991859094481711, 14.123936959826676 ], [ 122.991875652466916, 14.123903843856281 ], [ 122.991908768437312, 14.123854169900689 ], [ 122.991941884407709, 14.123821053930294 ], [ 122.991975000378105, 14.123771379974702 ], [ 122.992008116348487, 14.123721706019111 ], [ 122.992024674333692, 14.123688590048715 ], [ 122.992057790304088, 14.123638916093125 ], [ 122.992057790304088, 14.123605800122728 ], [ 122.992057790304088, 14.123572684152334 ], [ 122.992090906274484, 14.123523010196742 ], [ 122.992107464259675, 14.123489894226347 ], [ 122.99212402224488, 14.123440220270755 ], [ 122.992140580230071, 14.123407104300361 ], [ 122.992140580230071, 14.123373988329966 ], [ 122.992157138215276, 14.123324314374374 ], [ 122.992157138215276, 14.123274640418781 ], [ 122.992173696200467, 14.123241524448387 ], [ 122.992173696200467, 14.123191850492796 ], [ 122.992173696200467, 14.123142176537204 ], [ 122.992190254185658, 14.12310906056681 ], [ 122.992190254185658, 14.123059386611217 ], [ 122.992190254185658, 14.123009712655625 ], [ 122.992206812170863, 14.122943480714836 ], [ 122.992206812170863, 14.122877248774046 ], [ 122.992206812170863, 14.122844132803651 ], [ 122.992206812170863, 14.122794458848059 ], [ 122.992206812170863, 14.12272822690727 ], [ 122.992206812170863, 14.122695110936876 ], [ 122.992206812170863, 14.12266199496648 ], [ 122.992206812170863, 14.122612321010889 ], [ 122.992206812170863, 14.122562647055297 ], [ 122.992206812170863, 14.122529531084902 ], [ 122.992206812170863, 14.12247985712931 ], [ 122.992206812170863, 14.122446741158916 ], [ 122.992206812170863, 14.122380509218125 ], [ 122.992206812170863, 14.122330835262535 ], [ 122.992206812170863, 14.122297719292138 ], [ 122.992206812170863, 14.122264603321744 ], [ 122.992173696200467, 14.122214929366152 ], [ 122.992157138215276, 14.122181813395757 ], [ 122.99212402224488, 14.122115581454969 ], [ 122.992107464259675, 14.122082465484574 ], [ 122.992074348289279, 14.122049349514178 ], [ 122.992041232318883, 14.122016233543784 ], [ 122.992008116348487, 14.121983117573389 ], [ 122.991975000378105, 14.121950001602995 ], [ 122.991925326422503, 14.121883769662205 ], [ 122.991892210452107, 14.121867211677008 ], [ 122.991859094481711, 14.121834095706614 ], [ 122.991809420526124, 14.121800979736218 ], [ 122.991743188585332, 14.121784421751022 ], [ 122.991710072614936, 14.121751305780627 ], [ 122.99167695664454, 14.121751305780627 ], [ 122.991643840674158, 14.121734747795429 ], [ 122.991610724703762, 14.121718189810231 ], [ 122.991577608733365, 14.121718189810231 ], [ 122.991544492762969, 14.121718189810231 ], [ 122.991494818807382, 14.121701631825035 ], [ 122.99142858686659, 14.121701631825035 ], [ 122.991378912910989, 14.12166851585464 ], [ 122.991329238955402, 14.121651957869442 ], [ 122.991279564999815, 14.121651957869442 ], [ 122.991229891044213, 14.121651957869442 ], [ 122.991196775073817, 14.121651957869442 ], [ 122.991130543133039, 14.121651957869442 ], [ 122.991080869177438, 14.121635399884244 ], [ 122.991031195221851, 14.121635399884244 ], [ 122.990998079251455, 14.121618841899048 ], [ 122.990948405295867, 14.12160228391385 ], [ 122.990915289325471, 14.12160228391385 ], [ 122.99086561536987, 14.12160228391385 ], [ 122.990799383429092, 14.12160228391385 ], [ 122.990749709473491, 14.12160228391385 ], [ 122.990716593503095, 14.12160228391385 ], [ 122.990683477532713, 14.12160228391385 ], [ 122.990633803577111, 14.12160228391385 ], [ 122.990600687606715, 14.12160228391385 ], [ 122.990567571636319, 14.12160228391385 ], [ 122.990534455665923, 14.12160228391385 ], [ 122.990501339695541, 14.12160228391385 ], [ 122.99045166573994, 14.121618841899048 ], [ 122.990401991784353, 14.121635399884244 ], [ 122.990368875813957, 14.121651957869442 ], [ 122.99033575984356, 14.12166851585464 ], [ 122.990286085887973, 14.121685073839837 ], [ 122.990236411932372, 14.121701631825035 ], [ 122.990186737976785, 14.121718189810231 ], [ 122.990137064021198, 14.121767863765823 ], [ 122.990070832080406, 14.121800979736218 ], [ 122.99003771611001, 14.121817537721416 ], [ 122.990004600139613, 14.12185065369181 ], [ 122.98992181021363, 14.121900327647403 ], [ 122.989855578272838, 14.121950001602995 ], [ 122.989789346332046, 14.121983117573389 ], [ 122.989739672376459, 14.122032791528982 ], [ 122.989656882450475, 14.122082465484574 ], [ 122.989590650509683, 14.122082465484574 ], [ 122.989540976554082, 14.122115581454969 ], [ 122.9895078605837, 14.122115581454969 ], [ 122.989474744613304, 14.122148697425363 ], [ 122.989441628642908, 14.122165255410561 ], [ 122.989408512672512, 14.122198371380955 ], [ 122.989375396702115, 14.122214929366152 ], [ 122.989342280731719, 14.12223148735135 ], [ 122.989292606776132, 14.122248045336548 ], [ 122.989259490805736, 14.122264603321744 ], [ 122.989209816850135, 14.122314277277336 ], [ 122.989176700879753, 14.122347393247731 ], [ 122.989143584909357, 14.122363951232929 ], [ 122.989110468938961, 14.12241362518852 ], [ 122.989077352968565, 14.122446741158916 ], [ 122.989027679012978, 14.122496415114506 ], [ 122.988994563042581, 14.122546089070099 ], [ 122.988961447072185, 14.122579205040493 ], [ 122.988911773116584, 14.122628878996085 ], [ 122.988895215131393, 14.12266199496648 ], [ 122.988862099160997, 14.122678552951678 ], [ 122.988845541175806, 14.122711668922072 ], [ 122.988828983190601, 14.122744784892467 ], [ 122.988779309235014, 14.122794458848059 ], [ 122.988729635279412, 14.122827574818453 ], [ 122.98869651930903, 14.122877248774046 ], [ 122.988663403338634, 14.122893806759244 ], [ 122.988630287368238, 14.12291036474444 ], [ 122.988597171397842, 14.122926922729638 ], [ 122.988564055427446, 14.122960038700032 ], [ 122.98853093945705, 14.122993154670427 ], [ 122.988497823486654, 14.123009712655625 ], [ 122.988481265501463, 14.123042828626019 ], [ 122.988448149531067, 14.123075944596414 ], [ 122.988398475575465, 14.12310906056681 ], [ 122.988365359605083, 14.123142176537204 ], [ 122.988332243634687, 14.123175292507598 ], [ 122.988299127664291, 14.123208408477993 ], [ 122.988266011693895, 14.123241524448387 ], [ 122.988232895723499, 14.123274640418781 ], [ 122.988199779753103, 14.123340872359572 ], [ 122.988166663782707, 14.123373988329966 ], [ 122.988150105797516, 14.123407104300361 ], [ 122.98811698982712, 14.123440220270755 ], [ 122.988067315871518, 14.123473336241151 ], [ 122.988050757886327, 14.123506452211545 ], [ 122.988034199901136, 14.12353956818194 ], [ 122.988017641915931, 14.123572684152334 ], [ 122.987967967960344, 14.123605800122728 ], [ 122.987934851989948, 14.123638916093125 ], [ 122.987918294004743, 14.123672032063519 ], [ 122.987885178034361, 14.123688590048715 ], [ 122.987852062063965, 14.123721706019111 ], [ 122.987818946093569, 14.123771379974702 ], [ 122.987785830123173, 14.1237879379599 ], [ 122.987752714152776, 14.1237879379599 ], [ 122.98771959818238, 14.1237879379599 ], [ 122.987686482211984, 14.123821053930294 ], [ 122.987636808256397, 14.123821053930294 ], [ 122.987587134300796, 14.123837611915492 ], [ 122.987554018330414, 14.123837611915492 ], [ 122.987520902360018, 14.123837611915492 ], [ 122.987454670419226, 14.123854169900689 ], [ 122.987421554448829, 14.123854169900689 ], [ 122.987388438478433, 14.123854169900689 ], [ 122.987355322508037, 14.123870727885887 ], [ 122.987322206537641, 14.123870727885887 ], [ 122.987289090567245, 14.123870727885887 ], [ 122.987239416611658, 14.123870727885887 ], [ 122.987206300641262, 14.123870727885887 ], [ 122.987156626685675, 14.123870727885887 ], [ 122.987123510715278, 14.123870727885887 ], [ 122.987057278774486, 14.123870727885887 ], [ 122.986991046833694, 14.123887285871085 ], [ 122.986957930863298, 14.123887285871085 ], [ 122.986924814892902, 14.123887285871085 ], [ 122.98689169892252, 14.123887285871085 ], [ 122.986842024966919, 14.123903843856281 ], [ 122.986792351011331, 14.123903843856281 ], [ 122.986742677055744, 14.123903843856281 ], [ 122.986676445114952, 14.123920401841479 ], [ 122.986643329144556, 14.123936959826676 ], [ 122.986577097203764, 14.123936959826676 ], [ 122.986543981233368, 14.123953517811874 ], [ 122.986494307277781, 14.123953517811874 ], [ 122.986428075336988, 14.123970075797072 ], [ 122.986394959366592, 14.123970075797072 ], [ 122.986361843396196, 14.123970075797072 ], [ 122.9863287274258, 14.123970075797072 ], [ 122.986295611455404, 14.123970075797072 ], [ 122.986262495485008, 14.123970075797072 ], [ 122.986229379514626, 14.123970075797072 ], [ 122.98619626354423, 14.123986633782268 ], [ 122.986146589588628, 14.123986633782268 ], [ 122.986113473618232, 14.124003191767466 ], [ 122.98608035764785, 14.124003191767466 ], [ 122.986047241677454, 14.124003191767466 ], [ 122.985997567721853, 14.124003191767466 ], [ 122.985964451751457, 14.124003191767466 ], [ 122.98591477779587, 14.124003191767466 ], [ 122.985865103840283, 14.124003191767466 ], [ 122.985815429884681, 14.124003191767466 ], [ 122.985749197943903, 14.124003191767466 ], [ 122.985716081973507, 14.124003191767466 ], [ 122.985682966003111, 14.124019749752662 ], [ 122.985649850032715, 14.124019749752662 ], [ 122.985616734062319, 14.124019749752662 ], [ 122.985583618091923, 14.124019749752662 ], [ 122.985550502121527, 14.124019749752662 ], [ 122.985500828165939, 14.124019749752662 ], [ 122.985434596225147, 14.124019749752662 ], [ 122.98538492226956, 14.124019749752662 ], [ 122.985335248313959, 14.124019749752662 ], [ 122.985285574358372, 14.124019749752662 ], [ 122.985252458387976, 14.124019749752662 ], [ 122.985219342417579, 14.124019749752662 ], [ 122.985169668461992, 14.124019749752662 ], [ 122.985119994506391, 14.124019749752662 ], [ 122.985037204580408, 14.12403630773786 ], [ 122.984987530624821, 14.124052865723058 ], [ 122.984954414654425, 14.124069423708255 ], [ 122.984921298684029, 14.124085981693453 ], [ 122.984871624728441, 14.124119097663847 ], [ 122.984838508758045, 14.124135655649043 ], [ 122.984805392787649, 14.124152213634241 ], [ 122.984788834802444, 14.124185329604636 ], [ 122.984755718832062, 14.12421844557503 ], [ 122.984755718832062, 14.124251561545426 ], [ 122.984755718832062, 14.124284677515821 ], [ 122.984755718832062, 14.124334351471413 ], [ 122.984755718832062, 14.124367467441807 ], [ 122.984755718832062, 14.124400583412202 ], [ 122.984755718832062, 14.124433699382596 ], [ 122.984755718832062, 14.12446681535299 ], [ 122.984755718832062, 14.124516489308583 ], [ 122.984755718832062, 14.124566163264175 ], [ 122.984772276817253, 14.12459927923457 ], [ 122.984805392787649, 14.124632395204964 ], [ 122.984871624728441, 14.124698627145754 ], [ 122.984921298684029, 14.124731743116149 ], [ 122.984954414654425, 14.124764859086543 ], [ 122.985020646595217, 14.124781417071741 ], [ 122.985070320550804, 14.124814533042136 ], [ 122.985153110476787, 14.124864206997728 ], [ 122.985202784432389, 14.124880764982924 ], [ 122.985252458387976, 14.124897322968122 ], [ 122.985285574358372, 14.124930438938517 ], [ 122.985368364284355, 14.124996670879305 ], [ 122.985467712195543, 14.125046344834898 ], [ 122.985500828165939, 14.125062902820096 ], [ 122.985533944136336, 14.125079460805292 ], [ 122.985600176077128, 14.125129134760884 ], [ 122.985682966003111, 14.125162250731279 ], [ 122.985749197943903, 14.125178808716477 ], [ 122.985782313914285, 14.125211924686871 ], [ 122.985848545855077, 14.125228482672069 ], [ 122.985881661825474, 14.125245040657266 ], [ 122.985931335781061, 14.125261598642464 ], [ 122.985981009736662, 14.125294714612858 ], [ 122.986063799662645, 14.125327830583252 ], [ 122.986113473618232, 14.12534438856845 ], [ 122.98619626354423, 14.125360946553648 ], [ 122.986245937499817, 14.125394062524043 ], [ 122.986279053470213, 14.125394062524043 ], [ 122.9863287274258, 14.125460294464832 ], [ 122.986394959366592, 14.12547685245003 ], [ 122.986444633322179, 14.125509968420424 ], [ 122.986494307277781, 14.125559642376016 ], [ 122.986527423248177, 14.125576200361213 ], [ 122.986593655188955, 14.125642432302003 ], [ 122.986643329144556, 14.125692106257596 ], [ 122.986709561085348, 14.12572522222799 ], [ 122.986742677055744, 14.125758338198384 ], [ 122.986775793026126, 14.125774896183582 ], [ 122.986825466981728, 14.125808012153977 ], [ 122.986858582952124, 14.125824570139173 ], [ 122.98689169892252, 14.125874244094765 ], [ 122.986924814892902, 14.125890802079963 ], [ 122.986974488848503, 14.12590736006516 ], [ 122.98702416280409, 14.125923918050358 ], [ 122.987057278774486, 14.125957034020752 ], [ 122.987090394744882, 14.12597359200595 ], [ 122.987123510715278, 14.126006707976345 ], [ 122.987189742656071, 14.126039823946739 ], [ 122.987272532582054, 14.126056381931937 ], [ 122.987322206537641, 14.126056381931937 ], [ 122.987355322508037, 14.126072939917133 ], [ 122.987421554448829, 14.126106055887528 ], [ 122.987471228404416, 14.126122613872726 ], [ 122.987504344374813, 14.126139171857924 ], [ 122.987554018330414, 14.12615572984312 ], [ 122.987603692286001, 14.12615572984312 ], [ 122.987636808256397, 14.126188845813514 ], [ 122.987686482211984, 14.126205403798712 ], [ 122.98771959818238, 14.126205403798712 ], [ 122.987752714152776, 14.12622196178391 ], [ 122.987785830123173, 14.12622196178391 ], [ 122.987852062063965, 14.126255077754305 ], [ 122.987885178034361, 14.126255077754305 ], [ 122.987918294004743, 14.126255077754305 ], [ 122.987967967960344, 14.126255077754305 ], [ 122.988017641915931, 14.126271635739501 ], [ 122.988067315871518, 14.126304751709897 ], [ 122.988133547812311, 14.126304751709897 ], [ 122.988199779753103, 14.126304751709897 ], [ 122.988299127664291, 14.126304751709897 ], [ 122.988365359605083, 14.126337867680292 ], [ 122.988497823486654, 14.126337867680292 ], [ 122.988580613412637, 14.126337867680292 ], [ 122.988679961323825, 14.126337867680292 ], [ 122.988746193264618, 14.126337867680292 ], [ 122.988795867220205, 14.126337867680292 ], [ 122.988862099160997, 14.126337867680292 ], [ 122.988895215131393, 14.126337867680292 ], [ 122.98894488908698, 14.126337867680292 ], [ 122.988978005057376, 14.126337867680292 ], [ 122.989011121027772, 14.126337867680292 ], [ 122.989060794983359, 14.126337867680292 ], [ 122.989143584909357, 14.126304751709897 ], [ 122.989209816850135, 14.126288193724699 ], [ 122.989276048790927, 14.126255077754305 ], [ 122.989342280731719, 14.126238519769107 ], [ 122.989375396702115, 14.126238519769107 ], [ 122.989425070657703, 14.126205403798712 ], [ 122.989458186628099, 14.126188845813514 ], [ 122.9895078605837, 14.126172287828318 ], [ 122.989540976554082, 14.126139171857924 ], [ 122.989557534539287, 14.126106055887528 ], [ 122.989590650509683, 14.126072939917133 ], [ 122.989623766480079, 14.126006707976345 ], [ 122.98964032446527, 14.125957034020752 ], [ 122.989689998420872, 14.125923918050358 ], [ 122.989723114391253, 14.125857686109569 ], [ 122.989739672376459, 14.125824570139173 ], [ 122.989739672376459, 14.125791454168779 ], [ 122.98975623036165, 14.125741780213186 ], [ 122.98975623036165, 14.125692106257596 ], [ 122.989772788346855, 14.125658990287199 ], [ 122.989789346332046, 14.125625874316805 ], [ 122.989805904317251, 14.125592758346411 ], [ 122.989805904317251, 14.125559642376016 ], [ 122.989822462302442, 14.125526526405622 ], [ 122.989839020287647, 14.125493410435226 ], [ 122.989872136258029, 14.125460294464832 ], [ 122.989888694243234, 14.125427178494437 ], [ 122.98992181021363, 14.125377504538845 ], [ 122.989954926184026, 14.12534438856845 ], [ 122.990998079251455, 14.125990149991146 ] ] ] ] } },
{ "type": "Feature", "properties": { "fid": 162, "desc": "flood-prone", "other desc": null, "barangay": "Barangay Bagasbas", "col": "flood-prone", "etc": null, "layer": "bagasbas_flood-prone" }, "geometry": { "type": "MultiPolygon", "coordinates": [ [ [ [ 122.977461926352646, 14.131727491862026 ], [ 122.977495042323042, 14.131677817906434 ], [ 122.977528158293438, 14.131628143950842 ], [ 122.977561274263834, 14.131595027980447 ], [ 122.977610948219422, 14.131561912010053 ], [ 122.977627506204627, 14.131528796039659 ], [ 122.977660622175009, 14.13151223805446 ], [ 122.977677180160214, 14.131479122084066 ], [ 122.977693738145405, 14.131429448128474 ], [ 122.977726854115801, 14.131396332158079 ], [ 122.977776528071402, 14.131346658202487 ], [ 122.977793086056593, 14.131296984246895 ], [ 122.977826202026989, 14.131247310291304 ], [ 122.977859317997385, 14.131197636335711 ], [ 122.977875875982576, 14.131164520365317 ], [ 122.977892433967781, 14.131114846409725 ], [ 122.977908991952972, 14.13108173043933 ], [ 122.977925549938178, 14.131048614468936 ], [ 122.977925549938178, 14.13101549849854 ], [ 122.977942107923369, 14.130982382528146 ], [ 122.977975223893765, 14.130932708572553 ], [ 122.977991781878956, 14.130883034616962 ], [ 122.978024897849352, 14.130849918646566 ], [ 122.978041455834557, 14.130816802676172 ], [ 122.978058013819748, 14.130783686705778 ], [ 122.978074571804953, 14.130750570735383 ], [ 122.978091129790144, 14.130700896779791 ], [ 122.978140803745731, 14.130651222824198 ], [ 122.978157361730936, 14.13058499088341 ], [ 122.978157361730936, 14.130551874913015 ], [ 122.978207035686523, 14.130469084987029 ], [ 122.978223593671729, 14.130435969016633 ], [ 122.978240151656919, 14.130402853046238 ], [ 122.978256709642125, 14.13033662110545 ], [ 122.978256709642125, 14.130286947149857 ], [ 122.978273267627316, 14.130253831179463 ], [ 122.978306383597712, 14.13020415722387 ], [ 122.978306383597712, 14.130171041253476 ], [ 122.978306383597712, 14.130121367297884 ], [ 122.978306383597712, 14.130071693342291 ], [ 122.978306383597712, 14.130022019386701 ], [ 122.978306383597712, 14.129988903416304 ], [ 122.978306383597712, 14.12995578744591 ], [ 122.978306383597712, 14.129906113490318 ], [ 122.978306383597712, 14.129872997519923 ], [ 122.978306383597712, 14.129839881549529 ], [ 122.978306383597712, 14.129806765579135 ], [ 122.978306383597712, 14.12977364960874 ], [ 122.978306383597712, 14.129740533638344 ], [ 122.978289825612521, 14.12970741766795 ], [ 122.978289825612521, 14.129674301697555 ], [ 122.978289825612521, 14.129641185727161 ], [ 122.978289825612521, 14.129608069756767 ], [ 122.978273267627316, 14.129574953786371 ], [ 122.978256709642125, 14.12952527983078 ], [ 122.978256709642125, 14.129492163860384 ], [ 122.978256709642125, 14.129442489904793 ], [ 122.978256709642125, 14.129409373934397 ], [ 122.978240151656919, 14.129376257964003 ], [ 122.978240151656919, 14.129343141993608 ], [ 122.978223593671729, 14.129310026023214 ], [ 122.978207035686523, 14.129260352067622 ], [ 122.978173919716127, 14.129227236097227 ], [ 122.978173919716127, 14.129194120126833 ], [ 122.978173919716127, 14.129161004156439 ], [ 122.978157361730936, 14.129111330200846 ], [ 122.978107687775349, 14.129061656245254 ], [ 122.978107687775349, 14.129028540274859 ], [ 122.978091129790144, 14.128962308334069 ], [ 122.978091129790144, 14.128929192363675 ], [ 122.978074571804953, 14.12889607639328 ], [ 122.978074571804953, 14.128862960422886 ], [ 122.978074571804953, 14.128829844452492 ], [ 122.978058013819748, 14.128796728482095 ], [ 122.978024897849352, 14.128747054526505 ], [ 122.978024897849352, 14.128713938556109 ], [ 122.978024897849352, 14.128680822585714 ], [ 122.977991781878956, 14.128664264600518 ], [ 122.977975223893765, 14.128631148630122 ], [ 122.977975223893765, 14.128598032659728 ], [ 122.977975223893765, 14.128564916689333 ], [ 122.975905475744099, 14.127124371977164 ], [ 122.975872359773703, 14.127124371977164 ], [ 122.975839243803307, 14.127124371977164 ], [ 122.975806127832911, 14.127140929962362 ], [ 122.975773011862515, 14.127174045932756 ], [ 122.975756453877324, 14.127207161903151 ], [ 122.975739895892119, 14.127240277873545 ], [ 122.975706779921723, 14.127273393843941 ], [ 122.975690221936532, 14.127306509814336 ], [ 122.975673663951326, 14.12733962578473 ], [ 122.975657105966135, 14.127372741755124 ], [ 122.975640547980944, 14.127405857725519 ], [ 122.975640547980944, 14.127438973695915 ], [ 122.975623989995739, 14.127488647651505 ], [ 122.975623989995739, 14.127521763621901 ], [ 122.975590874025343, 14.127554879592296 ], [ 122.975574316040152, 14.12758799556269 ], [ 122.975557758054947, 14.127621111533085 ], [ 122.975541200069756, 14.127654227503479 ], [ 122.975541200069756, 14.127687343473873 ], [ 122.975524642084551, 14.127720459444269 ], [ 122.975524642084551, 14.127753575414664 ], [ 122.97550808409936, 14.127786691385058 ], [ 122.97550808409936, 14.12783636534065 ], [ 122.97550808409936, 14.127869481311045 ], [ 122.97550808409936, 14.127919155266637 ], [ 122.97550808409936, 14.12796882922223 ], [ 122.97550808409936, 14.128001945192624 ], [ 122.97550808409936, 14.128035061163018 ], [ 122.97550808409936, 14.128068177133413 ], [ 122.97550808409936, 14.128101293103807 ], [ 122.97550808409936, 14.128134409074203 ], [ 122.97550808409936, 14.12821719900019 ], [ 122.97550808409936, 14.128250314970584 ], [ 122.97550808409936, 14.128316546911373 ], [ 122.97550808409936, 14.128366220866965 ], [ 122.97550808409936, 14.12839933683736 ], [ 122.97550808409936, 14.128432452807754 ], [ 122.97550808409936, 14.128482126763346 ], [ 122.97550808409936, 14.128531800718939 ], [ 122.97550808409936, 14.128581474674531 ], [ 122.97550808409936, 14.128614590644926 ], [ 122.97550808409936, 14.12864770661532 ], [ 122.97550808409936, 14.128680822585714 ], [ 122.975524642084551, 14.128713938556109 ], [ 122.975524642084551, 14.128747054526505 ], [ 122.975524642084551, 14.128780170496899 ], [ 122.975541200069756, 14.128829844452492 ], [ 122.975541200069756, 14.128879518408082 ], [ 122.975557758054947, 14.128912634378478 ], [ 122.975557758054947, 14.128962308334069 ], [ 122.975557758054947, 14.129011982289661 ], [ 122.975590874025343, 14.129061656245254 ], [ 122.975590874025343, 14.129094772215648 ], [ 122.975607432010548, 14.129144446171241 ], [ 122.975607432010548, 14.129177562141635 ], [ 122.975607432010548, 14.129210678112029 ], [ 122.975607432010548, 14.129243794082425 ], [ 122.975607432010548, 14.12927691005282 ], [ 122.975607432010548, 14.129310026023214 ], [ 122.975623989995739, 14.129343141993608 ], [ 122.975640547980944, 14.129376257964003 ], [ 122.975640547980944, 14.129409373934397 ], [ 122.975640547980944, 14.12945904788999 ], [ 122.975640547980944, 14.129492163860384 ], [ 122.975640547980944, 14.12952527983078 ], [ 122.975657105966135, 14.129591511771569 ], [ 122.975673663951326, 14.129624627741963 ], [ 122.975673663951326, 14.129657743712357 ], [ 122.975690221936532, 14.129723975653148 ], [ 122.975690221936532, 14.12977364960874 ], [ 122.975690221936532, 14.129823323564331 ], [ 122.975690221936532, 14.129872997519923 ], [ 122.975690221936532, 14.129906113490318 ], [ 122.975690221936532, 14.12995578744591 ], [ 122.975690221936532, 14.129988903416304 ], [ 122.975690221936532, 14.130022019386701 ], [ 122.975690221936532, 14.130055135357095 ], [ 122.975690221936532, 14.130088251327489 ], [ 122.975690221936532, 14.130121367297884 ], [ 122.975690221936532, 14.130171041253476 ], [ 122.975690221936532, 14.13020415722387 ], [ 122.975690221936532, 14.130237273194265 ], [ 122.975690221936532, 14.130270389164661 ], [ 122.975690221936532, 14.130303505135055 ], [ 122.975690221936532, 14.13033662110545 ], [ 122.975690221936532, 14.130386295061042 ], [ 122.975673663951326, 14.130435969016633 ], [ 122.975673663951326, 14.130485642972225 ], [ 122.975673663951326, 14.130518758942619 ], [ 122.975657105966135, 14.130551874913015 ], [ 122.975657105966135, 14.130601548868606 ], [ 122.975657105966135, 14.130634664839002 ], [ 122.975657105966135, 14.130667780809397 ], [ 122.975657105966135, 14.130717454764989 ], [ 122.975657105966135, 14.130750570735383 ], [ 122.975657105966135, 14.130783686705778 ], [ 122.975657105966135, 14.130816802676172 ], [ 122.975657105966135, 14.130849918646566 ], [ 122.975657105966135, 14.130883034616962 ], [ 122.975657105966135, 14.130916150587357 ], [ 122.975657105966135, 14.130949266557751 ], [ 122.975657105966135, 14.130998940513344 ], [ 122.975640547980944, 14.131048614468936 ], [ 122.975640547980944, 14.13108173043933 ], [ 122.975623989995739, 14.131114846409725 ], [ 122.975623989995739, 14.131164520365317 ], [ 122.975623989995739, 14.131214194320908 ], [ 122.975623989995739, 14.131247310291304 ], [ 122.975607432010548, 14.131296984246895 ], [ 122.975607432010548, 14.131330100217291 ], [ 122.975590874025343, 14.131363216187685 ], [ 122.975574316040152, 14.131396332158079 ], [ 122.975574316040152, 14.131429448128474 ], [ 122.975574316040152, 14.131462564098868 ], [ 122.975557758054947, 14.131495680069264 ], [ 122.975541200069756, 14.131528796039659 ], [ 122.975541200069756, 14.131561912010053 ], [ 122.975541200069756, 14.131595027980447 ], [ 122.975524642084551, 14.131628143950842 ], [ 122.975524642084551, 14.131677817906434 ], [ 122.975524642084551, 14.131727491862026 ], [ 122.97550808409936, 14.131760607832421 ], [ 122.975491526114169, 14.131810281788013 ], [ 122.975474968128964, 14.131843397758407 ], [ 122.975474968128964, 14.131876513728802 ], [ 122.975474968128964, 14.131909629699198 ], [ 122.975474968128964, 14.131942745669592 ], [ 122.975458410143773, 14.131975861639987 ], [ 122.975458410143773, 14.132008977610381 ], [ 122.975441852158568, 14.132042093580775 ], [ 122.975425294173377, 14.132108325521566 ], [ 122.975425294173377, 14.13214144149196 ], [ 122.975425294173377, 14.132174557462355 ], [ 122.975408736188172, 14.132207673432749 ], [ 122.975392178202981, 14.132257347388341 ], [ 122.975392178202981, 14.132290463358736 ], [ 122.975359062232585, 14.132356695299526 ], [ 122.975342504247394, 14.13238981126992 ], [ 122.975309388276997, 14.132439485225513 ], [ 122.975292830291792, 14.132472601195907 ], [ 122.975292830291792, 14.132505717166302 ], [ 122.975276272306601, 14.132538833136696 ], [ 122.975276272306601, 14.13257194910709 ], [ 122.975259714321396, 14.132621623062683 ], [ 122.975243156336205, 14.132654739033077 ], [ 122.975243156336205, 14.132704412988669 ], [ 122.975243156336205, 14.132737528959064 ], [ 122.975243156336205, 14.13277064492946 ], [ 122.975243156336205, 14.132803760899854 ], [ 122.975243156336205, 14.132836876870249 ], [ 122.975243156336205, 14.132869992840643 ], [ 122.975259714321396, 14.132903108811037 ], [ 122.975259714321396, 14.132936224781433 ], [ 122.975259714321396, 14.132969340751828 ], [ 122.975276272306601, 14.133002456722222 ], [ 122.975276272306601, 14.133052130677815 ], [ 122.975292830291792, 14.133085246648209 ], [ 122.975309388276997, 14.133134920603801 ], [ 122.975309388276997, 14.133168036574196 ], [ 122.975325946262188, 14.13320115254459 ], [ 122.975325946262188, 14.133234268514984 ], [ 122.975342504247394, 14.133267384485379 ], [ 122.975375620217775, 14.133300500455775 ], [ 122.975375620217775, 14.133333616426169 ], [ 122.975375620217775, 14.133366732396563 ], [ 122.975392178202981, 14.133399848366958 ], [ 122.975408736188172, 14.133432964337352 ], [ 122.975408736188172, 14.133466080307748 ], [ 122.975441852158568, 14.133499196278143 ], [ 122.975458410143773, 14.133532312248537 ], [ 122.975491526114169, 14.133565428218931 ], [ 122.97550808409936, 14.133598544189326 ], [ 122.975541200069756, 14.133631660159722 ], [ 122.975541200069756, 14.133664776130116 ], [ 122.975574316040152, 14.133681334115312 ], [ 122.975607432010548, 14.133714450085709 ], [ 122.975640547980944, 14.133747566056103 ], [ 122.975673663951326, 14.133764124041299 ], [ 122.975706779921723, 14.133764124041299 ], [ 122.975739895892119, 14.133780682026497 ], [ 122.975773011862515, 14.133780682026497 ], [ 122.975784727059448, 14.133780682026497 ], [ 122.975789941557593, 14.133785896524646 ], [ 122.975798220550203, 14.133790036020944 ], [ 122.975806499542799, 14.133798315013543 ], [ 122.97582305752799, 14.133814872998741 ], [ 122.975831336520599, 14.133827291487638 ], [ 122.975843755009492, 14.133831430983937 ], [ 122.975852034002088, 14.133839709976536 ], [ 122.975864452490981, 14.133847988969135 ], [ 122.975868591987293, 14.133856267961734 ], [ 122.975876870979889, 14.133860407458034 ], [ 122.975889289468782, 14.133864546954333 ], [ 122.975905847453987, 14.133872825946931 ], [ 122.97591826594288, 14.13388110493953 ], [ 122.975930684431773, 14.133885244435829 ], [ 122.975938963424369, 14.133885244435829 ], [ 122.975947242416979, 14.133893523428428 ], [ 122.975955521409574, 14.133893523428428 ], [ 122.975967939898467, 14.133897662924728 ], [ 122.975976218891063, 14.133897662924728 ], [ 122.975992776876268, 14.133905941917327 ], [ 122.976005195365161, 14.133910081413624 ], [ 122.976017613854069, 14.133910081413624 ], [ 122.97603417183926, 14.133914220909924 ], [ 122.976042450831855, 14.133914220909924 ], [ 122.976050729824451, 14.133914220909924 ], [ 122.97605900881706, 14.133918360406224 ], [ 122.976067287809656, 14.133918360406224 ], [ 122.976075566802251, 14.133922499902523 ], [ 122.976083845794847, 14.133930778895122 ], [ 122.976108682772647, 14.133934918391422 ], [ 122.976116961765243, 14.133934918391422 ], [ 122.976141798743043, 14.133939057887721 ], [ 122.976162496224546, 14.133951476376618 ], [ 122.97619147269863, 14.133955615872917 ], [ 122.976208030683836, 14.133963894865516 ], [ 122.976224588669027, 14.133968034361816 ], [ 122.976249425646827, 14.133980452850714 ], [ 122.976257704639423, 14.133984592347014 ], [ 122.976274262624628, 14.133992871339611 ], [ 122.976290820609819, 14.13400115033221 ], [ 122.976299099602414, 14.134009429324809 ], [ 122.976311518091322, 14.134017708317408 ], [ 122.976319797083917, 14.134021847813708 ], [ 122.97633221557281, 14.134034266302605 ], [ 122.976348773558016, 14.134042545295204 ], [ 122.976357052550611, 14.134050824287803 ], [ 122.976365331543207, 14.134054963784102 ], [ 122.976373610535802, 14.134063242776701 ], [ 122.976381889528398, 14.134067382273001 ], [ 122.9764025870099, 14.134083940258197 ], [ 122.976419144995091, 14.134092219250796 ], [ 122.976427423987701, 14.134100498243395 ], [ 122.976443981972892, 14.134108777235994 ], [ 122.976456400461785, 14.134117056228591 ], [ 122.976464679454395, 14.134121195724891 ], [ 122.976477097943288, 14.134133614213789 ], [ 122.976497795424791, 14.134146032702688 ], [ 122.976510213913684, 14.134154311695287 ], [ 122.97651849290628, 14.134162590687884 ], [ 122.976535050891485, 14.134170869680483 ], [ 122.97654332988408, 14.134175009176783 ], [ 122.976555748372974, 14.134187427665681 ], [ 122.976559887869271, 14.13419570665828 ], [ 122.976572306358179, 14.134203985650878 ], [ 122.976580585350774, 14.134203985650878 ], [ 122.97658886434337, 14.134208125147177 ], [ 122.976593003839668, 14.134216404139776 ], [ 122.976605422328575, 14.134224683132375 ], [ 122.97661370132117, 14.134228822628675 ], [ 122.976626119810064, 14.134245380613871 ], [ 122.976634398802659, 14.134249520110171 ], [ 122.976646817291567, 14.13425779910277 ], [ 122.976655096284162, 14.134261938599069 ], [ 122.97665923578046, 14.134270217591668 ], [ 122.976675793765651, 14.134278496584265 ], [ 122.97668407275826, 14.134286775576864 ], [ 122.976692351750856, 14.134295054569463 ], [ 122.976708909736047, 14.134303333562062 ], [ 122.976721328224954, 14.134311612554662 ], [ 122.976737886210145, 14.134324031043558 ], [ 122.976746165202741, 14.134328170539858 ], [ 122.976762723187946, 14.134340589028756 ], [ 122.976775141676839, 14.134340589028756 ], [ 122.976783420669435, 14.134344728525056 ], [ 122.976812397143533, 14.134353007517655 ], [ 122.976833094625036, 14.134365426006552 ], [ 122.976857931602822, 14.134373704999151 ], [ 122.976886908076921, 14.134386123488049 ], [ 122.976899326565828, 14.134394402480648 ], [ 122.977168393825281, 14.134357147013954 ], [ 122.977176672817876, 14.134357147013954 ], [ 122.977184951810472, 14.134353007517655 ], [ 122.977189091306769, 14.134344728525056 ], [ 122.977197370299379, 14.134344728525056 ], [ 122.977205649291975, 14.134344728525056 ], [ 122.97721392828457, 14.134336449532457 ], [ 122.977222207277165, 14.134332310036157 ], [ 122.977230486269775, 14.134328170539858 ], [ 122.977238765262371, 14.134328170539858 ], [ 122.977255323247562, 14.134319891547259 ], [ 122.977267741736469, 14.134319891547259 ], [ 122.977276020729064, 14.134315752050961 ], [ 122.977288439217958, 14.134315752050961 ], [ 122.977296718210553, 14.134307473058362 ], [ 122.977304997203163, 14.134307473058362 ], [ 122.977313276195758, 14.134299194065763 ], [ 122.977321555188354, 14.134290915073164 ], [ 122.977333973677247, 14.134282636080565 ], [ 122.977338113173545, 14.134270217591668 ], [ 122.977350531662452, 14.13425779910277 ], [ 122.97735467115875, 14.134241241117572 ], [ 122.977367089647643, 14.134228822628675 ], [ 122.977375368640239, 14.134208125147177 ], [ 122.977383647632848, 14.13419570665828 ], [ 122.977383647632848, 14.134175009176783 ], [ 122.977387787129146, 14.134154311695287 ], [ 122.977391926625444, 14.134141893206388 ], [ 122.977400205618039, 14.134117056228591 ], [ 122.977404345114337, 14.134088079754497 ], [ 122.977408484610635, 14.134063242776701 ], [ 122.977412624106933, 14.134042545295204 ], [ 122.977412624106933, 14.134017708317408 ], [ 122.977420903099542, 14.133988731843314 ], [ 122.977420903099542, 14.133955615872917 ], [ 122.97742504259584, 14.133922499902523 ], [ 122.977429182092138, 14.133885244435829 ], [ 122.977429182092138, 14.133860407458034 ], [ 122.977429182092138, 14.133835570480237 ], [ 122.977437461084733, 14.133806594006142 ], [ 122.977441600581031, 14.133781757028347 ], [ 122.977445740077329, 14.13375278055425 ], [ 122.977454019069938, 14.133727943576455 ], [ 122.977458158566236, 14.13369896710236 ], [ 122.977462298062534, 14.133674130124563 ], [ 122.977466437558832, 14.133653432643067 ], [ 122.977478856047725, 14.133632735161569 ], [ 122.977482995544023, 14.133616177176373 ], [ 122.97748713504032, 14.133587200702276 ], [ 122.977491274536632, 14.13357064271708 ], [ 122.977503693025525, 14.133541666242984 ], [ 122.977516111514419, 14.133512689768889 ], [ 122.977520251010716, 14.133479573798494 ], [ 122.977528530003326, 14.1334505973244 ], [ 122.977532669499624, 14.133425760346602 ], [ 122.977536808995922, 14.133405062865107 ], [ 122.977536808995922, 14.133392644376208 ], [ 122.977536808995922, 14.133367807398413 ], [ 122.977540948492219, 14.133338830924316 ], [ 122.977549227484815, 14.133313993946521 ], [ 122.977553366981113, 14.133285017472426 ], [ 122.977553366981113, 14.133268459487228 ], [ 122.97755750647741, 14.133247762005732 ], [ 122.97755750647741, 14.133231204020534 ], [ 122.97756578547002, 14.133214646035336 ], [ 122.97756578547002, 14.133185669561241 ], [ 122.97756578547002, 14.133173251072343 ], [ 122.97756578547002, 14.133156693087146 ], [ 122.977569924966318, 14.133144274598248 ], [ 122.977569924966318, 14.133127716613052 ], [ 122.977578203958913, 14.133107019131554 ], [ 122.977582343455211, 14.133086321650058 ], [ 122.977582343455211, 14.13307390316116 ], [ 122.977586482951509, 14.133057345175962 ], [ 122.977590622447806, 14.133040787190765 ], [ 122.977594761944104, 14.133015950212968 ], [ 122.977594761944104, 14.133003531724071 ], [ 122.977598901440416, 14.132982834242574 ], [ 122.977598901440416, 14.132966276257376 ], [ 122.977611319929309, 14.132937299783281 ], [ 122.977615459425607, 14.132916602301785 ], [ 122.977619598921905, 14.132887625827689 ], [ 122.9776278779145, 14.132871067842492 ], [ 122.977632017410798, 14.132846230864695 ], [ 122.97763615690711, 14.1328213938869 ], [ 122.97763615690711, 14.132804835901702 ], [ 122.977640296403408, 14.132788277916505 ], [ 122.977656854388599, 14.132759301442411 ], [ 122.977656854388599, 14.132746882953512 ], [ 122.977669272877492, 14.132722045975715 ], [ 122.977673412373804, 14.132709627486818 ], [ 122.977673412373804, 14.132688930005321 ], [ 122.977673412373804, 14.132676511516424 ], [ 122.977673412373804, 14.132655814034926 ], [ 122.977677551870102, 14.132643395546028 ], [ 122.977677551870102, 14.132630977057131 ], [ 122.977681691366399, 14.132610279575633 ], [ 122.977685830862697, 14.132602000583034 ], [ 122.977685830862697, 14.132585442597838 ], [ 122.977685830862697, 14.13257302410894 ], [ 122.977689970358995, 14.132552326627444 ], [ 122.977694109855292, 14.132527489649647 ], [ 122.97769824935159, 14.13251093166445 ], [ 122.97769824935159, 14.132494373679252 ], [ 122.97769824935159, 14.132473676197757 ], [ 122.97769824935159, 14.132448839219959 ], [ 122.97769824935159, 14.132424002242164 ], [ 122.97769824935159, 14.13239088627177 ], [ 122.97769824935159, 14.132349491308776 ], [ 122.97769824935159, 14.132308096345783 ], [ 122.97769824935159, 14.132283259367986 ], [ 122.97769824935159, 14.132254282893891 ], [ 122.97769824935159, 14.132221166923497 ], [ 122.97769824935159, 14.132188050953101 ], [ 122.97769824935159, 14.132154934982706 ], [ 122.97769824935159, 14.132121819012312 ], [ 122.97769824935159, 14.132096982034517 ], [ 122.977689970358995, 14.13206800556042 ], [ 122.977685830862697, 14.132043168582625 ], [ 122.977681691366399, 14.132022471101129 ], [ 122.977681691366399, 14.13201005261223 ], [ 122.977673412373804, 14.131981076138135 ], [ 122.977656854388599, 14.13194382067144 ], [ 122.977644435899705, 14.131918983693645 ], [ 122.97763615690711, 14.13189000721955 ], [ 122.977619598921905, 14.131869309738052 ], [ 122.977607180433012, 14.131848612256556 ], [ 122.977594761944104, 14.131832054271358 ], [ 122.977569924966318, 14.131811356789862 ], [ 122.977540948492219, 14.131786519812065 ], [ 122.977520251010716, 14.131778240819466 ], [ 122.97749541403293, 14.131753403841671 ], [ 122.977478856047725, 14.131745124849072 ], [ 122.977461750529656, 14.131728019330998 ], [ 122.977461926352646, 14.131727491862026 ] ] ] ] } },
{ "type": "Feature", "properties": { "fid": 163, "desc": "flood-prone", "other desc": null, "barangay": "Barangay Bagasbas", "col": "flood-prone", "etc": null, "layer": "bagasbas_flood-prone" }, "geometry": { "type": "MultiPolygon", "coordinates": [ [ [ [ 122.974378373319496, 14.131976936641836 ], [ 122.974386652312091, 14.131976936641836 ], [ 122.974399070800985, 14.131976936641836 ], [ 122.974411489289892, 14.131976936641836 ], [ 122.974419768282488, 14.131976936641836 ], [ 122.974432186771381, 14.131968657649237 ], [ 122.974452884252884, 14.131968657649237 ], [ 122.974461163245479, 14.131964518152937 ], [ 122.974469442238075, 14.131964518152937 ], [ 122.97447772123067, 14.131964518152937 ], [ 122.974490139719578, 14.131964518152937 ], [ 122.974510837201066, 14.13195623916034 ], [ 122.974523255689974, 14.131952099664041 ], [ 122.974535674178867, 14.131952099664041 ], [ 122.974543953171462, 14.131952099664041 ], [ 122.974556371660356, 14.131947960167741 ], [ 122.974568790149263, 14.131947960167741 ], [ 122.974581208638156, 14.131947960167741 ], [ 122.974589487630752, 14.131947960167741 ], [ 122.974601906119659, 14.131947960167741 ], [ 122.974610185112255, 14.131947960167741 ], [ 122.974622603601148, 14.131947960167741 ], [ 122.974630882593758, 14.131947960167741 ], [ 122.974639161586353, 14.131947960167741 ], [ 122.974647440578948, 14.131947960167741 ], [ 122.974659859067842, 14.131947960167741 ], [ 122.974668138060451, 14.131947960167741 ], [ 122.974684696045642, 14.131952099664041 ], [ 122.974697114534536, 14.131952099664041 ], [ 122.974705393527145, 14.13195623916034 ], [ 122.974713672519741, 14.131960378656638 ], [ 122.974721951512336, 14.131960378656638 ], [ 122.974730230504932, 14.131964518152937 ], [ 122.974738509497527, 14.131968657649237 ], [ 122.974746788490137, 14.131968657649237 ], [ 122.974755067482732, 14.131972797145536 ], [ 122.974763346475328, 14.131976936641836 ], [ 122.974771625467923, 14.131981076138135 ], [ 122.974779904460533, 14.131985215634435 ], [ 122.974796462445724, 14.131993494627034 ], [ 122.974804741438319, 14.131997634123334 ], [ 122.974813020430915, 14.132001773619631 ], [ 122.97482957841612, 14.13201005261223 ], [ 122.974837857408716, 14.132022471101129 ], [ 122.974846136401311, 14.132026610597428 ], [ 122.974862694386516, 14.132039029086327 ], [ 122.974870973379112, 14.132047308078924 ], [ 122.974879252371707, 14.132055587071523 ], [ 122.974887531364303, 14.132063866064122 ], [ 122.974895810356912, 14.132076284553021 ], [ 122.974904089349508, 14.132084563545618 ], [ 122.974908228845806, 14.132101121530816 ], [ 122.974912368342103, 14.132109400523415 ], [ 122.974916507838401, 14.132121819012314 ], [ 122.974916507838401, 14.132130098004911 ], [ 122.974924786830996, 14.132150795486409 ], [ 122.974928926327308, 14.132159074479008 ], [ 122.974928926327308, 14.132171492967904 ], [ 122.974937205319904, 14.132179771960503 ], [ 122.974941344816202, 14.132196329945701 ], [ 122.974941344816202, 14.132208748434598 ], [ 122.974953763305095, 14.132221166923497 ], [ 122.974957902801393, 14.132229445916096 ], [ 122.974957902801393, 14.132237724908695 ], [ 122.974957902801393, 14.132246003901292 ], [ 122.97496204229769, 14.132254282893891 ], [ 122.974966181794002, 14.13226256188649 ], [ 122.9749703212903, 14.132270840879089 ], [ 122.9749703212903, 14.132279119871688 ], [ 122.974974460786598, 14.132291538360585 ], [ 122.974974460786598, 14.132299817353184 ], [ 122.974982739779193, 14.132308096345783 ], [ 122.974982739779193, 14.132316375338382 ], [ 122.974986879275491, 14.132328793827279 ], [ 122.974991018771789, 14.132341212316177 ], [ 122.974995158268086, 14.132349491308776 ], [ 122.974999297764398, 14.132357770301375 ], [ 122.975007576756994, 14.132370188790272 ], [ 122.975007576756994, 14.132378467782871 ], [ 122.975011716253292, 14.132395025768069 ], [ 122.975015855749589, 14.132407444256968 ], [ 122.975015855749589, 14.132419862745865 ], [ 122.975024134742185, 14.132432281234763 ], [ 122.975024134742185, 14.132448839219961 ], [ 122.975024134742185, 14.132457118212558 ], [ 122.975024134742185, 14.132465397205157 ], [ 122.975028274238483, 14.132473676197757 ], [ 122.97503241373478, 14.132490234182955 ], [ 122.97503241373478, 14.132502652671851 ], [ 122.97503241373478, 14.13251093166445 ], [ 122.97503241373478, 14.132519210657049 ], [ 122.97503241373478, 14.132527489649648 ], [ 122.97503241373478, 14.132535768642246 ], [ 122.97503241373478, 14.132548187131144 ], [ 122.97503241373478, 14.132556466123743 ], [ 122.97503241373478, 14.132564745116342 ], [ 122.97503241373478, 14.132577163605239 ], [ 122.975028274238483, 14.132589582094138 ], [ 122.975028274238483, 14.132597861086737 ], [ 122.975028274238483, 14.132606140079336 ], [ 122.975024134742185, 14.132618558568232 ], [ 122.975019995245887, 14.132630977057131 ], [ 122.975015855749589, 14.132647535042329 ], [ 122.975015855749589, 14.132659953531226 ], [ 122.975015855749589, 14.132668232523825 ], [ 122.975015855749589, 14.132680651012723 ], [ 122.975015855749589, 14.132688930005322 ], [ 122.975015855749589, 14.132701348494219 ], [ 122.975011716253292, 14.132709627486818 ], [ 122.974999297764398, 14.132722045975717 ], [ 122.974999297764398, 14.132734464464615 ], [ 122.974995158268086, 14.132746882953512 ], [ 122.974991018771789, 14.13276344093871 ], [ 122.974991018771789, 14.132771719931309 ], [ 122.974986879275491, 14.132779998923906 ], [ 122.974986879275491, 14.132792417412805 ], [ 122.974974460786598, 14.132800696405404 ], [ 122.9749703212903, 14.132813114894303 ], [ 122.9749703212903, 14.1328213938869 ], [ 122.9749703212903, 14.132829672879499 ], [ 122.974966181794002, 14.132837951872098 ], [ 122.974966181794002, 14.132846230864697 ], [ 122.97496204229769, 14.132854509857296 ], [ 122.974953763305095, 14.132862788849893 ], [ 122.974945484312499, 14.132871067842492 ], [ 122.974941344816202, 14.132883486331391 ], [ 122.974933065823606, 14.13289176532399 ], [ 122.974928926327308, 14.132900044316589 ], [ 122.974920647334699, 14.132912462805486 ], [ 122.974912368342103, 14.132920741798085 ], [ 122.974908228845806, 14.132929020790684 ], [ 122.974904089349508, 14.132937299783283 ], [ 122.974895810356912, 14.132941439279582 ], [ 122.974887531364303, 14.132949718272179 ], [ 122.974887531364303, 14.132957997264779 ], [ 122.974883391868005, 14.132966276257378 ], [ 122.974875112875409, 14.132974555249977 ], [ 122.974866833882814, 14.132978694746276 ], [ 122.974862694386516, 14.132986973738873 ], [ 122.974850275897609, 14.132986973738873 ], [ 122.974841996905013, 14.132991113235173 ], [ 122.974833717912418, 14.132991113235173 ], [ 122.974825438919822, 14.132991113235173 ], [ 122.974808880934617, 14.132991113235173 ], [ 122.974800601942022, 14.132991113235173 ], [ 122.974784043956831, 14.132982834242576 ], [ 122.974775764964221, 14.132978694746276 ], [ 122.97475920697903, 14.132974555249977 ], [ 122.974750927986435, 14.132970415753677 ], [ 122.974734370001229, 14.132966276257378 ], [ 122.974721951512336, 14.132966276257378 ], [ 122.974713672519741, 14.132966276257378 ], [ 122.974705393527145, 14.132962136761078 ], [ 122.97468883554194, 14.132957997264779 ], [ 122.974672277556749, 14.132957997264779 ], [ 122.974663998564139, 14.132953857768479 ], [ 122.974651580075246, 14.132953857768479 ], [ 122.974635022090055, 14.132953857768479 ], [ 122.974622603601148, 14.132953857768479 ], [ 122.974614324608552, 14.132953857768479 ], [ 122.974606045615957, 14.132953857768479 ], [ 122.974597766623361, 14.132953857768479 ], [ 122.974585348134454, 14.132953857768479 ], [ 122.974577069141858, 14.132957997264779 ], [ 122.974568790149263, 14.132962136761078 ], [ 122.974556371660356, 14.132962136761078 ], [ 122.97454809266776, 14.132970415753677 ], [ 122.974539813675165, 14.132970415753677 ], [ 122.974531534682569, 14.132974555249977 ], [ 122.974519116193662, 14.132982834242576 ], [ 122.974510837201066, 14.132986973738873 ], [ 122.974502558208471, 14.132986973738873 ], [ 122.974490139719578, 14.132995252731472 ], [ 122.974473581734372, 14.132999392227772 ], [ 122.974465302741777, 14.133003531724071 ], [ 122.974457023749181, 14.133007671220371 ], [ 122.974448744756586, 14.13301181071667 ], [ 122.974440465763976, 14.13301595021297 ], [ 122.974432186771381, 14.13301595021297 ], [ 122.974423907778785, 14.13301595021297 ], [ 122.97441562878619, 14.133020089709269 ], [ 122.97440734979358, 14.133020089709269 ], [ 122.974399070800985, 14.133020089709269 ], [ 122.974390791808389, 14.133020089709269 ], [ 122.974382512815794, 14.133020089709269 ], [ 122.974370094326886, 14.133020089709269 ], [ 122.974361815334291, 14.133020089709269 ], [ 122.974353536341695, 14.133020089709269 ], [ 122.9743452573491, 14.133020089709269 ], [ 122.974332838860192, 14.133020089709269 ], [ 122.974324559867597, 14.133020089709269 ], [ 122.974316280875001, 14.133020089709269 ], [ 122.974308001882406, 14.133020089709269 ], [ 122.97429972288981, 14.133020089709269 ], [ 122.974291443897201, 14.133020089709269 ], [ 122.974279025408308, 14.133020089709269 ], [ 122.974266606919414, 14.13301595021297 ], [ 122.974254188430507, 14.13301181071667 ], [ 122.974245909437911, 14.13301181071667 ], [ 122.974237630445316, 14.13301181071667 ], [ 122.974225211956409, 14.133003531724071 ], [ 122.974216932963813, 14.132999392227772 ], [ 122.974208653971218, 14.132999392227772 ], [ 122.974192095986027, 14.132991113235173 ], [ 122.974179677497119, 14.132982834242576 ], [ 122.974171398504524, 14.132974555249977 ], [ 122.974163119511928, 14.132974555249977 ], [ 122.974154840519333, 14.132966276257378 ], [ 122.974146561526723, 14.132957997264779 ], [ 122.974138282534128, 14.132953857768479 ], [ 122.974130003541532, 14.13294557877588 ], [ 122.974121724548937, 14.132941439279582 ], [ 122.974113445556327, 14.132937299783283 ], [ 122.974109306060029, 14.132929020790684 ], [ 122.974101027067434, 14.132920741798085 ], [ 122.974092748074838, 14.132916602301785 ], [ 122.974084469082243, 14.132908323309186 ], [ 122.974076190089633, 14.132900044316589 ], [ 122.974067911097038, 14.132895904820289 ], [ 122.974059632104442, 14.13289176532399 ], [ 122.974051353111847, 14.13288762582769 ], [ 122.974038934622939, 14.132879346835091 ], [ 122.974030655630344, 14.132875207338792 ], [ 122.974022376637748, 14.132866928346193 ], [ 122.974014097645153, 14.132862788849893 ], [ 122.974005818652557, 14.132862788849893 ], [ 122.973997539659948, 14.132858649353595 ], [ 122.973989260667352, 14.132854509857296 ], [ 122.973980981674757, 14.132850370360996 ], [ 122.973976842178459, 14.132842091368397 ], [ 122.973968563185863, 14.132837951872098 ], [ 122.973960284193254, 14.132833812375798 ], [ 122.973952005200658, 14.132829672879499 ], [ 122.973943726208063, 14.1328213938869 ], [ 122.97393130771917, 14.132817254390602 ], [ 122.973927168222858, 14.132808975398003 ], [ 122.973914749733964, 14.132804835901704 ], [ 122.973906470741369, 14.132800696405404 ], [ 122.973894052252476, 14.132792417412805 ], [ 122.973885773259866, 14.132788277916505 ], [ 122.973877494267271, 14.132779998923906 ], [ 122.973869215274675, 14.132775859427609 ], [ 122.97386093628208, 14.132775859427609 ], [ 122.97385265728947, 14.132771719931309 ], [ 122.973844378296874, 14.13276758043501 ], [ 122.973836099304279, 14.13276344093871 ], [ 122.973827820311683, 14.132755161946111 ], [ 122.973819541319074, 14.132751022449812 ], [ 122.973811262326478, 14.132742743457213 ], [ 122.973802983333883, 14.132738603960913 ], [ 122.97379056484499, 14.132730324968316 ], [ 122.97378228585238, 14.132722045975717 ], [ 122.973774006859784, 14.132713766983118 ], [ 122.973765727867189, 14.132709627486818 ], [ 122.973757448874593, 14.132701348494219 ], [ 122.973753309378296, 14.132693069501622 ], [ 122.973745030385686, 14.132684790509023 ], [ 122.973736751393091, 14.132676511516424 ], [ 122.973728472400495, 14.132668232523825 ], [ 122.9737201934079, 14.132664093027525 ], [ 122.973711914415304, 14.132655814034928 ], [ 122.973703635422694, 14.132647535042329 ], [ 122.973695356430099, 14.13264339554603 ], [ 122.973687077437503, 14.132626837560831 ], [ 122.973682937941206, 14.132618558568232 ], [ 122.97367465894861, 14.132610279575635 ], [ 122.973670519452298, 14.132602000583036 ], [ 122.973662240459703, 14.132597861086737 ], [ 122.973653961467107, 14.132589582094138 ], [ 122.97364982197081, 14.132581303101539 ], [ 122.973645682474512, 14.132568884612642 ], [ 122.973637403481916, 14.132560605620043 ], [ 122.973633263985604, 14.132552326627444 ], [ 122.973624984993009, 14.132544047634845 ], [ 122.973616706000414, 14.132531629145948 ], [ 122.973608427007818, 14.132523350153349 ], [ 122.97360428751152, 14.13251507116075 ], [ 122.973591869022613, 14.132502652671851 ], [ 122.97357945053372, 14.132494373679252 ], [ 122.973575311037422, 14.132486094686655 ], [ 122.973567032044826, 14.132477815694056 ], [ 122.973554613555919, 14.132469536701457 ], [ 122.973546334563324, 14.132465397205157 ], [ 122.973542195067026, 14.132457118212558 ], [ 122.97353391607443, 14.132452978716259 ], [ 122.973525637081835, 14.132440560227362 ], [ 122.973517358089225, 14.132436420731063 ], [ 122.973504939600332, 14.132428141738464 ], [ 122.973496660607736, 14.132424002242164 ], [ 122.973484242118829, 14.132419862745865 ], [ 122.973471823629936, 14.132411583753266 ], [ 122.97346354463734, 14.132407444256968 ], [ 122.973451126148433, 14.132399165264369 ], [ 122.973442847155837, 14.132395025768069 ], [ 122.973434568163242, 14.13239088627177 ], [ 122.973426289170646, 14.132382607279171 ], [ 122.973418010178051, 14.132374328286572 ], [ 122.973397312696548, 14.132366049293974 ], [ 122.973380754711357, 14.132357770301375 ], [ 122.973372475718747, 14.132349491308776 ], [ 122.973355917733556, 14.132345351812477 ], [ 122.973347638740961, 14.132341212316177 ], [ 122.973339359748351, 14.132337072819878 ], [ 122.973331080755756, 14.132337072819878 ], [ 122.973314522770565, 14.132332933323578 ], [ 122.97329796478536, 14.132320514834682 ], [ 122.973289685792764, 14.132316375338382 ], [ 122.973281406800169, 14.132312235842083 ], [ 122.973260709318666, 14.132312235842083 ], [ 122.97325243032607, 14.132303956849483 ], [ 122.973235872340879, 14.132295677856884 ], [ 122.97322759334827, 14.132291538360585 ], [ 122.973219314355674, 14.132287398864285 ], [ 122.973211035363079, 14.132287398864285 ], [ 122.973202756370483, 14.132287398864285 ], [ 122.973194477377888, 14.132283259367988 ], [ 122.973177919392683, 14.132283259367988 ], [ 122.973165500903789, 14.132279119871688 ], [ 122.97315722191118, 14.132279119871688 ], [ 122.973148942918584, 14.132270840879089 ], [ 122.973136524429691, 14.13226670138279 ], [ 122.973128245437096, 14.13226256188649 ], [ 122.973119966444486, 14.132258422390191 ], [ 122.97311168745189, 14.132254282893891 ], [ 122.973103408459295, 14.132250143397592 ], [ 122.973095129466699, 14.132246003901292 ], [ 122.973086850474104, 14.132241864404994 ], [ 122.973078571481494, 14.132237724908695 ], [ 122.973070292488899, 14.132229445916096 ], [ 122.973057874, 14.132225306419796 ], [ 122.973045455511098, 14.132217027427197 ], [ 122.973020618533312, 14.132200469442001 ], [ 122.972999921051809, 14.132188050953102 ], [ 122.972991642059213, 14.132179771960503 ], [ 122.97297922357032, 14.132171492967904 ], [ 122.972975084074022, 14.132159074479008 ], [ 122.972962665585115, 14.132142516493809 ], [ 122.972954386592519, 14.132130098004911 ], [ 122.972941968103626, 14.132113540019715 ], [ 122.972933689111017, 14.132105261027116 ], [ 122.972929549614719, 14.132096982034517 ], [ 122.972925410118421, 14.132088703041918 ], [ 122.972925410118421, 14.132076284553021 ], [ 122.972925410118421, 14.132068005560422 ], [ 122.972925410118421, 14.132059726567823 ], [ 122.972925410118421, 14.132051447575224 ], [ 122.972925410118421, 14.132043168582625 ], [ 122.972925410118421, 14.132022471101129 ], [ 122.972917131125826, 14.13201005261223 ], [ 122.972912991629528, 14.132001773619631 ], [ 122.972912991629528, 14.131989355130735 ], [ 122.972912991629528, 14.131976936641836 ], [ 122.972912991629528, 14.131968657649237 ], [ 122.972912991629528, 14.13195623916034 ], [ 122.972904712636932, 14.131935541678843 ], [ 122.972900573140635, 14.131923123189944 ], [ 122.972900573140635, 14.131914844197347 ], [ 122.972900573140635, 14.131902425708448 ], [ 122.972900573140635, 14.131894146715849 ], [ 122.972900573140635, 14.13188586772325 ], [ 122.972900573140635, 14.131877588730651 ], [ 122.972900573140635, 14.131865170241754 ], [ 122.972900573140635, 14.131852751752856 ], [ 122.972900573140635, 14.131840333263957 ], [ 122.972900573140635, 14.131823775278761 ], [ 122.972900573140635, 14.131811356789862 ], [ 122.972900573140635, 14.131794798804664 ], [ 122.972900573140635, 14.131782380315768 ], [ 122.972904712636932, 14.13176168283427 ], [ 122.972904712636932, 14.131753403841673 ], [ 122.972904712636932, 14.131745124849074 ], [ 122.97290885213323, 14.131736845856475 ], [ 122.97290885213323, 14.131728566863876 ], [ 122.972912991629528, 14.131720287871277 ], [ 122.972925410118421, 14.13170786938238 ], [ 122.972925410118421, 14.131699590389781 ], [ 122.972929549614719, 14.131691311397182 ], [ 122.972933689111017, 14.131683032404583 ], [ 122.972937828607328, 14.131670613915686 ], [ 122.972941968103626, 14.131662334923087 ], [ 122.972950247096222, 14.131654055930488 ], [ 122.972954386592519, 14.131645776937889 ], [ 122.972962665585115, 14.13163749794529 ], [ 122.972966805081413, 14.131629218952693 ], [ 122.972975084074022, 14.131620939960094 ], [ 122.972983363066618, 14.131616800463794 ], [ 122.972987502562916, 14.131608521471195 ], [ 122.972999921051809, 14.131600242478596 ], [ 122.973008200044404, 14.131591963485997 ], [ 122.973020618533312, 14.131587823989699 ], [ 122.973028897525907, 14.1315836844934 ], [ 122.973045455511098, 14.1315836844934 ], [ 122.973062013496303, 14.1315836844934 ], [ 122.973070292488899, 14.1315795449971 ], [ 122.973078571481494, 14.131571266004501 ], [ 122.973090989970402, 14.131571266004501 ], [ 122.973099268962997, 14.131567126508202 ], [ 122.973103408459295, 14.131558847515603 ], [ 122.973115826948188, 14.131558847515603 ], [ 122.973124105940798, 14.131558847515603 ], [ 122.973132384933393, 14.131554708019303 ], [ 122.973140663925989, 14.131554708019303 ], [ 122.973153082414882, 14.131554708019303 ], [ 122.973165500903789, 14.131554708019303 ], [ 122.973173779896385, 14.131550568523004 ], [ 122.973194477377888, 14.131546429026706 ], [ 122.973202756370483, 14.131546429026706 ], [ 122.973211035363079, 14.131546429026706 ], [ 122.973219314355674, 14.131546429026706 ], [ 122.97322759334827, 14.131546429026706 ], [ 122.973235872340879, 14.131546429026706 ], [ 122.973244151333475, 14.131546429026706 ], [ 122.97325243032607, 14.131546429026706 ], [ 122.973268988311276, 14.131546429026706 ], [ 122.973277267303871, 14.131546429026706 ], [ 122.973285546296466, 14.131542289530406 ], [ 122.973293825289062, 14.131542289530406 ], [ 122.973302104281657, 14.131542289530406 ], [ 122.973310383274267, 14.131538150034107 ], [ 122.973326941259458, 14.131534010537807 ], [ 122.973335220252054, 14.131534010537807 ], [ 122.973343499244663, 14.131534010537807 ], [ 122.973351778237259, 14.131534010537807 ], [ 122.973364196726152, 14.131534010537807 ], [ 122.973376615215045, 14.131534010537807 ], [ 122.97339317320025, 14.131534010537807 ], [ 122.973405591689144, 14.131534010537807 ], [ 122.973413870681739, 14.131534010537807 ], [ 122.973422149674349, 14.131534010537807 ], [ 122.973430428666944, 14.131534010537807 ], [ 122.97343870765954, 14.131534010537807 ], [ 122.973446986652135, 14.131534010537807 ], [ 122.973455265644745, 14.131534010537807 ], [ 122.97346354463734, 14.131534010537807 ], [ 122.973471823629936, 14.131534010537807 ], [ 122.973484242118829, 14.131534010537807 ], [ 122.973496660607736, 14.131534010537807 ], [ 122.973504939600332, 14.131525731545208 ], [ 122.97350907909663, 14.131517452552609 ], [ 122.973513218592927, 14.13150917356001 ], [ 122.973521497585523, 14.131500894567413 ], [ 122.973529776578133, 14.131492615574814 ], [ 122.973538055570728, 14.131484336582215 ], [ 122.973538055570728, 14.131476057589616 ], [ 122.973546334563324, 14.131463639100719 ], [ 122.973546334563324, 14.13145536010812 ], [ 122.973546334563324, 14.131447081115521 ], [ 122.973546334563324, 14.131438802122922 ], [ 122.973550474059621, 14.131426383634023 ], [ 122.973550474059621, 14.131418104641426 ], [ 122.973550474059621, 14.131409825648827 ], [ 122.973550474059621, 14.131401546656228 ], [ 122.973550474059621, 14.131393267663629 ], [ 122.973550474059621, 14.13138498867103 ], [ 122.973550474059621, 14.131376709678433 ], [ 122.973550474059621, 14.131368430685834 ], [ 122.974378373319496, 14.131976936641836 ] ] ] ] } },
{ "type": "Feature", "properties": { "fid": 164, "desc": "reclaimed area", "other desc": "former nipaan", "barangay": "Barangay Bagasbas", "col": "etc", "etc": null, "layer": "bagasbas_etc" }, "geometry": { "type": "MultiPolygon", "coordinates": [ [ [ [ 122.977739644314568, 14.131881728226952 ], [ 122.977747923307163, 14.131881728226952 ], [ 122.977781039277559, 14.131885867723252 ], [ 122.977793457766452, 14.131885867723252 ], [ 122.977814155247955, 14.131898286212149 ], [ 122.977838992225756, 14.131898286212149 ], [ 122.977859689707245, 14.131902425708448 ], [ 122.977872108196138, 14.131902425708448 ], [ 122.977896945173939, 14.131902425708448 ], [ 122.977917642655441, 14.131910704701047 ], [ 122.97793834013693, 14.131918983693646 ], [ 122.977954898122135, 14.131923123189946 ], [ 122.977975595603624, 14.131927262686245 ], [ 122.977988014092531, 14.131931402182543 ], [ 122.978000432581425, 14.131931402182543 ], [ 122.978021130062928, 14.131939681175142 ], [ 122.978037688048119, 14.131943820671442 ], [ 122.978054246033309, 14.131943820671442 ], [ 122.978070804018515, 14.131952099664041 ], [ 122.978083222507408, 14.13195623916034 ], [ 122.978103919988911, 14.13196037865664 ], [ 122.978120477974102, 14.13196037865664 ], [ 122.978132896463009, 14.131968657649239 ], [ 122.9781494544482, 14.131972797145536 ], [ 122.978157733440796, 14.131972797145536 ], [ 122.978170151929703, 14.131976936641836 ], [ 122.978186709914894, 14.131981076138135 ], [ 122.978199128403787, 14.131981076138135 ], [ 122.978211546892695, 14.131985215634435 ], [ 122.978223965381588, 14.131985215634435 ], [ 122.978236383870481, 14.131985215634435 ], [ 122.978248802359388, 14.131989355130735 ], [ 122.978265360344579, 14.131993494627034 ], [ 122.978277778833473, 14.131993494627034 ], [ 122.97829019732238, 14.131997634123334 ], [ 122.978302615811273, 14.131997634123334 ], [ 122.978319173796478, 14.132005913115933 ], [ 122.978331592285372, 14.132010052612232 ], [ 122.978339871277967, 14.132010052612232 ], [ 122.978348150270563, 14.13201419210853 ], [ 122.978368847752066, 14.132030750093728 ], [ 122.978377126744661, 14.132030750093728 ], [ 122.978393684729866, 14.132039029086327 ], [ 122.978406103218759, 14.132043168582626 ], [ 122.978414382211355, 14.132051447575225 ], [ 122.97842266120395, 14.132055587071523 ], [ 122.978443358685453, 14.132063866064122 ], [ 122.978451637678049, 14.132068005560422 ], [ 122.978464056166956, 14.13208456354562 ], [ 122.978476474655849, 14.132092842538219 ], [ 122.978488893144743, 14.132101121530816 ], [ 122.97850131163365, 14.132105261027116 ], [ 122.978509590626246, 14.132117679516014 ], [ 122.978526148611436, 14.132130098004913 ], [ 122.978534427604032, 14.13213837699751 ], [ 122.978546846092939, 14.132146655990109 ], [ 122.978559264581833, 14.132154934982708 ], [ 122.97856340407813, 14.132167353471607 ], [ 122.978571683070726, 14.132175632464206 ], [ 122.978579962063336, 14.132188050953102 ], [ 122.978588241055931, 14.132200469442001 ], [ 122.978604799041122, 14.132221166923497 ], [ 122.97860893853742, 14.132229445916096 ], [ 122.978617217530029, 14.132241864404994 ], [ 122.978629636018923, 14.132254282893893 ], [ 122.978642054507816, 14.132274980375389 ], [ 122.978650333500426, 14.132283259367988 ], [ 122.978666891485616, 14.132303956849483 ], [ 122.978671030981914, 14.132316375338382 ], [ 122.97867930997451, 14.13233293332358 ], [ 122.978695867959715, 14.132345351812477 ], [ 122.97870414695231, 14.132366049293974 ], [ 122.978708286448608, 14.132378467782873 ], [ 122.978716565441204, 14.13238674677547 ], [ 122.978720704937516, 14.132399165264369 ], [ 122.978733123426409, 14.132415723249567 ], [ 122.978741402419004, 14.132436420731063 ], [ 122.978753820907897, 14.132452978716261 ], [ 122.978757960404209, 14.132465397205157 ], [ 122.978762099900507, 14.132473676197757 ], [ 122.9787745183894, 14.132490234182955 ], [ 122.978782797381996, 14.132498513175554 ], [ 122.978782797381996, 14.13251093166445 ], [ 122.978795215870903, 14.132527489649648 ], [ 122.978803494863499, 14.132539908138547 ], [ 122.978807634359796, 14.132548187131144 ], [ 122.978824192344987, 14.132568884612642 ], [ 122.978824192344987, 14.132577163605241 ], [ 122.978832471337597, 14.13258544259784 ], [ 122.978836610833895, 14.132602000583036 ], [ 122.978840750330193, 14.132618558568234 ], [ 122.978849029322788, 14.132635116553431 ], [ 122.978853168819086, 14.13264339554603 ], [ 122.978865587307979, 14.132655814034928 ], [ 122.978865587307979, 14.132664093027527 ], [ 122.978873866300589, 14.132676511516424 ], [ 122.978878005796886, 14.132684790509023 ], [ 122.978882145293184, 14.132701348494221 ], [ 122.978886284789482, 14.132709627486818 ], [ 122.978894563782077, 14.132722045975717 ], [ 122.978902842774673, 14.132738603960915 ], [ 122.978911121767283, 14.132751022449812 ], [ 122.97891526126358, 14.132759301442411 ], [ 122.978927679752474, 14.132775859427609 ], [ 122.978931819248771, 14.132788277916507 ], [ 122.978940098241367, 14.132800696405404 ], [ 122.978940098241367, 14.132808975398003 ], [ 122.978948377233976, 14.132825533383201 ], [ 122.978956656226572, 14.132837951872098 ], [ 122.978964935219167, 14.132846230864697 ], [ 122.978964935219167, 14.132854509857296 ], [ 122.978973214211763, 14.132862788849895 ], [ 122.978977353708061, 14.132871067842494 ], [ 122.978981493204373, 14.132883486331391 ], [ 122.978989772196968, 14.132900044316589 ], [ 122.979002190685861, 14.132916602301785 ], [ 122.979010469678457, 14.132924881294384 ], [ 122.979014609174754, 14.132933160286983 ], [ 122.979018748671066, 14.132941439279582 ], [ 122.979022888167364, 14.132949718272181 ], [ 122.979027027663662, 14.132957997264779 ], [ 122.97903116715996, 14.132970415753677 ], [ 122.979039446152555, 14.132982834242576 ], [ 122.979051864641463, 14.132999392227772 ], [ 122.979060143634058, 14.133020089709269 ], [ 122.979064283130356, 14.133028368701869 ], [ 122.979072562122951, 14.133040787190765 ], [ 122.979076701619249, 14.133049066183364 ], [ 122.979076701619249, 14.133057345175963 ], [ 122.979080841115547, 14.133065624168562 ], [ 122.979084980611844, 14.133073903161161 ], [ 122.979089120108156, 14.133086321650058 ], [ 122.979093259604454, 14.133098740138957 ], [ 122.979097399100752, 14.133107019131556 ], [ 122.97910153859705, 14.133115298124155 ], [ 122.97910153859705, 14.133127716613052 ], [ 122.979105678093347, 14.133135995605651 ], [ 122.979105678093347, 14.13314427459825 ], [ 122.979109817589645, 14.133152553590849 ], [ 122.979113957085943, 14.133160832583446 ], [ 122.979113957085943, 14.133169111576045 ], [ 122.979118096582241, 14.133181530064943 ], [ 122.979122236078538, 14.133189809057543 ], [ 122.979122236078538, 14.133202227546439 ], [ 122.979122236078538, 14.133210506539038 ], [ 122.97912637557485, 14.133227064524236 ], [ 122.97912637557485, 14.133239483013135 ], [ 122.97912637557485, 14.133251901502032 ], [ 122.979130515071148, 14.13326845948723 ], [ 122.979134654567446, 14.133285017472426 ], [ 122.979134654567446, 14.133301575457624 ], [ 122.979138794063743, 14.133309854450223 ], [ 122.979138794063743, 14.133318133442822 ], [ 122.979138794063743, 14.133326412435419 ], [ 122.979138794063743, 14.133338830924318 ], [ 122.979138794063743, 14.133347109916917 ], [ 122.979142933560041, 14.133355388909516 ], [ 122.979142933560041, 14.133363667902115 ], [ 122.979142933560041, 14.133376086391012 ], [ 122.979142933560041, 14.133384365383611 ], [ 122.979142933560041, 14.133396783872509 ], [ 122.979142933560041, 14.133413341857706 ], [ 122.979142933560041, 14.133421620850305 ], [ 122.979142933560041, 14.133429899842904 ], [ 122.979142933560041, 14.133442318331802 ], [ 122.979138794063743, 14.133458876316999 ], [ 122.979130515071148, 14.133467155309598 ], [ 122.979130515071148, 14.133483713294796 ], [ 122.979122236078538, 14.133491992287393 ], [ 122.979118096582241, 14.133504410776291 ], [ 122.979113957085943, 14.133512689768891 ], [ 122.979105678093347, 14.133529247754087 ], [ 122.979105678093347, 14.133537526746686 ], [ 122.979097399100752, 14.133545805739285 ], [ 122.979093259604454, 14.133554084731884 ], [ 122.979089120108156, 14.133562363724483 ], [ 122.979084980611844, 14.133583061205979 ], [ 122.979080841115547, 14.133591340198578 ], [ 122.979080841115547, 14.133599619191177 ], [ 122.979076701619249, 14.133607898183776 ], [ 122.979072562122951, 14.133616177176373 ], [ 122.979068422626654, 14.133632735161571 ], [ 122.979068422626654, 14.13364101415417 ], [ 122.979060143634058, 14.133653432643067 ], [ 122.979051864641463, 14.133661711635666 ], [ 122.979043585648853, 14.133669990628265 ], [ 122.979039446152555, 14.133686548613463 ], [ 122.979035306656257, 14.13369896710236 ], [ 122.979022888167364, 14.133715525087558 ], [ 122.979022888167364, 14.133723804080157 ], [ 122.979018748671066, 14.133732083072756 ], [ 122.979018748671066, 14.133740362065353 ], [ 122.979014609174754, 14.133748641057952 ], [ 122.979010469678457, 14.133761059546851 ], [ 122.979006330182159, 14.13376933853945 ], [ 122.978989772196968, 14.133785896524646 ], [ 122.978977353708061, 14.133794175517245 ], [ 122.978973214211763, 14.133810733502443 ], [ 122.978964935219167, 14.13381901249504 ], [ 122.978956656226572, 14.133831430983939 ], [ 122.978952516730274, 14.133839709976538 ], [ 122.978944237737679, 14.133856267961736 ], [ 122.978935958745069, 14.133864546954333 ], [ 122.978927679752474, 14.133872825946932 ], [ 122.978923540256176, 14.133881104939531 ], [ 122.978911121767283, 14.133897662924729 ], [ 122.978906982270985, 14.133905941917327 ], [ 122.978898703278375, 14.133914220909926 ], [ 122.978882145293184, 14.133939057887723 ], [ 122.978882145293184, 14.133959755369219 ], [ 122.978869726804291, 14.133968034361818 ], [ 122.978857308315384, 14.133984592347014 ], [ 122.978840750330193, 14.134005289828512 ], [ 122.978832471337597, 14.134013568821111 ], [ 122.97882005284869, 14.134025987310007 ], [ 122.978811773856094, 14.134038405798906 ], [ 122.978803494863499, 14.134050824287804 ], [ 122.978795215870903, 14.134063242776701 ], [ 122.978786936878294, 14.1340715217693 ], [ 122.978770378893103, 14.134092219250798 ], [ 122.978757960404209, 14.134112916732294 ], [ 122.9787496814116, 14.134121195724893 ], [ 122.978741402419004, 14.134133614213791 ], [ 122.978720704937516, 14.134154311695287 ], [ 122.978708286448608, 14.134166730184186 ], [ 122.978671030981914, 14.134187427665681 ], [ 122.978642054507816, 14.134203985650879 ], [ 122.978625496522625, 14.134212264643478 ], [ 122.97860893853742, 14.134216404139778 ], [ 122.978600659544824, 14.134216404139778 ], [ 122.978584101559633, 14.134224683132377 ], [ 122.978571683070726, 14.134228822628675 ], [ 122.97856340407813, 14.134228822628675 ], [ 122.978550985589237, 14.134228822628675 ], [ 122.978530288107734, 14.134232962124974 ], [ 122.978517869618841, 14.134245380613873 ], [ 122.978509590626246, 14.134245380613873 ], [ 122.97850131163365, 14.134245380613873 ], [ 122.978488893144743, 14.134245380613873 ], [ 122.978476474655849, 14.134245380613873 ], [ 122.978468195663254, 14.134245380613873 ], [ 122.978455777174347, 14.134245380613873 ], [ 122.978439219189156, 14.134245380613873 ], [ 122.97842266120395, 14.134249520110172 ], [ 122.978397824226164, 14.134249520110172 ], [ 122.978377126744661, 14.134249520110172 ], [ 122.978352289766875, 14.134253659606472 ], [ 122.978323313292776, 14.134257799102771 ], [ 122.978298476314976, 14.134257799102771 ], [ 122.978286057826082, 14.134261938599071 ], [ 122.978261220848282, 14.134270217591668 ], [ 122.978240523366779, 14.134274357087968 ], [ 122.978228104877886, 14.134274357087968 ], [ 122.978215686388992, 14.134278496584267 ], [ 122.978194988907489, 14.134282636080567 ], [ 122.978182570418596, 14.134286775576866 ], [ 122.9781494544482, 14.134286775576866 ], [ 122.978124617470399, 14.134286775576866 ], [ 122.978099780492613, 14.134286775576866 ], [ 122.97807908301111, 14.134286775576866 ], [ 122.978054246033309, 14.134286775576866 ], [ 122.978041827544416, 14.134290915073166 ], [ 122.978033548551821, 14.134290915073166 ], [ 122.978021130062928, 14.134290915073166 ], [ 122.978012851070318, 14.134290915073166 ], [ 122.978004572077722, 14.134290915073166 ], [ 122.977996293085127, 14.134290915073166 ], [ 122.977979735099922, 14.134290915073166 ], [ 122.977963177114731, 14.134290915073166 ], [ 122.977946619129526, 14.134290915073166 ], [ 122.977934200640632, 14.134290915073166 ], [ 122.977913503159144, 14.134290915073166 ], [ 122.977901084670236, 14.134290915073166 ], [ 122.97786796869984, 14.134290915073166 ], [ 122.977843131722054, 14.134290915073166 ], [ 122.977830713233146, 14.134290915073166 ], [ 122.97780587625536, 14.134290915073166 ], [ 122.977793457766452, 14.134290915073166 ], [ 122.977772760284964, 14.134290915073166 ], [ 122.977764481292368, 14.134290915073166 ], [ 122.977752062803461, 14.134290915073166 ], [ 122.97773550481827, 14.134290915073166 ], [ 122.977727225825674, 14.134290915073166 ], [ 122.977706528344171, 14.134286775576866 ], [ 122.977685830862669, 14.134282636080567 ], [ 122.977660993884882, 14.134270217591668 ], [ 122.977640296403379, 14.134257799102771 ], [ 122.977611319929281, 14.134241241117573 ], [ 122.977574064462587, 14.134228822628675 ], [ 122.977557506477396, 14.134228822628675 ], [ 122.977528530003298, 14.134212264643478 ], [ 122.977516111514404, 14.134208125147179 ], [ 122.977491274536604, 14.134203985650879 ], [ 122.977474716551413, 14.13419984615458 ], [ 122.977458158566208, 14.134191567161981 ], [ 122.977441600581017, 14.134187427665681 ], [ 122.977408484610621, 14.134162590687886 ], [ 122.977396066121727, 14.134162590687886 ], [ 122.977375368640224, 14.134154311695287 ], [ 122.977354671158722, 14.134137753710091 ], [ 122.977342252669828, 14.134133614213791 ], [ 122.97732155518834, 14.134121195724893 ], [ 122.977304997203134, 14.134112916732294 ], [ 122.977292578714241, 14.134100498243397 ], [ 122.977263602240143, 14.134083940258199 ], [ 122.97724290475864, 14.134067382273001 ], [ 122.977234625766044, 14.134059103280403 ], [ 122.977201509795648, 14.134038405798906 ], [ 122.977176672817862, 14.134021847813708 ], [ 122.977143556847466, 14.134005289828512 ], [ 122.97711044087707, 14.133980452850714 ], [ 122.977098022388162, 14.133963894865518 ], [ 122.977085603899269, 14.133955615872919 ], [ 122.977069045914078, 14.13395147637662 ], [ 122.977056627425171, 14.133939057887723 ], [ 122.977048348432575, 14.133926639398824 ], [ 122.977035929943682, 14.133918360406225 ], [ 122.977023511454775, 14.133905941917327 ], [ 122.977015232462179, 14.133897662924729 ], [ 122.977006953469584, 14.13388938393213 ], [ 122.976998674476988, 14.133872825946932 ], [ 122.976986255988081, 14.133860407458034 ], [ 122.976977976995485, 14.133852128465437 ], [ 122.976965558506592, 14.133843849472838 ], [ 122.976953140017699, 14.133831430983939 ], [ 122.976936582032494, 14.13381901249504 ], [ 122.976928303039898, 14.133810733502443 ], [ 122.976920024047303, 14.133802454509844 ], [ 122.976915884551005, 14.133794175517245 ], [ 122.976907605558395, 14.133785896524646 ], [ 122.9768993265658, 14.133777617532047 ], [ 122.976895187069502, 14.13376519904315 ], [ 122.976878629084297, 14.133752780554252 ], [ 122.976870350091701, 14.133744501561653 ], [ 122.976862071099106, 14.133736222569054 ], [ 122.976845513113915, 14.133715525087558 ], [ 122.976837234121305, 14.133707246094959 ], [ 122.97682895512871, 14.13369896710236 ], [ 122.976820676136114, 14.133690688109763 ], [ 122.976812397143519, 14.133678269620864 ], [ 122.976799978654611, 14.133665851131965 ], [ 122.97678342066942, 14.133649293146769 ], [ 122.976775141676825, 14.133636874657871 ], [ 122.976771002180527, 14.133628595665272 ], [ 122.97675858369162, 14.133616177176373 ], [ 122.976754444195322, 14.133603758687476 ], [ 122.976746165202727, 14.133595479694877 ], [ 122.976746165202727, 14.133583061205979 ], [ 122.976733746713833, 14.13357478221338 ], [ 122.976729607217521, 14.133566503220782 ], [ 122.976725467721224, 14.133558224228183 ], [ 122.976721328224926, 14.133545805739285 ], [ 122.97671304923233, 14.133537526746686 ], [ 122.976708909736033, 14.133529247754087 ], [ 122.976708909736033, 14.13352096876149 ], [ 122.976700630743437, 14.133512689768891 ], [ 122.976696491247139, 14.133500271279992 ], [ 122.97668821225453, 14.133483713294796 ], [ 122.976684072758232, 14.133471294805897 ], [ 122.976675793765637, 14.133458876316999 ], [ 122.976675793765637, 14.1334505973244 ], [ 122.976671654269339, 14.133438178835503 ], [ 122.976663375276743, 14.133429899842904 ], [ 122.976663375276743, 14.133421620850305 ], [ 122.976659235780446, 14.133409202361406 ], [ 122.976650956787836, 14.133400923368809 ], [ 122.976646817291538, 14.13339264437621 ], [ 122.976646817291538, 14.133384365383611 ], [ 122.976646817291538, 14.133376086391012 ], [ 122.97664267779524, 14.133359528405816 ], [ 122.976634398802645, 14.133347109916917 ], [ 122.976634398802645, 14.133330551931719 ], [ 122.976634398802645, 14.133318133442822 ], [ 122.976626119810049, 14.133309854450223 ], [ 122.976626119810049, 14.133293296465025 ], [ 122.976621980313752, 14.133280877976128 ], [ 122.976621980313752, 14.13326845948723 ], [ 122.976621980313752, 14.133260180494631 ], [ 122.976621980313752, 14.133247762005732 ], [ 122.976621980313752, 14.133239483013135 ], [ 122.976621980313752, 14.133231204020536 ], [ 122.976621980313752, 14.133222925027937 ], [ 122.976621980313752, 14.133210506539038 ], [ 122.976621980313752, 14.133198088050142 ], [ 122.976621980313752, 14.133185669561243 ], [ 122.976621980313752, 14.133169111576045 ], [ 122.976621980313752, 14.133156693087148 ], [ 122.976621980313752, 14.13314013510195 ], [ 122.976621980313752, 14.133127716613052 ], [ 122.976634398802645, 14.133107019131556 ], [ 122.976634398802645, 14.133098740138957 ], [ 122.976638538298943, 14.133086321650058 ], [ 122.976646817291538, 14.133065624168562 ], [ 122.976659235780446, 14.133040787190765 ], [ 122.976663375276743, 14.133024229205569 ], [ 122.976671654269339, 14.133003531724071 ], [ 122.976684072758232, 14.132986973738875 ], [ 122.976692351750827, 14.132970415753677 ], [ 122.976696491247139, 14.132957997264779 ], [ 122.976696491247139, 14.132945578775882 ], [ 122.976700630743437, 14.132924881294384 ], [ 122.976704770239735, 14.132912462805487 ], [ 122.97671304923233, 14.13289176532399 ], [ 122.976721328224926, 14.132871067842494 ], [ 122.976721328224926, 14.132858649353595 ], [ 122.976737886210131, 14.132833812375798 ], [ 122.976737886210131, 14.132825533383201 ], [ 122.97675858369162, 14.132796556909105 ], [ 122.976766862684215, 14.132788277916507 ], [ 122.97678342066942, 14.13276758043501 ], [ 122.976791699662016, 14.132755161946111 ], [ 122.976795839158314, 14.132738603960915 ], [ 122.976808257647221, 14.132722045975717 ], [ 122.976812397143519, 14.132705487990521 ], [ 122.976820676136114, 14.132697208997921 ], [ 122.976824815632412, 14.132684790509023 ], [ 122.976833094625007, 14.132676511516424 ], [ 122.976837234121305, 14.132664093027527 ], [ 122.976841373617603, 14.132655814034928 ], [ 122.976845513113915, 14.13264339554603 ], [ 122.976849652610213, 14.132635116553431 ], [ 122.97685379210651, 14.132618558568234 ], [ 122.976866210595404, 14.132606140079336 ], [ 122.976874489587999, 14.132597861086737 ], [ 122.976878629084297, 14.13258544259784 ], [ 122.976886908076906, 14.132573024108941 ], [ 122.976895187069502, 14.132560605620043 ], [ 122.976903466062097, 14.132552326627444 ], [ 122.976907605558395, 14.132539908138547 ], [ 122.976920024047303, 14.132527489649648 ], [ 122.976928303039898, 14.132519210657049 ], [ 122.976932442536196, 14.13251093166445 ], [ 122.976940721528791, 14.132494373679254 ], [ 122.976944861025089, 14.132486094686655 ], [ 122.976953140017699, 14.132477815694056 ], [ 122.97696969800289, 14.13245711821256 ], [ 122.976973837499187, 14.132448839219961 ], [ 122.976990395484393, 14.132432281234763 ], [ 122.976998674476988, 14.132424002242164 ], [ 122.977006953469584, 14.132415723249567 ], [ 122.977015232462179, 14.132407444256968 ], [ 122.977023511454775, 14.132395025768069 ], [ 122.977035929943682, 14.132382607279171 ], [ 122.977048348432575, 14.132370188790274 ], [ 122.977056627425171, 14.132361909797675 ], [ 122.97706490641778, 14.132357770301375 ], [ 122.977073185410376, 14.132349491308776 ], [ 122.977081464402971, 14.132345351812477 ], [ 122.977089743395567, 14.132341212316177 ], [ 122.977098022388162, 14.132341212316177 ], [ 122.977102161884474, 14.13233293332358 ], [ 122.97711044087707, 14.13233293332358 ], [ 122.977118719869665, 14.132328793827281 ], [ 122.977122859365963, 14.132320514834682 ], [ 122.977131138358558, 14.132316375338382 ], [ 122.977139417351168, 14.132312235842083 ], [ 122.977151835840061, 14.132303956849483 ], [ 122.977160114832657, 14.132299817353184 ], [ 122.97717253332155, 14.132291538360587 ], [ 122.97718081231416, 14.132291538360587 ], [ 122.977189091306755, 14.132283259367988 ], [ 122.977197370299351, 14.132283259367988 ], [ 122.977739644314568, 14.131881728226952 ] ] ] ] } },
{ "type": "Feature", "properties": { "fid": 165, "desc": "mangrove area", "other desc": null, "barangay": "Barangay Bagasbas", "col": "etc", "etc": null, "layer": "bagasbas_etc" }, "geometry": { "type": "MultiPolygon", "coordinates": [ [ [ [ 122.978560260050088, 14.140662211566193 ], [ 122.97857247283666, 14.140630335916274 ], [ 122.978581970106802, 14.140616772408851 ], [ 122.978596216012008, 14.140596427147715 ], [ 122.978615210552292, 14.140569300132867 ], [ 122.978643702362717, 14.140528609610596 ], [ 122.978657948267937, 14.140508264349462 ], [ 122.978672194173157, 14.140487919088326 ], [ 122.978681691443299, 14.140474355580903 ], [ 122.978695937348505, 14.140454010319766 ], [ 122.978705434618647, 14.140440446812343 ], [ 122.978712898770155, 14.140415352916136 ], [ 122.978722396040297, 14.140401789408712 ], [ 122.978736641945517, 14.140381444147577 ], [ 122.978746139215659, 14.140367880640152 ], [ 122.978760385120864, 14.140347535379018 ], [ 122.978769882391006, 14.140333971871593 ], [ 122.978779379661148, 14.14032040836417 ], [ 122.97878887693129, 14.140306844856745 ], [ 122.978798374201432, 14.140293281349322 ], [ 122.978807871471574, 14.140279717841899 ], [ 122.97881736874173, 14.140266154334475 ], [ 122.978826866011872, 14.140252590827052 ], [ 122.978836363282014, 14.140239027319627 ], [ 122.978845860552156, 14.140225463812204 ], [ 122.978866888211073, 14.14020986718614 ], [ 122.978899446258779, 14.140192237441434 ], [ 122.978908943528921, 14.140178673934011 ], [ 122.978939468457995, 14.140149513800523 ], [ 122.978960496116926, 14.14013391717446 ], [ 122.978976775140779, 14.140125102302106 ], [ 122.978986272410921, 14.140111538794683 ], [ 122.979002551434775, 14.140102723922331 ], [ 122.97902832772877, 14.140080345542554 ], [ 122.979049355387701, 14.14006474891649 ], [ 122.979081913435408, 14.140047119171784 ], [ 122.97909141070555, 14.140033555664361 ], [ 122.979100907975692, 14.140019992156938 ], [ 122.979133466023399, 14.140002362412233 ], [ 122.979149745047252, 14.139993547539881 ], [ 122.979166024071105, 14.139984732667529 ], [ 122.97918908484867, 14.139980666430247 ], [ 122.97921486114268, 14.139958288050471 ], [ 122.979235888801597, 14.139942691424407 ], [ 122.97925216782545, 14.139933876552055 ], [ 122.979277944119445, 14.139911498172278 ], [ 122.979294223143299, 14.139902683299926 ], [ 122.979310502167166, 14.139893868427574 ], [ 122.979343060214873, 14.139876238682868 ], [ 122.979357306120079, 14.139855893421734 ], [ 122.979396645921497, 14.139843012312101 ], [ 122.979417673580429, 14.139827415686035 ], [ 122.979433952604282, 14.139818600813683 ], [ 122.979450231628135, 14.139809785941331 ], [ 122.979466510651989, 14.139800971068979 ], [ 122.979482789675842, 14.139792156196625 ], [ 122.979499068699695, 14.139783341324273 ], [ 122.979515347723563, 14.139774526451921 ], [ 122.979554687524981, 14.139761645342288 ], [ 122.979570966548835, 14.139752830469936 ], [ 122.97959674284283, 14.139730452090159 ], [ 122.979613021866683, 14.139721637217807 ], [ 122.979622519136825, 14.139708073710382 ], [ 122.979652361668101, 14.139708756108174 ], [ 122.979666607573321, 14.139688410847038 ], [ 122.979682886597175, 14.139679595974686 ], [ 122.979699165621028, 14.139670781102334 ], [ 122.979717477763515, 14.139673496618764 ], [ 122.979733756787383, 14.139664681746412 ], [ 122.979750035811236, 14.13965586687406 ], [ 122.979789375612654, 14.139642985764425 ], [ 122.979817185025283, 14.139632137773432 ], [ 122.979849060675207, 14.139644350560006 ], [ 122.97986533969906, 14.139635535687654 ], [ 122.979890433595273, 14.139642999839156 ], [ 122.979903997102696, 14.139652497109299 ], [ 122.979922309245183, 14.13965521262573 ], [ 122.979935872752606, 14.139664709895872 ], [ 122.979949436260043, 14.139674207166015 ], [ 122.979962999767466, 14.139683704436157 ], [ 122.979985378147234, 14.139709480730154 ], [ 122.979991477503162, 14.139744071896503 ], [ 122.980000292375507, 14.139760350920358 ], [ 122.980004358612788, 14.139783411697925 ], [ 122.980001643096358, 14.139801723840419 ], [ 122.980010457968717, 14.139818002864274 ], [ 122.980000960698575, 14.139831566371699 ], [ 122.979993496547067, 14.139856660267904 ], [ 122.979992814149284, 14.139886502799182 ], [ 122.97999009863284, 14.139904814941678 ], [ 122.979987383116409, 14.139923127084174 ], [ 122.979979918964915, 14.139948220980379 ], [ 122.979967706178343, 14.1399800966303 ], [ 122.979960242026834, 14.140005190526505 ], [ 122.979950744756692, 14.14001875403393 ], [ 122.979956844112621, 14.140053345200279 ], [ 122.979956161714824, 14.140083187731557 ], [ 122.979953446198394, 14.140101499874053 ], [ 122.979957512435675, 14.140124560651619 ], [ 122.979954796919245, 14.140142872794113 ], [ 122.979963611791604, 14.140159151817969 ], [ 122.979960896275173, 14.140177463960462 ], [ 122.979964962512454, 14.140200524738029 ], [ 122.979973777384799, 14.140216803761884 ], [ 122.979977843622081, 14.140239864539451 ], [ 122.979983942978009, 14.1402744557058 ], [ 122.979999539604066, 14.140295483364726 ], [ 122.980003605841347, 14.140318544142293 ], [ 122.980016486950987, 14.140357883943713 ], [ 122.980025301823332, 14.140374162967568 ], [ 122.980029368060613, 14.140397223745135 ], [ 122.980040216051606, 14.140425033157772 ], [ 122.980044282288887, 14.140448093935339 ], [ 122.980048348526168, 14.140471154712904 ], [ 122.980052414763449, 14.14049421549047 ], [ 122.980061229635808, 14.140510494514325 ], [ 122.980060547238011, 14.140540337045604 ], [ 122.980071395229004, 14.140568146458241 ], [ 122.980075461466285, 14.140591207235808 ], [ 122.980081560822214, 14.140625798402157 ], [ 122.980078845305783, 14.140644110544653 ], [ 122.980082911543064, 14.140667171322219 ], [ 122.980080196026634, 14.140685483464713 ], [ 122.980077480510204, 14.140703795607209 ], [ 122.980074764993773, 14.140722107749703 ], [ 122.980074082595976, 14.140751950280981 ], [ 122.980064585325835, 14.140765513788406 ], [ 122.980047623904184, 14.140804171192036 ], [ 122.980033377998978, 14.140824516453172 ], [ 122.98002319833104, 14.140867922491873 ], [ 122.980020482814609, 14.140886234634369 ], [ 122.980001488274326, 14.140913361649217 ], [ 122.979977745098964, 14.140947270417776 ], [ 122.97995875055868, 14.140974397432622 ], [ 122.979949253288538, 14.140987960940047 ], [ 122.979939756018396, 14.14100152444747 ], [ 122.979930258748254, 14.141015087954894 ], [ 122.979920761478112, 14.141028651462317 ], [ 122.979911264207971, 14.14104221496974 ], [ 122.979878706160264, 14.141059844714446 ], [ 122.979869208890122, 14.141073408221869 ], [ 122.97985971161998, 14.141086971729294 ], [ 122.979843432596127, 14.141095786601646 ], [ 122.979827153572273, 14.141104601473998 ], [ 122.97981087454842, 14.14111341634635 ], [ 122.979801377278278, 14.141126979853775 ], [ 122.979791880008122, 14.141140543361198 ], [ 122.97978238273798, 14.141154106868621 ], [ 122.979772885467838, 14.141167670376046 ], [ 122.979749142292491, 14.141201579144605 ], [ 122.979739645022349, 14.141215142652028 ], [ 122.979725399117129, 14.141235487913164 ], [ 122.979715901846987, 14.141249051420587 ], [ 122.979706404576845, 14.141262614928012 ], [ 122.979696907306703, 14.141276178435435 ], [ 122.979687410036561, 14.14128974194286 ], [ 122.979677912766419, 14.141303305450283 ], [ 122.979681979003701, 14.141326366227849 ], [ 122.979686045240982, 14.141349427005416 ], [ 122.979683329724551, 14.14136773914791 ], [ 122.979687395961832, 14.141390799925476 ], [ 122.979691462199114, 14.141413860703043 ], [ 122.979688746682683, 14.141432172845539 ], [ 122.979697561555028, 14.141448451869392 ], [ 122.979694846038598, 14.141466764011888 ], [ 122.979692130522167, 14.141485076154382 ], [ 122.979686699489307, 14.141521700439373 ], [ 122.979690765726588, 14.14154476121694 ], [ 122.979676519821382, 14.141565106478074 ], [ 122.979685334693727, 14.141581385501929 ], [ 122.979682619177296, 14.141599697644423 ], [ 122.979673121907155, 14.141613261151848 ], [ 122.979665657755646, 14.141638355048055 ], [ 122.979662942239216, 14.141656667190549 ], [ 122.979667008476497, 14.141679727968116 ], [ 122.979664292960067, 14.141698040110612 ], [ 122.979668359197348, 14.141721100888178 ], [ 122.97967920718834, 14.141748910300816 ], [ 122.979678524790558, 14.141778752832094 ], [ 122.979677842392761, 14.141808595363372 ], [ 122.97967512687633, 14.141826907505866 ], [ 122.979679193113611, 14.141849968283433 ], [ 122.979676477597181, 14.141868280425928 ], [ 122.979680543834462, 14.141891341203495 ], [ 122.979675112801601, 14.141927965488485 ], [ 122.979664933133677, 14.141971371527186 ], [ 122.979657468982168, 14.141996465423393 ], [ 122.979658819703019, 14.142037838343455 ], [ 122.979644573797813, 14.14205818360459 ], [ 122.979641858281369, 14.142076495747085 ], [ 122.979639142764938, 14.142094807889581 ], [ 122.979631678613444, 14.142119901785787 ], [ 122.979622181343302, 14.142133465293211 ], [ 122.979626247580583, 14.142156526070778 ], [ 122.979607253040299, 14.142183653085624 ], [ 122.979599788888791, 14.142208746981831 ], [ 122.979597073372361, 14.142227059124327 ], [ 122.9795916423395, 14.142263683409316 ], [ 122.979584178188006, 14.142288777305524 ], [ 122.979578747155131, 14.142325401590513 ], [ 122.979578064757348, 14.142355244121791 ], [ 122.979575349240918, 14.142373556264287 ], [ 122.979569918208057, 14.142410180549277 ], [ 122.979567202691626, 14.142428492691772 ], [ 122.979564487175196, 14.142446804834266 ], [ 122.979568553412477, 14.142469865611833 ], [ 122.979561089260969, 14.14249495950804 ], [ 122.979558373744538, 14.142513271650536 ], [ 122.979555658228108, 14.14253158379303 ], [ 122.979559724465389, 14.142554644570597 ], [ 122.979557008948959, 14.142572956713092 ], [ 122.97956107518624, 14.142596017490659 ], [ 122.97957395629588, 14.142635357292079 ], [ 122.979566492144372, 14.142660451188286 ], [ 122.979561061111511, 14.142697075473276 ], [ 122.97956987598387, 14.142713354497131 ], [ 122.979573942221151, 14.142736415274697 ], [ 122.979571226704721, 14.142754727417191 ], [ 122.979575292942002, 14.142777788194758 ], [ 122.979576643662853, 14.14281916111482 ], [ 122.979575961265056, 14.142849003646099 ], [ 122.979566463994914, 14.142862567153522 ], [ 122.979565781597117, 14.1428924096848 ], [ 122.979553568810545, 14.142924285334718 ], [ 122.979557635047826, 14.142947346112285 ], [ 122.979556952650043, 14.142977188643563 ], [ 122.979546772982104, 14.143020594682264 ], [ 122.979541341949243, 14.143057218967256 ], [ 122.979538626432813, 14.14307553110975 ], [ 122.979535910916383, 14.143093843252245 ], [ 122.979526413646241, 14.143107406759668 ], [ 122.979516916376099, 14.143120970267093 ], [ 122.979514200859668, 14.143139282409587 ], [ 122.979499954954449, 14.143159627670723 ], [ 122.979492490802954, 14.14318472156693 ], [ 122.979482993532812, 14.143198285074353 ], [ 122.979468747627593, 14.14321863033549 ], [ 122.979459250357451, 14.143232193842913 ], [ 122.979445004452245, 14.143252539104049 ], [ 122.979435507182103, 14.143266102611472 ], [ 122.979432791665658, 14.143284414753968 ], [ 122.979423294395517, 14.143297978261391 ], [ 122.979413797125375, 14.143311541768815 ], [ 122.979411081608944, 14.143329853911309 ], [ 122.979408366092514, 14.143348166053805 ], [ 122.979394120187308, 14.143368511314941 ], [ 122.979384622917166, 14.143382074822364 ], [ 122.979375125647024, 14.143395638329787 ], [ 122.979365628376883, 14.143409201837212 ], [ 122.979356131106741, 14.143422765344635 ], [ 122.979346633836585, 14.14343632885206 ], [ 122.979337136566443, 14.143449892359483 ], [ 122.979314075788878, 14.143453958596764 ], [ 122.979297796765024, 14.143462773469116 ], [ 122.979258456963606, 14.143475654578749 ], [ 122.979235396186041, 14.14347972081603 ], [ 122.979200805019687, 14.143485820171952 ], [ 122.979177744242122, 14.143489886409233 ], [ 122.979159432099635, 14.143487170892802 ], [ 122.979136371322056, 14.143491237130084 ], [ 122.979118059179569, 14.143488521613653 ], [ 122.979094998402005, 14.143492587850934 ], [ 122.979076686259504, 14.143489872334504 ], [ 122.979058374117017, 14.143487156818072 ], [ 122.979033280220804, 14.14347969266657 ], [ 122.979010219443239, 14.143483758903852 ], [ 122.978978343793315, 14.143471546117278 ], [ 122.978953249897117, 14.143464081965776 ], [ 122.978930189119552, 14.143468148203057 ], [ 122.978903062104692, 14.143449153662772 ], [ 122.978882716843557, 14.143434907757557 ], [ 122.978862371582423, 14.143420661852344 ], [ 122.978848808075, 14.143411164582201 ], [ 122.978828462813865, 14.143396918676986 ], [ 122.978808117552731, 14.143382672771773 ], [ 122.978787772291597, 14.143368426866559 ], [ 122.978774208784174, 14.143358929596417 ], [ 122.978760645276751, 14.143349432326273 ], [ 122.978763360793181, 14.143331120183779 ], [ 122.9787592945559, 14.143308059406213 ], [ 122.978755228318619, 14.143284998628646 ], [ 122.978744380327626, 14.143257189216008 ], [ 122.978735565455267, 14.143240910192153 ], [ 122.978731499217986, 14.143217849414587 ], [ 122.978727432980705, 14.143194788637022 ], [ 122.978723366743424, 14.143171727859455 ], [ 122.978709803236001, 14.143162230589311 ], [ 122.97870573699872, 14.143139169811747 ], [ 122.978690140372663, 14.14311814215282 ], [ 122.978681325500304, 14.143101863128965 ], [ 122.978677259263023, 14.143078802351399 ], [ 122.978654880883255, 14.143053026057402 ], [ 122.978639284257184, 14.143031998398476 ], [ 122.978614872758769, 14.142994691715696 ], [ 122.978606057886424, 14.142978412691841 ], [ 122.978597243014065, 14.142962133667988 ], [ 122.978563334245507, 14.142938390492629 ], [ 122.978554519373148, 14.142922111468776 ], [ 122.978538922747092, 14.14290108380985 ], [ 122.978528074756099, 14.142873274397212 ], [ 122.978498914622605, 14.142842749468144 ], [ 122.97849009975026, 14.142826470444289 ], [ 122.97847450312419, 14.142805442785363 ], [ 122.978465688251845, 14.142789163761508 ], [ 122.978456873379486, 14.142772884737655 ], [ 122.978441276753429, 14.142751857078729 ], [ 122.97843246188107, 14.142735578054873 ], [ 122.978416865255014, 14.142714550395947 ], [ 122.978408050382654, 14.142698271372094 ], [ 122.978394486875231, 14.14268877410195 ], [ 122.978385672002872, 14.142672495078097 ], [ 122.978376857130527, 14.142656216054242 ], [ 122.978361260504457, 14.142635188395316 ], [ 122.978350412513464, 14.142607378982678 ], [ 122.978336849006041, 14.142597881712536 ], [ 122.978321252379985, 14.14257685405361 ], [ 122.978310404388992, 14.142549044640973 ], [ 122.978306338151711, 14.142525983863406 ], [ 122.978297523279352, 14.142509704839551 ], [ 122.978288708407007, 14.142493425815697 ], [ 122.978284642169726, 14.142470365038131 ], [ 122.978269045543655, 14.142449337379205 ], [ 122.97826023067131, 14.142433058355349 ], [ 122.978251415798951, 14.142416779331496 ], [ 122.978242600926606, 14.142400500307641 ], [ 122.978233786054247, 14.142384221283788 ], [ 122.978222938063254, 14.142356411871148 ], [ 122.97820530831855, 14.14232385382344 ], [ 122.978201242081269, 14.142300793045873 ], [ 122.97819242720891, 14.14228451402202 ], [ 122.978188360971629, 14.142261453244453 ], [ 122.978175479862003, 14.142222113443031 ], [ 122.978169380506074, 14.142187522276682 ], [ 122.978165314268793, 14.142164461499116 ], [ 122.978156499396448, 14.142148182475262 ], [ 122.978147684524089, 14.142131903451407 ], [ 122.978136836533096, 14.142104094038769 ], [ 122.978128021660751, 14.142087815014914 ], [ 122.978119206788392, 14.142071535991061 ], [ 122.978103610162336, 14.142050508332135 ], [ 122.978094795289977, 14.14203422930828 ], [ 122.978085980417632, 14.142017950284426 ], [ 122.978072416910209, 14.142008453014283 ], [ 122.978063602037849, 14.141992173990429 ], [ 122.978560260050088, 14.140662211566193 ] ] ] ] } },
{ "type": "Feature", "properties": { "fid": 166, "desc": "flood-prone", "other desc": "high tide and typhoons", "barangay": "Barangay Bagasbas", "col": "flood-prone", "etc": null, "layer": "bagasbas_flood-prone" }, "geometry": { "type": "MultiPolygon", "coordinates": [ [ [ [ 122.9791053224493, 14.139977602677561 ], [ 122.97909107654408, 14.139997947938696 ], [ 122.979076830638874, 14.140018293199832 ], [ 122.979069366487366, 14.140043387096039 ], [ 122.979050371947082, 14.140070514110885 ], [ 122.979054438184363, 14.140093574888452 ], [ 122.979040192279143, 14.140113920149588 ], [ 122.979021197738859, 14.140141047164436 ], [ 122.979011700468718, 14.140154610671859 ], [ 122.978999487682145, 14.140186486321777 ], [ 122.978975744506798, 14.140220395090337 ], [ 122.978966247236642, 14.140233958597761 ], [ 122.978963531720211, 14.140252270740255 ], [ 122.978954034450069, 14.14026583424768 ], [ 122.978939788544864, 14.140286179508815 ], [ 122.978930291274722, 14.140299743016239 ], [ 122.978916045369502, 14.140320088277374 ], [ 122.978913329853071, 14.14033840041987 ], [ 122.978899083947866, 14.140358745681006 ], [ 122.978889586677724, 14.140372309188429 ], [ 122.978875340772504, 14.140392654449565 ], [ 122.97885634623222, 14.140419781464411 ], [ 122.978846848962078, 14.140433344971836 ], [ 122.978832603056858, 14.14045369023297 ], [ 122.978823105786716, 14.140467253740395 ], [ 122.978804111246433, 14.140494380755243 ], [ 122.978794613976291, 14.140507944262666 ], [ 122.978780368071071, 14.140528289523802 ], [ 122.978770870800929, 14.140541853031225 ], [ 122.978761373530787, 14.140555416538648 ], [ 122.978751876260645, 14.140568980046073 ], [ 122.978742378990503, 14.140582543553496 ], [ 122.978732881720362, 14.140596107060921 ], [ 122.97872338445022, 14.140609670568344 ], [ 122.978713887180078, 14.140623234075766 ], [ 122.978699641274858, 14.140643579336903 ], [ 122.978690144004716, 14.140657142844328 ], [ 122.978680646734574, 14.14067070635175 ], [ 122.978671149464432, 14.140684269859173 ], [ 122.97866165219429, 14.140697833366598 ], [ 122.978647406289085, 14.140718178627733 ], [ 122.978633160383865, 14.140738523888869 ], [ 122.978623663113723, 14.140752087396292 ], [ 122.978597886819728, 14.140774465776069 ], [ 122.978588389549586, 14.140788029283492 ], [ 122.978574143644366, 14.140808374544628 ], [ 122.978564646374224, 14.140821938052051 ], [ 122.978555149104082, 14.140835501559476 ], [ 122.97854565183394, 14.140849065066899 ], [ 122.978529372810087, 14.140857879939251 ], [ 122.978515126904867, 14.140878225200387 ], [ 122.978505629634725, 14.14089178870781 ], [ 122.978496132364583, 14.140905352215235 ], [ 122.978481886459377, 14.140925697476369 ], [ 122.978467640554157, 14.140946042737506 ], [ 122.978453394648952, 14.140966387998642 ], [ 122.978443897378796, 14.140979951506065 ], [ 122.97842965147359, 14.141000296767201 ], [ 122.978420154203448, 14.141013860274624 ], [ 122.978410656933306, 14.141027423782049 ], [ 122.978401159663164, 14.141040987289472 ], [ 122.978391662393022, 14.141054550796895 ], [ 122.978377416487803, 14.141074896058031 ], [ 122.978367919217661, 14.141088459565454 ], [ 122.978353673312441, 14.14110880482659 ], [ 122.978329930137093, 14.14114271359515 ], [ 122.978320432866951, 14.141156277102573 ], [ 122.978306186961731, 14.141176622363709 ], [ 122.978296689691589, 14.141190185871132 ], [ 122.978282443786384, 14.141210531132268 ], [ 122.978268197881164, 14.141230876393404 ], [ 122.978265482364733, 14.141249188535898 ], [ 122.978255985094592, 14.141262752043323 ], [ 122.978253269578161, 14.141281064185817 ], [ 122.9782478385453, 14.141317688470808 ], [ 122.978224095369939, 14.141351597239368 ], [ 122.978225446090789, 14.141392970159428 ], [ 122.978208484669153, 14.141431627563058 ], [ 122.978198987398997, 14.141445191070483 ], [ 122.978198305001214, 14.141475033601761 ], [ 122.978186092214642, 14.14150690925168 ], [ 122.9781765949445, 14.141520472759103 ], [ 122.97817387942807, 14.141538784901599 ], [ 122.978166415276561, 14.141563878797806 ], [ 122.978163699760131, 14.1415821909403 ], [ 122.978160984243701, 14.141600503082795 ], [ 122.97816979911606, 14.141616782106651 ], [ 122.978162334964551, 14.141641876002856 ], [ 122.978154870813057, 14.141666969899063 ], [ 122.978149439780196, 14.141703594184053 ], [ 122.97813994251004, 14.141717157691478 ], [ 122.97813722699361, 14.141735469833971 ], [ 122.978141293230891, 14.141758530611538 ], [ 122.978138577714461, 14.141776842754034 ], [ 122.97813586219803, 14.141795154896529 ], [ 122.978141961553959, 14.141829746062879 ], [ 122.978148060909874, 14.141864337229228 ], [ 122.978152127147155, 14.141887398006794 ], [ 122.978158226503083, 14.141921989173143 ], [ 122.978157544105287, 14.141951831704421 ], [ 122.978156861707504, 14.1419816742357 ], [ 122.978165676579849, 14.141997953259555 ], [ 122.978158212428355, 14.142023047155762 ], [ 122.978155496911924, 14.142041359298256 ], [ 122.978152781395494, 14.142059671440752 ], [ 122.978145317243985, 14.142084765336959 ], [ 122.978144634846203, 14.142114607868237 ], [ 122.978141919329772, 14.142132920010731 ], [ 122.9781297065432, 14.142164795660651 ], [ 122.97812699102677, 14.142183107803145 ], [ 122.978124275510325, 14.142201419945641 ], [ 122.978121559993895, 14.142219732088135 ], [ 122.978118844477464, 14.142238044230631 ], [ 122.978116128961034, 14.142256356373126 ], [ 122.978113413444603, 14.14227466851562 ], [ 122.978110697928173, 14.142292980658116 ], [ 122.978098485141601, 14.142324856308035 ], [ 122.978102551378882, 14.142347917085601 ], [ 122.978097120346021, 14.142384541370591 ], [ 122.97810321970195, 14.14241913253694 ], [ 122.97810050418552, 14.142437444679436 ], [ 122.978093040034011, 14.142462538575643 ], [ 122.978090324517581, 14.142480850718137 ], [ 122.978094390754862, 14.142503911495703 ], [ 122.978093708357079, 14.142533754026982 ], [ 122.978086244205571, 14.142558847923189 ], [ 122.978078780054062, 14.142583941819396 ], [ 122.97807809765628, 14.142613784350674 ], [ 122.978075382139849, 14.14263209649317 ], [ 122.978067917988341, 14.142657190389375 ], [ 122.978060453836846, 14.142682284285582 ], [ 122.978046207931627, 14.142702629546719 ], [ 122.978043492415196, 14.142720941689213 ], [ 122.97802924650999, 14.142741286950349 ], [ 122.978019749239849, 14.142754850457772 ], [ 122.978005503334629, 14.142775195718908 ], [ 122.977996006064487, 14.142788759226331 ], [ 122.977986508794345, 14.142802322733756 ], [ 122.977977011524203, 14.142815886241179 ], [ 122.977967514254061, 14.142829449748604 ], [ 122.977953268348841, 14.142849795009738 ], [ 122.977943771078699, 14.142863358517163 ], [ 122.977929525173494, 14.142883703778297 ], [ 122.977915279268274, 14.142904049039434 ], [ 122.977905781998132, 14.142917612546857 ], [ 122.977891536092912, 14.142937957807993 ], [ 122.97788203882277, 14.142951521315416 ], [ 122.977861011163853, 14.142967117941481 ], [ 122.977851513893711, 14.142980681448904 ], [ 122.977835234869843, 14.142989496321256 ], [ 122.977814207210926, 14.143005092947321 ], [ 122.977797928187073, 14.143013907819673 ], [ 122.977788430916931, 14.143027471327096 ], [ 122.977767403257999, 14.143043067953162 ], [ 122.977751124234146, 14.143051882825514 ], [ 122.977725347940151, 14.143074261205291 ], [ 122.97770703579765, 14.143071545688858 ], [ 122.977697538527508, 14.143085109196283 ], [ 122.977662947361168, 14.143091208552205 ], [ 122.977646668337314, 14.143100023424557 ], [ 122.977618858924671, 14.14311087141555 ], [ 122.977595798147107, 14.143114937652831 ], [ 122.977579519123253, 14.143123752525183 ], [ 122.977556458345688, 14.143127818762464 ], [ 122.977538146203187, 14.143125103246033 ], [ 122.977515085425622, 14.143129169483315 ], [ 122.977494740164488, 14.1431149235781 ], [ 122.977471679386923, 14.143118989815381 ], [ 122.977453367244422, 14.143116274298951 ], [ 122.977435055101935, 14.14311355878252 ], [ 122.977409961205723, 14.143106094631017 ], [ 122.977393682181869, 14.143114909503371 ], [ 122.977370621404305, 14.143118975740652 ], [ 122.97734756062674, 14.143123041977933 ], [ 122.977329248484239, 14.143120326461501 ], [ 122.977310936341752, 14.143117610945071 ], [ 122.977292624199251, 14.14311489542864 ], [ 122.97727431205675, 14.14311217991221 ], [ 122.977255999914263, 14.143109464395778 ], [ 122.977237687771762, 14.143106748879347 ], [ 122.977224124264339, 14.143097251609206 ], [ 122.977210560756916, 14.143087754339062 ], [ 122.977196997249493, 14.14307825706892 ], [ 122.97718343374207, 14.143068759798776 ], [ 122.977169870234647, 14.143059262528634 ], [ 122.977153591210794, 14.143068077400986 ], [ 122.977135279068293, 14.143065361884556 ], [ 122.977116966925806, 14.143062646368126 ], [ 122.977103403418383, 14.143053149097982 ], [ 122.977083058157248, 14.143038903192769 ], [ 122.977062712896114, 14.143024657287555 ], [ 122.977049149388691, 14.143015160017413 ], [ 122.977035585881254, 14.143005662747269 ], [ 122.977022022373831, 14.142996165477127 ], [ 122.977013207501486, 14.142979886453272 ], [ 122.976997610875415, 14.142958858794346 ], [ 122.976984047367992, 14.142949361524204 ], [ 122.976975232495647, 14.142933082500349 ], [ 122.976977948012077, 14.142914770357855 ], [ 122.976973881774796, 14.142891709580288 ], [ 122.976958285148726, 14.142870681921362 ], [ 122.976954218911445, 14.142847621143796 ], [ 122.976950152674164, 14.142824560366229 ], [ 122.976941337801819, 14.142808281342376 ], [ 122.976932522929459, 14.142792002318521 ], [ 122.976928456692178, 14.142768941540954 ], [ 122.976919641819833, 14.142752662517099 ], [ 122.976922357336264, 14.142734350374605 ], [ 122.976909476226623, 14.142695010573183 ], [ 122.976912191743054, 14.142676698430689 ], [ 122.976898628235631, 14.142667201160545 ], [ 122.976885064728208, 14.142657703890404 ], [ 122.976878965372293, 14.142623112724054 ], [ 122.976879647770076, 14.142593270192776 ], [ 122.976870832897731, 14.142576991168921 ], [ 122.97686676666045, 14.142553930391355 ], [ 122.976853203153027, 14.142544433121213 ], [ 122.976849136915746, 14.142521372343646 ], [ 122.976858634185888, 14.142507808836221 ], [ 122.976854567948607, 14.142484748058656 ], [ 122.976845753076248, 14.142468469034801 ], [ 122.976848468592678, 14.142450156892306 ], [ 122.976839653720333, 14.142433877868452 ], [ 122.976840336118116, 14.142404035337174 ], [ 122.976847800269624, 14.142378941440967 ], [ 122.976843734032343, 14.1423558806634 ], [ 122.976839667795062, 14.142332819885834 ], [ 122.976849165065204, 14.142319256378411 ], [ 122.976851880581634, 14.142300944235915 ], [ 122.976854596098065, 14.142282632093419 ], [ 122.976845781225705, 14.142266353069566 ], [ 122.976855278495847, 14.142252789562141 ], [ 122.976851212258566, 14.142229728784576 ], [ 122.976853927774997, 14.14221141664208 ], [ 122.976856643291427, 14.142193104499585 ], [ 122.976852577054146, 14.142170043722018 ], [ 122.976858008087007, 14.142133419437029 ], [ 122.976865472238515, 14.142108325540821 ], [ 122.976861406001234, 14.142085264763256 ], [ 122.976864121517664, 14.142066952620761 ], [ 122.976860055280383, 14.142043891843194 ], [ 122.976862770796814, 14.142025579700698 ], [ 122.976872268066955, 14.142012016193275 ], [ 122.976874983583386, 14.14199370405078 ], [ 122.976882447734894, 14.141968610154574 ], [ 122.976889911886389, 14.141943516258367 ], [ 122.976892627402819, 14.141925204115871 ], [ 122.976904840189391, 14.141893328465953 ], [ 122.976905522587188, 14.141863485934675 ], [ 122.97691501985733, 14.141849922427252 ], [ 122.97692926576255, 14.141829577166115 ], [ 122.976943511667756, 14.141809231904979 ], [ 122.976950975819264, 14.141784138008774 ], [ 122.976953691335694, 14.141765825866278 ], [ 122.976963188605836, 14.141752262358855 ], [ 122.976970652757331, 14.141727168462648 ], [ 122.976980150027472, 14.141713604955223 ], [ 122.976989647297614, 14.1417000414478 ], [ 122.976995078330475, 14.14166341716281 ], [ 122.97699779384692, 14.141645105020315 ], [ 122.977012039752125, 14.141624759759178 ], [ 122.977024252538698, 14.14159288410926 ], [ 122.977031716690206, 14.141567790213054 ], [ 122.977041896358131, 14.141524384174351 ], [ 122.977051393628273, 14.141510820666928 ], [ 122.977065639533492, 14.141490475405792 ], [ 122.977073103685001, 14.141465381509585 ], [ 122.977075819201431, 14.141447069367091 ], [ 122.977078534717862, 14.141428757224595 ], [ 122.977088031988004, 14.141415193717172 ], [ 122.977083965750722, 14.141392132939606 ], [ 122.977091429902217, 14.141367039043399 ], [ 122.977103642688789, 14.14133516339348 ], [ 122.977106358205219, 14.141316851250984 ], [ 122.977120604110439, 14.14129650598985 ], [ 122.977124002024652, 14.141248351316076 ], [ 122.977138247929872, 14.14122800605494 ], [ 122.977140963446303, 14.141209693912446 ], [ 122.977155209351523, 14.141189348651309 ], [ 122.977162673503017, 14.141164254755102 ], [ 122.977172170773159, 14.141150691247679 ], [ 122.977179634924667, 14.141125597351472 ], [ 122.977182350441097, 14.141107285208976 ], [ 122.977196596346303, 14.141086939947842 ], [ 122.977206093616445, 14.141073376440417 ], [ 122.977208809132875, 14.141055064297923 ], [ 122.977218306403032, 14.141041500790498 ], [ 122.977232552308237, 14.141021155529364 ], [ 122.97724476509481, 14.140989279879445 ], [ 122.977254262364951, 14.14097571637202 ], [ 122.977268508270171, 14.140955371110886 ], [ 122.977271223786602, 14.14093705896839 ], [ 122.977280721056744, 14.140923495460967 ], [ 122.977290218326885, 14.140909931953543 ], [ 122.977304464232105, 14.140889586692408 ], [ 122.977313961502247, 14.140876023184983 ], [ 122.977332956042531, 14.140848896170136 ], [ 122.977342453312673, 14.140835332662713 ], [ 122.977356699217879, 14.140814987401576 ], [ 122.977362130250739, 14.140778363116587 ], [ 122.977371627520881, 14.140764799609164 ], [ 122.97737909167239, 14.140739705712956 ], [ 122.977388588942532, 14.140726142205533 ], [ 122.977398086212673, 14.140712578698109 ], [ 122.977412332117893, 14.140692233436972 ], [ 122.977426578023099, 14.140671888175838 ], [ 122.977438790809671, 14.140640012525919 ], [ 122.977453036714891, 14.140619667264783 ], [ 122.977467282620111, 14.140599322003649 ], [ 122.977484244041747, 14.140560664600017 ], [ 122.977493741311889, 14.140547101092594 ], [ 122.977507987217109, 14.140526755831457 ], [ 122.977517484487251, 14.140513192324034 ], [ 122.977526981757393, 14.140499628816611 ], [ 122.977536479027535, 14.140486065309187 ], [ 122.977550724932755, 14.140465720048052 ], [ 122.97756497083796, 14.140445374786916 ], [ 122.977577183624533, 14.140413499136997 ], [ 122.977591429529753, 14.140393153875861 ], [ 122.977605675434958, 14.140372808614726 ], [ 122.977624669975242, 14.140345681599879 ], [ 122.97764366451554, 14.140318554585031 ], [ 122.977657910420746, 14.140298209323895 ], [ 122.977672156325966, 14.14027786406276 ], [ 122.977681653596107, 14.140264300555335 ], [ 122.977695899501313, 14.140243955294201 ], [ 122.977710145406533, 14.140223610033065 ], [ 122.977719642676675, 14.140210046525642 ], [ 122.977729139946817, 14.140196483018217 ], [ 122.977738637216959, 14.140182919510794 ], [ 122.977748134487101, 14.140169356003371 ], [ 122.977762380392321, 14.140149010742235 ], [ 122.977771877662462, 14.140135447234812 ], [ 122.977781374932604, 14.140121883727387 ], [ 122.97779562083781, 14.140101538466251 ], [ 122.977821397131819, 14.140079160086476 ], [ 122.977837676155673, 14.140070345214124 ], [ 122.977847173425815, 14.140056781706699 ], [ 122.97786141933102, 14.140036436445564 ], [ 122.977889228743663, 14.14002558845457 ], [ 122.977898726013805, 14.140012024947147 ], [ 122.977929250942879, 14.139982864813659 ], [ 122.977950278601796, 14.139967268187595 ], [ 122.977966557625649, 14.139958453315243 ], [ 122.977976054895791, 14.139944889807818 ], [ 122.978006579824864, 14.13991572967433 ], [ 122.978036422356141, 14.139916412072122 ], [ 122.978045919626283, 14.139902848564697 ], [ 122.978062198650136, 14.139894033692345 ], [ 122.978078477673989, 14.139885218819993 ], [ 122.978094756697843, 14.139876403947641 ], [ 122.97811103572171, 14.139867589075289 ], [ 122.978138845134339, 14.139856741084294 ], [ 122.978155124158192, 14.139847926211942 ], [ 122.978187682205899, 14.139830296467238 ], [ 122.978203961229752, 14.139821481594886 ], [ 122.978231770642395, 14.139810633603892 ], [ 122.978261613173672, 14.139811316001683 ], [ 122.978277892197525, 14.13980250112933 ], [ 122.978305701610168, 14.139791653138337 ], [ 122.978321980634021, 14.139782838265985 ], [ 122.978340292776522, 14.139785553782415 ], [ 122.978358604919009, 14.139788269298847 ], [ 122.978381665696574, 14.139784203061566 ], [ 122.978397944720427, 14.139775388189213 ], [ 122.978421005497992, 14.139771321951931 ], [ 122.978450848029283, 14.139772004349723 ], [ 122.978480690560559, 14.139772686747513 ], [ 122.978499002703046, 14.139775402263943 ], [ 122.978522063480611, 14.139771336026662 ], [ 122.978540375623112, 14.139774051543093 ], [ 122.978558687765613, 14.139776767059525 ], [ 122.9785769999081, 14.139779482575955 ], [ 122.978602093804312, 14.139786946727456 ], [ 122.978627187700511, 14.139794410878959 ], [ 122.978645499843012, 14.13979712639539 ], [ 122.978659063350435, 14.139806623665532 ], [ 122.978677375492936, 14.139809339181964 ], [ 122.978695687635422, 14.139812054698394 ], [ 122.978720781531635, 14.139819518849896 ], [ 122.9791053224493, 14.139977602677561 ] ] ] ] } },
{ "type": "Feature", "properties": { "fid": 167, "desc": "flood-prone", "other desc": null, "barangay": "Barangay Bagasbas", "col": "flood-prone", "etc": null, "layer": "bagasbas_flood-prone" }, "geometry": { "type": "MultiPolygon", "coordinates": [ [ [ [ 122.974571397963487, 14.142768443704037 ], [ 122.974576146598551, 14.142761661950326 ], [ 122.974574113479918, 14.142750131561542 ], [ 122.974569706043738, 14.142741992049615 ], [ 122.974565298607558, 14.142733852537688 ], [ 122.974560891171379, 14.14272571302576 ], [ 122.974558858052745, 14.142714182636977 ], [ 122.974556824934098, 14.142702652248193 ], [ 122.974552417497932, 14.142694512736266 ], [ 122.974550384379285, 14.142682982347484 ], [ 122.974545976943105, 14.142674842835556 ], [ 122.97454156950694, 14.142666703323629 ], [ 122.974539536388292, 14.142655172934846 ], [ 122.974537503269659, 14.142643642546062 ], [ 122.974534453591687, 14.142626346962889 ], [ 122.97453140391373, 14.142609051379713 ], [ 122.974529370795096, 14.142597520990931 ], [ 122.974529711993981, 14.142582599725291 ], [ 122.974534801827957, 14.142560896705939 ], [ 122.974531752149986, 14.142543601122766 ], [ 122.974533109908208, 14.142534445051517 ], [ 122.974534467666416, 14.14252528898027 ], [ 122.974535825424638, 14.142516132909023 ], [ 122.974537183182846, 14.142506976837774 ], [ 122.974543289576133, 14.142491039012816 ], [ 122.974544647334355, 14.142481882941569 ], [ 122.974549395969433, 14.142475101187856 ], [ 122.974555502362719, 14.142459163362897 ], [ 122.974560250997783, 14.142452381609186 ], [ 122.974569748267925, 14.142438818101761 ], [ 122.974574496903003, 14.142432036348049 ], [ 122.974581619855599, 14.142421863717482 ], [ 122.974582977613821, 14.142412707646233 ], [ 122.974590100566431, 14.142402535015666 ], [ 122.974599597836573, 14.142388971508243 ], [ 122.974606720789183, 14.142378798877674 ], [ 122.974608078547391, 14.142369642806427 ], [ 122.974615201500001, 14.14235947017586 ], [ 122.974622324452611, 14.142349297545293 ], [ 122.974628430845897, 14.142333359720332 ], [ 122.974635553798507, 14.142323187089765 ], [ 122.974642676751102, 14.142313014459196 ], [ 122.974649799703712, 14.142302841828629 ], [ 122.974656922656322, 14.142292669198062 ], [ 122.974666419926464, 14.142279105690637 ], [ 122.974671168561542, 14.142272323936925 ], [ 122.974675917196606, 14.142265542183214 ], [ 122.97468405670854, 14.142261134747038 ], [ 122.974688805343604, 14.142254352993326 ], [ 122.974696944855538, 14.14224994555715 ], [ 122.974710849561845, 14.142244521561652 ], [ 122.974715598196923, 14.142237739807941 ], [ 122.974728486343921, 14.142226550618053 ], [ 122.974736625855854, 14.142222143181877 ], [ 122.974747139685306, 14.142214344868846 ], [ 122.974757653514772, 14.142206546555812 ], [ 122.97476240214985, 14.142199764802101 ], [ 122.974773932538625, 14.14219773168346 ], [ 122.974784446368091, 14.142189933370428 ], [ 122.974792585880024, 14.142185525934252 ], [ 122.9748041162688, 14.142183492815612 ], [ 122.974815646657589, 14.142181459696971 ], [ 122.974827177046365, 14.14217942657833 ], [ 122.974838707435154, 14.14217739345969 ], [ 122.974856003018331, 14.142174343781729 ], [ 122.974867533407107, 14.142172310663089 ], [ 122.974882454672752, 14.142172651861983 ], [ 122.974891610743995, 14.142174009620199 ], [ 122.974909922886496, 14.142176725136631 ], [ 122.97491907895774, 14.142178082894846 ], [ 122.974934000223385, 14.142178424093741 ], [ 122.97494993804834, 14.142184530487027 ], [ 122.974959094119583, 14.142185888245242 ], [ 122.974968250190827, 14.142187246003457 ], [ 122.97498181369825, 14.142196743273601 ], [ 122.974988595451961, 14.142201491908672 ], [ 122.974995377205673, 14.142206240543743 ], [ 122.975002158959398, 14.142210989178814 ], [ 122.975011315030642, 14.142212346937031 ], [ 122.975018096784353, 14.142217095572102 ], [ 122.975031660291776, 14.142226592842244 ], [ 122.975038442045488, 14.142231341477315 ], [ 122.975047598116731, 14.14223269923553 ], [ 122.975054379870443, 14.142237447870603 ], [ 122.975061161624154, 14.142242196505673 ], [ 122.975071334254721, 14.14224931945828 ], [ 122.975080490325979, 14.142250677216495 ], [ 122.975090662956546, 14.142257800169103 ], [ 122.975100835587114, 14.14226492312171 ], [ 122.975114399094537, 14.142274420391852 ], [ 122.975121180848248, 14.142279169026924 ], [ 122.975131353478815, 14.142286291979531 ], [ 122.975141526109383, 14.142293414932137 ], [ 122.97515169873995, 14.142300537884745 ], [ 122.975158480493661, 14.142305286519816 ], [ 122.975168653124229, 14.142312409472423 ], [ 122.975178825754796, 14.142319532425029 ], [ 122.975188998385363, 14.142326655377637 ], [ 122.97519917101593, 14.142333778330244 ], [ 122.975205952769642, 14.142338526965315 ], [ 122.975212734523353, 14.142343275600387 ], [ 122.975219516277065, 14.142348024235458 ], [ 122.975226298030776, 14.142352772870529 ], [ 122.975233079784488, 14.1423575215056 ], [ 122.975246643291911, 14.142367018775744 ], [ 122.975256815922478, 14.14237414172835 ], [ 122.975266988553045, 14.142381264680957 ], [ 122.975277161183612, 14.142388387633565 ], [ 122.975283942937324, 14.142393136268636 ], [ 122.975290724691035, 14.142397884903707 ], [ 122.975300897321603, 14.142405007856313 ], [ 122.97531106995217, 14.142412130808921 ], [ 122.975317851705881, 14.142416879443992 ], [ 122.975324633459593, 14.142421628079063 ], [ 122.975331415213319, 14.142426376714134 ], [ 122.97533819696703, 14.142431125349207 ], [ 122.975348369597597, 14.142438248301813 ], [ 122.975358542228165, 14.14244537125442 ], [ 122.975368714858732, 14.142452494207028 ], [ 122.975378887489299, 14.142459617159634 ], [ 122.975385669243011, 14.142464365794705 ], [ 122.975392450996722, 14.142469114429776 ], [ 122.975402623627289, 14.142476237382384 ], [ 122.975412796257856, 14.142483360334991 ], [ 122.975419578011568, 14.142488108970062 ], [ 122.975426359765279, 14.142492857605133 ], [ 122.975430767201459, 14.142500997117061 ], [ 122.975440939832026, 14.142508120069667 ], [ 122.975451112462594, 14.142515243022274 ], [ 122.975457894216305, 14.142519991657347 ], [ 122.975464675970017, 14.142524740292417 ], [ 122.975474848600584, 14.142531863245024 ], [ 122.975481630354295, 14.142536611880095 ], [ 122.975488412108007, 14.142541360515168 ], [ 122.975495193861718, 14.142546109150238 ], [ 122.975505366492285, 14.142553232102845 ], [ 122.975518929999708, 14.142562729372989 ], [ 122.975529102630276, 14.142569852325595 ], [ 122.975539275260843, 14.142576975278201 ], [ 122.975546057014554, 14.142581723913272 ], [ 122.97555385532759, 14.142592237742736 ], [ 122.975560637081301, 14.142596986377807 ], [ 122.975567418835013, 14.142601735012878 ], [ 122.975574200588724, 14.142606483647949 ], [ 122.975580982342436, 14.142611232283022 ], [ 122.975587764096147, 14.142615980918093 ], [ 122.975594545849859, 14.142620729553164 ], [ 122.975598953286038, 14.14262886906509 ], [ 122.975603360722218, 14.142637008577019 ], [ 122.975611159035239, 14.142647522406481 ], [ 122.97561794078895, 14.142652271041552 ], [ 122.975624722542662, 14.142657019676625 ], [ 122.975632520855697, 14.142667533506087 ], [ 122.975639302609409, 14.142672282141158 ], [ 122.975643710045588, 14.142680421653086 ], [ 122.975651508358624, 14.142690935482548 ], [ 122.975661680989191, 14.142698058435155 ], [ 122.975668462742902, 14.142702807070227 ], [ 122.975675244496614, 14.142707555705298 ], [ 122.975682026250325, 14.142712304340369 ], [ 122.975695589757748, 14.142721801610511 ], [ 122.97570237151146, 14.142726550245584 ], [ 122.975712544142027, 14.14273367319819 ], [ 122.975722716772594, 14.142740796150797 ], [ 122.975732889403162, 14.142747919103405 ], [ 122.975746452910585, 14.142757416373547 ], [ 122.975753234664296, 14.142762165008618 ], [ 122.975760016418008, 14.142766913643689 ], [ 122.975766798171719, 14.142771662278761 ], [ 122.975773579925431, 14.142776410913832 ], [ 122.975783752555998, 14.142783533866439 ], [ 122.975788159992177, 14.142791673378367 ], [ 122.975794941745889, 14.142796422013438 ], [ 122.9758017234996, 14.142801170648509 ], [ 122.975808505253312, 14.14280591928358 ], [ 122.975816303566347, 14.142816433113044 ], [ 122.97582986707377, 14.142825930383186 ], [ 122.975828509315548, 14.142835086454433 ], [ 122.975832916751727, 14.142843225966361 ], [ 122.975837324187907, 14.142851365478288 ], [ 122.975842748183396, 14.142865270184608 ], [ 122.975852920813963, 14.142872393137214 ], [ 122.975854953932611, 14.142883923525996 ], [ 122.975862752245646, 14.14289443735546 ], [ 122.975867159681812, 14.142902576867387 ], [ 122.975869192800459, 14.142914107256169 ], [ 122.975875974554171, 14.142918855891242 ], [ 122.975880381990351, 14.142926995403169 ], [ 122.975889196862695, 14.142943274427024 ], [ 122.975887839104487, 14.142952430498271 ], [ 122.975890888782445, 14.142969726081446 ], [ 122.975895296218624, 14.142977865593373 ], [ 122.975899703654804, 14.1429860051053 ], [ 122.975898345896582, 14.142995161176547 ], [ 122.975902753332761, 14.143003300688475 ], [ 122.975907160768941, 14.143011440200402 ], [ 122.975911568205106, 14.143019579712329 ], [ 122.975910210446898, 14.143028735783577 ], [ 122.975912243565531, 14.14304026617236 ], [ 122.975911902366647, 14.143055187438 ], [ 122.975913935485281, 14.143066717826782 ], [ 122.975912577727058, 14.143075873898029 ], [ 122.97591121996885, 14.143085029969278 ], [ 122.975907487893096, 14.143097576917381 ], [ 122.975909521011744, 14.143109107306165 ], [ 122.975908163253521, 14.143118263377412 ], [ 122.975906805495313, 14.143127419448659 ], [ 122.975903073419559, 14.143139966396763 ], [ 122.975895950466949, 14.14315013902733 ], [ 122.975893234950519, 14.143168451169826 ], [ 122.975889502874765, 14.143180998117929 ], [ 122.975883396481478, 14.143196935942887 ], [ 122.975879664405724, 14.143209482890992 ], [ 122.975875932329984, 14.143222029839094 ], [ 122.975871183694906, 14.143228811592808 ], [ 122.975864060742296, 14.143238984223375 ], [ 122.975854563472154, 14.143252547730798 ], [ 122.975853205713946, 14.143261703802047 ], [ 122.975846082761336, 14.143271876432614 ], [ 122.975842350685582, 14.143284423380717 ], [ 122.975833869974764, 14.143303752082533 ], [ 122.975826747022154, 14.1433139247131 ], [ 122.975819624069544, 14.143324097343667 ], [ 122.975811143358726, 14.143343426045483 ], [ 122.975804020406116, 14.14335359867605 ], [ 122.975803679207218, 14.14336851994169 ], [ 122.975798930572154, 14.143375301695402 ], [ 122.975794181937076, 14.143382083449113 ], [ 122.975790449861336, 14.143394630397218 ], [ 122.975780952591194, 14.143408193904641 ], [ 122.975773829638584, 14.143418366535208 ], [ 122.975767723245298, 14.143434304360168 ], [ 122.97576297461022, 14.14344108611388 ], [ 122.975758225975156, 14.143447867867591 ], [ 122.975754493899402, 14.143460414815696 ], [ 122.975749745264324, 14.143467196569407 ], [ 122.975741264553506, 14.143486525271223 ], [ 122.975736515918442, 14.143493307024935 ], [ 122.975729392965832, 14.143503479655502 ], [ 122.975725660890078, 14.143516026603606 ], [ 122.975719554496791, 14.143531964428565 ], [ 122.975712431544181, 14.143542137059132 ], [ 122.975706325150895, 14.143558074884092 ], [ 122.975696827880753, 14.143571638391515 ], [ 122.975689704928143, 14.143581811022084 ], [ 122.97568495629308, 14.143588592775796 ], [ 122.97567783334047, 14.143598765406363 ], [ 122.975674101264715, 14.143611312354468 ], [ 122.975669352629652, 14.143618094108179 ], [ 122.975662229677042, 14.143628266738746 ], [ 122.975659514160611, 14.143646578881242 ], [ 122.975652391208001, 14.143656751511809 ], [ 122.975645268255391, 14.143666924142376 ], [ 122.975641536179651, 14.143679471090481 ], [ 122.975636787544573, 14.143686252844192 ], [ 122.975624915956899, 14.143703207228471 ], [ 122.975620167321821, 14.143709988982184 ], [ 122.975613044369211, 14.143720161612752 ], [ 122.975605921416616, 14.143730334243319 ], [ 122.975598798464006, 14.143740506873888 ], [ 122.97559269207072, 14.143756444698846 ], [ 122.975583194800578, 14.143770008206269 ], [ 122.975576071847968, 14.143780180836838 ], [ 122.97556759113715, 14.143799509538653 ], [ 122.97556046818454, 14.143809682169222 ], [ 122.97555334523193, 14.143819854799789 ], [ 122.975551987473708, 14.143829010871036 ], [ 122.975547238838644, 14.143835792624749 ], [ 122.975537741568502, 14.143849356132172 ], [ 122.975530618615892, 14.143859528762739 ], [ 122.975523495663282, 14.143869701393308 ], [ 122.975518747028218, 14.14387648314702 ], [ 122.975511624075608, 14.143886655777587 ], [ 122.975499752487934, 14.143903610161868 ], [ 122.975492629535324, 14.143913782792435 ], [ 122.975487880900246, 14.143920564546146 ], [ 122.975480757947651, 14.143930737176714 ], [ 122.975468886359963, 14.143947691560994 ], [ 122.975464137724899, 14.143954473314706 ], [ 122.975457014772289, 14.143964645945273 ], [ 122.975452266137211, 14.143971427698986 ], [ 122.975447517502147, 14.143978209452698 ], [ 122.975440394549537, 14.143988382083265 ], [ 122.975435645914473, 14.143995163836976 ], [ 122.975425132085007, 14.14400296215001 ], [ 122.975418009132397, 14.144013134780577 ], [ 122.975409869620464, 14.144017542216753 ], [ 122.97539359059661, 14.144026357089105 ], [ 122.975388841961546, 14.144033138842817 ], [ 122.975371546378369, 14.144036188520777 ], [ 122.975364423425759, 14.144046361151347 ], [ 122.975352893036984, 14.144048394269987 ], [ 122.97534475352505, 14.144052801706163 ], [ 122.974571397963487, 14.142768443704037 ] ] ] ] } },
{ "type": "Feature", "properties": { "fid": 168, "desc": "fishpond area", "other desc": null, "barangay": "Barangay Bagasbas", "col": "etc", "etc": null, "layer": "bagasbas_etc" }, "geometry": { "type": "MultiPolygon", "coordinates": [ [ [ [ 122.969537890644091, 14.147192929382237 ], [ 122.969501266359103, 14.147187498349375 ], [ 122.969493133884541, 14.147141376794243 ], [ 122.969475504139837, 14.147108818746533 ], [ 122.969457874395133, 14.147076260698825 ], [ 122.969440244650428, 14.147043702651116 ], [ 122.969409051398301, 14.147001647333264 ], [ 122.969400918923739, 14.146955525778131 ], [ 122.9694063499566, 14.146918901493141 ], [ 122.969388720211896, 14.146886343445432 ], [ 122.969376521500052, 14.146817161112732 ], [ 122.969381952532913, 14.146780536827743 ], [ 122.969373820058351, 14.146734415272611 ], [ 122.969365687583789, 14.146688293717478 ], [ 122.969338560568943, 14.146669299177193 ], [ 122.969320930824239, 14.146636741129484 ], [ 122.969299234842254, 14.146581122304209 ], [ 122.969281605097549, 14.146548564256499 ], [ 122.969263975352845, 14.14651600620879 ], [ 122.969255842878283, 14.146469884653657 ], [ 122.969228715863437, 14.146450890113371 ], [ 122.969211086118733, 14.146418332065663 ], [ 122.969183959103887, 14.146399337525377 ], [ 122.969166329359183, 14.146366779477669 ], [ 122.969148699614465, 14.14633422142996 ], [ 122.96912700363248, 14.146278602604685 ], [ 122.969082246872929, 14.146227050016691 ], [ 122.969064617128225, 14.146194491968981 ], [ 122.969046987383521, 14.146161933921272 ], [ 122.969015794131394, 14.14611987860342 ], [ 122.96899816438669, 14.146087320555711 ], [ 122.968966971134563, 14.146045265237859 ], [ 122.968949341389859, 14.146012707190151 ], [ 122.968927645407874, 14.145957088364876 ], [ 122.96891001566317, 14.145924530317167 ], [ 122.968901883188607, 14.145878408762034 ], [ 122.968907314221468, 14.145841784477044 ], [ 122.968889684476764, 14.145809226429334 ], [ 122.968904612779767, 14.145759038636921 ], [ 122.968896480305204, 14.145712917081788 ], [ 122.968915474845488, 14.14568579006694 ], [ 122.968930403148491, 14.145635602274528 ], [ 122.968958894958917, 14.145594911752255 ], [ 122.9689778894992, 14.145567784737409 ], [ 122.96900638130964, 14.145527094215137 ], [ 122.969044370390208, 14.145472840185443 ], [ 122.969072862200633, 14.14543214966317 ], [ 122.969101354011059, 14.1453914591409 ], [ 122.969120348551343, 14.145364332126052 ], [ 122.969139343091626, 14.145337205111206 ], [ 122.969177332172208, 14.14528295108151 ], [ 122.969224818522918, 14.145215133544392 ], [ 122.969257376570624, 14.145197503799688 ], [ 122.969276371110908, 14.14517037678484 ], [ 122.96933198993618, 14.145148680802853 ], [ 122.969360481746619, 14.145107990280582 ], [ 122.969406603301749, 14.14509985780602 ], [ 122.969448658619598, 14.145068664553891 ], [ 122.969477150430023, 14.14502797403162 ], [ 122.969523271985153, 14.145019841557058 ], [ 122.96955583003286, 14.145002211812354 ], [ 122.969574824573158, 14.144975084797506 ], [ 122.969620946128288, 14.144966952322944 ], [ 122.969663001446136, 14.144935759070815 ], [ 122.96968199598642, 14.144908632055968 ], [ 122.969714554034127, 14.144891002311264 ], [ 122.969747112081834, 14.144873372566559 ], [ 122.969779670129554, 14.144855742821854 ], [ 122.969825791684684, 14.144847610347291 ], [ 122.969858349732391, 14.144829980602587 ], [ 122.969886841542817, 14.144789290080316 ], [ 122.969919399590523, 14.144771660335611 ], [ 122.96995195763823, 14.144754030590907 ], [ 122.969984515685951, 14.144736400846202 ], [ 122.970030637241081, 14.14472826837164 ], [ 122.970072692558929, 14.144697075119511 ], [ 122.970105250606636, 14.144679445374805 ], [ 122.970137808654343, 14.144661815630101 ], [ 122.970166300464783, 14.144621125107831 ], [ 122.970185295005066, 14.144593998092983 ], [ 122.970227350322915, 14.144562804840854 ], [ 122.970278902910906, 14.144518048081302 ], [ 122.970297897451189, 14.144490921066454 ], [ 122.970316891991473, 14.144463794051607 ], [ 122.970335886531757, 14.144436667036761 ], [ 122.970354881072055, 14.144409540021913 ], [ 122.970373875612339, 14.144382413007065 ], [ 122.970392870152622, 14.144355285992217 ], [ 122.970411864692906, 14.14432815897737 ], [ 122.970440356503332, 14.144287468455099 ], [ 122.970468848313757, 14.144246777932828 ], [ 122.970497340124183, 14.144206087410558 ], [ 122.970512268427186, 14.144155899618143 ], [ 122.970531262967484, 14.144128772603295 ], [ 122.970550257507767, 14.144101645588448 ], [ 122.970578749318193, 14.144060955066177 ], [ 122.970593677621196, 14.144010767273764 ], [ 122.970599108654056, 14.143974142988773 ], [ 122.970627600464482, 14.143933452466502 ], [ 122.970646595004766, 14.143906325451654 ], [ 122.97067102057791, 14.143842574151817 ], [ 122.970690015118208, 14.143815447136969 ], [ 122.970695446151069, 14.14377882285198 ], [ 122.970714440691353, 14.143751695837132 ], [ 122.970719871724214, 14.143715071552142 ], [ 122.970725302757074, 14.143678447267153 ], [ 122.970744297297358, 14.143651320252305 ], [ 122.97075515936308, 14.143578071682324 ], [ 122.97076059039594, 14.143541447397334 ], [ 122.970779584936224, 14.143514320382486 ], [ 122.970780949731804, 14.14345463531993 ], [ 122.970786380764665, 14.143418011034941 ], [ 122.970805375304948, 14.143390884020093 ], [ 122.970806740100528, 14.143331198957537 ], [ 122.970812171133403, 14.143294574672547 ], [ 122.970827099436406, 14.143244386880133 ], [ 122.970842027739408, 14.14319419908772 ], [ 122.970847458772269, 14.143157574802729 ], [ 122.970825762790284, 14.143101955977453 ], [ 122.970840691093287, 14.143051768185041 ], [ 122.970846122126147, 14.143015143900049 ], [ 122.970851553159008, 14.14297851961506 ], [ 122.970856984191869, 14.14294189533007 ], [ 122.97086241522473, 14.14290527104508 ], [ 122.97086784625759, 14.142868646760089 ], [ 122.970873277290451, 14.142832022475099 ], [ 122.970855647545747, 14.142799464427391 ], [ 122.970861078578608, 14.142762840142401 ], [ 122.970866509611469, 14.14272621585741 ], [ 122.970848879866764, 14.142693657809701 ], [ 122.970813620377356, 14.142628541714283 ], [ 122.970819051410217, 14.142591917429293 ], [ 122.970783791920809, 14.142526801333876 ], [ 122.97078922295367, 14.142490177048884 ], [ 122.970753963464261, 14.142425060953467 ], [ 122.970745830989699, 14.142378939398334 ], [ 122.970747195785279, 14.142319254335778 ], [ 122.970725499803294, 14.142263635510503 ], [ 122.970717367328731, 14.142217513955369 ], [ 122.970722798361592, 14.14218088967038 ], [ 122.97071466588703, 14.142134768115247 ], [ 122.970720096919891, 14.142098143830257 ], [ 122.970711964445329, 14.142052022275124 ], [ 122.970726892748331, 14.142001834482711 ], [ 122.970728257543911, 14.141942149420155 ], [ 122.970720125069349, 14.141896027865021 ], [ 122.970735053372366, 14.141845840072607 ], [ 122.970726920897803, 14.141799718517476 ], [ 122.970732351930664, 14.141763094232484 ], [ 122.970751346470948, 14.141735967217638 ], [ 122.970756777503809, 14.141699342932647 ], [ 122.970758142299388, 14.14163965787009 ], [ 122.970786634109814, 14.14159896734782 ], [ 122.970805628650098, 14.141571840332972 ], [ 122.970843617730665, 14.141517586303278 ], [ 122.970862612270949, 14.141490459288431 ], [ 122.970881606811247, 14.141463332273583 ], [ 122.970910098621673, 14.141422641751312 ], [ 122.970938590432098, 14.141381951229041 ], [ 122.970957584972382, 14.141354824214194 ], [ 122.970986076782808, 14.141314133691921 ], [ 122.971005071323091, 14.141287006677075 ], [ 122.971037629370798, 14.141269376932369 ], [ 122.971070187418519, 14.141251747187665 ], [ 122.971098679228945, 14.141211056665394 ], [ 122.971117673769228, 14.141183929650547 ], [ 122.971136668309512, 14.141156802635699 ], [ 122.971165160119938, 14.141116112113428 ], [ 122.971184154660222, 14.14108898509858 ], [ 122.971203149200505, 14.141061858083733 ], [ 122.971222143740789, 14.141034731068885 ], [ 122.971250635551229, 14.140994040546614 ], [ 122.971288624631796, 14.140939786516919 ], [ 122.97130761917208, 14.140912659502073 ], [ 122.971336110982506, 14.1408719689798 ], [ 122.97135510552279, 14.140844841964954 ], [ 122.971374100063073, 14.140817714950106 ], [ 122.971402591873499, 14.140777024427836 ], [ 122.971421586413797, 14.140749897412988 ], [ 122.971450078224223, 14.140709206890717 ], [ 122.971451443019802, 14.140649521828159 ], [ 122.971470437560086, 14.140622394813313 ], [ 122.971471802355666, 14.140562709750757 ], [ 122.971477233388526, 14.140526085465766 ], [ 122.971492161691529, 14.140475897673353 ], [ 122.971484029216967, 14.14042977611822 ], [ 122.971503023757251, 14.140402649103372 ], [ 122.971508454790111, 14.140366024818382 ], [ 122.971513885822972, 14.140329400533393 ], [ 122.971528814125975, 14.140279212740978 ], [ 122.971520681651413, 14.140233091185845 ], [ 122.97151254917685, 14.140186969630713 ], [ 122.971504416702288, 14.14014084807558 ], [ 122.971496284227726, 14.140094726520447 ], [ 122.971484085515883, 14.140025544187749 ], [ 122.971466455771179, 14.139992986140038 ], [ 122.971458323296616, 14.139946864584907 ], [ 122.971450190822054, 14.139900743029774 ], [ 122.971405434062504, 14.13984919044178 ], [ 122.971406798858084, 14.139789505379223 ], [ 122.971371539368675, 14.139724389283804 ], [ 122.971372904164255, 14.139664704221248 ], [ 122.971337644674847, 14.139599588125831 ], [ 122.971320014930143, 14.139567030078121 ], [ 122.971311882455581, 14.139520908522989 ], [ 122.971294252710877, 14.139488350475279 ], [ 122.971249495951326, 14.139436797887285 ], [ 122.971227799969341, 14.13938117906201 ], [ 122.971210170224637, 14.139348621014301 ], [ 122.971174910735229, 14.139283504918883 ], [ 122.971143717483102, 14.139241449601032 ], [ 122.971126087738398, 14.139208891553322 ], [ 122.971108457993694, 14.139176333505613 ], [ 122.971081330978834, 14.139157338965328 ], [ 122.971059634996848, 14.139101720140053 ], [ 122.971028441744721, 14.1390596648222 ], [ 122.971010812000017, 14.139027106774492 ], [ 122.970983684985171, 14.139008112234206 ], [ 122.970975552510609, 14.138961990679075 ], [ 122.97093486198834, 14.138933498868646 ], [ 122.970913166006355, 14.138877880043371 ], [ 122.970881972754228, 14.13883582472552 ], [ 122.970864343009524, 14.13880326667781 ], [ 122.97084671326482, 14.138770708630101 ], [ 122.970806022742551, 14.138742216819674 ], [ 122.970765332220267, 14.138713725009245 ], [ 122.970738205205421, 14.138694730468961 ], [ 122.970720575460717, 14.138662172421251 ], [ 122.970702945716013, 14.138629614373542 ], [ 122.970671752463886, 14.13858755905569 ], [ 122.970631061941617, 14.138559067245263 ], [ 122.970622929467055, 14.138512945690129 ], [ 122.970591736214928, 14.138470890372279 ], [ 122.970564609200082, 14.138451895831993 ], [ 122.970546979455378, 14.138419337784283 ], [ 122.970552410488239, 14.138382713499293 ], [ 122.970534780743534, 14.138350155451585 ], [ 122.97051715099883, 14.138317597403876 ], [ 122.970499521254126, 14.138285039356166 ], [ 122.97047239423928, 14.138266044815881 ], [ 122.970450698257295, 14.138210425990605 ], [ 122.97042900227531, 14.13815480716533 ], [ 122.970411372530592, 14.138122249117622 ], [ 122.970393742785888, 14.138089691069913 ], [ 122.970399173818748, 14.138053066784922 ], [ 122.970367980566621, 14.138011011467071 ], [ 122.970350350821917, 14.137978453419361 ], [ 122.970332721077213, 14.137945895371653 ], [ 122.970292030554944, 14.137917403561225 ], [ 122.970264903540098, 14.13789840902094 ], [ 122.970233710287971, 14.137856353703087 ], [ 122.970193019765702, 14.13782786189266 ], [ 122.970161826513575, 14.137785806574808 ], [ 122.970134699498729, 14.137766812034522 ], [ 122.970103506246588, 14.137724756716672 ], [ 122.970072312994461, 14.13768270139882 ], [ 122.970054683249757, 14.137650143351111 ], [ 122.970013992727488, 14.137621651540682 ], [ 122.969992296745502, 14.137566032715407 ], [ 122.969997727778363, 14.137529408430417 ], [ 122.969989595303801, 14.137483286875284 ], [ 122.969954335814393, 14.137418170779867 ], [ 122.969959766847253, 14.137381546494877 ], [ 122.969951634372691, 14.137335424939744 ], [ 122.969929938390706, 14.137279806114469 ], [ 122.969921805916144, 14.137233684559336 ], [ 122.969927236949005, 14.137197060274346 ], [ 122.969951662522149, 14.137133308974509 ], [ 122.96995709355501, 14.137096684689519 ], [ 122.969962524587871, 14.137060060404528 ], [ 122.969991016398311, 14.137019369882257 ], [ 122.970010010938594, 14.136992242867409 ], [ 122.970015441971455, 14.136955618582419 ], [ 122.970020873004316, 14.13691899429743 ], [ 122.970049364814741, 14.136878303775159 ], [ 122.970054795847602, 14.136841679490168 ], [ 122.97009278492817, 14.136787425460474 ], [ 122.970121276738595, 14.136746734938201 ], [ 122.970145702311754, 14.136682983638364 ], [ 122.970164696852038, 14.136655856623518 ], [ 122.970193188662464, 14.136615166101246 ], [ 122.970212183202747, 14.1365880390864 ], [ 122.970240675013173, 14.136547348564127 ], [ 122.970246106046034, 14.136510724279137 ], [ 122.970274597856459, 14.136470033756867 ], [ 122.970303089666899, 14.136429343234596 ], [ 122.970322084207183, 14.136402216219748 ], [ 122.97036007328775, 14.136347962190053 ], [ 122.970379067828034, 14.136320835175205 ], [ 122.970398062368318, 14.136293708160359 ], [ 122.970417056908602, 14.136266581145511 ], [ 122.970436051448885, 14.136239454130664 ], [ 122.970464543259311, 14.136198763608393 ], [ 122.970493035069751, 14.13615807308612 ], [ 122.970567648435306, 14.136109250089287 ], [ 122.970600206483013, 14.136091620344583 ], [ 122.970655825308285, 14.136069924362598 ], [ 122.970688383356006, 14.136052294617892 ], [ 122.970730438673854, 14.136021101365763 ], [ 122.970790123736407, 14.136022466161345 ], [ 122.970822681784114, 14.136004836416639 ], [ 122.970887797879541, 14.135969576927231 ], [ 122.970920355927248, 14.135951947182525 ], [ 122.970952913974955, 14.135934317437821 ], [ 122.970985472022662, 14.135916687693117 ], [ 122.971031593577791, 14.135908555218554 ], [ 122.971077715132921, 14.135900422743992 ], [ 122.971137400195488, 14.135901787539572 ], [ 122.971164527210334, 14.135920782079857 ], [ 122.971201151495322, 14.135926213112718 ], [ 122.971228278510168, 14.135945207653004 ], [ 122.971255405525014, 14.135964202193289 ], [ 122.971296096047283, 14.135992694003717 ], [ 122.971304228521845, 14.13603881555885 ], [ 122.971331355536691, 14.136057810099135 ], [ 122.971339488011253, 14.136103931654269 ], [ 122.971357117755957, 14.136136489701977 ], [ 122.971365250230519, 14.136182611257111 ], [ 122.971396443482661, 14.136224666574961 ], [ 122.971431702972069, 14.13628978267038 ], [ 122.971449332716773, 14.136322340718088 ], [ 122.971457465191335, 14.136368462273222 ], [ 122.971475094936039, 14.13640102032093 ], [ 122.971483227410602, 14.136447141876063 ], [ 122.971500857155306, 14.136479699923772 ], [ 122.971522553137291, 14.136535318749047 ], [ 122.971538818086415, 14.136627561859314 ], [ 122.971565945101261, 14.136646556399597 ], [ 122.971574077575823, 14.136692677954731 ], [ 122.971586276287667, 14.136761860287431 ], [ 122.971613403302513, 14.136780854827716 ], [ 122.971631033047217, 14.136813412875425 ], [ 122.971652729029202, 14.1368690317007 ], [ 122.971683922281329, 14.136911087018552 ], [ 122.971705618263314, 14.136966705843827 ], [ 122.971723248008018, 14.136999263891536 ], [ 122.971740877752723, 14.137031821939244 ], [ 122.97177207100485, 14.137073877257096 ], [ 122.971766639971989, 14.137110501542086 ], [ 122.971784269716693, 14.137143059589794 ], [ 122.971801899461397, 14.137175617637505 ], [ 122.971819529206101, 14.137208175685213 ], [ 122.971837158950819, 14.137240733732922 ], [ 122.971854788695524, 14.137273291780632 ], [ 122.971876484677509, 14.137328910605907 ], [ 122.971898180659494, 14.137384529431182 ], [ 122.971906313134056, 14.137430650986314 ], [ 122.97192394287876, 14.137463209034024 ], [ 122.971932075353322, 14.137509330589156 ], [ 122.971926644320462, 14.137545954874147 ], [ 122.971944274065166, 14.137578512921856 ], [ 122.97196190380987, 14.137611070969564 ], [ 122.972016157839562, 14.137649060050135 ], [ 122.972033787584266, 14.137681618097844 ], [ 122.97205141732897, 14.137714176145554 ], [ 122.972078544343816, 14.137733170685838 ], [ 122.972105671358662, 14.137752165226123 ], [ 122.972146361880931, 14.137780657036553 ], [ 122.972173488895791, 14.137799651576836 ], [ 122.972200615910637, 14.137818646117122 ], [ 122.972227742925483, 14.137837640657407 ], [ 122.972254869940329, 14.137856635197693 ], [ 122.972281996955175, 14.137875629737978 ], [ 122.972309123970021, 14.137894624278264 ], [ 122.972345748255009, 14.137900055311125 ], [ 122.97239593604742, 14.137914983614129 ], [ 122.972432560332422, 14.137920414646992 ], [ 122.972478681887551, 14.137912282172429 ], [ 122.972528869679962, 14.137927210475432 ], [ 122.972598052012657, 14.137915011763591 ], [ 122.972634676297645, 14.137920442796451 ], [ 122.972680797852789, 14.137912310321889 ], [ 122.972713355900495, 14.137894680577185 ], [ 122.972749980185483, 14.137900111610046 ], [ 122.972819162518178, 14.137887912898202 ], [ 122.972865284073308, 14.13787978042364 ], [ 122.972897842121029, 14.137862150678936 ], [ 122.972930400168735, 14.13784452093423 ], [ 122.972972455486584, 14.137813327682103 ], [ 122.973005013534291, 14.137795697937397 ], [ 122.973047068852139, 14.13776450468527 ], [ 122.97307962689986, 14.137746874940564 ], [ 122.973144742995274, 14.137711615451154 ], [ 122.973190864550403, 14.137703482976592 ], [ 122.97322342259811, 14.137685853231888 ], [ 122.973279041423396, 14.137664157249903 ], [ 122.973311599471103, 14.137646527505197 ], [ 122.973330594011387, 14.137619400490349 ], [ 122.973363152059093, 14.137601770745645 ], [ 122.973409273614223, 14.137593638271083 ], [ 122.973451328932072, 14.137562445018954 ], [ 122.973487953217074, 14.137567876051817 ], [ 122.97352051126478, 14.137550246307111 ], [ 122.97356663281991, 14.137542113832549 ], [ 122.973622251645182, 14.137520417850563 ], [ 122.973654809692889, 14.137502788105859 ], [ 122.973691433977876, 14.13750821913872 ], [ 122.973728058262878, 14.137513650171583 ], [ 122.973797240595573, 14.137501451459739 ], [ 122.97382979864328, 14.137483821715033 ], [ 122.973893549943114, 14.137508247288181 ], [ 122.973962732275822, 14.137496048576338 ], [ 122.974012920068233, 14.137510976879343 ], [ 122.974059041623363, 14.13750284440478 ], [ 122.974095665908351, 14.137508275437641 ], [ 122.974159417208185, 14.137532701010787 ], [ 122.97420960500061, 14.137547629313792 ], [ 122.974255726555739, 14.13753949683923 ], [ 122.974292350840727, 14.137544927872092 ], [ 122.974328975125715, 14.137550358904953 ], [ 122.974356102140561, 14.137569353445238 ], [ 122.974392726425549, 14.137574784478101 ], [ 122.974442914217974, 14.137589712781104 ], [ 122.974529726295373, 14.137610072116971 ], [ 122.974566350580361, 14.137615503149831 ], [ 122.97460704110263, 14.137643994960261 ], [ 122.974657228895055, 14.137658923263263 ], [ 122.974697919417324, 14.137687415073692 ], [ 122.974744040972453, 14.13767928259913 ], [ 122.974771167987299, 14.137698277139416 ], [ 122.974798295002145, 14.137717271679701 ], [ 122.974825422016991, 14.137736266219985 ], [ 122.97486611253926, 14.137764758030414 ], [ 122.974893239554106, 14.1377837525707 ], [ 122.974920366568966, 14.137802747110984 ], [ 122.974947493583812, 14.137821741651269 ], [ 122.974974620598658, 14.137840736191555 ], [ 122.975015311120927, 14.137869228001982 ], [ 122.975056001643196, 14.137897719812411 ], [ 122.9750736313879, 14.13793027786012 ], [ 122.975104824640027, 14.137972333177972 ], [ 122.975122454384731, 14.13800489122568 ], [ 122.975140084129436, 14.138037449273389 ], [ 122.975148216603998, 14.138083570828522 ], [ 122.975165846348702, 14.138116128876231 ], [ 122.975210603108266, 14.138167681464225 ], [ 122.975232299090251, 14.138223300289502 ], [ 122.975263492342378, 14.138265355607352 ], [ 122.975281122087083, 14.138297913655061 ], [ 122.975302818069068, 14.138353532480338 ], [ 122.975338077558476, 14.138418648575755 ], [ 122.975365204573322, 14.13843764311604 ], [ 122.975373337047884, 14.138483764671173 ], [ 122.975395033029869, 14.138539383496449 ], [ 122.975407231741713, 14.138608565829147 ], [ 122.975424861486417, 14.138641123876857 ], [ 122.975446557468402, 14.138696742702132 ], [ 122.975464187213106, 14.138729300749841 ], [ 122.975472319687668, 14.138775422304974 ], [ 122.975494015669653, 14.138831041130249 ], [ 122.975506214381497, 14.138900223462947 ], [ 122.975523844126201, 14.138932781510658 ], [ 122.975531976600763, 14.138978903065789 ], [ 122.975549606345467, 14.139011461113499 ], [ 122.975576733360313, 14.139030455653783 ], [ 122.975584865834875, 14.139076577208916 ], [ 122.975601130784, 14.139168820319181 ], [ 122.975618760528704, 14.139201378366892 ], [ 122.975626893003266, 14.139247499922023 ], [ 122.975675716000111, 14.139322113287584 ], [ 122.975693345744816, 14.139354671335294 ], [ 122.975719107964082, 14.139433350938136 ], [ 122.975750301216209, 14.139475406255986 ], [ 122.975767930960913, 14.139507964303696 ], [ 122.975776063435475, 14.139554085858828 ], [ 122.97579775941746, 14.139609704684103 ], [ 122.975823521636727, 14.139688384286945 ], [ 122.975831654111289, 14.139734505842078 ], [ 122.975839786585851, 14.139780627397212 ], [ 122.975856051534976, 14.139872870507476 ], [ 122.975854686739396, 14.139932555570033 ], [ 122.975849255706535, 14.139969179855022 ], [ 122.975857388181097, 14.140015301410156 ], [ 122.975851957148237, 14.140051925695145 ], [ 122.97586415586008, 14.140121108027845 ], [ 122.975899415349488, 14.140186224123262 ], [ 122.975898050553909, 14.140245909185818 ], [ 122.975919746535894, 14.140301528011095 ], [ 122.975927879010456, 14.140347649566227 ], [ 122.975922447977595, 14.140384273851218 ], [ 122.975940077722299, 14.140416831898927 ], [ 122.975948210196862, 14.14046295345406 ], [ 122.97598346968627, 14.140528069549477 ], [ 122.975978038653409, 14.140564693834467 ], [ 122.975995668398113, 14.140597251882177 ], [ 122.976003800872675, 14.140643373437308 ], [ 122.976048557632225, 14.140694926025303 ], [ 122.976056690106788, 14.140741047580436 ], [ 122.976068888818631, 14.140810229913136 ], [ 122.976077021293193, 14.140856351468267 ], [ 122.976094651037897, 14.140888909515978 ], [ 122.976089220005036, 14.140925533800967 ], [ 122.976143474034728, 14.140963522881538 ], [ 122.976151606509291, 14.14100964443667 ], [ 122.976159738983853, 14.141055765991803 ], [ 122.976171937695696, 14.141124948324501 ], [ 122.976199064710542, 14.141143942864787 ], [ 122.976207197185104, 14.14119006441992 ], [ 122.976215329659667, 14.141236185975053 ], [ 122.976232959404371, 14.141268744022762 ], [ 122.976231594608791, 14.141328429085318 ], [ 122.976216666305788, 14.141378616877732 ], [ 122.976197671765505, 14.141405743892578 ], [ 122.976169179955079, 14.141446434414851 ], [ 122.976163748922218, 14.141483058699841 ], [ 122.976135257111792, 14.141523749222111 ], [ 122.976116262571495, 14.141550876236959 ], [ 122.976078273490927, 14.141605130266655 ], [ 122.976049781680501, 14.141645820788925 ], [ 122.976030787140218, 14.141672947803773 ], [ 122.97599279805965, 14.141727201833467 ], [ 122.975964306249224, 14.141767892355739 ], [ 122.975945311708927, 14.141795019370585 ], [ 122.975916819898501, 14.141835709892858 ], [ 122.975897825358217, 14.141862836907704 ], [ 122.975878830817933, 14.141889963922551 ], [ 122.97585983627765, 14.141917090937399 ], [ 122.975840841737366, 14.141944217952247 ], [ 122.975802852656798, 14.141998471981941 ], [ 122.975783858116515, 14.142025598996788 ], [ 122.975764863576217, 14.142052726011636 ], [ 122.975722808258368, 14.142083919263765 ], [ 122.975680752940519, 14.142115112515894 ], [ 122.975638697622671, 14.142146305768021 ], [ 122.975619703082387, 14.142173432782869 ], [ 122.975600708542103, 14.142200559797717 ], [ 122.975581714001805, 14.142227686812564 ], [ 122.975535592446676, 14.142235819287126 ], [ 122.975503034398969, 14.142253449031831 ], [ 122.975484039858685, 14.142280576046678 ], [ 122.975428421033413, 14.142302272028664 ], [ 122.975376868445409, 14.142347028788217 ], [ 122.975330746890279, 14.142355161262779 ], [ 122.975294122605291, 14.142349730229917 ], [ 122.975261564557584, 14.142367359974623 ], [ 122.975224940272597, 14.14236192894176 ], [ 122.975188315987609, 14.142356497908899 ], [ 122.975128630925042, 14.142355133113318 ], [ 122.975092006640054, 14.142349702080457 ], [ 122.975055382355066, 14.142344271047595 ], [ 122.975022824307359, 14.1423619007923 ], [ 122.97497670275223, 14.142370033266863 ], [ 122.974936012229961, 14.142341541456434 ], [ 122.974889890674817, 14.142349673930996 ], [ 122.974853266389829, 14.142344242898135 ], [ 122.974816642104841, 14.142338811865272 ], [ 122.974756957042288, 14.142337447069693 ], [ 122.9747203327573, 14.14233201603683 ], [ 122.974674211202156, 14.142340148511392 ], [ 122.97464165315445, 14.142357778256098 ], [ 122.97459553159932, 14.142365910730661 ], [ 122.974558907314332, 14.142360479697798 ], [ 122.974512785759202, 14.14236861217236 ], [ 122.974466664204058, 14.142376744646922 ], [ 122.974420542648929, 14.142384877121485 ], [ 122.974387984601222, 14.142402506866189 ], [ 122.974355426553515, 14.142420136610895 ], [ 122.974322868505809, 14.142437766355599 ], [ 122.974276746950679, 14.142445898830161 ], [ 122.974230625395535, 14.142454031304723 ], [ 122.974170940332982, 14.142452666509143 ], [ 122.974124818777852, 14.142460798983706 ], [ 122.974088194492865, 14.142455367950843 ], [ 122.974042072937735, 14.142463500425405 ], [ 122.973986454112449, 14.142485196407391 ], [ 122.973953896064742, 14.142502826152096 ], [ 122.973917271779754, 14.142497395119234 ], [ 122.973884713732048, 14.14251502486394 ], [ 122.973852155684341, 14.142532654608644 ], [ 122.97381959763662, 14.14255028435335 ], [ 122.973787039588913, 14.142567914098054 ], [ 122.973740918033783, 14.142576046572616 ], [ 122.973708359986077, 14.14259367631732 ], [ 122.973662238430947, 14.142601808791882 ], [ 122.973643243890663, 14.14262893580673 ], [ 122.973597122335519, 14.142637068281292 ], [ 122.973564564287813, 14.142654698025996 ], [ 122.973518442732683, 14.142662830500559 ], [ 122.973485884684976, 14.142680460245264 ], [ 122.973439763129846, 14.142688592719827 ], [ 122.973393641574702, 14.142696725194389 ], [ 122.97333395651215, 14.142695360398807 ], [ 122.973301398464443, 14.142712990143512 ], [ 122.973228149894467, 14.14270212807779 ], [ 122.9731684648319, 14.142700763282209 ], [ 122.973131840546912, 14.142695332249348 ], [ 122.973085718991783, 14.14270346472391 ], [ 122.973039597436653, 14.142711597198472 ], [ 122.973002973151665, 14.14270616616561 ], [ 122.972970415103958, 14.142723795910314 ], [ 122.972924293548814, 14.142731928384876 ], [ 122.972891735501108, 14.142749558129582 ], [ 122.972849680183259, 14.142780751381711 ], [ 122.972817122135552, 14.142798381126415 ], [ 122.972784564087846, 14.142816010871119 ], [ 122.972765569547562, 14.142843137885967 ], [ 122.972746575007264, 14.142870264900814 ], [ 122.972718083196838, 14.142910955423085 ], [ 122.972689591386413, 14.142951645945356 ], [ 122.972670596846129, 14.142978772960204 ], [ 122.972651602305845, 14.143005899975051 ], [ 122.972623110495419, 14.143046590497322 ], [ 122.97262174569984, 14.143106275559878 ], [ 122.972616314666979, 14.14314289984487 ], [ 122.972624447141541, 14.143189021400001 ], [ 122.972632579616103, 14.143235142955135 ], [ 122.972654275598089, 14.14329076178041 ], [ 122.972662408072651, 14.143336883335543 ], [ 122.972670540547213, 14.143383004890675 ], [ 122.972688170291917, 14.143415562938385 ], [ 122.972705800036621, 14.143448120986093 ], [ 122.972713932511184, 14.143494242541227 ], [ 122.972731562255888, 14.143526800588935 ], [ 122.972749192000592, 14.143559358636644 ], [ 122.972766821745296, 14.143591916684354 ], [ 122.97278445149, 14.143624474732063 ], [ 122.972802081234704, 14.143657032779771 ], [ 122.972833274486831, 14.143699088097623 ], [ 122.972864467738958, 14.143741143415474 ], [ 122.972905158261227, 14.143769635225903 ], [ 122.972913290735789, 14.143815756781034 ], [ 122.972958047495339, 14.14386730936903 ], [ 122.972998738017623, 14.143895801179458 ], [ 122.973025865032469, 14.143914795719743 ], [ 122.973066555554738, 14.14394328753017 ], [ 122.973093682569584, 14.143962282070456 ], [ 122.973120809584429, 14.143981276610742 ], [ 122.973147936599275, 14.144000271151027 ], [ 122.973175063614121, 14.144019265691313 ], [ 122.97321575413639, 14.14404775750174 ], [ 122.973248312184111, 14.144030127757034 ], [ 122.973298499976522, 14.144045056060039 ], [ 122.973358185039075, 14.14404642085562 ], [ 122.973404306594205, 14.144038288381058 ], [ 122.973450428149334, 14.144030155906496 ], [ 122.973482986197055, 14.144012526161791 ], [ 122.973510113211901, 14.144031520702075 ], [ 122.973537240226747, 14.144050515242361 ], [ 122.973573864511735, 14.144055946275223 ], [ 122.973600991526581, 14.144074940815509 ], [ 122.973647113081711, 14.144066808340947 ], [ 122.97368780360398, 14.144095300151374 ], [ 122.97371493061884, 14.14411429469166 ], [ 122.973742057633686, 14.144133289231945 ], [ 122.973769184648532, 14.144152283772231 ], [ 122.973796311663378, 14.144171278312514 ], [ 122.973837002185647, 14.144199770122944 ], [ 122.973864129200493, 14.144218764663229 ], [ 122.973918383230185, 14.144256753743798 ], [ 122.973945510245031, 14.144275748284084 ], [ 122.973999764274737, 14.144313737364655 ], [ 122.974040454797006, 14.144342229175082 ], [ 122.974067581811852, 14.144361223715368 ], [ 122.974098775063979, 14.14440327903322 ], [ 122.974116404808683, 14.144435837080929 ], [ 122.974124537283245, 14.144481958636062 ], [ 122.974151664298091, 14.144500953176347 ], [ 122.974169294042795, 14.144533511224056 ], [ 122.974200487294922, 14.144575566541908 ], [ 122.97418555899192, 14.144625754334321 ], [ 122.974207254973905, 14.144681373159596 ], [ 122.974224884718609, 14.144713931207306 ], [ 122.974219453685748, 14.144750555492296 ], [ 122.974218088890169, 14.144810240554852 ], [ 122.974212657857308, 14.144846864839842 ], [ 122.974207226824447, 14.144883489124831 ], [ 122.974192298521444, 14.144933676917246 ], [ 122.974173303981161, 14.144960803932094 ], [ 122.974148878408016, 14.145024555231931 ], [ 122.974120386597576, 14.145065245754202 ], [ 122.974095961024432, 14.145128997054039 ], [ 122.974090529991571, 14.14516562133903 ], [ 122.974071535451287, 14.145192748353876 ], [ 122.974047109878143, 14.145256499653714 ], [ 122.974028115337859, 14.145283626668562 ], [ 122.974022684304998, 14.145320250953551 ], [ 122.973998258731854, 14.14538400225339 ], [ 122.973969766921428, 14.145424692775661 ], [ 122.973941275110988, 14.145465383297932 ], [ 122.973922280570704, 14.14549251031278 ], [ 122.973893788760279, 14.14553320083505 ], [ 122.973874794219995, 14.145560327849898 ], [ 122.973846302409569, 14.145601018372169 ], [ 122.973817810599144, 14.14564170889444 ], [ 122.973771689044, 14.145649841369002 ], [ 122.973716070218728, 14.145671537350989 ], [ 122.973683512171021, 14.145689167095693 ], [ 122.97362789334575, 14.145710863077678 ], [ 122.973595335298043, 14.145728492822384 ], [ 122.973562777250322, 14.145746122567088 ], [ 122.973516655695192, 14.14575425504165 ], [ 122.973474600377344, 14.145785448293779 ], [ 122.97340948428193, 14.145820707783189 ], [ 122.973376926234224, 14.145838337527893 ], [ 122.973340301949221, 14.145832906495032 ], [ 122.973311810138796, 14.145873597017303 ], [ 122.973269754820947, 14.145904790269432 ], [ 122.973218202232957, 14.145949547028984 ], [ 122.973191075218111, 14.145930552488698 ], [ 122.973144953662967, 14.14593868496326 ], [ 122.973098832107837, 14.145946817437823 ], [ 122.973079837567553, 14.14597394445267 ], [ 122.973047279519847, 14.145991574197375 ], [ 122.973010655234859, 14.145986143164514 ], [ 122.972964533679729, 14.145994275639074 ], [ 122.969537890644091, 14.147192929382237 ] ] ] ] } },
{ "type": "Feature", "properties": { "fid": 169, "desc": "flood-prone", "other desc": null, "barangay": "Barangay Bagasbas", "col": "flood-prone", "etc": null, "layer": "bagasbas_flood-prone" }, "geometry": { "type": "MultiPolygon", "coordinates": [ [ [ [ 122.980444603525996, 14.137547208012085 ], [ 122.98045689900259, 14.137559096655872 ], [ 122.980464083773199, 14.137563244785115 ], [ 122.980474860929107, 14.137569466978979 ], [ 122.980482045699702, 14.137573615108222 ], [ 122.980496415240921, 14.137581911366707 ], [ 122.980495859496969, 14.137591170201933 ], [ 122.980503044267579, 14.137595318331176 ], [ 122.980510229038188, 14.137599466460419 ], [ 122.980517413808784, 14.137603614589661 ], [ 122.980522524514768, 14.137611355104205 ], [ 122.980529709285378, 14.137615503233448 ], [ 122.980536894055987, 14.137619651362691 ], [ 122.98054559714727, 14.137629465941856 ], [ 122.980556374303177, 14.13763568813572 ], [ 122.980563559073772, 14.137639836264963 ], [ 122.980570743844382, 14.137643984394206 ], [ 122.980577372871053, 14.137657391358674 ], [ 122.980582483577024, 14.13766513187322 ], [ 122.98059118666832, 14.137674946452385 ], [ 122.980598371438916, 14.137679094581628 ], [ 122.9806034821449, 14.137686835096172 ], [ 122.980612185236183, 14.137696649675339 ], [ 122.980616740198229, 14.137713649025111 ], [ 122.980621850904214, 14.137721389539655 ], [ 122.980626961610199, 14.137729130054201 ], [ 122.980631516572245, 14.13774612940397 ], [ 122.98063662727823, 14.137753869918516 ], [ 122.98063966391959, 14.137765202818363 ], [ 122.980644774625574, 14.137772943332907 ], [ 122.980647811266934, 14.137784276232754 ], [ 122.980645181458371, 14.137797127453283 ], [ 122.980644625714433, 14.137806386288508 ], [ 122.980644069970495, 14.137815645123734 ], [ 122.980643514226543, 14.137824903958959 ], [ 122.980638810353369, 14.137841347564791 ], [ 122.980636180544806, 14.13785419878532 ], [ 122.980635624800868, 14.137863457620545 ], [ 122.980631476671618, 14.13787064239115 ], [ 122.980627328542383, 14.137877827161754 ], [ 122.980626772798445, 14.137887085996979 ], [ 122.980626217054493, 14.137896344832205 ], [ 122.980622068925257, 14.137903529602809 ], [ 122.980617920796007, 14.137910714373415 ], [ 122.980617365052069, 14.137919973208641 ], [ 122.980613216922833, 14.137927157979245 ], [ 122.980606994728973, 14.137937935135152 ], [ 122.98060436492041, 14.137950786355679 ], [ 122.980601735111847, 14.137963637576208 ], [ 122.980595512917986, 14.137974414732115 ], [ 122.980589290724112, 14.137985191888022 ], [ 122.980585142594876, 14.137992376658627 ], [ 122.980578920401015, 14.138003153814534 ], [ 122.98057062414253, 14.138017523355742 ], [ 122.980564401948655, 14.13802830051165 ], [ 122.980558179754794, 14.138039077667557 ], [ 122.980554031625559, 14.138046262438161 ], [ 122.980549883496309, 14.138053447208765 ], [ 122.980545735367073, 14.13806063197937 ], [ 122.980541587237823, 14.138067816749974 ], [ 122.980537439108588, 14.13807500152058 ], [ 122.980533290979338, 14.138082186291184 ], [ 122.980529142850102, 14.138089371061788 ], [ 122.980520846591617, 14.138103740602997 ], [ 122.980516698462367, 14.138110925373601 ], [ 122.980506328139256, 14.138128887300113 ], [ 122.980500105945396, 14.13813966445602 ], [ 122.98049595781616, 14.138146849226624 ], [ 122.980489735622299, 14.138157626382531 ], [ 122.980479921043127, 14.138166329473817 ], [ 122.980472180528579, 14.1381714401798 ], [ 122.980464440014032, 14.138176550885783 ], [ 122.980460291884796, 14.138183735656389 ], [ 122.980452551370249, 14.138188846362372 ], [ 122.980442736791076, 14.138197549453658 ], [ 122.980436514597216, 14.138208326609563 ], [ 122.980426700018057, 14.138217029700849 ], [ 122.980416885438885, 14.138225732792135 ], [ 122.980409144924337, 14.138230843498118 ], [ 122.980399330345179, 14.138239546589404 ], [ 122.980391589830631, 14.138244657295386 ], [ 122.980379701186848, 14.138256952771975 ], [ 122.980364220157753, 14.138267174183941 ], [ 122.980352887257908, 14.138270210825302 ], [ 122.98034514674336, 14.138275321531287 ], [ 122.980337406228813, 14.13828043223727 ], [ 122.980329665714265, 14.138285542943253 ], [ 122.980320406879045, 14.138284987199313 ], [ 122.9803090739792, 14.138288023840675 ], [ 122.980302851785339, 14.138298800996582 ], [ 122.980287926500182, 14.138299763573322 ], [ 122.980280185985634, 14.138304874279305 ], [ 122.980272445471101, 14.138309984985289 ], [ 122.980261112571242, 14.138313021626651 ], [ 122.980249779671396, 14.138316058268012 ], [ 122.980242039156863, 14.138321168973995 ], [ 122.980230706257004, 14.138324205615358 ], [ 122.980217299292548, 14.138330834642021 ], [ 122.980205966392688, 14.138333871283384 ], [ 122.980194633492843, 14.138336907924746 ], [ 122.980186892978296, 14.138342018630729 ], [ 122.980177634143075, 14.138341462886789 ], [ 122.980167819563903, 14.138350165978075 ], [ 122.980150820214135, 14.138354720940118 ], [ 122.98013948731429, 14.138357757581479 ], [ 122.980130228479069, 14.138357201837538 ], [ 122.980120969643835, 14.138356646093598 ], [ 122.980103970294067, 14.138361201055641 ], [ 122.980092637394222, 14.138364237697003 ], [ 122.980083378559002, 14.138363681953063 ], [ 122.980075638044454, 14.138368792659046 ], [ 122.980064305144609, 14.138371829300409 ], [ 122.980055046309374, 14.138371273556468 ], [ 122.980043713409529, 14.138374310197829 ], [ 122.980034454574309, 14.138373754453889 ], [ 122.980025195739074, 14.138373198709949 ], [ 122.980014418583167, 14.138366976516085 ], [ 122.980005159747947, 14.138366420772146 ], [ 122.979990234462804, 14.138367383348886 ], [ 122.97997379085696, 14.138362679475703 ], [ 122.979962457957114, 14.138365716117065 ], [ 122.979953199121894, 14.138365160373125 ], [ 122.979938829580689, 14.138356864114639 ], [ 122.979920311910234, 14.138355752626758 ], [ 122.979907460689702, 14.138353122818197 ], [ 122.979898201854482, 14.138352567074257 ], [ 122.97988535063395, 14.138349937265694 ], [ 122.979870425348807, 14.138350899842436 ], [ 122.979861166513572, 14.138350344098495 ], [ 122.979842648843118, 14.138349232610615 ], [ 122.979835464072522, 14.138345084481372 ], [ 122.979826205237288, 14.138344528737431 ], [ 122.979819020466692, 14.138340380608188 ], [ 122.979809761631458, 14.138339824864248 ], [ 122.979800502796238, 14.138339269120308 ], [ 122.979787651575705, 14.138336639311747 ], [ 122.979778392740485, 14.138336083567806 ], [ 122.979765541519953, 14.138333453759245 ], [ 122.979749097914123, 14.138328749886062 ], [ 122.979739839078903, 14.138328194142121 ], [ 122.979724913793746, 14.138329156718862 ], [ 122.979712062573228, 14.1383265269103 ], [ 122.979704877802618, 14.138322378781059 ], [ 122.979692026582086, 14.138319748972496 ], [ 122.979679175361554, 14.138317119163935 ], [ 122.979666324141036, 14.138314489355373 ], [ 122.979659139370426, 14.138310341226131 ], [ 122.979648362214519, 14.138304119032266 ], [ 122.979633436929376, 14.138305081609007 ], [ 122.979616993323546, 14.138300377735824 ], [ 122.979599031397029, 14.138290007412717 ], [ 122.979589772561809, 14.138289451668777 ], [ 122.979576921341277, 14.138286821860216 ], [ 122.979567662506042, 14.138286266116275 ], [ 122.979553292964837, 14.138277969857789 ], [ 122.979546108194242, 14.138273821728548 ], [ 122.979529664588398, 14.138269117855364 ], [ 122.97951681336788, 14.138266488046803 ], [ 122.979503962147348, 14.138263858238242 ], [ 122.979493184991441, 14.138257636044377 ], [ 122.979480333770908, 14.138255006235816 ], [ 122.979469556615001, 14.138248784041952 ], [ 122.979460297779781, 14.138248228298011 ], [ 122.979453113009171, 14.13824408016877 ], [ 122.979436669403341, 14.138239376295585 ], [ 122.979425892247434, 14.138233154101721 ], [ 122.979418707476839, 14.138229005972478 ], [ 122.979411522706229, 14.138224857843237 ], [ 122.979400745550322, 14.138218635649373 ], [ 122.979386376009117, 14.138210339390888 ], [ 122.979379191238507, 14.138206191261645 ], [ 122.979369932403287, 14.138205635517705 ], [ 122.979362747632678, 14.138201487388462 ], [ 122.979355562862068, 14.13819733925922 ], [ 122.979344785706161, 14.138191117065356 ], [ 122.979337600935565, 14.138186968936113 ], [ 122.979330416164956, 14.13818282080687 ], [ 122.979316046623751, 14.138174524548385 ], [ 122.979305269467844, 14.13816830235452 ], [ 122.979298084697234, 14.138164154225279 ], [ 122.979288825862014, 14.138163598481338 ], [ 122.979278048706107, 14.138157376287474 ], [ 122.979267271550199, 14.13815115409361 ], [ 122.97926008677959, 14.138147005964369 ], [ 122.979247235559072, 14.138144376155806 ], [ 122.979232866017853, 14.13813607989732 ], [ 122.979222088861945, 14.138129857703458 ], [ 122.97921490409135, 14.138125709574215 ], [ 122.97920771932074, 14.138121561444972 ], [ 122.979196942164833, 14.138115339251108 ], [ 122.979189757394224, 14.138111191121865 ], [ 122.979178980238316, 14.138104968928001 ], [ 122.979168203082409, 14.138098746734137 ], [ 122.979161018311814, 14.138094598604894 ], [ 122.979153833541204, 14.138090450475651 ], [ 122.979146648770609, 14.138086302346411 ], [ 122.979139464, 14.138082154217168 ], [ 122.97913227922939, 14.138078006087925 ], [ 122.979125094458794, 14.138073857958682 ], [ 122.979117909688185, 14.138069709829439 ], [ 122.979110724917575, 14.138065561700197 ], [ 122.979099947761668, 14.138059339506333 ], [ 122.979092762991073, 14.13805519137709 ], [ 122.979085578220463, 14.138051043247847 ], [ 122.979074801064556, 14.138044821053983 ], [ 122.979064023908649, 14.13803859886012 ], [ 122.979056839138039, 14.138034450730878 ], [ 122.979049654367444, 14.138030302601635 ], [ 122.979042469596834, 14.138026154472392 ], [ 122.979031692440927, 14.138019932278528 ], [ 122.979024507670331, 14.138015784149285 ], [ 122.979013730514424, 14.138009561955421 ], [ 122.979006545743815, 14.138005413826178 ], [ 122.978999360973205, 14.138001265696936 ], [ 122.978988583817298, 14.137995043503071 ], [ 122.978981399046702, 14.13799089537383 ], [ 122.978972695955406, 14.137981080794663 ], [ 122.978967585249421, 14.137973340280119 ], [ 122.978960400478826, 14.137969192150877 ], [ 122.978955289772841, 14.137961451636331 ], [ 122.978948105002232, 14.137957303507088 ], [ 122.978942994296247, 14.137949562992544 ], [ 122.978937883590262, 14.137941822477998 ], [ 122.978932772884292, 14.137934081963454 ], [ 122.978927662178307, 14.137926341448908 ], [ 122.978924625536948, 14.137915008549061 ], [ 122.978917440766338, 14.137910860419819 ], [ 122.978910811739667, 14.13789745345535 ], [ 122.978905701033682, 14.137889712940806 ], [ 122.978900590327711, 14.137881972426261 ], [ 122.978897553686338, 14.137870639526414 ], [ 122.978887332274383, 14.137855158497324 ], [ 122.978882777312336, 14.137838159147552 ], [ 122.978877666606351, 14.137830418633008 ], [ 122.978869519259007, 14.137811345218616 ], [ 122.978866482617647, 14.137800012318769 ], [ 122.978859853590976, 14.1377866053543 ], [ 122.978854742884991, 14.137778864839756 ], [ 122.978851706243631, 14.137767531939909 ], [ 122.978848669602272, 14.13775619904006 ], [ 122.978845632960912, 14.137744866140213 ], [ 122.978842596319552, 14.137733533240366 ], [ 122.978834448972208, 14.137714459825975 ], [ 122.978831412330848, 14.137703126926128 ], [ 122.978828375689474, 14.137691794026281 ], [ 122.978821746662817, 14.137678387061811 ], [ 122.97882437647138, 14.137665535841284 ], [ 122.97882133983002, 14.137654202941437 ], [ 122.978818303188646, 14.13764287004159 ], [ 122.978818858932598, 14.137633611206363 ], [ 122.978821488741161, 14.137620759985836 ], [ 122.978822600229037, 14.137602242315383 ], [ 122.978823155972975, 14.137592983480157 ], [ 122.978823711716913, 14.137583724644932 ], [ 122.978826341525476, 14.137570873424403 ], [ 122.978826897269414, 14.137561614589178 ], [ 122.978827453013352, 14.137552355753952 ], [ 122.978828008757304, 14.137543096918726 ], [ 122.97883215688654, 14.137535912148122 ], [ 122.978831194309805, 14.137520986862972 ], [ 122.978831750053743, 14.137511728027746 ], [ 122.978837972247604, 14.137500950871839 ], [ 122.978837009670869, 14.137486025586691 ], [ 122.978845305929354, 14.137471656045481 ], [ 122.978844343352606, 14.137456730760332 ], [ 122.978850565546466, 14.137445953604425 ], [ 122.978856787740341, 14.137435176448518 ], [ 122.978863009934202, 14.137424399292611 ], [ 122.978871306192687, 14.137410029751402 ], [ 122.97887393600125, 14.137397178530874 ], [ 122.978880158195111, 14.137386401374966 ], [ 122.97888430632436, 14.137379216604362 ], [ 122.978888454453596, 14.137372031833758 ], [ 122.978892602582846, 14.137364847063154 ], [ 122.978898824776707, 14.137354069907246 ], [ 122.978902972905942, 14.137346885136642 ], [ 122.978909195099803, 14.137336107980735 ], [ 122.978913343229053, 14.137328923210131 ], [ 122.978923713552163, 14.137310961283619 ], [ 122.978932009810649, 14.137296591742411 ], [ 122.978936157939884, 14.137289406971805 ], [ 122.97894445419837, 14.137275037430596 ], [ 122.978952750456855, 14.137260667889388 ], [ 122.978956898586105, 14.137253483118783 ], [ 122.978961046715341, 14.137246298348177 ], [ 122.978965194844591, 14.137239113577573 ], [ 122.978969342973826, 14.137231928806969 ], [ 122.978975565167687, 14.137221151651062 ], [ 122.978979713296937, 14.137213966880458 ], [ 122.978983861426173, 14.137206782109853 ], [ 122.978988009555422, 14.137199597339249 ], [ 122.978992157684658, 14.137192412568643 ], [ 122.979001972263831, 14.137183709477359 ], [ 122.979006120393066, 14.137176524706753 ], [ 122.979018009036864, 14.137164229230166 ], [ 122.979024231230724, 14.137153452074259 ], [ 122.979037638195194, 14.137146823047594 ], [ 122.979047452774353, 14.13713811995631 ], [ 122.979057267353525, 14.137129416865024 ], [ 122.979061415482761, 14.13712223209442 ], [ 122.979065563612011, 14.137115047323814 ], [ 122.979073304126558, 14.137109936617831 ], [ 122.979083118705717, 14.137101233526545 ], [ 122.979100118055484, 14.137096678564504 ], [ 122.979104266184734, 14.137089493793898 ], [ 122.979121265534502, 14.137084938831855 ], [ 122.97912900604905, 14.137079828125872 ], [ 122.979140338948895, 14.13707679148451 ], [ 122.979144487078145, 14.137069606713906 ], [ 122.97915581997799, 14.137066570072543 ], [ 122.979171301007071, 14.137056348660577 ], [ 122.979188300356839, 14.137051793698534 ], [ 122.979205299706621, 14.137047238736491 ], [ 122.979225891441686, 14.137044757839069 ], [ 122.979235150276921, 14.137045313583011 ], [ 122.979250075562064, 14.137044351006269 ], [ 122.979266519167894, 14.137049054879453 ], [ 122.979281444453051, 14.137048092302711 ], [ 122.979297888058881, 14.137052796175894 ], [ 122.979307146894101, 14.137053351919835 ], [ 122.979318479793946, 14.137050315278474 ], [ 122.979331331014478, 14.137052945087035 ], [ 122.979351367005606, 14.137059723024839 ], [ 122.979368366355374, 14.137055168062796 ], [ 122.979388402346515, 14.1370619460006 ], [ 122.979395587117111, 14.137066094129842 ], [ 122.979408438337643, 14.137068723938404 ], [ 122.979421289558175, 14.137071353746967 ], [ 122.979432066714082, 14.137077575940831 ], [ 122.979441325549303, 14.13707813168477 ], [ 122.979457769155132, 14.137082835557953 ], [ 122.979467027990367, 14.137083391301893 ], [ 122.979481397531572, 14.137091687560378 ], [ 122.979488582302181, 14.137095835689621 ], [ 122.979501433522699, 14.137098465498184 ], [ 122.979516358807857, 14.137097502921442 ], [ 122.979527135963764, 14.137103725115306 ], [ 122.979539987184282, 14.137106354923867 ], [ 122.979547171954891, 14.13711050305311 ], [ 122.979570800331331, 14.137119355055535 ], [ 122.979583651551863, 14.137121984864098 ], [ 122.979590836322458, 14.137126132993341 ], [ 122.979608798248975, 14.137136503316446 ], [ 122.979625797598743, 14.137131948354403 ], [ 122.97963657475465, 14.137138170548267 ], [ 122.979645833589871, 14.137138726292209 ], [ 122.97965301836048, 14.137142874421452 ], [ 122.979667387901685, 14.137151170679935 ], [ 122.97967664673692, 14.137151726423877 ], [ 122.979683831507515, 14.13715587455312 ], [ 122.979693090342749, 14.137156430297059 ], [ 122.979700275113345, 14.137160578426302 ], [ 122.979709533948579, 14.137161134170242 ], [ 122.9797187927838, 14.137161689914183 ], [ 122.979740902839552, 14.137164875466684 ], [ 122.979751679995459, 14.137171097660548 ], [ 122.979760938830694, 14.137171653404488 ], [ 122.979773790051212, 14.137174283213051 ], [ 122.979790233657042, 14.137178987086234 ], [ 122.979797418427651, 14.137183135215476 ], [ 122.979804603198261, 14.137187283344719 ], [ 122.979817454418779, 14.13718991315328 ], [ 122.979824639189388, 14.137194061282523 ], [ 122.979831823959998, 14.137198209411766 ], [ 122.979842601115905, 14.13720443160563 ], [ 122.979849785886501, 14.137208579734873 ], [ 122.979859044721735, 14.137209135478813 ], [ 122.97986622949233, 14.137213283608055 ], [ 122.97987341426294, 14.137217431737298 ], [ 122.97988059903355, 14.137221579866541 ], [ 122.979891376189457, 14.137227802060403 ], [ 122.979898560960052, 14.137231950189646 ], [ 122.979905745730662, 14.137236098318889 ], [ 122.979910856436646, 14.137243838833434 ], [ 122.979913893078006, 14.137255171733282 ], [ 122.9799261885546, 14.137267060377068 ], [ 122.979925632810648, 14.137276319212294 ], [ 122.979932817581258, 14.137280467341537 ], [ 122.979937928287242, 14.137288207856082 ], [ 122.979945113057852, 14.137292355985325 ], [ 122.979950223763822, 14.137300096499869 ], [ 122.980444603525996, 14.137547208012085 ] ] ] ] } },
{ "type": "Feature", "properties": { "fid": 170, "desc": "flood-prone", "other desc": null, "barangay": "Barangay Bagasbas", "col": "flood-prone", "etc": null, "layer": "bagasbas_flood-prone" }, "geometry": { "type": "MultiPolygon", "coordinates": [ [ [ [ 122.9801443160502, 14.135018784602028 ], [ 122.980136855417371, 14.135018614002581 ], [ 122.980132277381756, 14.135017935123473 ], [ 122.980126512187368, 14.135018951682794 ], [ 122.980120746992966, 14.135019968242114 ], [ 122.980114981798579, 14.135020984801434 ], [ 122.98010633400699, 14.135022509640415 ], [ 122.980087851265054, 14.135027254756803 ], [ 122.980076829155919, 14.135032170472639 ], [ 122.98007275939996, 14.135034374190727 ], [ 122.980061229011184, 14.135036407309368 ], [ 122.980049698622395, 14.135038440428008 ], [ 122.980043933428007, 14.135039456987329 ], [ 122.980035285636419, 14.135040981826309 ], [ 122.980031215880459, 14.135043185544397 ], [ 122.98002256808887, 14.135044710383378 ], [ 122.980016802894468, 14.135045726942698 ], [ 122.980012733138508, 14.135047930660786 ], [ 122.980002898188161, 14.135051150938196 ], [ 122.979995945835, 14.135053862935944 ], [ 122.979993571517454, 14.1350572538128 ], [ 122.979984923725866, 14.13505877865178 ], [ 122.979976784213946, 14.135063186087956 ], [ 122.97996932358113, 14.135063015488509 ], [ 122.97996237122797, 14.135065727486257 ], [ 122.979954231716036, 14.135070134922433 ], [ 122.979947279362875, 14.135072846920181 ], [ 122.979938631571287, 14.135074371759162 ], [ 122.979934561815327, 14.13507657547725 ], [ 122.979926422303407, 14.135080982913426 ], [ 122.979921165388674, 14.135084882069942 ], [ 122.979908447841112, 14.13508861062701 ], [ 122.979902682646724, 14.13508962718633 ], [ 122.979898612890764, 14.135091830904418 ], [ 122.979889965099176, 14.135093355743399 ], [ 122.979884199904788, 14.135094372302719 ], [ 122.979880130148814, 14.135096576020807 ], [ 122.979870295198467, 14.135099796298215 ], [ 122.979866225442507, 14.135102000016303 ], [ 122.979858594210242, 14.135109290049677 ], [ 122.979853337295509, 14.135113189206193 ], [ 122.979844689503921, 14.135114714045173 ], [ 122.979838245430415, 14.135120308640117 ], [ 122.979829597638826, 14.135121833479097 ], [ 122.979826036162521, 14.135126919794381 ], [ 122.979822474686216, 14.135132006109664 ], [ 122.979820100368684, 14.13513539698652 ], [ 122.979807891100791, 14.135142008140784 ], [ 122.979801447027299, 14.135147602735728 ], [ 122.979792120356606, 14.135153705610334 ], [ 122.979779911088713, 14.135160316764598 ], [ 122.97977465417398, 14.135164215921113 ], [ 122.979768210100474, 14.135169810516057 ], [ 122.979761257747327, 14.135172522513805 ], [ 122.979758883429781, 14.135175913390661 ], [ 122.979753626515048, 14.135179812547177 ], [ 122.979749556759089, 14.135182016265265 ], [ 122.979745487003129, 14.135184219983353 ], [ 122.979739042929623, 14.135189814578297 ], [ 122.979735481453318, 14.135194900893582 ], [ 122.979726833661729, 14.135196425732563 ], [ 122.979720897867892, 14.135204902924702 ], [ 122.979716149232829, 14.135211684678413 ], [ 122.97970444824459, 14.135221178429873 ], [ 122.979699699609526, 14.135227960183586 ], [ 122.979695629853566, 14.135230163901674 ], [ 122.979692068377261, 14.135235250216958 ], [ 122.979689694059715, 14.135238641093814 ], [ 122.979687319742183, 14.13524203197067 ], [ 122.979683249986223, 14.135244235688758 ], [ 122.979680875668691, 14.135247626565613 ], [ 122.979677314192386, 14.135252712880897 ], [ 122.979673752716081, 14.135257799196181 ], [ 122.979670191239776, 14.135262885511466 ], [ 122.979666629763472, 14.13526797182675 ], [ 122.979660693969635, 14.135276449018889 ], [ 122.97965713249333, 14.135281535334173 ], [ 122.979654758175798, 14.135284926211028 ], [ 122.979651196699493, 14.135290012526312 ], [ 122.979647635223188, 14.135295098841597 ], [ 122.979644073746883, 14.135300185156881 ], [ 122.979640512270578, 14.135305271472165 ], [ 122.979638137953046, 14.13530866234902 ], [ 122.979635763635514, 14.135312053225876 ], [ 122.979633389317968, 14.135315444102732 ], [ 122.979627453524131, 14.135323921294871 ], [ 122.979623892047826, 14.135329007610157 ], [ 122.979620330571521, 14.13533409392544 ], [ 122.979617956253989, 14.135337484802296 ], [ 122.979614394777684, 14.13534257111758 ], [ 122.979610833301379, 14.135347657432863 ], [ 122.979606084666315, 14.135354439186575 ], [ 122.97960252319001, 14.135359525501858 ], [ 122.979598961713705, 14.135364611817144 ], [ 122.979594213078627, 14.135371393570855 ], [ 122.97958827728479, 14.135379870762995 ], [ 122.979584715808485, 14.135384957078278 ], [ 122.97957759285589, 14.135395129708847 ], [ 122.979574031379585, 14.135400216024131 ], [ 122.979566908426975, 14.135410388654698 ], [ 122.979560972633138, 14.135418865846837 ], [ 122.97955622399806, 14.135425647600549 ], [ 122.979552662521755, 14.135430733915834 ], [ 122.979547913886691, 14.135437515669546 ], [ 122.979545539569159, 14.135440906546402 ], [ 122.979541978092854, 14.135445992861685 ], [ 122.979537229457776, 14.135452774615397 ], [ 122.979533667981471, 14.13545786093068 ], [ 122.979531293663939, 14.135461251807538 ], [ 122.979526545028861, 14.135468033561249 ], [ 122.97952298355257, 14.135473119876533 ], [ 122.979520609235024, 14.135476510753389 ], [ 122.979518234917492, 14.135479901630244 ], [ 122.979514673441187, 14.135484987945528 ], [ 122.97950873764735, 14.135493465137667 ], [ 122.979505176171045, 14.135498551452953 ], [ 122.979499240377208, 14.135507028645092 ], [ 122.979496866059677, 14.135510419521948 ], [ 122.979493304583372, 14.135515505837231 ], [ 122.979488555948294, 14.135522287590943 ], [ 122.979484994471989, 14.135527373906228 ], [ 122.979479058678152, 14.135535851098368 ], [ 122.979475497201847, 14.135540937413651 ], [ 122.97947363116397, 14.135547210887703 ], [ 122.979468882528906, 14.135553992641414 ], [ 122.979465321052601, 14.135559078956698 ], [ 122.979463455014724, 14.135565352430751 ], [ 122.979461080697192, 14.135568743307607 ], [ 122.979455144903355, 14.135577220499746 ], [ 122.979452770585809, 14.135580611376602 ], [ 122.979450904547946, 14.135586884850653 ], [ 122.979444968754095, 14.135595362042794 ], [ 122.979440220119031, 14.135602143796506 ], [ 122.979436658642726, 14.135607230111789 ], [ 122.979430722848889, 14.135615707303929 ], [ 122.979427161372584, 14.135620793619212 ], [ 122.97942648249348, 14.135625371654838 ], [ 122.979424108175934, 14.135628762531693 ], [ 122.979425124735258, 14.135634527726085 ], [ 122.979421563258953, 14.135639614041368 ], [ 122.979419188941421, 14.135643004918224 ], [ 122.979416135744771, 14.135650973830703 ], [ 122.979413761427239, 14.135654364707559 ], [ 122.979411895389362, 14.135660638181612 ], [ 122.979408333913057, 14.135665724496896 ], [ 122.979405959595525, 14.135669115373751 ], [ 122.979404093557648, 14.135675388847803 ], [ 122.979403414678544, 14.135679966883426 ], [ 122.979403752358749, 14.135690310113443 ], [ 122.979400190882458, 14.135695396428726 ], [ 122.97939951200334, 14.13569997446435 ], [ 122.979398154245132, 14.135709130535597 ], [ 122.9793957799276, 14.135712521412453 ], [ 122.979394422169378, 14.135721677483701 ], [ 122.979397134167129, 14.13572862983686 ], [ 122.979394080970479, 14.13573659874934 ], [ 122.979395097529803, 14.135742363943731 ], [ 122.979394926930354, 14.135749824576552 ], [ 122.979395943489678, 14.135755589770943 ], [ 122.979395264610574, 14.135760167806566 ], [ 122.979393398572697, 14.135766441280618 ], [ 122.979394415132006, 14.135772206475009 ], [ 122.979396618850103, 14.135776276230974 ], [ 122.979396448250654, 14.135783736863793 ], [ 122.979399160248406, 14.135790689216952 ], [ 122.979401363966488, 14.135794758972915 ], [ 122.979403567684585, 14.135798828728879 ], [ 122.979406279682323, 14.135805781082039 ], [ 122.979411365997606, 14.135809342558343 ], [ 122.979413569715703, 14.135813412314306 ], [ 122.979416960592559, 14.135815786631841 ], [ 122.979420351469415, 14.135818160949377 ], [ 122.979425437784698, 14.13582172242568 ], [ 122.979428828661554, 14.135824096743217 ], [ 122.979437305853693, 14.135830032537056 ], [ 122.979440696730549, 14.135832406854592 ], [ 122.979444087607405, 14.135834781172127 ], [ 122.979447478484261, 14.135837155489662 ], [ 122.979450869361116, 14.135839529807198 ], [ 122.979454260237972, 14.135841904124733 ], [ 122.979459346553256, 14.135845465601038 ], [ 122.979462737430111, 14.135847839918574 ], [ 122.979469519183823, 14.135852588553645 ], [ 122.979472910060679, 14.13585496287118 ], [ 122.979476300937534, 14.135857337188716 ], [ 122.97947969181439, 14.135859711506251 ], [ 122.979483082691246, 14.135862085823787 ], [ 122.979486473568102, 14.135864460141322 ], [ 122.979489864444957, 14.135866834458858 ], [ 122.979493255321813, 14.135869208776395 ], [ 122.979498341637097, 14.135872770252698 ], [ 122.979506310549581, 14.135875823449341 ], [ 122.979511396864865, 14.135879384925644 ], [ 122.979518178618576, 14.135884133560715 ], [ 122.979527842969475, 14.135888373916128 ], [ 122.979532929284758, 14.135891935392431 ], [ 122.979538015600042, 14.135895496868734 ], [ 122.979542593635671, 14.135896175747842 ], [ 122.979547679950954, 14.135899737224145 ], [ 122.979552766266238, 14.135903298700448 ], [ 122.979556157143094, 14.135905673017984 ], [ 122.979560735178723, 14.135906351897091 ], [ 122.979564126055578, 14.135908726214627 ], [ 122.979567516932434, 14.135911100532164 ], [ 122.979572603247718, 14.135914662008467 ], [ 122.97957887672176, 14.135916528046343 ], [ 122.979582267598616, 14.135918902363878 ], [ 122.9795873539139, 14.135922463840181 ], [ 122.979592440229183, 14.135926025316484 ], [ 122.97959871370324, 14.13592789135436 ], [ 122.979605495456951, 14.135932639989433 ], [ 122.979611768931008, 14.135934506027308 ], [ 122.979615159807864, 14.135936880344843 ], [ 122.979620246123147, 14.135940441821147 ], [ 122.97962651959719, 14.135942307859022 ], [ 122.979631605912488, 14.135945869335325 ], [ 122.979634996789343, 14.135948243652861 ], [ 122.979647035457774, 14.135949093131417 ], [ 122.979655004370258, 14.13595214632806 ], [ 122.979660090685542, 14.135955707804364 ], [ 122.979666872439253, 14.135960456439435 ], [ 122.979671450474882, 14.135961135318542 ], [ 122.979676536790166, 14.135964696794845 ], [ 122.97968111482578, 14.135965375673953 ], [ 122.979686201141064, 14.135968937150258 ], [ 122.979690779176693, 14.135969616029366 ], [ 122.979695865491976, 14.135973177505669 ], [ 122.979699256368832, 14.135975551823204 ], [ 122.979707733560971, 14.135981487617043 ], [ 122.979711124437827, 14.135983861934578 ], [ 122.979714515314683, 14.135986236252114 ], [ 122.979719601629967, 14.135989797728417 ], [ 122.979722992506822, 14.135992172045954 ], [ 122.979731469698962, 14.135998107839793 ], [ 122.979736556014245, 14.136001669316096 ], [ 122.979741642329529, 14.136005230792399 ], [ 122.979746728644812, 14.136008792268703 ], [ 122.979753510398524, 14.136013540903775 ], [ 122.97975690127538, 14.136015915221311 ], [ 122.979761987590663, 14.136019476697614 ], [ 122.979767073905947, 14.136023038173917 ], [ 122.979772160221231, 14.13602659965022 ], [ 122.979777246536514, 14.136030161126524 ], [ 122.97978063741337, 14.136032535444059 ], [ 122.979785215448999, 14.136033214323167 ], [ 122.979789793484628, 14.136033893202276 ], [ 122.979793184361483, 14.136036267519811 ], [ 122.979799966115195, 14.136041016154882 ], [ 122.979805731309582, 14.136039999595562 ], [ 122.979810309345211, 14.13604067847467 ], [ 122.979816582819254, 14.136042544512545 ], [ 122.979825738890511, 14.13604390227076 ], [ 122.979832691243672, 14.136041190273012 ], [ 122.979836082120528, 14.136043564590548 ], [ 122.979845238191771, 14.136044922348763 ], [ 122.979854902542684, 14.136049162704175 ], [ 122.979864058613927, 14.136050520462391 ], [ 122.97987033208797, 14.136052386500266 ], [ 122.979875418403253, 14.136055947976569 ], [ 122.979883387315738, 14.136059001173212 ], [ 122.979886778192594, 14.136061375490748 ], [ 122.979894747105078, 14.136064428687391 ], [ 122.979899325140693, 14.136065107566498 ], [ 122.979904411455976, 14.136068669042803 ], [ 122.979907802332832, 14.136071043360339 ], [ 122.979917466683744, 14.13607528371575 ], [ 122.979929505352189, 14.136076133194305 ], [ 122.979934591667472, 14.136079694670608 ], [ 122.979945443177144, 14.136082239587591 ], [ 122.979950529492427, 14.136085801063896 ], [ 122.979955615807711, 14.136089362540199 ], [ 122.979965280158623, 14.13609360289561 ], [ 122.979972061912335, 14.136098351530681 ], [ 122.979978335386392, 14.136100217568556 ], [ 122.979994273211346, 14.136106323961844 ], [ 122.980002242123831, 14.136109377158487 ], [ 122.980007328439115, 14.13611293863479 ], [ 122.980012414754398, 14.136116500111093 ], [ 122.980019875387214, 14.136116670710541 ], [ 122.980029539738126, 14.136120911065952 ], [ 122.980034117773741, 14.136121589945059 ], [ 122.980042765565329, 14.136120065106079 ], [ 122.980051921636587, 14.136121422864296 ], [ 122.980059382269403, 14.136121593463743 ], [ 122.98006514746379, 14.136120576904423 ], [ 122.980070912658178, 14.136119560345103 ], [ 122.980078881570662, 14.136122613541746 ], [ 122.980082951326622, 14.136120409823658 ], [ 122.980092786276984, 14.136117189546249 ], [ 122.980097364312613, 14.136117868425357 ], [ 122.980110590139816, 14.136117022465484 ], [ 122.980115168175445, 14.136117701344592 ], [ 122.980120933369832, 14.136116684785272 ], [ 122.980130089441076, 14.136118042543487 ], [ 122.980137041794237, 14.136115330545739 ], [ 122.98014619786548, 14.136116688303954 ], [ 122.980151963059882, 14.136115671744633 ], [ 122.98015772825427, 14.136114655185313 ], [ 122.980162306289898, 14.136115334064421 ], [ 122.980168071484286, 14.136114317505101 ], [ 122.980177906434648, 14.136111097227692 ], [ 122.980187741384995, 14.136107876950284 ], [ 122.980196389176584, 14.136106352111304 ], [ 122.980200458932543, 14.136104148393215 ], [ 122.980207919565373, 14.136104318992663 ], [ 122.980217754515721, 14.136101098715255 ], [ 122.980227589466082, 14.136097878437846 ], [ 122.98023335466047, 14.136096861878526 ], [ 122.98024149417239, 14.13609245444235 ], [ 122.980247259366791, 14.13609143788303 ], [ 122.980257602596808, 14.136091100202817 ], [ 122.980261672352768, 14.136088896484729 ], [ 122.980270320144356, 14.136087371645749 ], [ 122.980277272497517, 14.136084659648001 ], [ 122.980283037691905, 14.13608364308868 ], [ 122.980287107447865, 14.136081439370592 ], [ 122.980294059801025, 14.136078727372844 ], [ 122.980299824995413, 14.136077710813524 ], [ 122.980307964507347, 14.136073303377348 ], [ 122.980314916860507, 14.1360705913796 ], [ 122.980317291178039, 14.136067200502744 ], [ 122.9803242435312, 14.136064488504994 ], [ 122.98032831328716, 14.136062284786906 ], [ 122.980330687604706, 14.13605889391005 ], [ 122.980335944519425, 14.136054994753534 ], [ 122.980340014275399, 14.136052791035446 ], [ 122.980347645507663, 14.136045501002075 ], [ 122.980351715263623, 14.136043297283987 ], [ 122.980354089581155, 14.136039906407131 ], [ 122.980358159337129, 14.136037702689043 ], [ 122.980362229093089, 14.136035498970955 ], [ 122.980366977728167, 14.136028717217243 ], [ 122.980371047484127, 14.136026513499154 ], [ 122.98037630439886, 14.136022614342638 ], [ 122.980378678716392, 14.136019223465782 ], [ 122.980382240192696, 14.136014137150498 ], [ 122.980387497107429, 14.136010237993982 ], [ 122.980393432901266, 14.136001760801843 ], [ 122.980395807218798, 14.135998369924987 ], [ 122.980405133889491, 14.135992267050383 ], [ 122.980409882524569, 14.13598548529667 ], [ 122.980412256842101, 14.135982094419814 ], [ 122.980415818318406, 14.135977008104531 ], [ 122.980419379794711, 14.135971921789247 ], [ 122.980421754112243, 14.135968530912391 ], [ 122.980424128429775, 14.135965140035536 ], [ 122.980426502747321, 14.13596174915868 ], [ 122.980430064223626, 14.135956662843395 ], [ 122.980432438541158, 14.135953271966539 ], [ 122.980434812858689, 14.135949881089683 ], [ 122.980438374334994, 14.135944794774399 ], [ 122.980440748652526, 14.135941403897544 ], [ 122.980445497287604, 14.135934622143832 ], [ 122.980449058763909, 14.135929535828549 ], [ 122.980451433081441, 14.135926144951693 ], [ 122.980453807398973, 14.135922754074835 ], [ 122.98045974319281, 14.135914276882696 ], [ 122.980460422071928, 14.135909698847072 ], [ 122.980463983548233, 14.135904612531789 ], [ 122.980465341306441, 14.135895456460542 ], [ 122.980468902782746, 14.135890370145257 ], [ 122.980472464259051, 14.135885283829973 ], [ 122.980476025735356, 14.135880197514689 ], [ 122.980479587211661, 14.135875111199406 ], [ 122.980481961529193, 14.13587172032255 ], [ 122.980484335846725, 14.135868329445694 ], [ 122.980486710164257, 14.135864938568838 ], [ 122.980491458799335, 14.135858156815125 ], [ 122.98049502027564, 14.135853070499842 ], [ 122.980500956069477, 14.135844593307702 ], [ 122.980501634948581, 14.135840015272079 ], [ 122.980506383583659, 14.135833233518367 ], [ 122.980512319377496, 14.135824756326226 ], [ 122.980515880853801, 14.135819670010942 ], [ 122.980520629488865, 14.135812888257231 ], [ 122.98052317440586, 14.135802036747556 ], [ 122.980524023884414, 14.135789998079112 ], [ 122.980525153583272, 14.135788384701932 ], [ 122.980526010754289, 14.135788436151989 ], [ 122.980538861974807, 14.13579106596055 ], [ 122.980546046745417, 14.135795214089793 ], [ 122.980553231516026, 14.135799362219036 ], [ 122.980569675121856, 14.135804066092218 ], [ 122.980582526342388, 14.135806695900781 ], [ 122.980589711112984, 14.135810844030022 ], [ 122.980596895883593, 14.135814992159265 ], [ 122.980606154718814, 14.135815547903206 ], [ 122.980613339489423, 14.135819696032449 ], [ 122.980620524260033, 14.13582384416169 ], [ 122.980627709030628, 14.135827992290933 ], [ 122.980638486186535, 14.135834214484797 ], [ 122.980649263342443, 14.135840436678661 ], [ 122.980671373398195, 14.135843622231164 ], [ 122.980682150554102, 14.135849844425028 ], [ 122.980689335324712, 14.135853992554271 ], [ 122.980696520095307, 14.135858140683512 ], [ 122.980703704865917, 14.135862288812755 ], [ 122.980716556086449, 14.135864918621317 ], [ 122.980727333242356, 14.13587114081518 ], [ 122.980738110398264, 14.135877363009044 ], [ 122.980748887554171, 14.135883585202908 ], [ 122.980759664710078, 14.135889807396772 ], [ 122.980770441865985, 14.135896029590636 ], [ 122.980781219021893, 14.135902251784501 ], [ 122.9807919961778, 14.135908473978365 ], [ 122.980806365719005, 14.13591677023685 ], [ 122.980813550489614, 14.135920918366091 ], [ 122.980824327645522, 14.135927140559955 ], [ 122.980838697186726, 14.135935436818441 ], [ 122.980845881957336, 14.135939584947684 ], [ 122.980860251498541, 14.135947881206169 ], [ 122.980867436269136, 14.135952029335412 ], [ 122.980878213425044, 14.135958251529276 ], [ 122.980885398195653, 14.135962399658519 ], [ 122.98089617535156, 14.135968621852381 ], [ 122.98091261895739, 14.135973325725566 ], [ 122.980919803728, 14.135977473854808 ], [ 122.980926988498595, 14.135981621984049 ], [ 122.980937765654502, 14.135987844177913 ], [ 122.980952135195722, 14.135996140436399 ], [ 122.980962912351629, 14.136002362630263 ], [ 122.980970097122224, 14.136006510759506 ], [ 122.980980874278131, 14.13601273295337 ], [ 122.980988059048741, 14.136016881082613 ], [ 122.980998836204648, 14.136023103276477 ], [ 122.981009613360555, 14.136029325470339 ], [ 122.981020390516463, 14.136035547664203 ], [ 122.981027575287058, 14.136039695793446 ], [ 122.981041944828277, 14.136047992051932 ], [ 122.981051203663498, 14.136048547795871 ], [ 122.981061980819405, 14.136054769989736 ], [ 122.981072757975312, 14.1360609921836 ], [ 122.981083535131219, 14.136067214377464 ], [ 122.98109279396644, 14.136067770121404 ], [ 122.981110755892956, 14.136078140444511 ], [ 122.981121533048864, 14.136084362638375 ], [ 122.981128717819473, 14.136088510767618 ], [ 122.981135902590069, 14.13609265889686 ], [ 122.981146679745976, 14.136098881090724 ], [ 122.981157456901883, 14.136105103284589 ], [ 122.98116823405779, 14.136111325478451 ], [ 122.981182603599009, 14.136119621736936 ], [ 122.981196973140214, 14.136127917995422 ], [ 122.981217009131342, 14.136134695933226 ], [ 122.981224193901951, 14.136138844062469 ], [ 122.981231378672547, 14.136142992191711 ], [ 122.981244229893079, 14.136145622000273 ], [ 122.981255007048986, 14.136151844194137 ], [ 122.981267858269518, 14.136154474002698 ], [ 122.981282227810723, 14.136162770261183 ], [ 122.981291486645958, 14.136163326005125 ], [ 122.981302263801865, 14.136169548198989 ], [ 122.981311522637085, 14.136170103942929 ], [ 122.981320781472306, 14.136170659686869 ], [ 122.981327966242915, 14.136174807816111 ], [ 122.981335151013525, 14.136178955945354 ], [ 122.981345928169432, 14.136185178139218 ], [ 122.981356705325339, 14.136191400333082 ], [ 122.981368038225185, 14.136188363691719 ], [ 122.981377297060405, 14.136188919435661 ], [ 122.981384481831014, 14.136193067564903 ], [ 122.981393740666235, 14.136193623308843 ], [ 122.981402999501469, 14.136194179052783 ], [ 122.981419443107299, 14.136198882925967 ], [ 122.981430220263206, 14.13620510511983 ], [ 122.981437405033802, 14.136209253249072 ], [ 122.981444589804411, 14.136213401378315 ], [ 122.981457441024943, 14.136216031186878 ], [ 122.981471810566148, 14.136224327445362 ], [ 122.981481069401369, 14.136224883189303 ], [ 122.981493920621901, 14.136227512997865 ], [ 122.981503179457121, 14.136228068741804 ], [ 122.981510364227731, 14.136232216871047 ], [ 122.98151754899834, 14.13623636500029 ], [ 122.981530400218858, 14.136238994808851 ], [ 122.981552510274611, 14.136242180361354 ], [ 122.981561769109845, 14.136242736105293 ], [ 122.981568953880441, 14.136246884234536 ], [ 122.981578212715675, 14.136247439978478 ], [ 122.981591063936207, 14.136250069787039 ], [ 122.981600322771428, 14.136250625530979 ], [ 122.981615248056571, 14.136249662954238 ], [ 122.98162243282718, 14.136253811083481 ], [ 122.9816316916624, 14.136254366827421 ], [ 122.981646616947558, 14.136253404250681 ], [ 122.981669282747248, 14.136247330967956 ], [ 122.981676467517858, 14.136251479097199 ], [ 122.981685726353078, 14.136252034841139 ], [ 122.981697059252923, 14.136248998199777 ], [ 122.981708392152782, 14.136245961558416 ], [ 122.981712540282018, 14.136238776787811 ], [ 122.981723873181863, 14.136235740146448 ], [ 122.981731613696411, 14.136230629440465 ], [ 122.981735761825647, 14.136223444669861 ], [ 122.981745020660881, 14.136224000413801 ], [ 122.981752761175429, 14.136218889707818 ], [ 122.981756909304664, 14.136211704937214 ], [ 122.981773908654432, 14.136207149975171 ], [ 122.98178164916898, 14.136202039269188 ], [ 122.981792982068825, 14.136199002627826 ], [ 122.98180431496867, 14.136195965986463 ], [ 122.98180846309792, 14.136188781215859 ], [ 122.981818277677093, 14.136180078124573 ], [ 122.981826018191626, 14.13617496741859 ], [ 122.981833758706173, 14.136169856712607 ], [ 122.981845091606019, 14.136166820071246 ], [ 122.981849239735268, 14.13615963530064 ], [ 122.981855461929129, 14.136148858144734 ], [ 122.981866794828974, 14.136145821503371 ], [ 122.981870942958224, 14.136138636732767 ], [ 122.98187509108746, 14.136131451962163 ], [ 122.981886423987305, 14.136128415320801 ], [ 122.981890572116555, 14.136121230550197 ], [ 122.981898312631102, 14.136116119844212 ], [ 122.981902460760338, 14.136108935073608 ], [ 122.981910201274886, 14.136103824367625 ], [ 122.981914349404121, 14.136096639597021 ], [ 122.981925682303967, 14.136093602955658 ], [ 122.981929830433216, 14.136086418185053 ], [ 122.981933978562452, 14.136079233414449 ], [ 122.981938126691702, 14.136072048643845 ], [ 122.981942274820938, 14.136064863873241 ], [ 122.981946422950188, 14.136057679102636 ], [ 122.981952645144048, 14.136046901946729 ], [ 122.981960941402534, 14.136032532405519 ], [ 122.981965089531784, 14.136025347634915 ], [ 122.981973385790269, 14.136010978093706 ], [ 122.98197960798413, 14.136000200937799 ], [ 122.981983756113365, 14.135993016167195 ], [ 122.981987904242615, 14.13598583139659 ], [ 122.981992052371851, 14.135978646625986 ], [ 122.981998274565726, 14.135967869470079 ], [ 122.982002422694961, 14.135960684699475 ], [ 122.982006570824211, 14.135953499928869 ], [ 122.982010718953447, 14.135946315158264 ], [ 122.982014867082682, 14.13593913038766 ], [ 122.982019015211932, 14.135931945617056 ], [ 122.982023163341168, 14.135924760846452 ], [ 122.982027311470418, 14.135917576075848 ], [ 122.982027867214356, 14.13590831724062 ], [ 122.982032015343606, 14.135901132470016 ], [ 122.982038237537466, 14.135890355314109 ], [ 122.982044459731327, 14.135879578158203 ], [ 122.982048607860577, 14.135872393387599 ], [ 122.982052755989812, 14.135865208616993 ], [ 122.982058978183673, 14.135854431461087 ], [ 122.982065200377548, 14.13584365430518 ], [ 122.982069348506784, 14.135836469534576 ], [ 122.982075570700644, 14.135825692378669 ], [ 122.982079718829894, 14.135818507608064 ], [ 122.98208386695913, 14.13581132283746 ], [ 122.98208801508838, 14.135804138066854 ], [ 122.98209423728224, 14.135793360910949 ], [ 122.982102533540726, 14.135778991369738 ], [ 122.982106681669961, 14.135771806599134 ], [ 122.982110829799211, 14.13576462182853 ], [ 122.982114977928447, 14.135757437057926 ], [ 122.982119126057697, 14.13575025228732 ], [ 122.982119681801635, 14.135740993452094 ], [ 122.982123829930885, 14.13573380868149 ], [ 122.982130052124745, 14.135723031525583 ], [ 122.982131163612621, 14.135704513855131 ], [ 122.982137385806482, 14.135693736699224 ], [ 122.982141533935732, 14.13568655192862 ], [ 122.982144163744294, 14.135673700708091 ], [ 122.982143756911483, 14.135649516587717 ], [ 122.982147905040733, 14.135642331817111 ], [ 122.982148460784671, 14.135633072981886 ], [ 122.982152608913921, 14.135625888211282 ], [ 122.98215220208111, 14.135601704090906 ], [ 122.98215635021036, 14.135594519320302 ], [ 122.982160498339596, 14.135587334549697 ], [ 122.982165202212784, 14.135570890943868 ], [ 122.98216631370066, 14.135552373273415 ], [ 122.982170461829909, 14.13554518850281 ], [ 122.982175165703083, 14.13552874489698 ], [ 122.982177795511646, 14.135515893676452 ], [ 122.982178351255598, 14.135506634841226 ], [ 122.982178906999536, 14.135497376006001 ], [ 122.982181536808099, 14.135484524785472 ], [ 122.982174907781427, 14.135471117821004 ], [ 122.982179611654615, 14.135454674215174 ], [ 122.982184315527789, 14.135438230609342 ], [ 122.982188463657039, 14.135431045838738 ], [ 122.982191093465602, 14.135418194618211 ], [ 122.982193723274165, 14.135405343397682 ], [ 122.982198427147338, 14.135388899791851 ], [ 122.982206723405824, 14.135374530250642 ], [ 122.982212945599699, 14.135363753094735 ], [ 122.982215575408262, 14.135350901874208 ], [ 122.982221797602122, 14.135340124718301 ], [ 122.982222909089998, 14.13532160704785 ], [ 122.982227057219248, 14.135314422277244 ], [ 122.982233279413109, 14.135303645121338 ], [ 122.982233835157047, 14.135294386286111 ], [ 122.982234390900985, 14.135285127450885 ], [ 122.98223342832425, 14.135270202165737 ], [ 122.982238132197423, 14.135253758559905 ], [ 122.982244354391298, 14.135242981404 ], [ 122.982244910135236, 14.135233722568772 ], [ 122.982239799429252, 14.135225982054228 ], [ 122.98224035517319, 14.135216723219003 ], [ 122.982242984981752, 14.135203871998474 ], [ 122.98224354072569, 14.135194613163248 ], [ 122.982242578148956, 14.135179687878098 ], [ 122.982240097251534, 14.135159096143026 ], [ 122.982237060610174, 14.135147763243179 ], [ 122.982236098033425, 14.135132837958029 ], [ 122.982233061392066, 14.135121505058182 ], [ 122.982226432365408, 14.135108098093713 ], [ 122.982223951467986, 14.135087506358641 ], [ 122.982217322441315, 14.135074099394172 ], [ 122.982211249158595, 14.135051433594478 ], [ 122.982208768261174, 14.135030841859404 ], [ 122.98220269497844, 14.13500817605971 ], [ 122.98219758427247, 14.135000435545166 ], [ 122.982194547631096, 14.134989102645319 ], [ 122.982193585054361, 14.134974177360169 ], [ 122.982187511771642, 14.134951511560475 ], [ 122.982184475130268, 14.134940178660628 ], [ 122.98217784610361, 14.13492677169616 ], [ 122.982174809462251, 14.134915438796313 ], [ 122.982164588050281, 14.134899957767223 ], [ 122.982163625473547, 14.134885032482073 ], [ 122.982160588832173, 14.134873699582226 ], [ 122.982153959805515, 14.134860292617757 ], [ 122.982150923164156, 14.13484895971791 ], [ 122.982146368202109, 14.134831960368139 ], [ 122.982132554404842, 14.134814405274428 ], [ 122.982131591828107, 14.134799479989278 ], [ 122.982126481122123, 14.134791739474734 ], [ 122.982123444480749, 14.134780406574887 ], [ 122.982120407839389, 14.13476907367504 ], [ 122.982120963583327, 14.134759814839812 ], [ 122.982117926941967, 14.134748481939965 ], [ 122.982114890300608, 14.134737149040118 ], [ 122.982111853659248, 14.134725816140271 ], [ 122.982106742953263, 14.134718075625727 ], [ 122.982105780376529, 14.134703150340577 ], [ 122.982102743735169, 14.13469181744073 ], [ 122.982097633029184, 14.134684076926185 ], [ 122.98209459638781, 14.134672744026338 ], [ 122.982088523105091, 14.134650078226644 ], [ 122.982085486463731, 14.134638745326797 ], [ 122.982082449822371, 14.13462741242695 ], [ 122.982083005566309, 14.134618153591724 ], [ 122.982082042989575, 14.134603228306574 ], [ 122.982075413962903, 14.134589821342106 ], [ 122.982074451386168, 14.134574896056955 ], [ 122.982073488809419, 14.134559970771807 ], [ 122.982074044553357, 14.134550711936582 ], [ 122.982071007911998, 14.134539379036733 ], [ 122.982073637720561, 14.134526527816206 ], [ 122.982067008693903, 14.134513120851738 ], [ 122.982071712567077, 14.134496677245906 ], [ 122.982070749990342, 14.134481751960758 ], [ 122.982069787413607, 14.134466826675608 ], [ 122.982070343157545, 14.134457567840382 ], [ 122.982071454645421, 14.134439050169931 ], [ 122.982064825618764, 14.134425643205462 ], [ 122.982063863042015, 14.134410717920312 ], [ 122.982057234015357, 14.134397310955844 ], [ 122.982056271438609, 14.134382385670694 ], [ 122.982056827182546, 14.134373126835468 ], [ 122.982057382926499, 14.134363868000243 ], [ 122.98205642034975, 14.134348942715093 ], [ 122.982060568479, 14.134341757944489 ], [ 122.982059605902251, 14.134326832659339 ], [ 122.9820637540315, 14.134319647888734 ], [ 122.982064309775438, 14.134310389053509 ], [ 122.982064865519376, 14.134301130218283 ], [ 122.982065421263314, 14.134291871383057 ], [ 122.982068051071877, 14.134279020162529 ], [ 122.982068606815815, 14.134269761327303 ], [ 122.982067644239081, 14.134254836042153 ], [ 122.982068199983019, 14.134245577206928 ], [ 122.982069311470894, 14.134227059536476 ], [ 122.982066830573473, 14.134206467801404 ], [ 122.982065867996738, 14.134191542516254 ], [ 122.982064905420003, 14.134176617231104 ], [ 122.982065461163941, 14.134167358395878 ], [ 122.982066016907879, 14.134158099560652 ], [ 122.982068646716442, 14.134145248340124 ], [ 122.982065610075082, 14.134133915440277 ], [ 122.982059536792349, 14.134111249640583 ], [ 122.982063684921599, 14.134104064869979 ], [ 122.982059129959552, 14.134087065520207 ], [ 122.982058167382817, 14.134072140235057 ], [ 122.982055130741443, 14.13406080733521 ], [ 122.982050575779411, 14.13404380798544 ], [ 122.982051131523349, 14.134034549150215 ], [ 122.982051687267287, 14.134025290314987 ], [ 122.98204713230524, 14.134008290965218 ], [ 122.982047688049178, 14.133999032129992 ], [ 122.982050317857741, 14.133986180909464 ], [ 122.982050873601693, 14.133976922074238 ], [ 122.982049911024944, 14.133961996789088 ], [ 122.982053096577445, 14.133939886733334 ], [ 122.982055726386008, 14.133927035512805 ], [ 122.982051171423961, 14.133910036163035 ], [ 122.982054356976462, 14.133887926107281 ], [ 122.982051320335103, 14.133876593207434 ], [ 122.982048283693743, 14.133865260307587 ], [ 122.982047321117008, 14.133850335022437 ], [ 122.982047876860946, 14.133841076187212 ], [ 122.9820433218989, 14.13382407683744 ], [ 122.982047470028149, 14.133816892066836 ], [ 122.98204443338679, 14.133805559166989 ], [ 122.982044989130728, 14.133796300331763 ], [ 122.982049137259963, 14.133789115561159 ], [ 122.982050248747839, 14.133770597890706 ], [ 122.982045693785807, 14.133753598540936 ], [ 122.98204832359437, 14.133740747320408 ], [ 122.982047361017621, 14.133725822035258 ], [ 122.982047916761559, 14.133716563200032 ], [ 122.982043361799526, 14.133699563850262 ], [ 122.982036732772855, 14.133686156885794 ], [ 122.98203162206687, 14.133678416371248 ], [ 122.982027067104838, 14.133661417021477 ], [ 122.982024030463464, 14.13365008412163 ], [ 122.982017401436806, 14.133636677157162 ], [ 122.982010772410135, 14.133623270192693 ], [ 122.982005661704164, 14.133615529678149 ], [ 122.98200055099818, 14.133607789163603 ], [ 122.981995440292195, 14.133600048649059 ], [ 122.981992403650835, 14.133588715749212 ], [ 122.981987292944851, 14.133580975234667 ], [ 122.981977071532881, 14.133565494205577 ], [ 122.981969886762272, 14.133561346076334 ], [ 122.981962701991677, 14.133557197947091 ], [ 122.981951924835769, 14.133550975753227 ], [ 122.981941147679862, 14.133544753559365 ], [ 122.981933962909253, 14.133540605430122 ], [ 122.981924704074032, 14.13354004968618 ], [ 122.981915445238798, 14.133539493942241 ], [ 122.981908260468202, 14.133535345812998 ], [ 122.981899001632968, 14.133534790069058 ], [ 122.981891816862358, 14.133530641939815 ], [ 122.981882558027138, 14.133530086195876 ], [ 122.981869706806606, 14.133527456387313 ], [ 122.981856855586088, 14.133524826578752 ], [ 122.981841930300931, 14.133525789155492 ], [ 122.98183267146571, 14.133525233411552 ], [ 122.981825486695101, 14.133521085282309 ], [ 122.981812635474569, 14.133518455473748 ], [ 122.981799784254051, 14.133515825665187 ], [ 122.981790525418816, 14.133515269921245 ], [ 122.981779748262909, 14.133509047727381 ], [ 122.981766897042391, 14.13350641791882 ], [ 122.981757638207156, 14.13350586217488 ], [ 122.981748379371936, 14.133505306430939 ], [ 122.981735528151404, 14.133502676622378 ], [ 122.981726269316184, 14.133502120878438 ], [ 122.981713418095651, 14.133499491069877 ], [ 122.981704159260431, 14.133498935325935 ], [ 122.981691308039899, 14.133496305517374 ], [ 122.981682049204679, 14.133495749773434 ], [ 122.981669197984147, 14.133493119964871 ], [ 122.981659939148912, 14.133492564220932 ], [ 122.981652754378317, 14.133488416091689 ], [ 122.981643495543082, 14.133487860347749 ], [ 122.981626496193314, 14.133492415309792 ], [ 122.981613644972782, 14.133489785501229 ], [ 122.981602312072937, 14.133492822142593 ], [ 122.981590979173092, 14.133495858783954 ], [ 122.981577572208622, 14.133502487810619 ], [ 122.981566239308776, 14.13350552445198 ], [ 122.981551314023633, 14.13350648702872 ], [ 122.981538462803101, 14.133503857220159 ], [ 122.981534314673866, 14.133511041990763 ], [ 122.981519389388708, 14.133512004567505 ], [ 122.981508056488863, 14.133515041208867 ], [ 122.981498797653643, 14.133514485464927 ], [ 122.98148898307447, 14.133523188556211 ], [ 122.98147557611, 14.133529817582875 ], [ 122.981464243210155, 14.133532854224237 ], [ 122.981456502695607, 14.133537964930222 ], [ 122.981447243860387, 14.13353740918628 ], [ 122.981435910960542, 14.133540445827643 ], [ 122.981428170445994, 14.133545556533626 ], [ 122.981416837546149, 14.133548593174988 ], [ 122.981409097031602, 14.13355370388097 ], [ 122.981397764131756, 14.133556740522334 ], [ 122.981386431231911, 14.133559777163695 ], [ 122.981375098332052, 14.133562813805057 ], [ 122.981361691367596, 14.133569442831721 ], [ 122.981353950853048, 14.133574553537704 ], [ 122.981342617953203, 14.133577590179067 ], [ 122.981329210988733, 14.13358421920573 ], [ 122.981308063509715, 14.133595958938377 ], [ 122.981300322995168, 14.133601069644362 ], [ 122.981282767901462, 14.133614883441631 ], [ 122.981275027386914, 14.133619994147613 ], [ 122.981263694487069, 14.133623030788975 ], [ 122.981255398228583, 14.133637400330185 ], [ 122.981241991264113, 14.133644029356848 ], [ 122.981232176684941, 14.133652732448134 ], [ 122.981217251399798, 14.133653695024876 ], [ 122.981205362756015, 14.133665990501463 ], [ 122.981194029856169, 14.133669027142824 ], [ 122.981182141212372, 14.133681322619413 ], [ 122.981174400697824, 14.133686433325396 ], [ 122.981160993733369, 14.13369306235206 ], [ 122.981152697474883, 14.133707431893269 ], [ 122.981141364575024, 14.13371046853463 ], [ 122.98113362406049, 14.133715579240615 ], [ 122.981127401866615, 14.133726356396521 ], [ 122.981115513222832, 14.133738651873109 ], [ 122.981096439808439, 14.133746799220454 ], [ 122.981086625229281, 14.13375550231174 ], [ 122.981076810650109, 14.133764205403025 ], [ 122.981062847941701, 14.133780093264916 ], [ 122.981039626398072, 14.133795425382866 ], [ 122.981027737754275, 14.133807720859453 ], [ 122.981010182660569, 14.133821534656722 ], [ 122.980998294016786, 14.133833830133309 ], [ 122.980979220602393, 14.133841977480655 ], [ 122.98096940602322, 14.133850680571941 ], [ 122.980959591444062, 14.133859383663227 ], [ 122.980951850929515, 14.13386449436921 ], [ 122.980937888221106, 14.1338803822311 ], [ 122.980930147706559, 14.133885492937083 ], [ 122.980922407192011, 14.133890603643065 ], [ 122.980912592612853, 14.133899306734351 ], [ 122.980900703969056, 14.133911602210938 ], [ 122.980890889389897, 14.133920305302224 ], [ 122.980881074810725, 14.13392900839351 ], [ 122.980874852616864, 14.133939785549417 ], [ 122.980862963973081, 14.133952081026004 ], [ 122.980843890558688, 14.133960228373351 ], [ 122.980839742429438, 14.133967413143955 ], [ 122.980832001914891, 14.133972523849938 ], [ 122.980823705656405, 14.133986893391146 ], [ 122.98081237275656, 14.133989930032509 ], [ 122.980806150562699, 14.134000707188417 ], [ 122.98080200243345, 14.134007891959021 ], [ 122.980791632110353, 14.134025853885532 ], [ 122.980787483981103, 14.134033038656137 ], [ 122.98077559533732, 14.134045334132724 ], [ 122.98077144720807, 14.134052518903328 ], [ 122.980763150949585, 14.134066888444538 ], [ 122.980753336370427, 14.134075591535824 ], [ 122.980745040111941, 14.134089961077033 ], [ 122.980737299597394, 14.134095071783015 ], [ 122.980731077403533, 14.134105848938923 ], [ 122.980726929274283, 14.134113033709527 ], [ 122.980722781145047, 14.134120218480131 ], [ 122.980716558951187, 14.134130995636038 ], [ 122.980712410821937, 14.134138180406643 ], [ 122.980708262692701, 14.134145365177247 ], [ 122.980704114563451, 14.134152549947853 ], [ 122.980699966434216, 14.134159734718457 ], [ 122.980693744240355, 14.134170511874364 ], [ 122.980689596111105, 14.134177696644969 ], [ 122.98068544798187, 14.134184881415573 ], [ 122.98068129985262, 14.134192066186177 ], [ 122.980675077658759, 14.134202843342084 ], [ 122.980670929529509, 14.134210028112689 ], [ 122.980664707335649, 14.134220805268596 ], [ 122.980660559206413, 14.1342279900392 ], [ 122.980652262947928, 14.134242359580409 ], [ 122.980646040754053, 14.134253136736316 ], [ 122.980637744495567, 14.134267506277526 ], [ 122.980631522301707, 14.134278283433432 ], [ 122.980625300107846, 14.134289060589339 ], [ 122.980612855720111, 14.134310614901153 ], [ 122.980608707590875, 14.134317799671757 ], [ 122.980600411332389, 14.134332169212966 ], [ 122.980590041009279, 14.134350131139477 ], [ 122.980583818815418, 14.134360908295385 ], [ 122.980577596621558, 14.134371685451292 ], [ 122.980571374427697, 14.134382462607197 ], [ 122.980565152233822, 14.134393239763105 ], [ 122.980561004104587, 14.134400424533709 ], [ 122.980556855975337, 14.134407609304315 ], [ 122.980552707846101, 14.134414794074919 ], [ 122.980544411587616, 14.134429163616128 ], [ 122.980540263458366, 14.134436348386732 ], [ 122.980534041264505, 14.134447125542639 ], [ 122.980527819070645, 14.134457902698546 ], [ 122.980521596876784, 14.134468679854454 ], [ 122.980515374682909, 14.134479457010359 ], [ 122.980505004359813, 14.134497418936871 ], [ 122.980496708101327, 14.134511788478081 ], [ 122.980486337778217, 14.134529750404592 ], [ 122.980480115584356, 14.134540527560498 ], [ 122.980475967455106, 14.134547712331104 ], [ 122.980469745261246, 14.134558489487009 ], [ 122.980463523067385, 14.134569266642917 ], [ 122.980459374938135, 14.134576451413521 ], [ 122.9804552268089, 14.134583636184125 ], [ 122.980449004615039, 14.134594413340032 ], [ 122.980444856485789, 14.134601598110637 ], [ 122.980438634291929, 14.134612375266544 ], [ 122.980432412098068, 14.134623152422451 ], [ 122.980426189904193, 14.134633929578358 ], [ 122.980422041774958, 14.134641114348963 ], [ 122.980415819581097, 14.13465189150487 ], [ 122.980411671451847, 14.134659076275474 ], [ 122.980405449257987, 14.134669853431381 ], [ 122.980401301128751, 14.134677038201986 ], [ 122.980397152999501, 14.13468422297259 ], [ 122.980393004870265, 14.134691407743194 ], [ 122.980386782676391, 14.134702184899101 ], [ 122.980382634547155, 14.134709369669705 ], [ 122.980378486417905, 14.13471655444031 ], [ 122.980374338288669, 14.134723739210914 ], [ 122.98037019015942, 14.13473092398152 ], [ 122.980366042030184, 14.134738108752124 ], [ 122.980359819836323, 14.134748885908031 ], [ 122.980355671707073, 14.134756070678636 ], [ 122.980349449513213, 14.134766847834543 ], [ 122.980343227319352, 14.134777624990448 ], [ 122.980337005125477, 14.134788402146356 ], [ 122.980332856996242, 14.13479558691696 ], [ 122.980325116481694, 14.134800697622945 ], [ 122.980315301902536, 14.134809400714229 ], [ 122.980311153773286, 14.134816585484835 ], [ 122.98030700564405, 14.134823770255439 ], [ 122.980299265129503, 14.134828880961422 ], [ 122.980295117000253, 14.134836065732026 ], [ 122.980290968871017, 14.13484325050263 ], [ 122.98028322835647, 14.134848361208613 ], [ 122.980279080227234, 14.134855545979219 ], [ 122.980272858033359, 14.134866323135125 ], [ 122.980268709904124, 14.134873507905731 ], [ 122.980264561774874, 14.134880692676335 ], [ 122.980256821260326, 14.134885803382318 ], [ 122.980252673131091, 14.134892988152922 ], [ 122.980244932616543, 14.134898098858905 ], [ 122.980240784487307, 14.134905283629511 ], [ 122.980236636358057, 14.134912468400115 ], [ 122.98022889584351, 14.134917579106098 ], [ 122.980222673649649, 14.134928356262005 ], [ 122.980212859070491, 14.134937059353291 ], [ 122.980208710941241, 14.134944244123895 ], [ 122.980204562812006, 14.1349514288945 ], [ 122.980194748232833, 14.134960131985785 ], [ 122.980187007718285, 14.134965242691768 ], [ 122.98018285958905, 14.134972427462372 ], [ 122.980175119074502, 14.134977538168355 ], [ 122.980170970945252, 14.134984722938961 ], [ 122.980166822816017, 14.134991907709566 ], [ 122.980162674686767, 14.13499909248017 ], [ 122.980154934172234, 14.135004203186153 ], [ 122.980150786042984, 14.135011387956757 ], [ 122.980146637913748, 14.135018572727363 ], [ 122.980146557843455, 14.135018711413167 ], [ 122.9801443160502, 14.135018784602028 ] ] ] ] } },
{ "type": "Feature", "properties": { "fid": 171, "desc": "flood-prone", "other desc": null, "barangay": "Barangay Bagasbas", "col": "flood-prone", "etc": null, "layer": "bagasbas_flood-prone" }, "geometry": { "type": "MultiPolygon", "coordinates": [ [ [ [ 122.981645985315708, 14.137146346056346 ], [ 122.98164957770102, 14.137148420120967 ], [ 122.981651096021693, 14.137154086570892 ], [ 122.981653651374685, 14.137157956828164 ], [ 122.981653373502724, 14.137162586245777 ], [ 122.981654891823396, 14.1371682526957 ], [ 122.981654613951434, 14.137172882113314 ], [ 122.981657169304427, 14.137176752370586 ], [ 122.981656891432451, 14.137181381788197 ], [ 122.981658409753138, 14.137187048238122 ], [ 122.98166096510613, 14.137190918495394 ], [ 122.981663520459122, 14.137194788752668 ], [ 122.981665038779795, 14.13720045520259 ], [ 122.981664760907833, 14.137205084620204 ], [ 122.981666279228506, 14.137210751070127 ], [ 122.981666001356544, 14.13721538048774 ], [ 122.981668556709536, 14.137219250745012 ], [ 122.98166827883756, 14.137223880162626 ], [ 122.981669797158247, 14.137229546612549 ], [ 122.981672352511225, 14.137233416869821 ], [ 122.981672074639263, 14.137238046287434 ], [ 122.981673592959936, 14.137243712737357 ], [ 122.981675870440966, 14.137252212412243 ], [ 122.981674555536685, 14.137258638022507 ], [ 122.981676073857358, 14.137264304472431 ], [ 122.981672962760427, 14.137269693050385 ], [ 122.981674203209138, 14.137279988917921 ], [ 122.981672888304857, 14.137286414528186 ], [ 122.981674406625544, 14.137292080978108 ], [ 122.981672332560919, 14.137295673363411 ], [ 122.981673850881606, 14.137301339813334 ], [ 122.98167357300963, 14.137305969230948 ], [ 122.981672258105348, 14.137312394841212 ], [ 122.981671980233386, 14.137317024258824 ], [ 122.981668869136456, 14.137322412836777 ], [ 122.981666795071831, 14.13732600522208 ], [ 122.981668313392504, 14.137331671672003 ], [ 122.981666239327893, 14.137335264057306 ], [ 122.981663887391292, 14.137343485860221 ], [ 122.981661813326681, 14.137347078245524 ], [ 122.981661535454705, 14.137351707663136 ], [ 122.981661257582729, 14.13735633708075 ], [ 122.981659183518119, 14.137359929466051 ], [ 122.981659664806486, 14.137367392108626 ], [ 122.981657590741861, 14.137370984493929 ], [ 122.981654479644931, 14.137376373071882 ], [ 122.981652405580306, 14.137379965457184 ], [ 122.981650331515695, 14.137383557842487 ], [ 122.981650053643719, 14.137388187260099 ], [ 122.981647979579094, 14.137391779645402 ], [ 122.981647701707132, 14.137396409063015 ], [ 122.981645627642507, 14.137400001448317 ], [ 122.981642516545577, 14.13740539002627 ], [ 122.981640442480952, 14.137408982411573 ], [ 122.981636294351716, 14.137416167182177 ], [ 122.981634220287091, 14.137419759567479 ], [ 122.98163290538281, 14.137426185177743 ], [ 122.98162875725356, 14.137433369948347 ], [ 122.98162564615663, 14.137438758526301 ], [ 122.981622535059699, 14.137444147104254 ], [ 122.981622257187738, 14.137448776521868 ], [ 122.981617072026182, 14.137457757485123 ], [ 122.981613960929252, 14.137463146063077 ], [ 122.981613683057276, 14.13746777548069 ], [ 122.981609534928026, 14.137474960251295 ], [ 122.98160538679879, 14.137482145021899 ], [ 122.98160227570186, 14.137487533599852 ], [ 122.98159812757261, 14.137494718370457 ], [ 122.98159501647568, 14.13750010694841 ], [ 122.981590868346444, 14.137507291719015 ], [ 122.981588794281819, 14.137510884104318 ], [ 122.981585683184889, 14.137516272682271 ], [ 122.981582572087959, 14.137521661260225 ], [ 122.981580498023334, 14.137525253645526 ], [ 122.981576349894098, 14.13753243841613 ], [ 122.981571164732543, 14.137541419379387 ], [ 122.981567016603293, 14.137548604149991 ], [ 122.981560794409432, 14.137559381305898 ], [ 122.981556646280197, 14.137566566076503 ], [ 122.981552498150947, 14.137573750847107 ], [ 122.981549387054017, 14.137579139425061 ], [ 122.981544201892461, 14.137588120388315 ], [ 122.981542127827836, 14.137591712773618 ], [ 122.981540053763226, 14.137595305158921 ], [ 122.981536942666281, 14.137600693736875 ], [ 122.981533831569351, 14.137606082314827 ], [ 122.981530720472421, 14.13761147089278 ], [ 122.98152449827856, 14.137622248048688 ], [ 122.98152138718163, 14.137627636626641 ], [ 122.98151723905238, 14.137634821397246 ], [ 122.981511016858519, 14.137645598553153 ], [ 122.981506868729284, 14.137652783323757 ], [ 122.981503757632353, 14.137658171901711 ], [ 122.981498572470798, 14.137667152864966 ], [ 122.981495461373868, 14.137672541442919 ], [ 122.981493387309243, 14.137676133828222 ], [ 122.981486128083063, 14.13768870717678 ], [ 122.981481979953827, 14.137695891947384 ], [ 122.981478868856897, 14.137701280525338 ], [ 122.981475757759952, 14.137706669103292 ], [ 122.981470572598411, 14.137715650066546 ], [ 122.981463591244207, 14.137723593997492 ], [ 122.981460480147263, 14.137728982575446 ], [ 122.981456609890003, 14.137731537928437 ], [ 122.981453498793059, 14.13773692650639 ], [ 122.981449350663823, 14.137744111276994 ], [ 122.981447276599198, 14.137747703662297 ], [ 122.981444165502268, 14.137753092240251 ], [ 122.981440295244994, 14.137755647593243 ], [ 122.981434350923109, 14.137761795331537 ], [ 122.981429443633516, 14.13776614687718 ], [ 122.98142529550428, 14.137773331647784 ], [ 122.981420388214687, 14.137777683193427 ], [ 122.981416517957427, 14.137780238546418 ], [ 122.981412647700154, 14.13778279389941 ], [ 122.981409536603223, 14.137788182477363 ], [ 122.981401796088676, 14.137793293183346 ], [ 122.981395092606434, 14.137796607696679 ], [ 122.981389426156511, 14.13779812601736 ], [ 122.981383481834627, 14.137804273755654 ], [ 122.981377815384704, 14.137805792076335 ], [ 122.981370074870156, 14.137810902782318 ], [ 122.981364408420234, 14.137812421102998 ], [ 122.981358741970311, 14.13781393942368 ], [ 122.981353075520374, 14.137815457744361 ], [ 122.981348168230795, 14.137819809290004 ], [ 122.981340705588224, 14.137820290578373 ], [ 122.981335039138301, 14.137821808899055 ], [ 122.981328335656059, 14.137825123412387 ], [ 122.981320873013487, 14.137825604700756 ], [ 122.98131313249894, 14.137830715406741 ], [ 122.981304632824063, 14.137832992887763 ], [ 122.981300762566789, 14.137835548240753 ], [ 122.981294059084547, 14.137838862754085 ], [ 122.981288392634625, 14.137840381074767 ], [ 122.981283485345045, 14.13784473262041 ], [ 122.981278855927428, 14.137844454748439 ], [ 122.981273189477506, 14.137845973069121 ], [ 122.981267523027583, 14.137847491389801 ], [ 122.981260060385011, 14.137847972678172 ], [ 122.981253356902783, 14.137851287191504 ], [ 122.981247690452861, 14.137852805512185 ], [ 122.981240986970619, 14.137856120025516 ], [ 122.981235320520696, 14.137857638346198 ], [ 122.981229654070773, 14.137859156666879 ], [ 122.981223987620851, 14.137860674987559 ], [ 122.981218321170928, 14.137862193308241 ], [ 122.981211617688686, 14.137865507821573 ], [ 122.981204914206458, 14.137868822334905 ], [ 122.981198488596192, 14.137867507430624 ], [ 122.981192822146269, 14.137869025751305 ], [ 122.981184322471378, 14.137871303232327 ], [ 122.981179693053775, 14.137871025360356 ], [ 122.981175063636158, 14.137870747488385 ], [ 122.981165526928962, 14.137874821162059 ], [ 122.981160897511344, 14.137874543290089 ], [ 122.981155231061422, 14.13787606161077 ], [ 122.981144935193896, 14.137877302059481 ], [ 122.981139268743959, 14.137878820380161 ], [ 122.981131806101388, 14.137879301668532 ], [ 122.981118677008894, 14.137881301277583 ], [ 122.981112251398628, 14.137879986373303 ], [ 122.981108381141354, 14.137882541726293 ], [ 122.981100918498782, 14.137883023014664 ], [ 122.981093455856211, 14.137883504303035 ], [ 122.981087789406288, 14.137885022623715 ], [ 122.981082122956366, 14.137886540944397 ], [ 122.9810756973461, 14.137885226040115 ], [ 122.981066160638903, 14.137889299713787 ], [ 122.981058697996332, 14.137889781002158 ], [ 122.981049439161097, 14.137889225258219 ], [ 122.981040939486221, 14.13789150273924 ], [ 122.981033476843635, 14.137891984027609 ], [ 122.981024218008415, 14.13789142828367 ], [ 122.981019588590797, 14.137891150411699 ], [ 122.981014959173194, 14.13789087253973 ], [ 122.981006737370279, 14.137888520603138 ], [ 122.980999274727694, 14.137889001891509 ], [ 122.980991812085122, 14.137889483179878 ], [ 122.980984349442551, 14.137889964468249 ], [ 122.980979720024933, 14.137889686596278 ], [ 122.980970461189713, 14.137889130852338 ], [ 122.980965831772096, 14.137888852980367 ], [ 122.980960165322173, 14.137890371301049 ], [ 122.980952702679602, 14.13789085258942 ], [ 122.980948073261985, 14.137890574717449 ], [ 122.980939573587094, 14.137892852198471 ], [ 122.980935981201796, 14.137890778133849 ], [ 122.980926722366576, 14.13789022238991 ], [ 122.980918500563661, 14.137887870453318 ], [ 122.980907445535777, 14.137886277677067 ], [ 122.98090281611816, 14.137885999805096 ], [ 122.980898186700557, 14.137885721933126 ], [ 122.980892520250634, 14.137887240253807 ], [ 122.980887890833017, 14.137886962381836 ], [ 122.980880428190446, 14.137887443670207 ], [ 122.980870410194882, 14.137884054701304 ], [ 122.980861151359647, 14.137883498957365 ], [ 122.980846226074505, 14.137884461534105 ], [ 122.980839800464238, 14.137883146629825 ], [ 122.980826671371744, 14.137885146238876 ], [ 122.98081741253651, 14.137884590494936 ], [ 122.980805320476321, 14.137884793911336 ], [ 122.980793228416132, 14.137884997327737 ], [ 122.980783969580912, 14.137884441583795 ], [ 122.980771877520723, 14.137884645000195 ], [ 122.980756193075237, 14.137882774351976 ], [ 122.980746175079673, 14.137879385383073 ], [ 122.980737953276758, 14.137877033446481 ], [ 122.980726898248875, 14.13787544067023 ], [ 122.980717639413655, 14.137874884926291 ], [ 122.98070941761074, 14.137872532989698 ], [ 122.980701195807825, 14.137870181053106 ], [ 122.98069193697259, 14.137869625309166 ], [ 122.980683715169675, 14.137867273372574 ], [ 122.980680122784378, 14.137865199307955 ], [ 122.98067653039908, 14.137863125243333 ], [ 122.980668308596151, 14.137860773306741 ], [ 122.980663679178548, 14.13786049543477 ], [ 122.980658290600587, 14.137857384337838 ], [ 122.980654698215289, 14.137855310273217 ], [ 122.98064751344468, 14.137851162143976 ], [ 122.980642884027077, 14.137850884272005 ], [ 122.980633903063818, 14.137845699110452 ], [ 122.980630310678507, 14.13784362504583 ], [ 122.98062492210056, 14.137840513948898 ], [ 122.980621329715262, 14.137838439884277 ], [ 122.980615941137302, 14.137835328787345 ], [ 122.980610552559355, 14.137832217690413 ], [ 122.980606960174043, 14.137830143625791 ], [ 122.980601571596097, 14.137827032528859 ], [ 122.980594386825487, 14.137822884399617 ], [ 122.980587479926854, 14.137814106852762 ], [ 122.980580295156258, 14.137809958723519 ], [ 122.980577739803266, 14.137806088466247 ], [ 122.980575184450274, 14.137802218208975 ], [ 122.980570832904633, 14.137797310919391 ], [ 122.980569314583946, 14.137791644469468 ], [ 122.980564481749937, 14.13777927453731 ], [ 122.980560889364625, 14.137777200472689 ], [ 122.980558334011633, 14.137773330215415 ], [ 122.980555778658641, 14.137769459958143 ], [ 122.980551427112999, 14.13776455266856 ], [ 122.980548112599678, 14.137757849186325 ], [ 122.980543761054022, 14.137752941896743 ], [ 122.98054224273335, 14.13774727544682 ], [ 122.980538650348052, 14.137745201382199 ], [ 122.980537409899341, 14.137734905514662 ], [ 122.980534095386005, 14.137728202032427 ], [ 122.98053078087267, 14.137721498550194 ], [ 122.980529540423959, 14.137711202682656 ], [ 122.980525188878318, 14.137706295393073 ], [ 122.980520356044309, 14.137693925460916 ], [ 122.980518837723622, 14.137688259010993 ], [ 122.980516560242606, 14.137679759336107 ], [ 122.98051324572927, 14.137673055853872 ], [ 122.98051020908791, 14.137661722954025 ], [ 122.980508968639199, 14.137651427086489 ], [ 122.980509246511161, 14.137646797668877 ], [ 122.980507728190489, 14.137641131218952 ], [ 122.98050800606245, 14.137636501801339 ], [ 122.980506487741778, 14.137630835351416 ], [ 122.98050676561374, 14.137626205933802 ], [ 122.980505247293067, 14.13762053948388 ], [ 122.980502969812036, 14.137612039808994 ], [ 122.980500414459044, 14.137608169551722 ], [ 122.98050069233102, 14.137603540134108 ], [ 122.980499174010333, 14.137597873684186 ], [ 122.980499451882309, 14.137593244266572 ], [ 122.980497933561622, 14.137587577816648 ], [ 122.980498211433598, 14.137582948399036 ], [ 122.980497730145231, 14.137575485756461 ], [ 122.980496211824544, 14.137569819306536 ], [ 122.980496767568482, 14.137560560471311 ], [ 122.980497045440458, 14.137555931053699 ], [ 122.980497323312434, 14.137551301636085 ], [ 122.980495804991747, 14.137545635186163 ], [ 122.980497879056372, 14.13754204280086 ], [ 122.980495601575342, 14.137533543125974 ], [ 122.980496916479623, 14.13752711751571 ], [ 122.980495398158951, 14.137521451065787 ], [ 122.980495676030912, 14.137516821648173 ], [ 122.980495953902889, 14.137512192230561 ], [ 122.980496231774865, 14.137507562812948 ], [ 122.980493676421872, 14.137503692555676 ], [ 122.980493954293834, 14.137499063138062 ], [ 122.98049423216581, 14.13749443372045 ], [ 122.980492713845123, 14.137488767270526 ], [ 122.980492991717099, 14.137484137852914 ], [ 122.980491473396413, 14.137478471402989 ], [ 122.98048995507574, 14.137472804953067 ], [ 122.980489473787358, 14.137465342310492 ], [ 122.98049078869164, 14.137458916700227 ], [ 122.980491066563616, 14.137454287282614 ], [ 122.980488511210623, 14.137450417025342 ], [ 122.980488029922256, 14.137442954382767 ], [ 122.980488307794218, 14.137438324965155 ], [ 122.980486789473545, 14.13743265851523 ], [ 122.980485271152858, 14.137426992065306 ], [ 122.980482715799866, 14.137423121808034 ], [ 122.980482993671842, 14.137418492390422 ], [ 122.980481475351155, 14.137412825940498 ], [ 122.980479957030482, 14.137407159490575 ], [ 122.980481271934764, 14.137400733880311 ], [ 122.980479753614077, 14.137395067430386 ], [ 122.980481827678702, 14.137391475045085 ], [ 122.980478513165366, 14.13738477156285 ], [ 122.980480587229991, 14.137381179177547 ], [ 122.980481902134272, 14.137374753567284 ], [ 122.980482180006234, 14.137370124149671 ], [ 122.980483494910516, 14.137363698539406 ], [ 122.980483772782492, 14.137359069121795 ], [ 122.980483291494124, 14.13735160647922 ], [ 122.980482810205743, 14.137344143836645 ], [ 122.980484884270368, 14.137340551451341 ], [ 122.980482606789352, 14.137332051776458 ], [ 122.980482884661313, 14.137327422358844 ], [ 122.980483162533289, 14.13732279294123 ], [ 122.980484477437571, 14.137316367330968 ], [ 122.980484274021165, 14.137304275270779 ], [ 122.98048634808579, 14.137300682885478 ], [ 122.980486625957766, 14.137296053467864 ], [ 122.980488700022377, 14.137292461082561 ], [ 122.980488977894353, 14.137287831664949 ], [ 122.980489255766329, 14.137283202247335 ], [ 122.980489533638291, 14.137278572829723 ], [ 122.980491607702916, 14.13727498044442 ], [ 122.980494718799847, 14.137269591866467 ], [ 122.980496033704128, 14.137263166256202 ], [ 122.980499422673034, 14.137253148260637 ], [ 122.980499700544996, 14.137248518843023 ], [ 122.980502811641927, 14.13724313026507 ], [ 122.980505922738857, 14.137237741687118 ], [ 122.980508274675458, 14.137229519884201 ], [ 122.980510626612045, 14.137221298081286 ], [ 122.980511941516326, 14.137214872471022 ], [ 122.980514015580951, 14.137211280085721 ], [ 122.980517126677881, 14.137205891507767 ], [ 122.980520237774812, 14.137200502929813 ], [ 122.980523626743718, 14.137190484934248 ], [ 122.980525700808329, 14.137186892548945 ], [ 122.980528811905273, 14.137181503970991 ], [ 122.980530126809555, 14.137175078360727 ], [ 122.980530404681517, 14.137170448943115 ], [ 122.980533515778447, 14.137165060365161 ], [ 122.980538700940002, 14.137156079401905 ], [ 122.980542849069252, 14.1371488946313 ], [ 122.98054340481319, 14.137139635796075 ], [ 122.980547830814402, 14.137127821607857 ], [ 122.980550941911332, 14.137122433029903 ], [ 122.980555367912544, 14.137110618841687 ], [ 122.980560553074099, 14.13710163787843 ], [ 122.980564701203335, 14.137094453107826 ], [ 122.98057092339721, 14.137083675951919 ], [ 122.980576108558751, 14.137074694988664 ], [ 122.980582330752625, 14.137063917832757 ], [ 122.980585441849556, 14.137058529254803 ], [ 122.980588552946486, 14.13705314067685 ], [ 122.980593738108041, 14.137044159713595 ], [ 122.980597886237277, 14.137036974942989 ], [ 122.980600997334207, 14.137031586365037 ], [ 122.980604108431152, 14.137026197787083 ], [ 122.980609293592693, 14.137017216823827 ], [ 122.980613441721943, 14.137010032053222 ], [ 122.980617589851178, 14.137002847282618 ], [ 122.98062201585239, 14.1369910330944 ], [ 122.980625126949334, 14.136985644516447 ], [ 122.98062927507857, 14.136978459745842 ], [ 122.980632664047477, 14.136968441750277 ], [ 122.980637849209032, 14.13695946078702 ], [ 122.980640960305962, 14.136954072209067 ], [ 122.980645108435198, 14.136946887438462 ], [ 122.980648219532128, 14.136941498860509 ], [ 122.980653404693683, 14.136932517897254 ], [ 122.980657552822933, 14.136925333126648 ], [ 122.980659626887544, 14.136921740741347 ], [ 122.980663775016794, 14.136914555970742 ], [ 122.980666886113724, 14.136909167392789 ], [ 122.980669997210654, 14.136903778814835 ], [ 122.980672071275279, 14.136900186429532 ], [ 122.98067518237221, 14.136894797851578 ], [ 122.980677256436834, 14.136891205466277 ], [ 122.980680367533765, 14.136885816888324 ], [ 122.980683478630695, 14.13688042831037 ], [ 122.980687348887969, 14.136877872957378 ], [ 122.980691219145243, 14.136875317604387 ], [ 122.980696126434822, 14.136870966058744 ], [ 122.98070207075672, 14.136864818320451 ], [ 122.980709811271268, 14.136859707614468 ], [ 122.980713681528528, 14.136857152261475 ], [ 122.980719625850426, 14.136851004523182 ], [ 122.9807234961077, 14.13684844917019 ], [ 122.980731995782591, 14.136846171689168 ], [ 122.980735866039865, 14.136843616336177 ], [ 122.980739736297124, 14.136841060983185 ], [ 122.98074719893971, 14.136840579694814 ], [ 122.980752865389633, 14.136839061374134 ], [ 122.980758531839555, 14.136837543053453 ], [ 122.980767031514432, 14.136835265572431 ], [ 122.980778364414292, 14.13683222893107 ], [ 122.98078506789652, 14.136828914417737 ], [ 122.980790734346442, 14.136827396097056 ], [ 122.980799234021333, 14.136825118616034 ], [ 122.980806696663905, 14.136824637327665 ], [ 122.980812363113827, 14.136823119006984 ], [ 122.980816992531444, 14.136823396878954 ], [ 122.980823696013672, 14.136820082365622 ], [ 122.980832954848893, 14.136820638109562 ], [ 122.980841454523784, 14.13681836062854 ], [ 122.98085099123098, 14.136814286954868 ], [ 122.980858453873552, 14.136813805666497 ], [ 122.980866953548443, 14.136811528185476 ], [ 122.980875453223319, 14.136809250704454 ], [ 122.980879323480593, 14.136806695351464 ], [ 122.980884989930516, 14.136805177030782 ], [ 122.980889619348133, 14.136805454902753 ], [ 122.980895285798056, 14.136803936582071 ], [ 122.980901711408322, 14.136805251486352 ], [ 122.980908414890564, 14.13680193697302 ], [ 122.980916914565441, 14.136799659491999 ], [ 122.980924377208012, 14.136799178203628 ], [ 122.980932876882903, 14.136796900722606 ], [ 122.980937506300521, 14.136797178594577 ], [ 122.981645985315708, 14.137146346056346 ] ] ] ] } },
{ "type": "Feature", "properties": { "fid": 172, "desc": "\"sabang talisay\" area", "other desc": null, "barangay": "Barangay Bagasbas", "col": "etc", "etc": null, "layer": "bagasbas_etc" }, "geometry": { "type": "MultiPolygon", "coordinates": [ [ [ [ 122.978426329119912, 14.147733894295605 ], [ 122.978428552095679, 14.147696858954703 ], [ 122.97840810927174, 14.147665896896523 ], [ 122.978344557824187, 14.147610046062887 ], [ 122.978340707517219, 14.147550344922289 ], [ 122.978320264693295, 14.147519382864109 ], [ 122.978308118127842, 14.147474051264721 ], [ 122.978258936221494, 14.147426496689571 ], [ 122.978238493397555, 14.147395534631391 ], [ 122.978189311491207, 14.147347980056242 ], [ 122.978160572408783, 14.147331387539271 ], [ 122.978140129584858, 14.147300425481092 ], [ 122.978097020961229, 14.147275536705637 ], [ 122.978084874395776, 14.147230205106247 ], [ 122.978041765772147, 14.147205316330792 ], [ 122.978006953407004, 14.147166058014127 ], [ 122.977978214324594, 14.147149465497156 ], [ 122.977929032418245, 14.147101910922007 ], [ 122.977879850511883, 14.147054356346857 ], [ 122.977851111429473, 14.147037763829886 ], [ 122.977808002805844, 14.147012875054431 ], [ 122.97777926372342, 14.14699628253746 ], [ 122.97775052464101, 14.146979690020489 ], [ 122.977721785558586, 14.146963097503519 ], [ 122.977693046476176, 14.146946504986548 ], [ 122.977649937852547, 14.146921616211094 ], [ 122.977592459687713, 14.146888431177151 ], [ 122.977549351064084, 14.146863542401697 ], [ 122.977514538698941, 14.146824284085032 ], [ 122.977471430075312, 14.146799395309577 ], [ 122.977413951910478, 14.146766210275635 ], [ 122.977385212828054, 14.146749617758665 ], [ 122.977356473745644, 14.146733025241694 ], [ 122.97732773466322, 14.146716432724723 ], [ 122.977298995580796, 14.146699840207754 ], [ 122.977255886957167, 14.146674951432297 ], [ 122.977227147874757, 14.146658358915328 ], [ 122.977184039251128, 14.146633470139871 ], [ 122.977126561086294, 14.146600285105931 ], [ 122.977077379179946, 14.146552730530781 ], [ 122.977048640097522, 14.146536138013811 ], [ 122.977019901015098, 14.14651954549684 ], [ 122.976991161932688, 14.146502952979869 ], [ 122.976948053309059, 14.146478064204414 ], [ 122.97690494468543, 14.146453175428958 ], [ 122.976876205603006, 14.146436582911988 ], [ 122.976833096979391, 14.146411694136532 ], [ 122.976804357896967, 14.146395101619563 ], [ 122.976775618814543, 14.146378509102592 ], [ 122.976746879732133, 14.14636191658562 ], [ 122.976703771108504, 14.146337027810166 ], [ 122.976666735767594, 14.146334804834403 ], [ 122.976623627143965, 14.146309916058948 ], [ 122.976594888061555, 14.146293323541977 ], [ 122.976543483179441, 14.146282804307731 ], [ 122.976514744097017, 14.146266211790762 ], [ 122.976418007615521, 14.146267839121963 ], [ 122.976360529450687, 14.146234654088021 ], [ 122.976309124568573, 14.146224134853775 ], [ 122.976235053886768, 14.146219688902253 ], [ 122.976206314804344, 14.146203096385282 ], [ 122.976140540381024, 14.14618428089255 ], [ 122.976103505040129, 14.146182057916789 ], [ 122.976074765957705, 14.146165465399818 ], [ 122.976015064817105, 14.14616931570678 ], [ 122.975978029476209, 14.146167092731019 ], [ 122.975949290393785, 14.146150500214048 ], [ 122.975906181770156, 14.146125611438594 ], [ 122.975860850170776, 14.146137758004041 ], [ 122.975823814829866, 14.14613553502828 ], [ 122.975786779488956, 14.146133312052518 ], [ 122.975729301324122, 14.146100127018578 ], [ 122.975669600183522, 14.14610397732554 ], [ 122.975640861101112, 14.14608738480857 ], [ 122.975581159960512, 14.146091235115533 ], [ 122.975507089278707, 14.146086789164009 ], [ 122.975455684396593, 14.146076269929763 ], [ 122.975395983255993, 14.146080120236725 ], [ 122.975367244173569, 14.146063527719756 ], [ 122.975324135549954, 14.146038638944299 ], [ 122.975278803950559, 14.146050785509747 ], [ 122.975227399068444, 14.1460402662755 ], [ 122.975190363727549, 14.14603804329974 ], [ 122.97511629304573, 14.146033597348216 ], [ 122.975079257704834, 14.146031374372456 ], [ 122.975019556564234, 14.146035224679418 ], [ 122.97496815168212, 14.146024705445171 ], [ 122.97487971145911, 14.146011963235164 ], [ 122.974828306576995, 14.146001444000918 ], [ 122.97475423589519, 14.145996998049394 ], [ 122.974686238496105, 14.146015217897567 ], [ 122.974655276437929, 14.1460356607215 ], [ 122.974587279038843, 14.146053880569671 ], [ 122.974535874156729, 14.146043361335424 ], [ 122.974439137675233, 14.146044988666626 ], [ 122.974402102334324, 14.146042765690865 ], [ 122.974365066993414, 14.146040542715104 ], [ 122.974268330511919, 14.146042170046305 ], [ 122.974231295171023, 14.146039947070543 ], [ 122.974185963571628, 14.146052093635991 ], [ 122.974120189148309, 14.146033278143259 ], [ 122.974060488007709, 14.146037128450223 ], [ 122.973992490608623, 14.146055348298393 ], [ 122.973910123668333, 14.14606527188808 ], [ 122.973829979703808, 14.146038160136863 ], [ 122.973801240621384, 14.146021567619893 ], [ 122.973764205280474, 14.146019344644131 ], [ 122.973712800398374, 14.146008825409885 ], [ 122.973675765057465, 14.146006602434124 ], [ 122.973616063916865, 14.146010452741086 ], [ 122.973550289493545, 14.145991637248354 ], [ 122.97350495789415, 14.146003783813802 ], [ 122.97343918347083, 14.14598496832107 ], [ 122.97339385187145, 14.145997114886518 ], [ 122.97335681653054, 14.145994891910757 ], [ 122.973282745848735, 14.145990445959235 ], [ 122.973216971425416, 14.145971630466503 ], [ 122.973188232342991, 14.145955037949532 ], [ 122.973157270284815, 14.145975480773465 ], [ 122.973120234943906, 14.145973257797705 ], [ 122.973037868003615, 14.14598318138739 ], [ 122.972986463121501, 14.145972662153143 ], [ 122.972955501063325, 14.145993104977077 ], [ 122.972901873205458, 14.146019621083735 ], [ 122.972856541606063, 14.146031767649182 ], [ 122.972817283289402, 14.146066580014324 ], [ 122.972771951690007, 14.146078726579772 ], [ 122.972740989631831, 14.146099169403705 ], [ 122.97266469597426, 14.146131758793086 ], [ 122.972611068116393, 14.146158274899742 ], [ 122.972534774458822, 14.146190864289123 ], [ 122.972503812400646, 14.146211307113056 ], [ 122.972458480801251, 14.146223453678504 ], [ 122.972396556684899, 14.14626433932637 ], [ 122.972359521343989, 14.146262116350609 ], [ 122.972314189744608, 14.146274262916057 ], [ 122.972260561886728, 14.146300779022713 ], [ 122.972206934028861, 14.146327295129371 ], [ 122.972175971970671, 14.146347737953304 ], [ 122.972077012513409, 14.146386400625408 ], [ 122.972023384655543, 14.146412916732064 ], [ 122.971978053056148, 14.146425063297514 ], [ 122.971932721456767, 14.146437209862961 ], [ 122.971893463140091, 14.146472022228103 ], [ 122.97184813154071, 14.146484168793551 ], [ 122.971780134141625, 14.146502388641723 ], [ 122.97173480254223, 14.146514535207171 ], [ 122.971689470942849, 14.146526681772619 ], [ 122.971658508884673, 14.146547124596552 ], [ 122.971590511485587, 14.146565344444722 ], [ 122.971559549427411, 14.146585787268656 ], [ 122.971468886228621, 14.146610080399551 ], [ 122.971378223029845, 14.146634373530446 ], [ 122.97134118768895, 14.146632150554685 ], [ 122.971295856089554, 14.146644297120133 ], [ 122.971258820748659, 14.146642074144372 ], [ 122.971213489149264, 14.14665422070982 ], [ 122.971153788008664, 14.146658071016782 ], [ 122.971063124809888, 14.146682364147678 ], [ 122.970995127410802, 14.14670058399585 ], [ 122.970904464212026, 14.146724877126745 ], [ 122.970859132612645, 14.146737023692193 ], [ 122.97081380101325, 14.146749170257641 ], [ 122.970768469413869, 14.146761316823088 ], [ 122.970723137814474, 14.146773463388536 ], [ 122.970640770874184, 14.146783386978223 ], [ 122.970558403933893, 14.14679331056791 ], [ 122.970490406534807, 14.146811530416082 ], [ 122.970430705394207, 14.146815380723044 ], [ 122.970393670053312, 14.146813157747284 ], [ 122.970303006854536, 14.146837450878179 ], [ 122.970251601972421, 14.146826931643933 ], [ 122.970191900831821, 14.146830781950895 ], [ 122.970146569232426, 14.146842928516342 ], [ 122.970064202292136, 14.146852852106029 ], [ 122.969990131610331, 14.146848406154506 ], [ 122.969936503752464, 14.146874922261164 ], [ 122.969891172153069, 14.146887068826612 ], [ 122.96985413681216, 14.146884845850849 ], [ 122.969794435671574, 14.146888696157813 ], [ 122.969712068731269, 14.146898619747498 ], [ 122.969675033390374, 14.146896396771737 ], [ 122.969592666450083, 14.146906320361424 ], [ 122.969547334850688, 14.146918466926872 ], [ 122.969471041193117, 14.146951056316253 ], [ 122.969434005852222, 14.146948833340492 ], [ 122.969368231428902, 14.14693001784776 ], [ 122.969316826546788, 14.146919498613514 ], [ 122.969240532889216, 14.146952088002894 ], [ 122.969160388924692, 14.146924976251677 ], [ 122.969115057325297, 14.146937122817125 ], [ 122.969078021984402, 14.146934899841364 ], [ 122.969032690385006, 14.146947046406812 ], [ 122.968944250161996, 14.146934304196803 ], [ 122.968907214821087, 14.146932081221042 ], [ 122.968839217422001, 14.146950301069214 ], [ 122.968773442998682, 14.146931485576483 ], [ 122.968685002775672, 14.146918743366474 ], [ 122.968647967434762, 14.146916520390713 ], [ 122.968596562552648, 14.146906001156466 ], [ 122.968528565153562, 14.146924221004637 ], [ 122.968454494471757, 14.146919775053115 ], [ 122.968335092190557, 14.14692747566704 ], [ 122.968298056849662, 14.146925252691279 ], [ 122.968209616626638, 14.146912510481272 ], [ 122.968172581285742, 14.146910287505509 ], [ 122.968024439922132, 14.146901395602464 ], [ 122.967987404581223, 14.146899172626703 ], [ 122.967927703440623, 14.146903022933666 ], [ 122.967793931618218, 14.146902427289106 ], [ 122.967725934219132, 14.146920647137277 ], [ 122.967637493996122, 14.14690790492727 ], [ 122.967577792855522, 14.146911755234232 ], [ 122.967503722173717, 14.14690730928271 ], [ 122.967398689433736, 14.14692330615512 ], [ 122.967353357834341, 14.146935452720568 ], [ 122.967256621352846, 14.146937080051769 ], [ 122.96721128975345, 14.146949226617217 ], [ 122.96715158861285, 14.146953076924179 ], [ 122.967106257013469, 14.146965223489627 ], [ 122.967077517931045, 14.146948630972657 ], [ 122.96704048259015, 14.146946407996897 ], [ 122.96698078144955, 14.146950258303859 ], [ 122.966935449850155, 14.146962404869306 ], [ 122.966890118250774, 14.146974551434754 ], [ 122.966813824593203, 14.147007140824135 ], [ 122.966782862535027, 14.147027583648068 ], [ 122.966751900476837, 14.147048026472001 ], [ 122.966720938418661, 14.147068469295935 ], [ 122.966689976360485, 14.147088912119866 ], [ 122.966644644761089, 14.147101058685315 ], [ 122.966599313161709, 14.147113205250763 ], [ 122.966537389045342, 14.147154090898628 ], [ 122.966498130728681, 14.147188903263771 ], [ 122.966467168670505, 14.147209346087704 ], [ 122.966427910353843, 14.147244158452846 ], [ 122.966382578754448, 14.147256305018294 ], [ 122.966326727920816, 14.147319856465854 ], [ 122.966287469604154, 14.147354668830996 ], [ 122.966270877087183, 14.147383407913415 ], [ 122.966208952970817, 14.147424293561281 ], [ 122.966169694654155, 14.147459105926423 ], [ 122.966138732595979, 14.147479548750356 ], [ 122.966107770537789, 14.147499991574289 ], [ 122.966054142679923, 14.147526507680945 ], [ 122.966014884363261, 14.147561320046087 ], [ 122.965930294447205, 14.147608278976678 ], [ 122.965899332389029, 14.147628721800611 ], [ 122.965792076673281, 14.147681754013925 ], [ 122.965761114615091, 14.147702196837857 ], [ 122.965690894240254, 14.147757452026934 ], [ 122.965643339665107, 14.147806633933284 ], [ 122.965598008065712, 14.147818780498731 ], [ 122.965564823031769, 14.147876258663569 ], [ 122.965480233115713, 14.147923217594158 ], [ 122.965410012740875, 14.147978472783233 ], [ 122.965354161907243, 14.148042024230794 ], [ 122.965314903590567, 14.148076836595935 ], [ 122.96526734901542, 14.148126018502287 ], [ 122.965182759099363, 14.148172977432877 ], [ 122.965135204524216, 14.148222159339229 ], [ 122.965071057432098, 14.148300080327997 ], [ 122.965031799115437, 14.148334892693141 ], [ 122.964992540798775, 14.148369705058283 ], [ 122.964959355764833, 14.148427183223118 ], [ 122.964891358365747, 14.148445403071291 ], [ 122.964874765848776, 14.148474142153709 ], [ 122.964841580814834, 14.148531620318545 ], [ 122.964802322498173, 14.148566432683687 ], [ 122.964785729981202, 14.148595171766106 ], [ 122.964769137464231, 14.148623910848524 ], [ 122.96475254494726, 14.148652649930941 ], [ 122.964727656171803, 14.14869575855457 ], [ 122.964711063654832, 14.148724497636987 ], [ 122.96473150647877, 14.148755459695167 ], [ 122.96476024556118, 14.148772052212138 ], [ 122.964788984643604, 14.148788644729109 ], [ 122.96485698204269, 14.148770424880937 ], [ 122.964894017383585, 14.148772647856697 ], [ 122.964931052724495, 14.14877487083246 ], [ 122.96496808806539, 14.148777093808221 ], [ 122.965013419664785, 14.148764947242773 ], [ 122.965073120805386, 14.148761096935811 ], [ 122.965118452404766, 14.148748950370361 ], [ 122.965149414462957, 14.14872850754643 ], [ 122.965178153545367, 14.148745100063399 ], [ 122.965215188886276, 14.148747323039162 ], [ 122.965274890026876, 14.148743472732198 ], [ 122.965305852085052, 14.148723029908265 ], [ 122.965351183684433, 14.148710883342817 ], [ 122.965388219025343, 14.14871310631858 ], [ 122.965456216424428, 14.148694886470407 ], [ 122.965493251765324, 14.148697109446168 ], [ 122.965530287106233, 14.148699332421931 ], [ 122.965575618705614, 14.148687185856481 ], [ 122.965627023587729, 14.148697705090729 ], [ 122.965657985645919, 14.148677262266796 ], [ 122.965695020986814, 14.148679485242557 ], [ 122.9657630183859, 14.148661265394384 ], [ 122.965808349985281, 14.148649118828937 ], [ 122.965824942502252, 14.14862037974652 ], [ 122.965864200818928, 14.148585567381376 ], [ 122.96592612493528, 14.148544681733512 ], [ 122.965973679510427, 14.14849549982716 ], [ 122.966043899885278, 14.148440244638085 ], [ 122.966091454460425, 14.148391062731733 ], [ 122.966130712777087, 14.148356250366591 ], [ 122.966186563610719, 14.148292698919031 ], [ 122.96620315612769, 14.148263959836612 ], [ 122.966219748644662, 14.148235220754193 ], [ 122.966281672761028, 14.148194335106329 ], [ 122.966320931077689, 14.148159522741185 ], [ 122.966354116111631, 14.148102044576349 ], [ 122.966385078169807, 14.148081601752416 ], [ 122.966424336486483, 14.148046789387275 ], [ 122.966494556861321, 14.1479915341982 ], [ 122.966511149378292, 14.147962795115781 ], [ 122.966550407694953, 14.147927982750639 ], [ 122.966567000211924, 14.14789924366822 ], [ 122.966606258528586, 14.147864431303079 ], [ 122.966659886386466, 14.147837915196421 ], [ 122.966690848444642, 14.147817472372488 ], [ 122.966721810502818, 14.147797029548554 ], [ 122.966761068819494, 14.147762217183413 ], [ 122.96679203087767, 14.14774177435948 ], [ 122.966822992935846, 14.147721331535546 ], [ 122.966868324535241, 14.147709184970099 ], [ 122.966921952393108, 14.147682668863443 ], [ 122.966952914451284, 14.147662226039509 ], [ 122.966998246050679, 14.147650079474062 ], [ 122.967043577650074, 14.147637932908614 ], [ 122.967088909249455, 14.147625786343166 ], [ 122.967179572448231, 14.147601493212271 ], [ 122.967210534506407, 14.147581050388338 ], [ 122.967247569847316, 14.147583273364098 ], [ 122.967292901446712, 14.147571126798651 ], [ 122.967338233046092, 14.147558980233203 ], [ 122.967383564645488, 14.147546833667755 ], [ 122.967443265786088, 14.147542983360793 ], [ 122.967488597385469, 14.147530836795344 ], [ 122.967556594784554, 14.147512616947173 ], [ 122.96759363012545, 14.147514839922934 ], [ 122.967630665466359, 14.147517062898695 ], [ 122.967719105689369, 14.147529805108704 ], [ 122.967770510571484, 14.14754032434295 ], [ 122.967830211712084, 14.147536474035988 ], [ 122.967895986135403, 14.14755528952872 ], [ 122.967924725217827, 14.147571882045689 ], [ 122.967984426358427, 14.147568031738727 ], [ 122.968021461699323, 14.147570254714488 ], [ 122.968058497040232, 14.14757247769025 ], [ 122.968095532381128, 14.147574700666011 ], [ 122.968146937263242, 14.147585219900257 ], [ 122.968212711686562, 14.147604035392989 ], [ 122.968241450768986, 14.14762062790996 ], [ 122.9682928556511, 14.147631147144207 ], [ 122.968344260533215, 14.147641666378453 ], [ 122.968372999615625, 14.147658258895422 ], [ 122.968410034956534, 14.147660481871185 ], [ 122.968453143580163, 14.14768537064664 ], [ 122.968504548462278, 14.147695889880886 ], [ 122.968547657085907, 14.147720778656343 ], [ 122.968590765709521, 14.147745667431797 ], [ 122.96863387433315, 14.147770556207254 ], [ 122.968676982956779, 14.147795444982709 ], [ 122.968714018297689, 14.147797667958471 ], [ 122.968742757380099, 14.147814260475441 ], [ 122.968785866003728, 14.147839149250897 ], [ 122.968814605086152, 14.147855741767867 ], [ 122.968872083250986, 14.147888926801809 ], [ 122.968937857674305, 14.147907742294541 ], [ 122.968980966297934, 14.147932631069995 ], [ 122.969018001638844, 14.147934854045756 ], [ 122.969098145603368, 14.147961965796974 ], [ 122.969126884685792, 14.147978558313945 ], [ 122.969178289567907, 14.147989077548191 ], [ 122.969215324908802, 14.147991300523952 ], [ 122.969252360249712, 14.147993523499713 ], [ 122.969281099332122, 14.148010116016684 ], [ 122.969355170013927, 14.148014561968207 ], [ 122.969406574896041, 14.148025081202453 ], [ 122.969443610236951, 14.148027304178214 ], [ 122.969503311377551, 14.148023453871252 ], [ 122.969554716259665, 14.148033973105498 ], [ 122.969620490682985, 14.14805278859823 ], [ 122.969680191823585, 14.148048938291268 ], [ 122.969731596705685, 14.148059457525514 ], [ 122.969797371129019, 14.148078273018246 ], [ 122.969826110211429, 14.148094865535215 ], [ 122.969863145552338, 14.148097088510978 ], [ 122.969914550434453, 14.148107607745224 ], [ 122.969943289516863, 14.148124200262194 ], [ 122.969994694398977, 14.14813471949644 ], [ 122.970031729739887, 14.148136942472203 ], [ 122.970074838363516, 14.148161831247657 ], [ 122.970148909045321, 14.148166277199181 ], [ 122.970185944386216, 14.148168500174942 ], [ 122.970229053009845, 14.148193388950398 ], [ 122.970325789491355, 14.148191761619197 ], [ 122.970354528573765, 14.148208354136166 ], [ 122.970405933455879, 14.148218873370412 ], [ 122.970442968796789, 14.148221096346175 ], [ 122.970502669937375, 14.148217246039211 ], [ 122.970568444360708, 14.148236061531943 ], [ 122.970619849242809, 14.148246580766189 ], [ 122.970671254124923, 14.148257100000437 ], [ 122.970802802971576, 14.148294730985899 ], [ 122.970891243194586, 14.148307473195908 ], [ 122.970934351818215, 14.148332361971363 ], [ 122.97101449578274, 14.14835947372258 ], [ 122.971117305546969, 14.148380512191073 ], [ 122.971234484852403, 14.148409846918051 ], [ 122.971351664157837, 14.148439181645029 ], [ 122.971411365298437, 14.148435331338067 ], [ 122.971462770180551, 14.148445850572314 ], [ 122.971522471321151, 14.148442000265351 ], [ 122.971559506662047, 14.148444223241112 ], [ 122.971619207802647, 14.14844037293415 ], [ 122.971687205201732, 14.148422153085978 ], [ 122.971732536801113, 14.14841000652053 ], [ 122.971777868400508, 14.148397859955082 ], [ 122.971823199999903, 14.148385713389635 ], [ 122.97187682785777, 14.148359197282979 ], [ 122.971953121515341, 14.148326607893598 ], [ 122.971990156856236, 14.148328830869358 ], [ 122.972021118914427, 14.148308388045425 ], [ 122.972037711431398, 14.148279648963008 ], [ 122.972128374630174, 14.148255355832111 ], [ 122.972173706229555, 14.148243209266663 ], [ 122.972235630345921, 14.148202323618799 ], [ 122.972280961945302, 14.148190177053349 ], [ 122.972379921402563, 14.148151514381246 ], [ 122.972447918801649, 14.148133294533073 ], [ 122.972538582000425, 14.148109001402178 ], [ 122.97258391359982, 14.14809685483673 ], [ 122.972674576798596, 14.148072561705835 ], [ 122.972719908397977, 14.148060415140387 ], [ 122.972765239997372, 14.148048268574939 ], [ 122.972855903196148, 14.148023975444044 ], [ 122.972886865254324, 14.148003532620111 ], [ 122.972917827312514, 14.147983089796178 ], [ 122.972963158911895, 14.14797094323073 ], [ 122.973031156310981, 14.147952723382557 ], [ 122.973105226992786, 14.147957169334081 ], [ 122.973187593933076, 14.147947245744394 ], [ 122.973255591332162, 14.147929025896222 ], [ 122.973337958272452, 14.147919102306536 ], [ 122.973412028954257, 14.147923548258058 ], [ 122.973457360553653, 14.14791140169261 ], [ 122.973502692153033, 14.147899255127163 ], [ 122.973548023752429, 14.147887108561715 ], [ 122.973585059093338, 14.147889331537476 ], [ 122.97365305649241, 14.147871111689305 ], [ 122.973698388091805, 14.147858965123858 ], [ 122.973774681749376, 14.147826375734477 ], [ 122.973820013348757, 14.147814229169029 ], [ 122.973865344948152, 14.14780208260358 ], [ 122.973933342347237, 14.147783862755409 ], [ 122.973970377688133, 14.14778608573117 ], [ 122.974052744628423, 14.147776162141483 ], [ 122.974120742027509, 14.147757942293312 ], [ 122.974188739426594, 14.14773972244514 ], [ 122.97427940262537, 14.147715429314244 ], [ 122.97431643796628, 14.147717652290005 ], [ 122.974384435365351, 14.147699432441835 ], [ 122.974431989940513, 14.147650250535483 ], [ 122.974545318938979, 14.147619884121863 ], [ 122.974590650538374, 14.147607737556415 ], [ 122.97462768587927, 14.147609960532177 ], [ 122.974732718619251, 14.147593963659766 ], [ 122.974852120900451, 14.147586263045842 ], [ 122.97488915624136, 14.147588486021602 ], [ 122.97494885738196, 14.14758463571464 ], [ 122.974985892722856, 14.147586858690401 ], [ 122.975045593863456, 14.147583008383439 ], [ 122.975119664545261, 14.14758745433496 ], [ 122.97515669988617, 14.147589677310723 ], [ 122.97522247430949, 14.147608492803455 ], [ 122.975265582933119, 14.14763338157891 ], [ 122.975319210790985, 14.147606865472254 ], [ 122.975362319414614, 14.147631754247708 ], [ 122.975405428038243, 14.147656643023165 ], [ 122.975493868261253, 14.147669385233172 ], [ 122.975530903602163, 14.147671608208933 ], [ 122.975617120849421, 14.147721385759844 ], [ 122.975750892671826, 14.147721981404406 ], [ 122.975847629153321, 14.147720354073204 ], [ 122.97595651220027, 14.147764058341391 ], [ 122.976096357305408, 14.147787319785646 ], [ 122.976205240352357, 14.147831024053833 ], [ 122.976316346375057, 14.147837692981117 ], [ 122.976441821938977, 14.147852658166887 ], [ 122.976528039186235, 14.147902435717796 ], [ 122.976593813609554, 14.147921251210528 ], [ 122.976690550091064, 14.147919623879327 ], [ 122.976733658714693, 14.147944512654783 ], [ 122.976785063596793, 14.14795503188903 ], [ 122.976890096336788, 14.14793903501662 ], [ 122.976976313584046, 14.147988812567531 ], [ 122.977042088007366, 14.148007628060263 ], [ 122.977085196630995, 14.148032516835718 ], [ 122.977144897771581, 14.148028666528756 ], [ 122.97718800639521, 14.148053555304211 ], [ 122.977231115018839, 14.148078444079667 ], [ 122.977259854101263, 14.148095036596636 ], [ 122.977313481959129, 14.14806852048998 ], [ 122.977342221041553, 14.148085113006951 ], [ 122.977393625923668, 14.148095632241198 ], [ 122.977445030805782, 14.148106151475444 ], [ 122.977482066146678, 14.148108374451205 ], [ 122.977533471028792, 14.148118893685451 ], [ 122.977613614993331, 14.148146005436669 ], [ 122.977665019875431, 14.148156524670915 ], [ 122.977753460098455, 14.148169266880924 ], [ 122.977813161239055, 14.14816541657396 ], [ 122.97789330520358, 14.148192528325177 ], [ 122.977950783368414, 14.148225713359118 ], [ 122.977987818709323, 14.14822793633488 ], [ 122.978024854050219, 14.148230159310641 ], [ 122.978053593132643, 14.148246751827612 ], [ 122.978082332215067, 14.148263344344581 ], [ 122.978111071297477, 14.148279936861552 ], [ 122.978148106638386, 14.148282159837313 ], [ 122.978176845720796, 14.148298752354284 ], [ 122.978219954344425, 14.148323641129739 ], [ 122.978250916402601, 14.148303198305806 ], [ 122.978279655485025, 14.148319790822777 ], [ 122.978308394567449, 14.148336383339748 ], [ 122.978337133649859, 14.148352975856717 ], [ 122.978365872732283, 14.148369568373688 ], [ 122.978402908073178, 14.148371791349449 ], [ 122.978439943414088, 14.148374014325212 ], [ 122.978426329119912, 14.147733894295605 ] ] ] ] } },
{ "type": "Feature", "properties": { "fid": 173, "desc": "dredged by private entity", "other desc": "mas lumalim", "barangay": "Barangay Bagasbas", "col": "issues", "etc": null, "layer": "bagasbas_issues" }, "geometry": { "type": "MultiPolygon", "coordinates": [ [ [ [ 122.968195443398869, 14.147090002782624 ], [ 122.968293925655516, 14.14708834608345 ], [ 122.968340075341089, 14.147075980312469 ], [ 122.968438557597736, 14.147074323613294 ], [ 122.968476261304659, 14.147076586706453 ], [ 122.968522410990246, 14.147064220935471 ], [ 122.968574743561305, 14.147074930007278 ], [ 122.968629339225529, 14.147047935372157 ], [ 122.968690117775253, 14.147044015579825 ], [ 122.968719375503539, 14.147060907537123 ], [ 122.968780154053249, 14.14705698774479 ], [ 122.968826303738823, 14.147044621973809 ], [ 122.968887082288546, 14.147040702181476 ], [ 122.968918603109984, 14.147019890431846 ], [ 122.968956306816906, 14.147022153525004 ], [ 122.96901708536663, 14.147018233732672 ], [ 122.969109384737777, 14.146993502190709 ], [ 122.969155534423365, 14.146981136419727 ], [ 122.969214049879923, 14.147014920334325 ], [ 122.969260199565497, 14.147002554563343 ], [ 122.96929790327242, 14.147004817656502 ], [ 122.969358681822143, 14.147000897864169 ], [ 122.969396385529066, 14.147003160957327 ], [ 122.969448718100139, 14.147013870029134 ], [ 122.969494867785713, 14.147001504258153 ], [ 122.969561829220922, 14.147020659308609 ], [ 122.969599532927845, 14.147022922401767 ], [ 122.969637236634782, 14.147025185494925 ], [ 122.96968956920584, 14.147035894566732 ], [ 122.969727272912777, 14.147038157659891 ], [ 122.96975653064105, 14.147055049617189 ], [ 122.969794234347987, 14.147057312710347 ], [ 122.969831938054909, 14.147059575803505 ], [ 122.969869641761832, 14.147061838896663 ], [ 122.969921974332905, 14.14707254796847 ], [ 122.969968124018479, 14.147060182197489 ], [ 122.969997381746765, 14.147077074154787 ], [ 122.970035085453688, 14.147079337247947 ], [ 122.970095864003412, 14.147075417455614 ], [ 122.970125121731684, 14.147092309412912 ], [ 122.970171271417257, 14.147079943641931 ], [ 122.97022360398833, 14.147090652713738 ], [ 122.970261307695253, 14.147092915806896 ], [ 122.970290565423539, 14.147109807764194 ], [ 122.970336715109113, 14.147097441993212 ], [ 122.970412122522973, 14.147101968179529 ], [ 122.970458272208546, 14.147089602408547 ], [ 122.970527496736921, 14.147071053752075 ], [ 122.97058827528663, 14.147067133959743 ], [ 122.970634424972204, 14.147054768188761 ], [ 122.970672128679141, 14.147057031281919 ], [ 122.970709832386063, 14.147059294375078 ], [ 122.970755982071637, 14.147046928604096 ], [ 122.970802131757225, 14.147034562833115 ], [ 122.970848281442798, 14.147022197062133 ], [ 122.970894431128372, 14.147009831291152 ], [ 122.970940580813945, 14.146997465520171 ], [ 122.970969838542231, 14.147014357477468 ], [ 122.971024434206456, 14.146987362842347 ], [ 122.971085212756179, 14.146983443050015 ], [ 122.971116733577617, 14.146962631300385 ], [ 122.97116288326319, 14.146950265529403 ], [ 122.971269811498487, 14.146933979966089 ], [ 122.97130751520541, 14.146936243059249 ], [ 122.971353664890984, 14.146923877288268 ], [ 122.971399814576571, 14.146911511517287 ], [ 122.971469039104932, 14.146892962860814 ], [ 122.971500559926369, 14.146872151111184 ], [ 122.971538263633292, 14.146874414204342 ], [ 122.97158441331888, 14.146862048433361 ], [ 122.97165363784724, 14.146843499776889 ], [ 122.971699787532813, 14.146831134005907 ], [ 122.971745937218401, 14.146818768234926 ], [ 122.971792086903974, 14.146806402463945 ], [ 122.971846682568199, 14.146779407828824 ], [ 122.971892832253772, 14.146767042057842 ], [ 122.971922089982058, 14.14678393401514 ], [ 122.971968239667632, 14.146771568244159 ], [ 122.972037464195992, 14.146753019587686 ], [ 122.972098242745716, 14.146749099795354 ], [ 122.972144392431289, 14.146736734024373 ], [ 122.972190542116863, 14.146724368253391 ], [ 122.972245137781101, 14.14669737361827 ], [ 122.972305916330811, 14.146693453825938 ], [ 122.972343620037734, 14.146695716919096 ], [ 122.972389769723321, 14.146683351148114 ], [ 122.972435919408895, 14.146670985377133 ], [ 122.972467440230332, 14.146650173627503 ], [ 122.972528218780056, 14.14664625383517 ], [ 122.972559739601493, 14.14662544208554 ], [ 122.972605889287067, 14.146613076314559 ], [ 122.97265203897264, 14.146600710543577 ], [ 122.972729709479651, 14.146567533022965 ], [ 122.972775859165239, 14.146555167251984 ], [ 122.972822008850812, 14.146542801481003 ], [ 122.97285352967225, 14.146521989731372 ], [ 122.972899679357823, 14.146509623960391 ], [ 122.972945829043397, 14.14649725818941 ], [ 122.972991978728984, 14.146484892418428 ], [ 122.973029682435907, 14.146487155511586 ], [ 122.973098906964267, 14.146468606855114 ], [ 122.973145056649855, 14.146456241084133 ], [ 122.973191206335429, 14.146443875313151 ], [ 122.973245801999653, 14.14641688067803 ], [ 122.973329655392163, 14.146406778000207 ], [ 122.973375805077737, 14.146394412229226 ], [ 122.97342195476331, 14.146382046458244 ], [ 122.973491179291685, 14.146363497801774 ], [ 122.973537328977258, 14.146351132030793 ], [ 122.973629628348405, 14.14632640048883 ], [ 122.973713481740916, 14.146316297811007 ], [ 122.973791152247927, 14.146283120290395 ], [ 122.973837301933514, 14.146270754519414 ], [ 122.973883451619088, 14.146258388748432 ], [ 122.973958859032948, 14.146262914934749 ], [ 122.974036529539958, 14.146229737414137 ], [ 122.974126565817954, 14.146242709579102 ], [ 122.974172715503528, 14.146230343808121 ], [ 122.974265014874689, 14.146205612266158 ], [ 122.974325793424399, 14.146201692473825 ], [ 122.974401200838258, 14.146206218660142 ], [ 122.974438904545181, 14.1462084817533 ], [ 122.974476608252118, 14.146210744846458 ], [ 122.974522757937692, 14.146198379075477 ], [ 122.974598165351551, 14.146202905261793 ], [ 122.974673572765411, 14.14620743144811 ], [ 122.974734351315121, 14.146203511655777 ], [ 122.974786683886194, 14.146214220727584 ], [ 122.974893612121491, 14.146197935164272 ], [ 122.974960573556686, 14.146217090214728 ], [ 122.97502979808506, 14.146198541558256 ], [ 122.97509057663477, 14.146194621765924 ], [ 122.975128280341707, 14.146196884859082 ], [ 122.975212133734203, 14.146186782181259 ], [ 122.975272912283927, 14.146182862388926 ], [ 122.975339873719136, 14.146202017439382 ], [ 122.97538602340471, 14.146189651668401 ], [ 122.975423727111632, 14.146191914761559 ], [ 122.975545284211066, 14.146184075176894 ], [ 122.975612245646275, 14.14620323022735 ], [ 122.975658395331862, 14.146190864456369 ], [ 122.975725356767072, 14.146210019506825 ], [ 122.975779952431296, 14.146183024871704 ], [ 122.975823839023704, 14.146208362807652 ], [ 122.97585309675199, 14.14622525476495 ], [ 122.975934687051335, 14.146252855794055 ], [ 122.975987019622409, 14.146263564865862 ], [ 122.976039352193467, 14.146274273937669 ], [ 122.976097867650026, 14.146308057852265 ], [ 122.976141754242448, 14.146333395788211 ], [ 122.976171011970735, 14.146350287745509 ], [ 122.976214898563143, 14.146375625681456 ], [ 122.976244156291429, 14.146392517638754 ], [ 122.976288042883851, 14.1464178555747 ], [ 122.97633192947626, 14.146443193510647 ], [ 122.976375816068682, 14.146468531446596 ], [ 122.976405073796968, 14.146485423403893 ], [ 122.97642588554659, 14.146516944225331 ], [ 122.976455143274876, 14.146533836182629 ], [ 122.976475955024497, 14.146565357004066 ], [ 122.976496766774133, 14.146596877825504 ], [ 122.976517578523769, 14.146628398646941 ], [ 122.976529944294739, 14.146674548332518 ], [ 122.976550756044375, 14.146706069153955 ], [ 122.976571567794011, 14.146737589975393 ], [ 122.976583933564982, 14.14678373966097 ], [ 122.976604745314617, 14.146815260482409 ], [ 122.976617111085602, 14.146861410167986 ], [ 122.976637922835224, 14.146892930989424 ], [ 122.976635659742072, 14.146930634696352 ], [ 122.976639579534407, 14.146991413246068 ], [ 122.97662660736944, 14.147081449524064 ], [ 122.976605189225822, 14.1471861146662 ], [ 122.976579851289884, 14.147230001258619 ], [ 122.976577588196719, 14.147267704965547 ], [ 122.976575325103553, 14.147305408672477 ], [ 122.976558433146266, 14.147334666400756 ], [ 122.976533095210314, 14.147378552993175 ], [ 122.976516203253013, 14.147407810721454 ], [ 122.976499311295726, 14.147437068449733 ], [ 122.976459344495638, 14.147472509063503 ], [ 122.9764278236742, 14.147493320813133 ], [ 122.976396302852763, 14.147514132562764 ], [ 122.976347890074024, 14.147564202040673 ], [ 122.976307923273936, 14.147599642654443 ], [ 122.976276402452498, 14.147620454404073 ], [ 122.976190285966837, 14.147668260788825 ], [ 122.976158765145399, 14.147689072538455 ], [ 122.976104169481175, 14.147716067173576 ], [ 122.976018052995514, 14.147763873558327 ], [ 122.975948828467139, 14.147782422214799 ], [ 122.975894232802915, 14.14780941684992 ], [ 122.975848083117342, 14.147821782620902 ], [ 122.975778858588967, 14.147840331277374 ], [ 122.975718080039258, 14.147844251069706 ], [ 122.975671930353684, 14.147856616840688 ], [ 122.975619597782611, 14.147845907768881 ], [ 122.975565002118387, 14.147872902404002 ], [ 122.975512669547314, 14.147862193332195 ], [ 122.975422633269318, 14.147849221167228 ], [ 122.975315705034021, 14.147865506730541 ], [ 122.975254926484311, 14.147869426522874 ], [ 122.975217222777374, 14.147867163429716 ], [ 122.975164890206315, 14.147856454357909 ], [ 122.975104111656591, 14.147860374150241 ], [ 122.975034887128231, 14.147878922806713 ], [ 122.974944850850235, 14.147865950641748 ], [ 122.974877889415026, 14.147846795591292 ], [ 122.974823293750802, 14.147873790226413 ], [ 122.974770961179729, 14.147863081154606 ], [ 122.974733257472806, 14.147860818061448 ], [ 122.974695553765869, 14.147858554968289 ], [ 122.974657850058946, 14.147856291875131 ], [ 122.974628592330674, 14.147839399917833 ], [ 122.974590888623737, 14.147837136824675 ], [ 122.974553184916815, 14.147834873731517 ], [ 122.974492406367091, 14.147838793523849 ], [ 122.974410816067746, 14.147811192494743 ], [ 122.974373112360823, 14.147808929401585 ], [ 122.974312333811099, 14.147812849193917 ], [ 122.974268447218677, 14.14778751125797 ], [ 122.974230743511754, 14.147785248164812 ], [ 122.974169964962044, 14.147789167957145 ], [ 122.974132261255107, 14.147786904863986 ], [ 122.974073745798549, 14.147753120949391 ], [ 122.974027596112975, 14.147765486720372 ], [ 122.973989892406053, 14.147763223627214 ], [ 122.973952188699116, 14.147760960534056 ], [ 122.973891410149406, 14.147764880326388 ], [ 122.973839077578333, 14.147754171254581 ], [ 122.973778299028609, 14.147758091046914 ], [ 122.973740595321686, 14.147755827953755 ], [ 122.973702891614764, 14.147753564860597 ], [ 122.973665187907827, 14.147751301767439 ], [ 122.973604409358117, 14.14775522155977 ], [ 122.97356670565118, 14.147752958466612 ], [ 122.973505927101471, 14.147756878258944 ], [ 122.973459777415897, 14.147769244029925 ], [ 122.973384370002037, 14.147764717843609 ], [ 122.973338220316464, 14.14777708361459 ], [ 122.973306699495026, 14.147797895364221 ], [ 122.973268995788089, 14.147795632271063 ], [ 122.973222846102516, 14.147807998042044 ], [ 122.973185142395593, 14.147805734948886 ], [ 122.973153621574156, 14.147826546698516 ], [ 122.973084397045781, 14.147845095354988 ], [ 122.973029801381557, 14.147872089990109 ], [ 122.972983651695984, 14.147884455761091 ], [ 122.97292287314626, 14.147888375553423 ], [ 122.9728536486179, 14.147906924209895 ], [ 122.972815944910963, 14.147904661116737 ], [ 122.972732091518466, 14.14791476379456 ], [ 122.972700570697029, 14.14793557554419 ], [ 122.972662866990092, 14.147933312451032 ], [ 122.972593642461732, 14.147951861107504 ], [ 122.972555938754809, 14.147949598014346 ], [ 122.972518235047872, 14.147947334921188 ], [ 122.972480531340949, 14.14794507182803 ], [ 122.972442827634012, 14.147942808734872 ], [ 122.972396677948439, 14.147955174505853 ], [ 122.972367420220166, 14.147938282548555 ], [ 122.972321270534579, 14.147950648319537 ], [ 122.972260491984869, 14.147954568111869 ], [ 122.972208159413796, 14.14794385904006 ], [ 122.972170455706873, 14.147941595946902 ], [ 122.972132751999951, 14.147939332853744 ], [ 122.972071973450227, 14.147943252646076 ], [ 122.972005012015018, 14.14792409759562 ], [ 122.971967308308095, 14.147921834502462 ], [ 122.971929604601158, 14.147919571409304 ], [ 122.971891900894235, 14.147917308316146 ], [ 122.971862643165949, 14.147900416358848 ], [ 122.97181031059489, 14.147889707287041 ], [ 122.97173490318103, 14.147885181100724 ], [ 122.971682570609957, 14.147874472028917 ], [ 122.971630238038898, 14.14786376295711 ], [ 122.971600980310612, 14.147846870999812 ], [ 122.971563276603689, 14.147844607906654 ], [ 122.971487869189829, 14.147840081720338 ], [ 122.971435536618756, 14.147829372648529 ], [ 122.971374758069047, 14.147833292440861 ], [ 122.97134550034076, 14.147816400483563 ], [ 122.971316242612488, 14.147799508526266 ], [ 122.971278538905565, 14.147797245433107 ], [ 122.971217760355842, 14.14780116522544 ], [ 122.971156981806132, 14.147805085017772 ], [ 122.971119278099195, 14.147802821924614 ], [ 122.971081574392272, 14.147800558831456 ], [ 122.971035424706699, 14.147812924602437 ], [ 122.971006166978412, 14.14779603264514 ], [ 122.970945388428689, 14.147799952437472 ], [ 122.970907684721766, 14.147797689344314 ], [ 122.970846906172056, 14.147801609136646 ], [ 122.970809202465119, 14.147799346043488 ], [ 122.970763052779546, 14.14781171181447 ], [ 122.970693828251186, 14.147830260470942 ], [ 122.970633049701462, 14.147834180263274 ], [ 122.970595345994539, 14.147831917170116 ], [ 122.970557642287602, 14.147829654076958 ], [ 122.970505309716543, 14.147818945005151 ], [ 122.970421456324033, 14.147829047682972 ], [ 122.970354494888824, 14.147809892632516 ], [ 122.97030834520325, 14.147822258403497 ], [ 122.970279087474964, 14.1478053664462 ], [ 122.97022449181074, 14.147832361081321 ], [ 122.970172159239681, 14.147821652009513 ], [ 122.970134455532744, 14.147819388916355 ], [ 122.970105197804472, 14.147802496959057 ], [ 122.970052865233399, 14.14779178788725 ], [ 122.970015161526476, 14.147789524794092 ], [ 122.969977457819539, 14.147787261700934 ], [ 122.969939754112616, 14.147784998607776 ], [ 122.969902050405679, 14.147782735514618 ], [ 122.96984971783462, 14.14777202644281 ], [ 122.969812014127683, 14.147769763349652 ], [ 122.969782756399411, 14.147752871392354 ], [ 122.969713531871051, 14.147771420048826 ], [ 122.969684274142764, 14.147754528091529 ], [ 122.969646570435842, 14.14775226499837 ], [ 122.969608866728905, 14.14775000190521 ], [ 122.969548088179195, 14.147753921697543 ], [ 122.969510384472258, 14.147751658604385 ], [ 122.969472680765335, 14.147749395511227 ], [ 122.969382644487339, 14.147736423346261 ], [ 122.969344940780417, 14.147734160253103 ], [ 122.969292608209344, 14.147723451181296 ], [ 122.969254904502421, 14.147721188088138 ], [ 122.969217200795484, 14.14771892499498 ], [ 122.96917105110991, 14.147731290765961 ], [ 122.969141793381624, 14.147714398808663 ], [ 122.969089460810565, 14.147703689736856 ], [ 122.969028682260841, 14.147707609529188 ], [ 122.968999424532569, 14.147690717571891 ], [ 122.968947091961496, 14.147680008500084 ], [ 122.968900942275923, 14.147692374271065 ], [ 122.968863238568986, 14.147690111177907 ], [ 122.968833980840714, 14.147673219220609 ], [ 122.968781648269641, 14.1476625101488 ], [ 122.968729315698582, 14.147651801076993 ], [ 122.968691611991645, 14.147649537983835 ], [ 122.968653908284722, 14.147647274890677 ], [ 122.968616204577799, 14.147645011797518 ], [ 122.968555426028075, 14.147648931589851 ], [ 122.968488464592866, 14.147629776539395 ], [ 122.968450760885943, 14.147627513446237 ], [ 122.968413057179006, 14.147625250353078 ], [ 122.968381536357569, 14.147646062102709 ], [ 122.968352278629297, 14.147629170145411 ], [ 122.968306128943723, 14.147641535916392 ], [ 122.968245350394, 14.147645455708725 ], [ 122.968193017822927, 14.147634746636918 ], [ 122.968163760094654, 14.14761785467962 ], [ 122.968117610409081, 14.147630220450601 ], [ 122.968079906702144, 14.147627957357443 ], [ 122.968050648973872, 14.147611065400145 ], [ 122.967981424445497, 14.147629614056617 ], [ 122.967943720738575, 14.147627350963459 ], [ 122.967906017031652, 14.147625087870301 ], [ 122.967868313324715, 14.147622824777143 ], [ 122.967830609617792, 14.147620561683983 ], [ 122.967792905910855, 14.147618298590825 ], [ 122.967746756225282, 14.147630664361806 ], [ 122.967717498497009, 14.147613772404508 ], [ 122.967679794790072, 14.14761150931135 ], [ 122.96764209108315, 14.147609246218192 ], [ 122.967604387376227, 14.147606983125034 ], [ 122.967552054805154, 14.147596274053226 ], [ 122.967514351098231, 14.147594010960068 ], [ 122.967476647391294, 14.14759174786691 ], [ 122.968195443398869, 14.147090002782624 ] ] ] ] } },
{ "type": "Feature", "properties": { "fid": 174, "desc": "flood-prone", "other desc": null, "barangay": "Barangay Bagasbas", "col": "flood-prone", "etc": null, "layer": "bagasbas_flood-prone" }, "geometry": { "type": "MultiPolygon", "coordinates": [ [ [ [ 122.97373576906412, 14.132832614737671 ], [ 122.973769552978723, 14.132849506694969 ], [ 122.97378644493601, 14.132857952673618 ], [ 122.973803336893312, 14.132866398652267 ], [ 122.973845566786565, 14.132883290609564 ], [ 122.973870904722503, 14.132883290609564 ], [ 122.973896242658455, 14.132900182566862 ], [ 122.973913134615756, 14.132908628545511 ], [ 122.973938472551694, 14.13291707452416 ], [ 122.973955364508996, 14.132925520502809 ], [ 122.973989148423598, 14.132933966481458 ], [ 122.974006040380885, 14.132933966481458 ], [ 122.974039824295488, 14.132933966481458 ], [ 122.97405671625279, 14.132950858438756 ], [ 122.974082054188727, 14.132959304417405 ], [ 122.974107392124679, 14.132967750396054 ], [ 122.974124284081981, 14.132976196374702 ], [ 122.974141176039268, 14.132993088332 ], [ 122.97416651397522, 14.133001534310649 ], [ 122.974183405932521, 14.133009980289298 ], [ 122.974200297889823, 14.133026872246596 ], [ 122.974225635825761, 14.133043764203894 ], [ 122.974259419740363, 14.13306910213984 ], [ 122.97427631169765, 14.133077548118489 ], [ 122.974310095612253, 14.133102886054438 ], [ 122.974335433548205, 14.133128223990385 ], [ 122.974360771484143, 14.133153561926331 ], [ 122.974386109420095, 14.133178899862278 ], [ 122.974411447356033, 14.133204237798225 ], [ 122.974428339313334, 14.133221129755523 ], [ 122.974462123227937, 14.133246467691469 ], [ 122.974479015185238, 14.133271805627416 ], [ 122.974495907142526, 14.133280251606065 ], [ 122.974529691057128, 14.133305589542012 ], [ 122.974555028993066, 14.133322481499309 ], [ 122.974580366929018, 14.133339373456607 ], [ 122.97459725888632, 14.133356265413905 ], [ 122.974614150843621, 14.133364711392556 ], [ 122.974631042800908, 14.133381603349854 ], [ 122.97464793475821, 14.133398495307151 ], [ 122.974664826715511, 14.133415387264449 ], [ 122.974690164651449, 14.133432279221747 ], [ 122.97470705660875, 14.133440725200396 ], [ 122.974732394544702, 14.133466063136343 ], [ 122.974749286502004, 14.13348295509364 ], [ 122.974766178459291, 14.133499847050938 ], [ 122.974783070416592, 14.133508293029587 ], [ 122.974799962373893, 14.133508293029587 ], [ 122.974825300309845, 14.133516739008236 ], [ 122.974842192267133, 14.133525184986885 ], [ 122.974859084224434, 14.133533630965534 ], [ 122.974867530203085, 14.133550522922832 ], [ 122.974875976181735, 14.13356741488013 ], [ 122.974892868139037, 14.133584306837427 ], [ 122.974909760096324, 14.133592752816076 ], [ 122.974918206074975, 14.133618090752023 ], [ 122.974926652053625, 14.133634982709323 ], [ 122.974926652053625, 14.13365187466662 ], [ 122.974926652053625, 14.133677212602567 ], [ 122.974926652053625, 14.133694104559865 ], [ 122.974926652053625, 14.133710996517163 ], [ 122.974926652053625, 14.133727888474461 ], [ 122.974926652053625, 14.133744780431758 ], [ 122.974901314117673, 14.133753226410407 ], [ 122.974884422160386, 14.133753226410407 ], [ 122.974867530203085, 14.133761672389056 ], [ 122.974850638245783, 14.133770118367705 ], [ 122.974825300309845, 14.133770118367705 ], [ 122.974799962373893, 14.133787010325003 ], [ 122.974783070416592, 14.133795456303652 ], [ 122.974740840523353, 14.133803902282301 ], [ 122.974715502587401, 14.133803902282301 ], [ 122.974690164651449, 14.13381234826095 ], [ 122.97464793475821, 14.133829240218247 ], [ 122.974622596822257, 14.133829240218247 ], [ 122.97460570486497, 14.133837686196896 ], [ 122.974580366929018, 14.133846132175545 ], [ 122.974563474971717, 14.133854578154194 ], [ 122.974538137035779, 14.133854578154194 ], [ 122.974521245078478, 14.133863024132843 ], [ 122.974504353121176, 14.133863024132843 ], [ 122.974487461163875, 14.133871470111492 ], [ 122.974462123227937, 14.133879916090141 ], [ 122.974445231270636, 14.133879916090141 ], [ 122.974411447356033, 14.133879916090141 ], [ 122.974386109420095, 14.13388836206879 ], [ 122.974352325505492, 14.13388836206879 ], [ 122.974310095612253, 14.13388836206879 ], [ 122.974293203654952, 14.13388836206879 ], [ 122.974267865719014, 14.13388836206879 ], [ 122.974242527783062, 14.13388836206879 ], [ 122.974225635825761, 14.133896808047441 ], [ 122.974200297889823, 14.133896808047441 ], [ 122.974174959953871, 14.133905254026089 ], [ 122.974149622017919, 14.133905254026089 ], [ 122.97411583810333, 14.133905254026089 ], [ 122.974098946146029, 14.133905254026089 ], [ 122.974073608210077, 14.133905254026089 ], [ 122.97405671625279, 14.133905254026089 ], [ 122.974031378316838, 14.133905254026089 ], [ 122.974006040380885, 14.133905254026089 ], [ 122.973989148423598, 14.133905254026089 ], [ 122.973963810487646, 14.133905254026089 ], [ 122.973946918530345, 14.133905254026089 ], [ 122.973930026573044, 14.133905254026089 ], [ 122.973904688637106, 14.133905254026089 ], [ 122.973887796679804, 14.133905254026089 ], [ 122.973854012765202, 14.133905254026089 ], [ 122.973828674829264, 14.133905254026089 ], [ 122.973811782871962, 14.133896808047441 ], [ 122.973794890914661, 14.133896808047441 ], [ 122.973777998957374, 14.133896808047441 ], [ 122.973761107000072, 14.13388836206879 ], [ 122.973744215042771, 14.133871470111492 ], [ 122.973718877106819, 14.133871470111492 ], [ 122.973693539170881, 14.133854578154194 ], [ 122.97367664721358, 14.133846132175545 ], [ 122.973634417320341, 14.133829240218247 ], [ 122.973609079384389, 14.133803902282301 ], [ 122.973575295469786, 14.133787010325003 ], [ 122.973558403512499, 14.133770118367705 ], [ 122.973533065576547, 14.133753226410407 ], [ 122.973507727640595, 14.133719442495812 ], [ 122.973482389704657, 14.133710996517163 ], [ 122.973448605790054, 14.133694104559865 ], [ 122.973423267854116, 14.133677212602567 ], [ 122.973406375896815, 14.133660320645269 ], [ 122.973389483939513, 14.133643428687972 ], [ 122.973372591982212, 14.133626536730674 ], [ 122.973347254046274, 14.133601198794725 ], [ 122.973330362088973, 14.133584306837427 ], [ 122.973321916110322, 14.13356741488013 ], [ 122.973313470131671, 14.133550522922832 ], [ 122.973305024153021, 14.133533630965534 ], [ 122.97329657817437, 14.133508293029587 ], [ 122.973288132195734, 14.133491401072289 ], [ 122.973279686217083, 14.133457617157694 ], [ 122.973262794259782, 14.133432279221747 ], [ 122.973254348281131, 14.1334069412858 ], [ 122.97324590230248, 14.133364711392556 ], [ 122.973220564366542, 14.133339373456607 ], [ 122.973212118387892, 14.133297143563363 ], [ 122.973203672409241, 14.133263359648767 ], [ 122.97319522643059, 14.133229575734171 ], [ 122.97319522643059, 14.133170453883629 ], [ 122.973178334473289, 14.133136669969034 ], [ 122.973178334473289, 14.133111332033087 ], [ 122.973178334473289, 14.133085994097138 ], [ 122.973169888494638, 14.133060656161192 ], [ 122.973169888494638, 14.133026872246596 ], [ 122.973169888494638, 14.133009980289298 ], [ 122.973169888494638, 14.132984642353351 ], [ 122.973169888494638, 14.132950858438756 ], [ 122.973169888494638, 14.132925520502809 ], [ 122.973169888494638, 14.132891736588213 ], [ 122.973169888494638, 14.132874844630916 ], [ 122.973169888494638, 14.132857952673618 ], [ 122.973169888494638, 14.13284106071632 ], [ 122.973178334473289, 14.132807276801723 ], [ 122.97319522643059, 14.132790384844425 ], [ 122.973203672409241, 14.132773492887127 ], [ 122.973220564366542, 14.132765046908478 ], [ 122.97323745632383, 14.132756600929829 ], [ 122.973254348281131, 14.132756600929829 ], [ 122.973279686217083, 14.132739708972531 ], [ 122.97373576906412, 14.132832614737671 ] ] ] ] } },
{ "type": "Feature", "properties": { "fid": 175, "desc": "flood-prone", "other desc": "", "barangay": "Barangay Awitan", "col": "flood-prone", "etc": null, "layer": "awitan_flood-prone" }, "geometry": { "type": "MultiPolygon", "coordinates": [ [ [ [ 122.970737446643682, 14.14329718228373 ], [ 122.970754338600983, 14.143330966198326 ], [ 122.970737446643682, 14.143364750112921 ], [ 122.97072055468638, 14.143398534027517 ], [ 122.970686770771792, 14.143432317942114 ], [ 122.970652986857189, 14.143482993814008 ], [ 122.970619202942601, 14.143533669685901 ], [ 122.970602310985299, 14.143567453600497 ], [ 122.970585419027998, 14.14361812947239 ], [ 122.970568527070711, 14.143668805344285 ], [ 122.970534743156108, 14.143702589258881 ], [ 122.970517851198807, 14.143736373173477 ], [ 122.970500959241519, 14.143770157088072 ], [ 122.970467175326917, 14.143803941002668 ], [ 122.970450283369615, 14.143854616874561 ], [ 122.970416499455027, 14.143871508831859 ], [ 122.970382715540424, 14.143905292746455 ], [ 122.970365823583123, 14.14395596861835 ], [ 122.970332039668534, 14.143972860575648 ], [ 122.970315147711233, 14.144006644490243 ], [ 122.970281363796644, 14.144023536447541 ], [ 122.970247579882042, 14.144040428404839 ], [ 122.97023068792474, 14.144074212319435 ], [ 122.970196904010152, 14.144091104276733 ], [ 122.970163120095549, 14.14410799623403 ], [ 122.97012933618096, 14.144124888191328 ], [ 122.970095552266358, 14.144141780148626 ], [ 122.970061768351769, 14.144158672105924 ], [ 122.970027984437166, 14.144175564063222 ], [ 122.969994200522578, 14.144175564063222 ], [ 122.969960416607975, 14.144192456020519 ], [ 122.969909740736085, 14.144226239935117 ], [ 122.969875956821483, 14.144226239935117 ], [ 122.969825280949593, 14.144243131892415 ], [ 122.969791497035004, 14.144260023849712 ], [ 122.969757713120401, 14.14427691580701 ], [ 122.969707037248511, 14.14427691580701 ], [ 122.969673253333909, 14.14427691580701 ], [ 122.96963946941932, 14.144293807764308 ], [ 122.969605685504717, 14.144293807764308 ], [ 122.969571901590129, 14.144293807764308 ], [ 122.969538117675526, 14.144293807764308 ], [ 122.969504333760938, 14.144310699721606 ], [ 122.969436765931746, 14.144310699721606 ], [ 122.969386090059842, 14.144310699721606 ], [ 122.969352306145254, 14.144310699721606 ], [ 122.969318522230651, 14.144310699721606 ], [ 122.969284738316063, 14.144310699721606 ], [ 122.96925095440146, 14.144310699721606 ], [ 122.969217170486871, 14.144310699721606 ], [ 122.969166494614981, 14.144310699721606 ], [ 122.969132710700379, 14.144310699721606 ], [ 122.96909892678579, 14.144293807764308 ], [ 122.969048250913886, 14.144293807764308 ], [ 122.969014466999297, 14.144293807764308 ], [ 122.968980683084695, 14.144293807764308 ], [ 122.968930007212805, 14.144293807764308 ], [ 122.968879331340915, 14.144293807764308 ], [ 122.968845547426312, 14.144293807764308 ], [ 122.968811763511724, 14.144293807764308 ], [ 122.96876108763982, 14.144293807764308 ], [ 122.967612434543568, 14.143770157088072 ], [ 122.967561758671678, 14.143736373173477 ], [ 122.967527974757076, 14.143702589258881 ], [ 122.967494190842487, 14.143668805344285 ], [ 122.967460406927884, 14.143635021429688 ], [ 122.967443514970583, 14.143601237515092 ], [ 122.967409731055994, 14.143550561643199 ], [ 122.967207027568421, 14.142874883351283 ], [ 122.967207027568421, 14.142841099436685 ], [ 122.967207027568421, 14.14280731552209 ], [ 122.967207027568421, 14.142773531607494 ], [ 122.967207027568421, 14.142722855735601 ], [ 122.967207027568421, 14.142689071821005 ], [ 122.967207027568421, 14.142621503991814 ], [ 122.967207027568421, 14.142570828119919 ], [ 122.967207027568421, 14.142537044205323 ], [ 122.96725770344031, 14.142469476376132 ], [ 122.967274595397612, 14.142435692461536 ], [ 122.967291487354913, 14.142385016589643 ], [ 122.9673083793122, 14.142351232675047 ], [ 122.9673083793122, 14.142317448760449 ], [ 122.967325271269502, 14.142249880931258 ], [ 122.967342163226803, 14.142216097016663 ], [ 122.967359055184104, 14.142148529187471 ], [ 122.967359055184104, 14.142114745272876 ], [ 122.967375947141392, 14.14208096135828 ], [ 122.967409731055994, 14.142030285486385 ], [ 122.967426623013296, 14.141979609614491 ], [ 122.967460406927884, 14.141928933742598 ], [ 122.967477298885186, 14.141878257870705 ], [ 122.967494190842487, 14.141827581998811 ], [ 122.967511082799774, 14.141793798084214 ], [ 122.967527974757076, 14.141760014169618 ], [ 122.967544866714377, 14.141726230255022 ], [ 122.967578650628965, 14.141692446340427 ], [ 122.967595542586267, 14.141641770468533 ], [ 122.967595542586267, 14.141607986553938 ], [ 122.96762932650087, 14.141523526767447 ], [ 122.967646218458157, 14.141489742852851 ], [ 122.967663110415458, 14.141439066980958 ], [ 122.967696894330061, 14.141405283066362 ], [ 122.967713786287348, 14.141371499151766 ], [ 122.967730678244649, 14.141303931322575 ], [ 122.967747570201951, 14.14125325545068 ], [ 122.967764462159252, 14.141202579578787 ], [ 122.967781354116539, 14.141135011749595 ], [ 122.967798246073841, 14.141084335877702 ], [ 122.967815138031142, 14.141050551963106 ], [ 122.967815138031142, 14.141016768048511 ], [ 122.967865813903032, 14.14093230826202 ], [ 122.967882705860333, 14.140898524347424 ], [ 122.967899597817635, 14.140847848475531 ], [ 122.967916489774936, 14.140814064560935 ], [ 122.967933381732223, 14.140780280646339 ], [ 122.967933381732223, 14.140746496731742 ], [ 122.967950273689524, 14.140662036945253 ], [ 122.967950273689524, 14.140611361073359 ], [ 122.967967165646826, 14.140577577158764 ], [ 122.967967165646826, 14.140543793244168 ], [ 122.967967165646826, 14.140493117372275 ], [ 122.967984057604127, 14.140459333457677 ], [ 122.967984057604127, 14.140408657585784 ], [ 122.967984057604127, 14.140374873671188 ], [ 122.967984057604127, 14.140341089756593 ], [ 122.967984057604127, 14.140290413884699 ], [ 122.967984057604127, 14.140239738012806 ], [ 122.967984057604127, 14.140205954098208 ], [ 122.968000949561414, 14.140172170183613 ], [ 122.968000949561414, 14.140138386269017 ], [ 122.968000949561414, 14.140104602354421 ], [ 122.968017841518716, 14.14003703452523 ], [ 122.968017841518716, 14.140003250610635 ], [ 122.968017841518716, 14.139952574738739 ], [ 122.968017841518716, 14.139918790824144 ], [ 122.968034733476017, 14.13986811495225 ], [ 122.968034733476017, 14.139800547123059 ], [ 122.968034733476017, 14.139766763208463 ], [ 122.968051625433318, 14.139699195379272 ], [ 122.968051625433318, 14.139648519507377 ], [ 122.968051625433318, 14.139614735592781 ], [ 122.968068517390606, 14.139564059720888 ], [ 122.968085409347907, 14.139530275806292 ], [ 122.968085409347907, 14.139496491891697 ], [ 122.968085409347907, 14.139462707977101 ], [ 122.968085409347907, 14.139428924062505 ], [ 122.968102301305208, 14.139361356233312 ], [ 122.968102301305208, 14.139327572318717 ], [ 122.96811919326251, 14.139293788404121 ], [ 122.968136085219797, 14.139260004489525 ], [ 122.968136085219797, 14.13922622057493 ], [ 122.968152977177098, 14.139175544703036 ], [ 122.9681698691344, 14.139124868831141 ], [ 122.968186761091701, 14.139091084916545 ], [ 122.968203653048988, 14.139040409044652 ], [ 122.968237436963591, 14.138989733172759 ], [ 122.968254328920892, 14.138922165343567 ], [ 122.968288112835481, 14.13888838142897 ], [ 122.968305004792782, 14.138820813599779 ], [ 122.968338788707371, 14.138787029685183 ], [ 122.968355680664672, 14.138753245770587 ], [ 122.968372572621973, 14.138719461855992 ], [ 122.968372572621973, 14.138668785984098 ], [ 122.968406356536576, 14.1386518940268 ], [ 122.968457032408466, 14.138584326197607 ], [ 122.968490816323055, 14.138533650325714 ], [ 122.968524600237657, 14.138516758368416 ], [ 122.968558384152246, 14.138482974453821 ], [ 122.968625951981437, 14.138415406624629 ], [ 122.968676627853341, 14.138398514667331 ], [ 122.96871041176793, 14.138347838795436 ], [ 122.968744195682532, 14.138330946838138 ], [ 122.968777979597121, 14.138314054880841 ], [ 122.968811763511724, 14.138314054880841 ], [ 122.968862439383614, 14.138314054880841 ], [ 122.968913115255503, 14.138297162923543 ], [ 122.968980683084695, 14.138263379008947 ], [ 122.969031358956599, 14.138263379008947 ], [ 122.969065142871187, 14.138263379008947 ], [ 122.969115818743077, 14.138263379008947 ], [ 122.96914960265768, 14.138263379008947 ], [ 122.96920027852957, 14.138263379008947 ], [ 122.969234062444173, 14.138263379008947 ], [ 122.969267846358761, 14.138263379008947 ], [ 122.969301630273364, 14.138263379008947 ], [ 122.969352306145254, 14.138263379008947 ], [ 122.969386090059842, 14.138263379008947 ], [ 122.969419873974445, 14.138263379008947 ], [ 122.969470549846335, 14.138263379008947 ], [ 122.969521225718239, 14.138263379008947 ], [ 122.969555009632828, 14.138263379008947 ], [ 122.969605685504717, 14.138263379008947 ], [ 122.96963946941932, 14.138263379008947 ], [ 122.969673253333909, 14.138263379008947 ], [ 122.969723929205813, 14.138280270966245 ], [ 122.969757713120401, 14.138297162923543 ], [ 122.969825280949593, 14.138314054880841 ], [ 122.969859064864195, 14.138314054880841 ], [ 122.969892848778784, 14.138347838795436 ], [ 122.969943524650688, 14.138347838795436 ], [ 122.969977308565277, 14.138347838795436 ], [ 122.970027984437166, 14.138364730752736 ], [ 122.970078660309071, 14.138381622710034 ], [ 122.97012933618096, 14.138415406624629 ], [ 122.97018001205285, 14.138432298581927 ], [ 122.97023068792474, 14.138449190539225 ], [ 122.970281363796644, 14.138449190539225 ], [ 122.970332039668534, 14.138482974453821 ], [ 122.970365823583123, 14.138499866411118 ], [ 122.970450283369615, 14.138533650325714 ], [ 122.970484067284218, 14.138550542283012 ], [ 122.970551635113409, 14.138584326197607 ], [ 122.970619202942601, 14.138618110112203 ], [ 122.970703662729093, 14.138668785984098 ], [ 122.970737446643682, 14.138668785984098 ], [ 122.970771230558285, 14.138685677941396 ], [ 122.970805014472873, 14.138702569898694 ], [ 122.970855690344763, 14.138719461855992 ], [ 122.970889474259366, 14.13873635381329 ], [ 122.970923258173954, 14.138787029685183 ], [ 122.970990826003145, 14.138820813599779 ], [ 122.971075285789638, 14.138871489471672 ], [ 122.971159745576131, 14.138939057300865 ], [ 122.971193529490733, 14.138955949258163 ], [ 122.971227313405322, 14.138989733172759 ], [ 122.971277989277212, 14.139023517087354 ], [ 122.971345557106403, 14.13905730100195 ], [ 122.971396232978307, 14.139107976873843 ], [ 122.971430016892896, 14.139124868831141 ], [ 122.971446908850197, 14.139158652745737 ], [ 122.971463800807499, 14.139192436660334 ], [ 122.971497584722087, 14.13922622057493 ], [ 122.97153136863669, 14.139260004489525 ], [ 122.971548260593991, 14.139293788404121 ], [ 122.971565152551278, 14.139327572318717 ], [ 122.971565152551278, 14.139361356233312 ], [ 122.97158204450858, 14.139412032105206 ], [ 122.971598936465881, 14.139445816019803 ], [ 122.971598936465881, 14.139479599934399 ], [ 122.971598936465881, 14.139530275806292 ], [ 122.971598936465881, 14.139580951678186 ], [ 122.971598936465881, 14.139631627550079 ], [ 122.971598936465881, 14.139682303421973 ], [ 122.971598936465881, 14.139749871251166 ], [ 122.971598936465881, 14.139783655165761 ], [ 122.971615828423182, 14.139834331037655 ], [ 122.971615828423182, 14.139885006909548 ], [ 122.971615828423182, 14.139918790824144 ], [ 122.971615828423182, 14.139952574738739 ], [ 122.970737446643682, 14.14329718228373 ] ] ] ] } },
{ "type": "Feature", "properties": { "fid": 176, "desc": "flood-prone", "other desc": null, "barangay": "Barangay Awitan", "col": "flood-prone", "etc": "", "layer": "awita_flood-prone" }, "geometry": { "type": "MultiPolygon", "coordinates": [ [ [ [ 122.968364126643309, 14.146895169188189 ], [ 122.968313450771419, 14.146928953102785 ], [ 122.968245882942213, 14.146962737017381 ], [ 122.968178315113022, 14.146996520931976 ], [ 122.968093855326543, 14.147013412889274 ], [ 122.968009395540051, 14.147030304846574 ], [ 122.967908043796257, 14.147047196803872 ], [ 122.967823584009778, 14.147064088761169 ], [ 122.967756016180587, 14.147097872675765 ], [ 122.967671556394095, 14.147114764633063 ], [ 122.96762088052219, 14.147114764633063 ], [ 122.967536420735712, 14.147131656590361 ], [ 122.967468852906521, 14.147131656590361 ], [ 122.967384393120028, 14.147131656590361 ], [ 122.967316825290837, 14.147148548547658 ], [ 122.967232365504344, 14.147165440504956 ], [ 122.96713101376055, 14.147165440504956 ], [ 122.96708033788866, 14.147165440504956 ], [ 122.966978986144881, 14.147165440504956 ], [ 122.966911418315689, 14.147182332462254 ], [ 122.966843850486498, 14.147199224419552 ], [ 122.966776282657307, 14.14721611637685 ], [ 122.966725606785403, 14.14721611637685 ], [ 122.966674930913513, 14.14721611637685 ], [ 122.96664114699891, 14.147249900291445 ], [ 122.966607363084321, 14.147266792248743 ], [ 122.966556687212432, 14.147283684206041 ], [ 122.966522903297829, 14.147283684206041 ], [ 122.96648911938324, 14.147283684206041 ], [ 122.966455335468638, 14.147300576163341 ], [ 122.966370875682145, 14.147300576163341 ], [ 122.966320199810255, 14.147317468120638 ], [ 122.966269523938365, 14.147334360077936 ], [ 122.966235740023762, 14.147334360077936 ], [ 122.966151280237284, 14.147351252035234 ], [ 122.966117496322681, 14.147351252035234 ], [ 122.966066820450791, 14.147368143992532 ], [ 122.966033036536189, 14.14738503594983 ], [ 122.9659992526216, 14.14738503594983 ], [ 122.965965468706997, 14.14738503594983 ], [ 122.965931684792409, 14.14738503594983 ], [ 122.965881008920505, 14.14738503594983 ], [ 122.965847225005916, 14.14738503594983 ], [ 122.965779657176725, 14.14738503594983 ], [ 122.965728981304835, 14.14738503594983 ], [ 122.965661413475644, 14.14738503594983 ], [ 122.96561073760374, 14.14738503594983 ], [ 122.965576953689151, 14.14738503594983 ], [ 122.96550938585996, 14.14738503594983 ], [ 122.965458709988056, 14.14738503594983 ], [ 122.965424926073467, 14.14738503594983 ], [ 122.965391142158865, 14.14738503594983 ], [ 122.965323574329673, 14.14738503594983 ], [ 122.965272898457783, 14.14738503594983 ], [ 122.965222222585894, 14.14738503594983 ], [ 122.965171546714004, 14.14738503594983 ], [ 122.965103978884812, 14.147368143992532 ], [ 122.96415802927612, 14.146405302426547 ], [ 122.963938433831245, 14.145493136732458 ], [ 122.965779657176725, 14.143618129472392 ], [ 122.965830333048615, 14.143601237515094 ], [ 122.965881008920505, 14.143584345557796 ], [ 122.965948576749696, 14.143567453600497 ], [ 122.9659992526216, 14.143550561643199 ], [ 122.966066820450791, 14.143550561643199 ], [ 122.967401285077329, 14.143364750112923 ], [ 122.967468852906521, 14.143364750112923 ], [ 122.967519528778411, 14.143364750112923 ], [ 122.967587096607602, 14.143364750112923 ], [ 122.96902291297792, 14.143584345557796 ], [ 122.969073588849824, 14.143601237515094 ], [ 122.969158048636302, 14.143651913386988 ], [ 122.969242508422795, 14.143702589258881 ], [ 122.969259400380096, 14.143736373173477 ], [ 122.969293184294685, 14.143753265130774 ], [ 122.969326968209288, 14.143803941002668 ], [ 122.96936075212389, 14.143854616874563 ], [ 122.969428319953082, 14.143939076661052 ], [ 122.96946210386767, 14.143989752532946 ], [ 122.969478995824971, 14.144040428404839 ], [ 122.969495887782273, 14.144107996234032 ], [ 122.969546563654163, 14.144192456020521 ], [ 122.969580347568751, 14.14427691580701 ], [ 122.969614131483354, 14.144327591678904 ], [ 122.969664807355244, 14.144412051465395 ], [ 122.969681699312545, 14.144479619294586 ], [ 122.969698591269847, 14.144564079081075 ], [ 122.969749267141736, 14.144682322782161 ], [ 122.969783051056325, 14.14476678256865 ], [ 122.969783051056325, 14.144817458440544 ], [ 122.969816834970928, 14.144885026269735 ], [ 122.969816834970928, 14.144969486056226 ], [ 122.969816834970928, 14.14502016192812 ], [ 122.969833726928229, 14.145104621714609 ], [ 122.969833726928229, 14.145138405629204 ], [ 122.969850618885516, 14.145205973458397 ], [ 122.969850618885516, 14.145256649330291 ], [ 122.969850618885516, 14.145358001074078 ], [ 122.969850618885516, 14.145425568903269 ], [ 122.969867510842818, 14.145493136732462 ], [ 122.969867510842818, 14.145577596518951 ], [ 122.969884402800119, 14.145678948262738 ], [ 122.969884402800119, 14.145729624134633 ], [ 122.96990129475742, 14.14583097587842 ], [ 122.96990129475742, 14.145915435664909 ], [ 122.969935078672009, 14.146016787408698 ], [ 122.96995197062931, 14.146101247195187 ], [ 122.969968862586612, 14.146168815024378 ], [ 122.969968862586612, 14.146253274810869 ], [ 122.969985754543913, 14.14632084264006 ], [ 122.970036430415803, 14.146439086341145 ], [ 122.970036430415803, 14.14648976221304 ], [ 122.970036430415803, 14.146523546127636 ], [ 122.970053322373104, 14.146557330042231 ], [ 122.970070214330391, 14.146591113956827 ], [ 122.970087106287693, 14.146624897871423 ], [ 122.970087106287693, 14.146658681786018 ], [ 122.970087106287693, 14.146692465700614 ], [ 122.970087106287693, 14.14672624961521 ], [ 122.970087106287693, 14.146760033529807 ], [ 122.970087106287693, 14.146793817444403 ], [ 122.970087106287693, 14.146827601358998 ], [ 122.968364126643309, 14.146895169188189 ] ] ] ] } },
{ "type": "Feature", "properties": { "fid": 177, "desc": "catchbasin", "other desc": null, "barangay": "Barangay Awitan", "col": "flood-prone", "etc": null, "layer": "awitan_flood-prone" }, "geometry": { "type": "MultiPolygon", "coordinates": [ [ [ [ 122.960735144651039, 14.139089134127612 ], [ 122.960735144651039, 14.139080723861348 ], [ 122.960730939517916, 14.139072313595081 ], [ 122.96072252925164, 14.139063903328816 ], [ 122.960714118985379, 14.139059698195682 ], [ 122.960714118985379, 14.139051287929417 ], [ 122.960705708719118, 14.139042877663151 ], [ 122.960697298452843, 14.139038672530019 ], [ 122.960693093319719, 14.139030262263754 ], [ 122.960693093319719, 14.139021851997487 ], [ 122.960684683053444, 14.139009236598088 ], [ 122.960676272787182, 14.139005031464956 ], [ 122.960676272787182, 14.138996621198689 ], [ 122.960667862520921, 14.138988210932425 ], [ 122.960659452254646, 14.138979800666158 ], [ 122.960651041988385, 14.138971390399893 ], [ 122.960646836855261, 14.138962980133627 ], [ 122.960638426588986, 14.138958775000495 ], [ 122.960634221455862, 14.13895036473423 ], [ 122.960625811189587, 14.138941954467963 ], [ 122.960617400923326, 14.138937749334831 ], [ 122.960608990657065, 14.138929339068564 ], [ 122.960600580390789, 14.138925133935432 ], [ 122.960592170124528, 14.1389209288023 ], [ 122.960583759858267, 14.138916723669166 ], [ 122.960575349591991, 14.138908313402901 ], [ 122.960562734192592, 14.138904108269768 ], [ 122.960554323926331, 14.138899903136634 ], [ 122.96054591366007, 14.138895698003502 ], [ 122.960533298260671, 14.13889149287037 ], [ 122.960524887994396, 14.138887287737237 ], [ 122.960516477728135, 14.138883082604103 ], [ 122.960508067461873, 14.138883082604103 ], [ 122.960499657195612, 14.138883082604103 ], [ 122.960491246929337, 14.138883082604103 ], [ 122.960482836663076, 14.138883082604103 ], [ 122.960474426396814, 14.138883082604103 ], [ 122.960461810997415, 14.138883082604103 ], [ 122.96045340073114, 14.138883082604103 ], [ 122.960444990464879, 14.138883082604103 ], [ 122.960436580198618, 14.138883082604103 ], [ 122.960428169932342, 14.138883082604103 ], [ 122.960419759666081, 14.138883082604103 ], [ 122.96041134939982, 14.138883082604103 ], [ 122.960394528867283, 14.138883082604103 ], [ 122.960386118601022, 14.138883082604103 ], [ 122.960373503201623, 14.138883082604103 ], [ 122.960365092935348, 14.138883082604103 ], [ 122.960352477535949, 14.138878877470971 ], [ 122.960339862136564, 14.138878877470971 ], [ 122.960331451870289, 14.138878877470971 ], [ 122.96031883647089, 14.138878877470971 ], [ 122.960306221071491, 14.138878877470971 ], [ 122.96029781080523, 14.138878877470971 ], [ 122.960289400538969, 14.138878877470971 ], [ 122.960280990272693, 14.138878877470971 ], [ 122.960272580006432, 14.138878877470971 ], [ 122.960264169740171, 14.138878877470971 ], [ 122.960251554340772, 14.138874672337838 ], [ 122.960238938941373, 14.138874672337838 ], [ 122.960230528675098, 14.138870467204706 ], [ 122.960222118408836, 14.138870467204706 ], [ 122.960213708142575, 14.138870467204706 ], [ 122.960201092743176, 14.138870467204706 ], [ 122.960192682476915, 14.138870467204706 ], [ 122.96018427221064, 14.138866262071572 ], [ 122.960175861944379, 14.138866262071572 ], [ 122.96016324654498, 14.138866262071572 ], [ 122.960150631145581, 14.138862056938439 ], [ 122.96014222087932, 14.138857851805307 ], [ 122.960133810613044, 14.138857851805307 ], [ 122.960125400346783, 14.138857851805307 ], [ 122.960112784947384, 14.138857851805307 ], [ 122.960100169547985, 14.138853646672175 ], [ 122.960091759281724, 14.13884944153904 ], [ 122.960083349015449, 14.138845236405908 ], [ 122.960074938749187, 14.138845236405908 ], [ 122.960066528482926, 14.138836826139643 ], [ 122.960058118216651, 14.138836826139643 ], [ 122.960045502817252, 14.138832621006509 ], [ 122.960037092550991, 14.138828415873377 ], [ 122.960020272018468, 14.138824210740244 ], [ 122.960011861752193, 14.138820005607112 ], [ 122.960003451485932, 14.138815800473978 ], [ 122.95999504121967, 14.138811595340846 ], [ 122.959982425820272, 14.138807390207713 ], [ 122.959974015553996, 14.138803185074579 ], [ 122.959965605287735, 14.138798979941447 ], [ 122.959952989888336, 14.138786364542048 ], [ 122.9599361693558, 14.138777954275783 ], [ 122.959927759089538, 14.138773749142651 ], [ 122.959919348823277, 14.138765338876384 ], [ 122.959906733423878, 14.138756928610119 ], [ 122.959898323157603, 14.13874431321072 ], [ 122.959885707758218, 14.138735902944454 ], [ 122.959877297491943, 14.138731697811322 ], [ 122.959873092358819, 14.138723287545057 ], [ 122.959864682092544, 14.138719082411923 ], [ 122.95986047695942, 14.138710672145658 ], [ 122.959852066693145, 14.138702261879391 ], [ 122.959843656426884, 14.138698056746259 ], [ 122.959839451293746, 14.138689646479992 ], [ 122.959835246160623, 14.138681236213728 ], [ 122.959822630761224, 14.138668620814329 ], [ 122.959818425628086, 14.138660210548064 ], [ 122.959810015361825, 14.138651800281798 ], [ 122.959797399962426, 14.138639184882399 ], [ 122.95978898969615, 14.138626569483002 ], [ 122.959784784563027, 14.138618159216735 ], [ 122.959776374296752, 14.138601338684204 ], [ 122.959772169163628, 14.138592928417937 ], [ 122.95976796403049, 14.138584518151672 ], [ 122.959763758897353, 14.138576107885406 ], [ 122.959751143497954, 14.138555082219742 ], [ 122.95974693836483, 14.138546671953478 ], [ 122.959742733231693, 14.138538261687211 ], [ 122.959738528098569, 14.138529851420946 ], [ 122.959738528098569, 14.13852144115468 ], [ 122.959734322965431, 14.138508825755281 ], [ 122.959730117832294, 14.138500415489016 ], [ 122.95972591269917, 14.13849200522275 ], [ 122.959721707566032, 14.138479389823351 ], [ 122.959717502432895, 14.138470979557086 ], [ 122.959713297299771, 14.138462569290819 ], [ 122.959713297299771, 14.138454159024555 ], [ 122.959700681900372, 14.138437338492023 ], [ 122.959696476767235, 14.138420517959492 ], [ 122.959688066500973, 14.138407902560093 ], [ 122.959688066500973, 14.138399492293829 ], [ 122.959688066500973, 14.138391082027562 ], [ 122.959683861367836, 14.138378466628163 ], [ 122.959679656234698, 14.138370056361898 ], [ 122.959675451101575, 14.138361646095632 ], [ 122.959675451101575, 14.138353235829367 ], [ 122.959671245968437, 14.138344825563101 ], [ 122.959662835702176, 14.138328005030569 ], [ 122.959662835702176, 14.138306979364906 ], [ 122.959662835702176, 14.138298569098639 ], [ 122.959662835702176, 14.13828595369924 ], [ 122.9596544254359, 14.138277543432975 ], [ 122.959650220302777, 14.138264928033577 ], [ 122.959650220302777, 14.138256517767312 ], [ 122.959650220302777, 14.138248107501045 ], [ 122.959650220302777, 14.138239697234781 ], [ 122.959650220302777, 14.138231286968514 ], [ 122.959650220302777, 14.138218671569115 ], [ 122.959650220302777, 14.13821026130285 ], [ 122.959650220302777, 14.138201851036584 ], [ 122.959650220302777, 14.138193440770319 ], [ 122.959650220302777, 14.138185030504053 ], [ 122.959650220302777, 14.138176620237788 ], [ 122.959646015169639, 14.138168209971521 ], [ 122.959641810036501, 14.138159799705257 ], [ 122.959637604903378, 14.13815138943899 ], [ 122.959637604903378, 14.138142979172725 ], [ 122.959637604903378, 14.138134568906459 ], [ 122.959637604903378, 14.138126158640194 ], [ 122.959637604903378, 14.138117748373928 ], [ 122.959637604903378, 14.138109338107663 ], [ 122.959637604903378, 14.138096722708264 ], [ 122.959637604903378, 14.138088312441997 ], [ 122.959637604903378, 14.138075697042598 ], [ 122.959637604903378, 14.138063081643201 ], [ 122.959637604903378, 14.138054671376935 ], [ 122.959637604903378, 14.138042055977536 ], [ 122.959637604903378, 14.138033645711271 ], [ 122.95963339977024, 14.138025235445005 ], [ 122.95963339977024, 14.13801682517874 ], [ 122.95963339977024, 14.138008414912473 ], [ 122.95963339977024, 14.138000004646209 ], [ 122.959629194637103, 14.13798738924681 ], [ 122.959629194637103, 14.137978978980545 ], [ 122.959629194637103, 14.137970568714278 ], [ 122.959629194637103, 14.137962158448012 ], [ 122.959629194637103, 14.137949543048615 ], [ 122.959624989503979, 14.137941132782348 ], [ 122.959620784370841, 14.137932722516084 ], [ 122.959620784370841, 14.137920107116685 ], [ 122.959616579237704, 14.137907491717286 ], [ 122.959616579237704, 14.137899081451021 ], [ 122.959616579237704, 14.137886466051622 ], [ 122.959616579237704, 14.137873850652223 ], [ 122.95961237410458, 14.137861235252824 ], [ 122.95961237410458, 14.13785282498656 ], [ 122.95961237410458, 14.137840209587161 ], [ 122.95961237410458, 14.137831799320894 ], [ 122.95961237410458, 14.137823389054629 ], [ 122.95961237410458, 14.137814978788363 ], [ 122.95961237410458, 14.137802363388966 ], [ 122.95961237410458, 14.137793953122699 ], [ 122.95961237410458, 14.137785542856435 ], [ 122.95961237410458, 14.137777132590168 ], [ 122.95961237410458, 14.137764517190769 ], [ 122.95961237410458, 14.137756106924504 ], [ 122.95961237410458, 14.137739286391973 ], [ 122.95961237410458, 14.137726670992574 ], [ 122.95961237410458, 14.137718260726308 ], [ 122.959616579237704, 14.137709850460043 ], [ 122.959620784370841, 14.137693029927512 ], [ 122.959624989503979, 14.137680414528113 ], [ 122.959629194637103, 14.137672004261848 ], [ 122.959629194637103, 14.137655183729315 ], [ 122.95963339977024, 14.13764677346305 ], [ 122.95963339977024, 14.137629952930519 ], [ 122.959641810036501, 14.137621542664252 ], [ 122.959646015169639, 14.137604722131721 ], [ 122.959646015169639, 14.137596311865456 ], [ 122.959658630569038, 14.137583696466058 ], [ 122.959662835702176, 14.137571081066659 ], [ 122.959671245968437, 14.137554260534127 ], [ 122.959675451101575, 14.137541645134728 ], [ 122.959679656234698, 14.137533234868464 ], [ 122.959683861367836, 14.137516414335932 ], [ 122.959688066500973, 14.137508004069666 ], [ 122.959692271634097, 14.137495388670269 ], [ 122.959696476767235, 14.137474363004603 ], [ 122.959700681900372, 14.137461747605206 ], [ 122.959700681900372, 14.13745333733894 ], [ 122.959713297299771, 14.137440721939541 ], [ 122.959717502432895, 14.13742390140701 ], [ 122.959721707566032, 14.137415491140745 ], [ 122.959730117832294, 14.137398670608214 ], [ 122.959730117832294, 14.137381850075682 ], [ 122.959738528098569, 14.137373439809416 ], [ 122.959742733231693, 14.137360824410017 ], [ 122.959742733231693, 14.137352414143752 ], [ 122.959751143497954, 14.137339798744353 ], [ 122.959755348631091, 14.137327183344954 ], [ 122.959763758897353, 14.137310362812423 ], [ 122.95976796403049, 14.137301952546158 ], [ 122.95976796403049, 14.137293542279892 ], [ 122.959772169163628, 14.137285132013627 ], [ 122.959776374296752, 14.13727672174736 ], [ 122.959780579429889, 14.137268311481096 ], [ 122.959780579429889, 14.137259901214829 ], [ 122.95978898969615, 14.13724728581543 ], [ 122.959793194829288, 14.137238875549166 ], [ 122.959793194829288, 14.137230465282899 ], [ 122.959797399962426, 14.137222055016634 ], [ 122.959801605095549, 14.137213644750368 ], [ 122.959805810228687, 14.137205234484103 ], [ 122.959818425628086, 14.137184208818438 ], [ 122.959822630761224, 14.137175798552173 ], [ 122.959831041027485, 14.137167388285906 ], [ 122.959831041027485, 14.137158978019642 ], [ 122.959839451293746, 14.137146362620243 ], [ 122.959852066693145, 14.137129542087711 ], [ 122.959864682092544, 14.13711272155518 ], [ 122.959877297491943, 14.137104311288914 ], [ 122.959889912891342, 14.13708328562325 ], [ 122.959898323157603, 14.137074875356985 ], [ 122.959910938557002, 14.137062259957586 ], [ 122.959923553956401, 14.13705384969132 ], [ 122.959931964222676, 14.137045439425055 ], [ 122.9599361693558, 14.137037029158789 ], [ 122.9599361693558, 14.137028618892524 ], [ 122.959944579622075, 14.13702441375939 ], [ 122.959952989888336, 14.137016003493125 ], [ 122.959965605287735, 14.137011798359993 ], [ 122.959978220687134, 14.136999182960594 ], [ 122.959990836086533, 14.136990772694327 ], [ 122.959999246352794, 14.136986567561195 ], [ 122.960007656619069, 14.136982362428062 ], [ 122.960024477151592, 14.136973952161796 ], [ 122.960037092550991, 14.136965541895531 ], [ 122.960053913083527, 14.136965541895531 ], [ 122.960062323349788, 14.136961336762399 ], [ 122.96007073361605, 14.136952926496132 ], [ 122.960079143882325, 14.136948721363 ], [ 122.960091759281724, 14.136940311096733 ], [ 122.960100169547985, 14.136936105963601 ], [ 122.960112784947384, 14.136931900830469 ], [ 122.960121195213645, 14.136927695697334 ], [ 122.960129605479921, 14.136927695697334 ], [ 122.960150631145581, 14.13691928543107 ], [ 122.960159041411842, 14.136915080297937 ], [ 122.960171656811241, 14.136906670031671 ], [ 122.960192682476915, 14.136898259765406 ], [ 122.960213708142575, 14.136898259765406 ], [ 122.960222118408836, 14.136894054632272 ], [ 122.960230528675098, 14.13688984949914 ], [ 122.960247349207634, 14.136885644366007 ], [ 122.960255759473895, 14.136885644366007 ], [ 122.960264169740171, 14.136885644366007 ], [ 122.96027678513957, 14.136881439232875 ], [ 122.960289400538969, 14.136877234099741 ], [ 122.96029781080523, 14.136873028966608 ], [ 122.960310426204629, 14.136873028966608 ], [ 122.960327246737165, 14.136873028966608 ], [ 122.960335657003426, 14.136873028966608 ], [ 122.960348272402825, 14.136873028966608 ], [ 122.960360887802224, 14.136873028966608 ], [ 122.960373503201623, 14.136873028966608 ], [ 122.960381913467884, 14.136873028966608 ], [ 122.960394528867283, 14.136877234099741 ], [ 122.96041134939982, 14.136881439232875 ], [ 122.960428169932342, 14.136885644366007 ], [ 122.960436580198618, 14.13688984949914 ], [ 122.960444990464879, 14.13688984949914 ], [ 122.96045340073114, 14.13688984949914 ], [ 122.960461810997415, 14.136894054632272 ], [ 122.960474426396814, 14.136906670031671 ], [ 122.960482836663076, 14.136910875164803 ], [ 122.960499657195612, 14.136927695697334 ], [ 122.960508067461873, 14.136936105963601 ], [ 122.960516477728135, 14.136944516229867 ], [ 122.960529093127533, 14.136957131629265 ], [ 122.960537503393795, 14.136965541895531 ], [ 122.960541708526932, 14.13697815729493 ], [ 122.960558529059469, 14.136990772694327 ], [ 122.960562734192592, 14.137011798359993 ], [ 122.960571144458868, 14.137020208626257 ], [ 122.960575349591991, 14.137028618892524 ], [ 122.960592170124528, 14.137041234291923 ], [ 122.960596375257666, 14.137049644558187 ], [ 122.960613195790188, 14.137079080490118 ], [ 122.960617400923326, 14.137091695889517 ], [ 122.960625811189587, 14.137104311288914 ], [ 122.960634221455862, 14.137121131821445 ], [ 122.960646836855261, 14.13714215748711 ], [ 122.960655247121522, 14.137154772886509 ], [ 122.960663657387784, 14.137163183152774 ], [ 122.960672067654045, 14.137175798552173 ], [ 122.960676272787182, 14.137192619084704 ], [ 122.960684683053444, 14.137205234484103 ], [ 122.960697298452843, 14.1372178498835 ], [ 122.96070150358598, 14.137234670416031 ], [ 122.960709913852241, 14.13724728581543 ], [ 122.960714118985379, 14.137255696081697 ], [ 122.960730939517916, 14.137285132013627 ], [ 122.960735144651039, 14.137301952546158 ], [ 122.960743554917315, 14.13731877307869 ], [ 122.960760375449837, 14.137339798744353 ], [ 122.960764580582975, 14.137356619276884 ], [ 122.960772990849236, 14.137373439809416 ], [ 122.960772990849236, 14.137386055208815 ], [ 122.960785606248635, 14.137394465475079 ], [ 122.960789811381773, 14.137402875741346 ], [ 122.960789811381773, 14.137411286007611 ], [ 122.960789811381773, 14.137419696273877 ], [ 122.96079401651491, 14.137436516806408 ], [ 122.960802426781171, 14.13745333733894 ], [ 122.960806631914309, 14.137470157871471 ], [ 122.960810837047433, 14.137486978404002 ], [ 122.96081504218057, 14.137495388670269 ], [ 122.96081504218057, 14.137508004069666 ], [ 122.960819247313694, 14.137529029735331 ], [ 122.960831862713093, 14.137541645134728 ], [ 122.96083606784623, 14.137550055400995 ], [ 122.960844478112492, 14.137571081066659 ], [ 122.960852888378767, 14.137579491332925 ], [ 122.960857093511891, 14.137592106732324 ], [ 122.960857093511891, 14.137613132397988 ], [ 122.960869708911289, 14.137625747797387 ], [ 122.960873914044427, 14.137634158063651 ], [ 122.960873914044427, 14.137642568329918 ], [ 122.960878119177565, 14.137663593995581 ], [ 122.960882324310688, 14.137672004261848 ], [ 122.960886529443826, 14.137680414528113 ], [ 122.960894939710087, 14.137697235060644 ], [ 122.960899144843225, 14.137709850460043 ], [ 122.960903349976363, 14.137718260726308 ], [ 122.960911760242624, 14.137726670992574 ], [ 122.960911760242624, 14.137735081258839 ], [ 122.960915965375762, 14.137743491525105 ], [ 122.960924375642023, 14.137760312057637 ], [ 122.96092858077516, 14.137768722323901 ], [ 122.96092858077516, 14.137777132590168 ], [ 122.960941196174559, 14.137785542856435 ], [ 122.960945401307683, 14.137793953122699 ], [ 122.960958016707082, 14.137814978788363 ], [ 122.960970632106481, 14.137831799320894 ], [ 122.960979042372742, 14.137840209587161 ], [ 122.960983247505879, 14.137857030119692 ], [ 122.960987452639017, 14.137869645519091 ], [ 122.96100427317154, 14.13788226091849 ], [ 122.961012683437815, 14.137894876317887 ], [ 122.961016888570938, 14.137903286584153 ], [ 122.961029503970337, 14.137911696850418 ], [ 122.961033709103475, 14.137920107116685 ], [ 122.961037914236613, 14.137928517382949 ], [ 122.961046324502874, 14.137945337915481 ], [ 122.961054734769135, 14.137953748181747 ], [ 122.961063145035411, 14.137970568714278 ], [ 122.961075760434809, 14.13798738924681 ], [ 122.961092580967332, 14.138008414912473 ], [ 122.961100991233607, 14.138021030311872 ], [ 122.961105196366731, 14.138037850844404 ], [ 122.961126222032391, 14.138058876510067 ], [ 122.961134632298666, 14.138071491909466 ], [ 122.961147247698065, 14.138088312441997 ], [ 122.961155657964326, 14.138100927841396 ], [ 122.961164068230588, 14.138109338107663 ], [ 122.961168273363725, 14.138117748373928 ], [ 122.961176683629986, 14.138126158640194 ], [ 122.961185093896262, 14.138134568906459 ], [ 122.961193504162523, 14.138147184305858 ], [ 122.961201914428784, 14.138159799705257 ], [ 122.961206119561922, 14.138168209971521 ], [ 122.961218734961321, 14.138185030504053 ], [ 122.961222940094459, 14.138193440770319 ], [ 122.961235555493857, 14.138201851036584 ], [ 122.961248170893256, 14.138218671569115 ], [ 122.961256581159518, 14.138222876702249 ], [ 122.961260786292655, 14.138231286968514 ], [ 122.961264991425779, 14.138243902367913 ], [ 122.961269196558916, 14.138252312634178 ], [ 122.961277606825178, 14.138260722900444 ], [ 122.961281811958315, 14.138269133166709 ], [ 122.961286017091439, 14.138277543432975 ], [ 122.961290222224576, 14.13828595369924 ], [ 122.961294427357714, 14.138298569098639 ], [ 122.961302837623975, 14.138311184498038 ], [ 122.961302837623975, 14.138319594764305 ], [ 122.961307042757113, 14.138332210163702 ], [ 122.961307042757113, 14.138340620429968 ], [ 122.961311247890237, 14.138349030696233 ], [ 122.961311247890237, 14.138357440962499 ], [ 122.961311247890237, 14.138365851228764 ], [ 122.961311247890237, 14.138374261495031 ], [ 122.961311247890237, 14.13838687689443 ], [ 122.961315453023374, 14.138395287160694 ], [ 122.961315453023374, 14.138403697426961 ], [ 122.961315453023374, 14.138412107693226 ], [ 122.961315453023374, 14.138420517959492 ], [ 122.961315453023374, 14.138433133358891 ], [ 122.961315453023374, 14.138441543625156 ], [ 122.961319658156512, 14.138449953891422 ], [ 122.961319658156512, 14.138458364157687 ], [ 122.961319658156512, 14.138466774423954 ], [ 122.961311247890237, 14.138475184690218 ], [ 122.961307042757113, 14.138483594956485 ], [ 122.961298632490838, 14.138500415489016 ], [ 122.961290222224576, 14.138513030888415 ], [ 122.961277606825178, 14.138517236021547 ], [ 122.961269196558916, 14.138529851420946 ], [ 122.961260786292655, 14.138538261687211 ], [ 122.961248170893256, 14.13855087708661 ], [ 122.961235555493857, 14.138567697619141 ], [ 122.961227145227582, 14.138576107885406 ], [ 122.961218734961321, 14.138592928417937 ], [ 122.96121032469506, 14.138601338684204 ], [ 122.961206119561922, 14.138613954083603 ], [ 122.961201914428784, 14.138622364349867 ], [ 122.961201914428784, 14.138634979749266 ], [ 122.961193504162523, 14.138647595148665 ], [ 122.961189299029385, 14.13865600541493 ], [ 122.961185093896262, 14.138672825947461 ], [ 122.961176683629986, 14.13868544134686 ], [ 122.961172478496863, 14.138693851613127 ], [ 122.961168273363725, 14.138702261879391 ], [ 122.961168273363725, 14.138710672145658 ], [ 122.961164068230588, 14.138719082411923 ], [ 122.961164068230588, 14.138727492678189 ], [ 122.961155657964326, 14.138740108077588 ], [ 122.961151452831189, 14.138756928610119 ], [ 122.961143042564927, 14.138769544009516 ], [ 122.96113883743179, 14.138782159408915 ], [ 122.961130427165529, 14.138794774808314 ], [ 122.961122016899267, 14.138807390207713 ], [ 122.961113606633006, 14.138815800473978 ], [ 122.961105196366731, 14.138824210740244 ], [ 122.96109678610047, 14.138828415873377 ], [ 122.961088375834208, 14.138836826139643 ], [ 122.961079965567933, 14.138841031272776 ], [ 122.961071555301672, 14.13884944153904 ], [ 122.961067350168534, 14.138857851805307 ], [ 122.961063145035411, 14.138866262071572 ], [ 122.961058939902273, 14.138874672337838 ], [ 122.961054734769135, 14.138883082604103 ], [ 122.960735144651039, 14.139089134127612 ] ] ] ] } },
{ "type": "Feature", "properties": { "fid": 178, "desc": "flood-prone", "other desc": null, "barangay": "Barangay Awitan", "col": "flood-prone", "etc": null, "layer": "awitan_flood-prone" }, "geometry": { "type": "MultiPolygon", "coordinates": [ [ [ [ 122.962517813539705, 14.144381314540095 ], [ 122.962517813539705, 14.144413138987645 ], [ 122.962517813539705, 14.144460875658968 ], [ 122.962517813539705, 14.144492700106518 ], [ 122.962501901315932, 14.144540436777842 ], [ 122.962501901315932, 14.14457226122539 ], [ 122.962501901315932, 14.14460408567294 ], [ 122.962485989092158, 14.144635910120488 ], [ 122.962470076868385, 14.144683646791814 ], [ 122.962454164644612, 14.144715471239362 ], [ 122.962454164644612, 14.144747295686912 ], [ 122.962438252420839, 14.14477912013446 ], [ 122.962422340197051, 14.144826856805786 ], [ 122.962390515749505, 14.144858681253334 ], [ 122.962374603525731, 14.144890505700884 ], [ 122.962374603525731, 14.144922330148432 ], [ 122.962342779078185, 14.144938242372207 ], [ 122.962326866854411, 14.144970066819758 ], [ 122.962295042406865, 14.144985979043531 ], [ 122.962263217959318, 14.144985979043531 ], [ 122.962231393511757, 14.144985979043531 ], [ 122.962167744616664, 14.144985979043531 ], [ 122.962135920169118, 14.144985979043531 ], [ 122.962104095721571, 14.144985979043531 ], [ 122.96207227127401, 14.144985979043531 ], [ 122.962024534602691, 14.144970066819758 ], [ 122.961992710155144, 14.144954154595982 ], [ 122.961944973483824, 14.144938242372207 ], [ 122.961881324588717, 14.144906417924657 ], [ 122.96184950014117, 14.144890505700884 ], [ 122.961817675693624, 14.144890505700884 ], [ 122.961769939022304, 14.144858681253334 ], [ 122.96172220235097, 14.144842769029559 ], [ 122.961658553455877, 14.144826856805786 ], [ 122.96162672900833, 14.144795032358235 ], [ 122.961594904560783, 14.144795032358235 ], [ 122.961547167889449, 14.144763207910687 ], [ 122.961515343441903, 14.144747295686912 ], [ 122.961467606770583, 14.144715471239362 ], [ 122.961403957875476, 14.144683646791814 ], [ 122.961372133427929, 14.144651822344263 ], [ 122.961324396756609, 14.144635910120488 ], [ 122.961292572309063, 14.144619997896715 ], [ 122.961228923413955, 14.144588173449165 ], [ 122.961197098966409, 14.14457226122539 ], [ 122.961165274518862, 14.144540436777842 ], [ 122.961117537847542, 14.144492700106518 ], [ 122.961085713399982, 14.144476787882743 ], [ 122.961053888952435, 14.144460875658968 ], [ 122.960990240057342, 14.144413138987645 ], [ 122.960958415609795, 14.144381314540095 ], [ 122.960910678938461, 14.144333577868771 ], [ 122.960878854490915, 14.144301753421221 ], [ 122.960847030043368, 14.144269928973673 ], [ 122.960799293372048, 14.144222192302347 ], [ 122.960751556700714, 14.144174455631024 ], [ 122.960703820029394, 14.144142631183476 ], [ 122.960687907805621, 14.144110806735926 ], [ 122.960656083358074, 14.144078982288377 ], [ 122.960608346686755, 14.144047157840827 ], [ 122.96056061001542, 14.144015333393277 ], [ 122.960528785567874, 14.143983508945729 ], [ 122.960481048896554, 14.143935772274405 ], [ 122.960449224449007, 14.143903947826855 ], [ 122.960417400001447, 14.143872123379307 ], [ 122.9603855755539, 14.143840298931757 ], [ 122.96033783888258, 14.143808474484207 ], [ 122.960306014435034, 14.143776650036658 ], [ 122.960274189987487, 14.143744825589108 ], [ 122.960226453316153, 14.14371300114156 ], [ 122.960194628868607, 14.143697088917785 ], [ 122.96016280442106, 14.143665264470236 ], [ 122.960130979973513, 14.143633440022686 ], [ 122.960099155525953, 14.143601615575138 ], [ 122.960067331078406, 14.143553878903813 ], [ 122.960051418854633, 14.143522054456264 ], [ 122.960019594407086, 14.143490230008714 ], [ 122.960003682183313, 14.143426581113616 ], [ 122.959971857735766, 14.143394756666067 ], [ 122.959924121064432, 14.143347019994742 ], [ 122.959908208840659, 14.143315195547194 ], [ 122.959876384393112, 14.143283371099644 ], [ 122.959844559945566, 14.14323563442832 ], [ 122.959796823274246, 14.143187897756997 ], [ 122.959780911050473, 14.143156073309447 ], [ 122.959749086602912, 14.143124248861897 ], [ 122.959717262155365, 14.143092424414348 ], [ 122.959685437707819, 14.14302877551925 ], [ 122.959669525484045, 14.1429969510717 ], [ 122.959637701036499, 14.142949214400376 ], [ 122.959605876588952, 14.142885565505278 ], [ 122.959574052141392, 14.142853741057728 ], [ 122.959542227693845, 14.142806004386404 ], [ 122.959526315470072, 14.142774179938856 ], [ 122.959510403246298, 14.142742355491306 ], [ 122.959494491022525, 14.142710531043756 ], [ 122.959462666574979, 14.142678706596207 ], [ 122.959430842127418, 14.142630969924884 ], [ 122.959399017679871, 14.142599145477334 ], [ 122.959367193232325, 14.14255140880601 ], [ 122.959351281008551, 14.14251958435846 ], [ 122.959335368784778, 14.142487759910912 ], [ 122.959319456561005, 14.142455935463362 ], [ 122.959287632113458, 14.142440023239587 ], [ 122.959271719889671, 14.142408198792038 ], [ 122.959255807665897, 14.142376374344488 ], [ 122.959239895442124, 14.14234454989694 ], [ 122.959223983218351, 14.14231272544939 ], [ 122.959192158770804, 14.142280901001842 ], [ 122.959176246547031, 14.142233164330516 ], [ 122.959160334323258, 14.142201339882968 ], [ 122.959144422099484, 14.142169515435418 ], [ 122.959128509875711, 14.14213769098787 ], [ 122.959112597651938, 14.142105866540319 ], [ 122.959112597651938, 14.142074042092771 ], [ 122.95909668542815, 14.142042217645221 ], [ 122.95909668542815, 14.142010393197673 ], [ 122.95909668542815, 14.141978568750122 ], [ 122.95909668542815, 14.141946744302574 ], [ 122.95909668542815, 14.141914919855024 ], [ 122.959064860980604, 14.141883095407476 ], [ 122.959064860980604, 14.14183535873615 ], [ 122.959064860980604, 14.141803534288602 ], [ 122.959064860980604, 14.141771709841052 ], [ 122.959064860980604, 14.141739885393504 ], [ 122.959064860980604, 14.141708060945954 ], [ 122.959064860980604, 14.141676236498405 ], [ 122.959064860980604, 14.141644412050855 ], [ 122.959064860980604, 14.141612587603307 ], [ 122.959064860980604, 14.141580763155757 ], [ 122.959064860980604, 14.141548938708207 ], [ 122.959064860980604, 14.141517114260658 ], [ 122.959064860980604, 14.141485289813108 ], [ 122.959064860980604, 14.141437553141785 ], [ 122.959064860980604, 14.141405728694236 ], [ 122.959064860980604, 14.141373904246686 ], [ 122.959064860980604, 14.141342079799136 ], [ 122.959064860980604, 14.141310255351588 ], [ 122.959064860980604, 14.141278430904038 ], [ 122.959064860980604, 14.141246606456489 ], [ 122.95909668542815, 14.141214782008939 ], [ 122.959112597651938, 14.141182957561391 ], [ 122.959128509875711, 14.141151133113841 ], [ 122.959176246547031, 14.141119308666292 ], [ 122.959208070994578, 14.141103396442517 ], [ 122.959239895442124, 14.141103396442517 ], [ 122.959271719889671, 14.141071571994967 ], [ 122.959319456561005, 14.141055659771194 ], [ 122.959367193232325, 14.141055659771194 ], [ 122.959399017679871, 14.141039747547419 ], [ 122.959430842127418, 14.141039747547419 ], [ 122.959462666574979, 14.141023835323644 ], [ 122.959494491022525, 14.141023835323644 ], [ 122.959526315470072, 14.141023835323644 ], [ 122.959558139917618, 14.141023835323644 ], [ 122.959589964365165, 14.141023835323644 ], [ 122.959621788812726, 14.141023835323644 ], [ 122.959669525484045, 14.141023835323644 ], [ 122.959701349931592, 14.141039747547419 ], [ 122.959717262155365, 14.141071571994967 ], [ 122.959749086602912, 14.141087484218742 ], [ 122.959764998826685, 14.141119308666292 ], [ 122.959812735498019, 14.141135220890066 ], [ 122.959828647721793, 14.141167045337616 ], [ 122.959844559945566, 14.141198869785166 ], [ 122.959860472169339, 14.141230694232714 ], [ 122.959892296616886, 14.141262518680264 ], [ 122.959908208840659, 14.141294343127813 ], [ 122.95994003328822, 14.141342079799136 ], [ 122.959955945511993, 14.141373904246686 ], [ 122.959971857735766, 14.141405728694236 ], [ 122.960003682183313, 14.141437553141785 ], [ 122.960035506630859, 14.14145346536556 ], [ 122.960051418854633, 14.141485289813108 ], [ 122.960051418854633, 14.141517114260658 ], [ 122.960083243302179, 14.141548938708207 ], [ 122.96011506774974, 14.141564850931982 ], [ 122.960130979973513, 14.141596675379532 ], [ 122.96016280442106, 14.14162849982708 ], [ 122.960194628868607, 14.14166032427463 ], [ 122.960226453316153, 14.141676236498405 ], [ 122.960242365539926, 14.141708060945954 ], [ 122.96029010221126, 14.141755797617277 ], [ 122.96033783888258, 14.141787622064827 ], [ 122.960401487777673, 14.14183535873615 ], [ 122.96043331222522, 14.141867183183701 ], [ 122.960449224449007, 14.141899007631249 ], [ 122.960481048896554, 14.141914919855024 ], [ 122.960512873344101, 14.141946744302574 ], [ 122.960528785567874, 14.141978568750122 ], [ 122.96056061001542, 14.142010393197673 ], [ 122.960592434462967, 14.142042217645221 ], [ 122.960608346686755, 14.142074042092771 ], [ 122.960640171134301, 14.142105866540319 ], [ 122.960656083358074, 14.14213769098787 ], [ 122.960687907805621, 14.142153603211645 ], [ 122.960687907805621, 14.142185427659193 ], [ 122.960719732253168, 14.142217252106743 ], [ 122.960751556700714, 14.142249076554291 ], [ 122.960767468924502, 14.142280901001842 ], [ 122.960799293372048, 14.14231272544939 ], [ 122.960831117819595, 14.142360462120715 ], [ 122.960831117819595, 14.142392286568263 ], [ 122.960847030043368, 14.142424111015814 ], [ 122.960878854490915, 14.142455935463362 ], [ 122.960894766714688, 14.142487759910912 ], [ 122.960910678938461, 14.14251958435846 ], [ 122.960942503386022, 14.14255140880601 ], [ 122.960942503386022, 14.142583233253559 ], [ 122.960958415609795, 14.142615057701109 ], [ 122.961006152281115, 14.142662794372432 ], [ 122.961022064504888, 14.142710531043756 ], [ 122.961053888952435, 14.142742355491306 ], [ 122.961085713399982, 14.142774179938856 ], [ 122.961101625623769, 14.142806004386404 ], [ 122.962517813539705, 14.144381314540095 ] ] ] ] } },
{ "type": "Feature", "properties": { "fid": 179, "desc": "catchbasin", "other desc": null, "barangay": "Barangay Awitan", "col": "flood-prone", "etc": null, "layer": "awitan_flood-prone" }, "geometry": { "type": "MultiPolygon", "coordinates": [ [ [ [ 122.963027004700493, 14.135910044408071 ], [ 122.963011092476719, 14.135925956631846 ], [ 122.962995180252946, 14.135941868855621 ], [ 122.962987224141045, 14.135957781079394 ], [ 122.962971311917272, 14.135965737191283 ], [ 122.962963355805385, 14.135981649415056 ], [ 122.962947443581612, 14.135997561638831 ], [ 122.962939487469725, 14.136013473862606 ], [ 122.962923575245952, 14.136021429974493 ], [ 122.962907663022179, 14.136037342198268 ], [ 122.962899706910292, 14.136053254422043 ], [ 122.962883794686519, 14.136069166645818 ], [ 122.962867882462746, 14.136085078869591 ], [ 122.962851970238972, 14.136100991093366 ], [ 122.962836058015199, 14.136116903317141 ], [ 122.962820145791412, 14.136132815540916 ], [ 122.962804233567638, 14.136148727764692 ], [ 122.962788321343865, 14.136164639988465 ], [ 122.962772409120092, 14.13618055221224 ], [ 122.962756496896318, 14.136196464436015 ], [ 122.962740584672545, 14.13621237665979 ], [ 122.962724672448772, 14.13621237665979 ], [ 122.962708760224999, 14.136228288883563 ], [ 122.962692848001225, 14.136236244995452 ], [ 122.962676935777452, 14.136244201107338 ], [ 122.962661023553679, 14.136252157219227 ], [ 122.962645111329891, 14.136252157219227 ], [ 122.962629199106118, 14.136260113331113 ], [ 122.962613286882345, 14.136268069443 ], [ 122.962597374658571, 14.136268069443 ], [ 122.962581462434798, 14.136276025554888 ], [ 122.962557594099138, 14.136291937778662 ], [ 122.962541681875365, 14.13629989389055 ], [ 122.962517813539705, 14.136307850002437 ], [ 122.962501901315932, 14.136315806114325 ], [ 122.962485989092144, 14.136331718338099 ], [ 122.962470076868371, 14.136331718338099 ], [ 122.962454164644598, 14.136339674449987 ], [ 122.962430296308938, 14.136347630561874 ], [ 122.962414384085164, 14.136355586673762 ], [ 122.962398471861391, 14.136355586673762 ], [ 122.962382559637618, 14.136355586673762 ], [ 122.962358691301958, 14.136363542785649 ], [ 122.962342779078185, 14.136363542785649 ], [ 122.962326866854397, 14.136363542785649 ], [ 122.962310954630624, 14.136371498897535 ], [ 122.962295042406851, 14.136371498897535 ], [ 122.962271174071191, 14.136379455009424 ], [ 122.962255261847417, 14.136379455009424 ], [ 122.962231393511757, 14.13638741112131 ], [ 122.962215481287984, 14.136395367233197 ], [ 122.962191612952324, 14.136403323345085 ], [ 122.962167744616664, 14.136411279456972 ], [ 122.962135920169104, 14.13641923556886 ], [ 122.96212000794533, 14.13641923556886 ], [ 122.962104095721557, 14.13641923556886 ], [ 122.962080227385897, 14.136427191680747 ], [ 122.96204840293835, 14.136443103904522 ], [ 122.962024534602691, 14.136451060016409 ], [ 122.962008622378917, 14.136451060016409 ], [ 122.96199271015513, 14.136459016128297 ], [ 122.961976797931356, 14.136466972240184 ], [ 122.961960885707583, 14.136466972240184 ], [ 122.96194497348381, 14.136474928352071 ], [ 122.961929061260037, 14.136482884463959 ], [ 122.961913149036263, 14.136490840575846 ], [ 122.96189723681249, 14.136490840575846 ], [ 122.961881324588717, 14.136506752799621 ], [ 122.961865412364943, 14.136506752799621 ], [ 122.96184950014117, 14.136514708911507 ], [ 122.961825631805496, 14.136522665023396 ], [ 122.961809719581723, 14.136530621135282 ], [ 122.96179380735795, 14.136546533359057 ], [ 122.961777895134176, 14.136546533359057 ], [ 122.961761982910403, 14.136562445582832 ], [ 122.961738114574743, 14.136562445582832 ], [ 122.96172220235097, 14.136570401694719 ], [ 122.961706290127196, 14.136586313918494 ], [ 122.961690377903423, 14.136594270030381 ], [ 122.96167446567965, 14.136602226142267 ], [ 122.961658553455862, 14.136610182254156 ], [ 122.961626729008316, 14.136618138366043 ], [ 122.961610816784543, 14.136634050589818 ], [ 122.961594904560769, 14.136642006701704 ], [ 122.961578992336996, 14.136649962813593 ], [ 122.961547167889449, 14.136649962813593 ], [ 122.961515343441903, 14.136665875037368 ], [ 122.961499431218115, 14.136665875037368 ], [ 122.961483518994342, 14.136673831149254 ], [ 122.961467606770569, 14.136673831149254 ], [ 122.961435782323022, 14.136673831149254 ], [ 122.961419870099249, 14.136681787261141 ], [ 122.961380089539816, 14.136681787261141 ], [ 122.961364177316042, 14.136689743373029 ], [ 122.961348265092269, 14.136689743373029 ], [ 122.961316440644708, 14.136697699484916 ], [ 122.961300528420935, 14.136697699484916 ], [ 122.961276660085275, 14.136697699484916 ], [ 122.961244835637729, 14.136697699484916 ], [ 122.961228923413955, 14.136705655596803 ], [ 122.961205055078295, 14.136705655596803 ], [ 122.961181186742635, 14.136705655596803 ], [ 122.961165274518848, 14.136713611708691 ], [ 122.961149362295075, 14.136713611708691 ], [ 122.961133450071301, 14.136713611708691 ], [ 122.961117537847528, 14.136713611708691 ], [ 122.961101625623755, 14.136713611708691 ], [ 122.961085713399982, 14.136713611708691 ], [ 122.961069801176208, 14.136713611708691 ], [ 122.961053888952435, 14.136713611708691 ], [ 122.961030020616775, 14.136713611708691 ], [ 122.961014108393002, 14.136713611708691 ], [ 122.960998196169214, 14.136713611708691 ], [ 122.960974327833554, 14.136713611708691 ], [ 122.960958415609781, 14.136705655596803 ], [ 122.960942503386008, 14.136697699484916 ], [ 122.960926591162234, 14.136689743373029 ], [ 122.960910678938461, 14.136681787261141 ], [ 122.960894766714688, 14.136665875037368 ], [ 122.960878854490915, 14.136649962813593 ], [ 122.960862942267141, 14.136642006701704 ], [ 122.960847030043368, 14.136626094477931 ], [ 122.960831117819581, 14.136610182254156 ], [ 122.960815205595807, 14.136594270030381 ], [ 122.960799293372034, 14.136586313918494 ], [ 122.960775425036374, 14.136562445582832 ], [ 122.960759512812601, 14.136546533359057 ], [ 122.960751556700714, 14.136530621135282 ], [ 122.960743600588827, 14.136514708911507 ], [ 122.960727688365054, 14.136506752799621 ], [ 122.960719732253168, 14.136490840575846 ], [ 122.960703820029394, 14.136474928352071 ], [ 122.960695863917508, 14.136459016128297 ], [ 122.960687907805621, 14.136443103904522 ], [ 122.960671995581848, 14.136435147792634 ], [ 122.960648127246174, 14.136435147792634 ], [ 122.9606322150224, 14.13641923556886 ], [ 122.960616302798627, 14.136411279456972 ], [ 122.960592434462967, 14.136403323345085 ], [ 122.960576522239194, 14.136395367233197 ], [ 122.96056061001542, 14.13638741112131 ], [ 122.960536741679761, 14.13638741112131 ], [ 122.960520829455987, 14.136379455009424 ], [ 122.960496961120313, 14.136371498897535 ], [ 122.96048104889654, 14.136371498897535 ], [ 122.960465136672767, 14.136363542785649 ], [ 122.960449224448993, 14.136363542785649 ], [ 122.96043331222522, 14.136363542785649 ], [ 122.960417400001447, 14.136347630561874 ], [ 122.960401487777673, 14.136339674449987 ], [ 122.9603855755539, 14.136339674449987 ], [ 122.96036170721824, 14.136331718338099 ], [ 122.960345794994467, 14.136323762226212 ], [ 122.960329882770679, 14.136323762226212 ], [ 122.960313970546906, 14.136315806114325 ], [ 122.960290102211246, 14.136315806114325 ], [ 122.960274189987473, 14.136307850002437 ], [ 122.960242365539926, 14.13629989389055 ], [ 122.960226453316153, 14.136291937778662 ], [ 122.96021054109238, 14.136291937778662 ], [ 122.960178716644833, 14.136283981666775 ], [ 122.960154848309159, 14.136276025554888 ], [ 122.960138936085386, 14.136276025554888 ], [ 122.960115067749726, 14.136268069443 ], [ 122.960075287190293, 14.136260113331113 ], [ 122.960051418854633, 14.136252157219227 ], [ 122.960027550518973, 14.136244201107338 ], [ 122.960003682183299, 14.136244201107338 ], [ 122.959987769959525, 14.136244201107338 ], [ 122.959971857735752, 14.136244201107338 ], [ 122.959955945511979, 14.136236244995452 ], [ 122.959932077176319, 14.136236244995452 ], [ 122.959900252728772, 14.136220332771677 ], [ 122.959876384393112, 14.136220332771677 ], [ 122.959852516057452, 14.136220332771677 ], [ 122.959836603833665, 14.136220332771677 ], [ 122.959812735498005, 14.136220332771677 ], [ 122.959796823274232, 14.136220332771677 ], [ 122.959772954938572, 14.13621237665979 ], [ 122.959757042714799, 14.13621237665979 ], [ 122.959741130491025, 14.13621237665979 ], [ 122.959717262155365, 14.136204420547902 ], [ 122.959701349931592, 14.136204420547902 ], [ 122.959669525484031, 14.136204420547902 ], [ 122.959645657148371, 14.136204420547902 ], [ 122.959621788812711, 14.136196464436015 ], [ 122.959605876588938, 14.136196464436015 ], [ 122.959574052141392, 14.136196464436015 ], [ 122.959550183805732, 14.136196464436015 ], [ 122.959526315470072, 14.136196464436015 ], [ 122.959502447134398, 14.136188508324127 ], [ 122.959478578798738, 14.136188508324127 ], [ 122.959446754351191, 14.13618055221224 ], [ 122.959430842127418, 14.13618055221224 ], [ 122.959414929903645, 14.13618055221224 ], [ 122.959399017679871, 14.136172596100353 ], [ 122.959383105456098, 14.136172596100353 ], [ 122.959359237120438, 14.136172596100353 ], [ 122.959335368784764, 14.136172596100353 ], [ 122.959319456560991, 14.136172596100353 ], [ 122.959295588225331, 14.136172596100353 ], [ 122.959279676001557, 14.136164639988465 ], [ 122.959247851554011, 14.136164639988465 ], [ 122.959223983218351, 14.136164639988465 ], [ 122.959200114882691, 14.136156683876578 ], [ 122.959184202658918, 14.136156683876578 ], [ 122.95916829043513, 14.136156683876578 ], [ 122.959152378211357, 14.136156683876578 ], [ 122.959128509875697, 14.136148727764692 ], [ 122.959104641540037, 14.136148727764692 ], [ 122.959088729316264, 14.136140771652803 ], [ 122.959056904868717, 14.136140771652803 ], [ 122.959033036533057, 14.136132815540916 ], [ 122.959017124309284, 14.136132815540916 ], [ 122.959001212085496, 14.136124859429028 ], [ 122.958985299861723, 14.136124859429028 ], [ 122.95896938763795, 14.136124859429028 ], [ 122.958953475414177, 14.136108947205255 ], [ 122.958937563190403, 14.136108947205255 ], [ 122.95892165096663, 14.136100991093366 ], [ 122.958905738742857, 14.13609303498148 ], [ 122.95887391429531, 14.13609303498148 ], [ 122.958858002071537, 14.136077122757705 ], [ 122.958842089847749, 14.136077122757705 ], [ 122.958826177623976, 14.136069166645818 ], [ 122.958810265400203, 14.136069166645818 ], [ 122.95879435317643, 14.136053254422043 ], [ 122.958778440952656, 14.136053254422043 ], [ 122.958754572616996, 14.136053254422043 ], [ 122.95872274816945, 14.136045298310156 ], [ 122.958706835945677, 14.136037342198268 ], [ 122.958682967610017, 14.136029386086381 ], [ 122.958659099274342, 14.136013473862606 ], [ 122.958635230938683, 14.13600551775072 ], [ 122.958619318714909, 14.135997561638831 ], [ 122.958603406491136, 14.135989605526945 ], [ 122.958587494267363, 14.135981649415056 ], [ 122.958571582043589, 14.135973693303169 ], [ 122.958555669819816, 14.135965737191283 ], [ 122.958539757596043, 14.135965737191283 ], [ 122.958515889260369, 14.135965737191283 ], [ 122.958499977036595, 14.135949824967508 ], [ 122.958484064812822, 14.135949824967508 ], [ 122.958460196477162, 14.135949824967508 ], [ 122.958444284253389, 14.135941868855621 ], [ 122.958428372029616, 14.135933912743733 ], [ 122.958412459805842, 14.135925956631846 ], [ 122.958396547582069, 14.135925956631846 ], [ 122.958380635358296, 14.135925956631846 ], [ 122.958356767022636, 14.135925956631846 ], [ 122.958340854798848, 14.135925956631846 ], [ 122.958324942575075, 14.135918000519958 ], [ 122.958309030351302, 14.135918000519958 ], [ 122.958293118127528, 14.135918000519958 ], [ 122.958269249791869, 14.135910044408071 ], [ 122.958253337568095, 14.135910044408071 ], [ 122.958237425344322, 14.135902088296184 ], [ 122.958221513120549, 14.135902088296184 ], [ 122.958205600896775, 14.135902088296184 ], [ 122.958173776449215, 14.135902088296184 ], [ 122.958157864225441, 14.135902088296184 ], [ 122.958141952001668, 14.135902088296184 ], [ 122.958126039777895, 14.135902088296184 ], [ 122.958110127554122, 14.135902088296184 ], [ 122.958086259218462, 14.135902088296184 ], [ 122.958070346994688, 14.135902088296184 ], [ 122.958054434770915, 14.135902088296184 ], [ 122.958022610323368, 14.135902088296184 ], [ 122.958006698099581, 14.135902088296184 ], [ 122.957990785875808, 14.135902088296184 ], [ 122.957974873652034, 14.135902088296184 ], [ 122.957958961428261, 14.135902088296184 ], [ 122.957927136980715, 14.135902088296184 ], [ 122.957903268645055, 14.135902088296184 ], [ 122.957887356421281, 14.135902088296184 ], [ 122.957871444197508, 14.135902088296184 ], [ 122.957847575861834, 14.135902088296184 ], [ 122.957815751414287, 14.135902088296184 ], [ 122.957799839190514, 14.135902088296184 ], [ 122.957783926966741, 14.135894132184296 ], [ 122.957752102519194, 14.135894132184296 ], [ 122.957736190295421, 14.135878219960523 ], [ 122.957720278071648, 14.135878219960523 ], [ 122.957704365847874, 14.135870263848634 ], [ 122.957688453624101, 14.135862307736748 ], [ 122.957672541400314, 14.135846395512973 ], [ 122.95765662917654, 14.135830483289197 ], [ 122.957640716952767, 14.135822527177311 ], [ 122.957616848617107, 14.135798658841649 ], [ 122.95760889250522, 14.135782746617874 ], [ 122.957600936393334, 14.135766834394099 ], [ 122.95758502416956, 14.135750922170324 ], [ 122.957569111945787, 14.135735009946551 ], [ 122.957553199722014, 14.135727053834662 ], [ 122.957553199722014, 14.135703185499001 ], [ 122.957545243610127, 14.135687273275225 ], [ 122.957529331386354, 14.135671361051452 ], [ 122.957521375274453, 14.135647492715789 ], [ 122.957513419162566, 14.135631580492015 ], [ 122.95750546305068, 14.13561566826824 ], [ 122.957497506938793, 14.135599756044465 ], [ 122.95748159471502, 14.135575887708804 ], [ 122.957465682491247, 14.135552019373142 ], [ 122.95745772637936, 14.135536107149367 ], [ 122.957449770267473, 14.135520194925592 ], [ 122.957441814155587, 14.13549632658993 ], [ 122.957417945819927, 14.135480414366155 ], [ 122.957402033596154, 14.135464502142382 ], [ 122.957394077484267, 14.135448589918607 ], [ 122.957394077484267, 14.135424721582945 ], [ 122.957378165260494, 14.135400853247281 ], [ 122.95736225303672, 14.13537698491162 ], [ 122.957354296924819, 14.135361072687846 ], [ 122.957346340812933, 14.135345160464071 ], [ 122.95733042858916, 14.135337204352183 ], [ 122.957322472477273, 14.135313336016521 ], [ 122.9573065602535, 14.13528946768086 ], [ 122.95728269191784, 14.135265599345198 ], [ 122.957274735805953, 14.135241731009536 ], [ 122.957266779694066, 14.135225818785761 ], [ 122.957266779694066, 14.135209906561986 ], [ 122.95725882358218, 14.135186038226324 ], [ 122.957250867470293, 14.135170126002549 ], [ 122.95723495524652, 14.135138301555001 ], [ 122.957219043022747, 14.135106477107451 ], [ 122.95721108691086, 14.135082608771789 ], [ 122.957195174687087, 14.135050784324241 ], [ 122.957195174687087, 14.135026915988577 ], [ 122.957179262463299, 14.135011003764804 ], [ 122.957171306351412, 14.134995091541029 ], [ 122.957171306351412, 14.134979179317254 ], [ 122.957163350239526, 14.134955310981592 ], [ 122.957163350239526, 14.134939398757817 ], [ 122.957155394127639, 14.134915530422155 ], [ 122.957147438015753, 14.13489961819838 ], [ 122.957147438015753, 14.134883705974607 ], [ 122.957147438015753, 14.134859837638944 ], [ 122.957139481903866, 14.134828013191395 ], [ 122.957131525791979, 14.134804144855734 ], [ 122.957131525791979, 14.134780276520072 ], [ 122.957115613568206, 14.134740495960635 ], [ 122.957115613568206, 14.134716627624972 ], [ 122.957115613568206, 14.13469275928931 ], [ 122.957115613568206, 14.134652978729873 ], [ 122.957115613568206, 14.134629110394211 ], [ 122.957115613568206, 14.134597285946663 ], [ 122.957115613568206, 14.134565461499113 ], [ 122.957115613568206, 14.13451772482779 ], [ 122.957115613568206, 14.134485900380239 ], [ 122.957107657456319, 14.134438163708916 ], [ 122.957107657456319, 14.134390427037593 ], [ 122.957107657456319, 14.134334734254381 ], [ 122.957107657456319, 14.134286997583057 ], [ 122.957107657456319, 14.134239260911732 ], [ 122.957107657456319, 14.134175612016634 ], [ 122.957107657456319, 14.13412787534531 ], [ 122.957107657456319, 14.134072182562099 ], [ 122.957107657456319, 14.13404035811455 ], [ 122.957107657456319, 14.134008533667 ], [ 122.957107657456319, 14.133960796995677 ], [ 122.957107657456319, 14.13392101643624 ], [ 122.957107657456319, 14.133889191988692 ], [ 122.957107657456319, 14.133849411429255 ], [ 122.957107657456319, 14.133785762534156 ], [ 122.957107657456319, 14.133753938086606 ], [ 122.957107657456319, 14.133706201415283 ], [ 122.957107657456319, 14.133658464743958 ], [ 122.957107657456319, 14.133610728072634 ], [ 122.957107657456319, 14.133570947513197 ], [ 122.957107657456319, 14.133547079177536 ], [ 122.957107657456319, 14.133507298618099 ], [ 122.957107657456319, 14.133459561946776 ], [ 122.957107657456319, 14.13341182527545 ], [ 122.957107657456319, 14.133364088604127 ], [ 122.957115613568206, 14.133300439709028 ], [ 122.957123569680093, 14.133228834702043 ], [ 122.957123569680093, 14.133165185806945 ], [ 122.957131525791979, 14.133101536911845 ], [ 122.957147438015753, 14.13302993190486 ], [ 122.957155394127639, 14.132966283009761 ], [ 122.957171306351412, 14.132894678002776 ], [ 122.957179262463299, 14.132831029107676 ], [ 122.957187218575186, 14.132767380212577 ], [ 122.95721108691086, 14.132695775205592 ], [ 122.95721108691086, 14.13267190686993 ], [ 122.957226999134633, 14.132608257974832 ], [ 122.95723495524652, 14.132568477415395 ], [ 122.957242911358406, 14.132544609079734 ], [ 122.957250867470293, 14.132512784632183 ], [ 122.957266779694066, 14.132473004072747 ], [ 122.957290648029726, 14.132441179625198 ], [ 122.9573065602535, 14.132401399065762 ], [ 122.957338384701046, 14.132361618506325 ], [ 122.957346340812933, 14.132337750170663 ], [ 122.95736225303672, 14.132321837946888 ], [ 122.957394077484267, 14.132282057387451 ], [ 122.957402033596154, 14.132266145163676 ], [ 122.957417945819927, 14.132250232939901 ], [ 122.957441814155587, 14.132234320716128 ], [ 122.957465682491247, 14.132210452380464 ], [ 122.95748159471502, 14.132202496268578 ], [ 122.957497506938793, 14.132194540156691 ], [ 122.957513419162566, 14.132178627932916 ], [ 122.957553199722014, 14.132170671821029 ], [ 122.957577068057674, 14.132162715709141 ], [ 122.95760889250522, 14.132154759597254 ], [ 122.957640716952767, 14.132146803485366 ], [ 122.957664585288427, 14.132146803485366 ], [ 122.957696409735988, 14.132146803485366 ], [ 122.957712321959761, 14.132146803485366 ], [ 122.957744146407308, 14.132130891261593 ], [ 122.957783926966741, 14.132130891261593 ], [ 122.957815751414287, 14.132130891261593 ], [ 122.957839619749947, 14.132130891261593 ], [ 122.957871444197508, 14.132114979037818 ], [ 122.957887356421281, 14.132114979037818 ], [ 122.957911224756941, 14.132114979037818 ], [ 122.957951005316374, 14.132114979037818 ], [ 122.957966917540148, 14.132114979037818 ], [ 122.957982829763921, 14.132114979037818 ], [ 122.958006698099581, 14.132114979037818 ], [ 122.958022610323368, 14.132114979037818 ], [ 122.958038522547142, 14.132114979037818 ], [ 122.958054434770915, 14.132114979037818 ], [ 122.958094215330348, 14.132114979037818 ], [ 122.958118083666008, 14.132122935149704 ], [ 122.958133995889781, 14.132122935149704 ], [ 122.958149908113555, 14.132130891261593 ], [ 122.958181732561101, 14.132146803485366 ], [ 122.958197644784889, 14.132146803485366 ], [ 122.958237425344322, 14.132170671821029 ], [ 122.958261293679982, 14.132170671821029 ], [ 122.958301074239415, 14.132178627932916 ], [ 122.958324942575075, 14.132186584044803 ], [ 122.958348810910735, 14.132186584044803 ], [ 122.958380635358296, 14.132194540156691 ], [ 122.958396547582069, 14.132202496268578 ], [ 122.958420415917729, 14.132202496268578 ], [ 122.958436328141502, 14.132210452380464 ], [ 122.958452240365276, 14.132218408492353 ], [ 122.958468152589049, 14.132218408492353 ], [ 122.958484064812822, 14.132226364604239 ], [ 122.958507933148482, 14.132226364604239 ], [ 122.958531801484156, 14.132234320716128 ], [ 122.958571582043589, 14.132242276828014 ], [ 122.958595450379249, 14.132250232939901 ], [ 122.958627274826796, 14.132266145163676 ], [ 122.958659099274342, 14.132274101275565 ], [ 122.958730704281336, 14.132282057387451 ], [ 122.95877048484077, 14.132305925723113 ], [ 122.95879435317643, 14.132313881835 ], [ 122.958826177623976, 14.132321837946888 ], [ 122.95885004595965, 14.132337750170663 ], [ 122.95887391429531, 14.132337750170663 ], [ 122.958905738742857, 14.13234570628255 ], [ 122.95892165096663, 14.132361618506325 ], [ 122.95894551930229, 14.132369574618211 ], [ 122.95896938763795, 14.132393442953873 ], [ 122.959001212085496, 14.132401399065762 ], [ 122.959017124309284, 14.132409355177648 ], [ 122.959033036533057, 14.132417311289535 ], [ 122.959056904868717, 14.132425267401423 ], [ 122.95907281709249, 14.132425267401423 ], [ 122.959088729316264, 14.132441179625198 ], [ 122.959112597651924, 14.132441179625198 ], [ 122.959136465987584, 14.132457091848972 ], [ 122.959160334323244, 14.13246504796086 ], [ 122.959200114882691, 14.132473004072747 ], [ 122.959239895442124, 14.132488916296522 ], [ 122.959271719889671, 14.132488916296522 ], [ 122.959303544337217, 14.132504828520297 ], [ 122.959335368784764, 14.13252074074407 ], [ 122.959367193232325, 14.132536652967845 ], [ 122.959399017679871, 14.132536652967845 ], [ 122.959438798239304, 14.132544609079734 ], [ 122.959462666574964, 14.132544609079734 ], [ 122.959486534910624, 14.132544609079734 ], [ 122.959510403246284, 14.13255256519162 ], [ 122.959550183805732, 14.13255256519162 ], [ 122.959589964365165, 14.132560521303507 ], [ 122.959621788812711, 14.132568477415395 ], [ 122.959637701036485, 14.132568477415395 ], [ 122.959677481595932, 14.132568477415395 ], [ 122.959725218267252, 14.132568477415395 ], [ 122.959788867162345, 14.132568477415395 ], [ 122.959852516057452, 14.132568477415395 ], [ 122.959876384393112, 14.132568477415395 ], [ 122.959916164952546, 14.132568477415395 ], [ 122.959971857735752, 14.132568477415395 ], [ 122.960035506630859, 14.132568477415395 ], [ 122.960083243302179, 14.132568477415395 ], [ 122.960138936085386, 14.132568477415395 ], [ 122.960170760532932, 14.132568477415395 ], [ 122.960194628868607, 14.132568477415395 ], [ 122.960226453316153, 14.132568477415395 ], [ 122.960250321651813, 14.132568477415395 ], [ 122.960266233875586, 14.132568477415395 ], [ 122.960290102211246, 14.132576433527282 ], [ 122.960313970546906, 14.132576433527282 ], [ 122.960377619442013, 14.132592345751057 ], [ 122.960441268337107, 14.132600301862944 ], [ 122.960496961120313, 14.132608257974832 ], [ 122.960536741679761, 14.132624170198605 ], [ 122.960600390574854, 14.132632126310494 ], [ 122.960679951693734, 14.13264008242238 ], [ 122.960767468924487, 14.132663950758042 ], [ 122.960862942267141, 14.132695775205592 ], [ 122.960950459497894, 14.132719643541254 ], [ 122.961014108393002, 14.132735555765029 ], [ 122.961085713399982, 14.132759424100691 ], [ 122.961173230630749, 14.132783292436352 ], [ 122.961236879525842, 14.132807160772014 ], [ 122.961292572309048, 14.132831029107676 ], [ 122.961348265092269, 14.132854897443339 ], [ 122.961411913987362, 14.132878765779001 ], [ 122.961467606770569, 14.132886721890888 ], [ 122.961539211777563, 14.132910590226549 ], [ 122.961602860672656, 14.132934458562211 ], [ 122.96167446567965, 14.132958326897874 ], [ 122.96174607068663, 14.132974239121648 ], [ 122.961801763469836, 14.133014019681085 ], [ 122.961865412364943, 14.133045844128635 ], [ 122.96192110514815, 14.133069712464296 ], [ 122.961976797931356, 14.133085624688071 ], [ 122.962000666267031, 14.133109493023733 ], [ 122.962032490714577, 14.13311744913562 ], [ 122.962056359050237, 14.133133361359395 ], [ 122.96207227127401, 14.133141317471281 ], [ 122.96209613960967, 14.133157229695057 ], [ 122.962127964057217, 14.133157229695057 ], [ 122.962151832392877, 14.133189054142607 ], [ 122.962167744616664, 14.13320496636638 ], [ 122.962199569064211, 14.133220878590155 ], [ 122.962215481287984, 14.13323679081393 ], [ 122.962255261847417, 14.13326861526148 ], [ 122.962271174071191, 14.133284527485253 ], [ 122.962287086294964, 14.133300439709028 ], [ 122.962302998518737, 14.133316351932804 ], [ 122.962342779078185, 14.133348176380352 ], [ 122.962358691301958, 14.133364088604127 ], [ 122.962398471861391, 14.133403869163564 ], [ 122.962430296308938, 14.133435693611114 ], [ 122.962446208532711, 14.133467518058662 ], [ 122.962470076868371, 14.133499342506212 ], [ 122.962493945204031, 14.133531166953761 ], [ 122.962501901315932, 14.133555035289422 ], [ 122.962533725763478, 14.133610728072634 ], [ 122.962581462434798, 14.133682333079621 ], [ 122.962613286882345, 14.133722113639056 ], [ 122.962629199106118, 14.13374598197472 ], [ 122.962661023553679, 14.133785762534156 ], [ 122.962668979665565, 14.13380167475793 ], [ 122.962708760224999, 14.133857367541141 ], [ 122.962740584672545, 14.133897148100578 ], [ 122.962764453008205, 14.133936928660015 ], [ 122.962780365231978, 14.13395284088379 ], [ 122.962796277455752, 14.133992621443225 ], [ 122.962804233567638, 14.134016489778888 ], [ 122.962836058015199, 14.134048314226437 ], [ 122.962867882462746, 14.134088094785874 ], [ 122.962867882462746, 14.134111963121535 ], [ 122.962899706910292, 14.13415969979286 ], [ 122.962915619134066, 14.134199480352295 ], [ 122.962947443581612, 14.134231304799846 ], [ 122.962963355805385, 14.134255173135507 ], [ 122.962979268029159, 14.134286997583057 ], [ 122.962995180252946, 14.134302909806831 ], [ 122.963019048588606, 14.134326778142494 ], [ 122.963034960812379, 14.134342690366267 ], [ 122.963050873036153, 14.134374514813818 ], [ 122.963058829148039, 14.134398383149479 ], [ 122.963090653595586, 14.134438163708916 ], [ 122.963106565819359, 14.134477944268353 ], [ 122.963130434155019, 14.13451772482779 ], [ 122.96316225860258, 14.134573417611001 ], [ 122.9632099952739, 14.134629110394211 ], [ 122.963249775833333, 14.134668890953648 ], [ 122.96328160028088, 14.134740495960635 ], [ 122.963321380840313, 14.134796188743845 ], [ 122.963353205287873, 14.134851881527057 ], [ 122.963377073623533, 14.134907574310269 ], [ 122.96338502973542, 14.134947354869706 ], [ 122.963392985847307, 14.134979179317254 ], [ 122.963400941959193, 14.135018959876691 ], [ 122.96340889807108, 14.135058740436127 ], [ 122.96340889807108, 14.135122389331226 ], [ 122.96343276640674, 14.135162169890663 ], [ 122.96343276640674, 14.135193994338211 ], [ 122.963440722518627, 14.135233774897648 ], [ 122.963448678630513, 14.135265599345198 ], [ 122.963472546966173, 14.13532129212841 ], [ 122.96348050307806, 14.13537698491162 ], [ 122.963488459189946, 14.135424721582945 ], [ 122.963504371413734, 14.135480414366155 ], [ 122.963504371413734, 14.13552815103748 ], [ 122.963504371413734, 14.135575887708804 ], [ 122.963504371413734, 14.135639536603902 ], [ 122.963050873036153, 14.135894132184296 ], [ 122.963034960812379, 14.135886176072409 ], [ 122.963019048588606, 14.135878219960523 ], [ 122.963003136364833, 14.135870263848634 ], [ 122.962987224141045, 14.135862307736748 ], [ 122.963027004700493, 14.135910044408071 ] ] ] ] } },
{ "type": "Feature", "properties": { "fid": 180, "desc": "ctachbasin", "other desc": null, "barangay": "Barangay Awitan", "col": "flood-prone", "etc": null, "layer": "awitan_flood-prone" }, "geometry": { "type": "MultiPolygon", "coordinates": [ [ [ [ 122.963241819721432, 14.135838439401084 ], [ 122.963225907497659, 14.135854351624859 ], [ 122.963217951385772, 14.135870263848632 ], [ 122.963202039161999, 14.135886176072407 ], [ 122.963186126938226, 14.135894132184296 ], [ 122.963178170826339, 14.135910044408069 ], [ 122.963170214714452, 14.135925956631844 ], [ 122.963146346378778, 14.135949824967506 ], [ 122.963130434155005, 14.135965737191281 ], [ 122.963114521931232, 14.135973693303168 ], [ 122.963106565819345, 14.135989605526943 ], [ 122.963098609707458, 14.136005517750718 ], [ 122.963090653595572, 14.136029386086379 ], [ 122.963074741371798, 14.136045298310155 ], [ 122.963074741371798, 14.13606121053393 ], [ 122.963066785259912, 14.136085078869591 ], [ 122.963066785259912, 14.136100991093366 ], [ 122.963066785259912, 14.13611690331714 ], [ 122.963066785259912, 14.136132815540915 ], [ 122.963066785259912, 14.13614872776469 ], [ 122.963066785259912, 14.136172596100351 ], [ 122.963066785259912, 14.136188508324127 ], [ 122.963066785259912, 14.136204420547902 ], [ 122.963066785259912, 14.136220332771675 ], [ 122.963066785259912, 14.13623624499545 ], [ 122.963066785259912, 14.136260113331112 ], [ 122.963066785259912, 14.136276025554887 ], [ 122.963066785259912, 14.136291937778662 ], [ 122.963066785259912, 14.136307850002437 ], [ 122.963066785259912, 14.13632376222621 ], [ 122.963074741371798, 14.136339674449985 ], [ 122.963090653595572, 14.13635558667376 ], [ 122.963090653595572, 14.136371498897535 ], [ 122.963098609707458, 14.136387411121309 ], [ 122.963098609707458, 14.136403323345084 ], [ 122.963114521931232, 14.136427191680745 ], [ 122.963122478043118, 14.13644310390452 ], [ 122.963130434155005, 14.136459016128295 ], [ 122.963138390266892, 14.136474928352071 ], [ 122.963146346378778, 14.136490840575844 ], [ 122.963154302490679, 14.136506752799619 ], [ 122.963170214714452, 14.136522665023394 ], [ 122.963186126938226, 14.136546533359056 ], [ 122.963209995273886, 14.136570401694717 ], [ 122.963217951385772, 14.136586313918492 ], [ 122.963233863609545, 14.136594270030379 ], [ 122.963249775833319, 14.136610182254154 ], [ 122.963257731945205, 14.136634050589816 ], [ 122.963273644168979, 14.136649962813591 ], [ 122.963289556392752, 14.136665875037366 ], [ 122.963305468616525, 14.136681787261141 ], [ 122.963313424728426, 14.136697699484914 ], [ 122.963329336952199, 14.136713611708689 ], [ 122.963345249175973, 14.136729523932464 ], [ 122.963361161399746, 14.136737480044351 ], [ 122.963369117511633, 14.136753392268126 ], [ 122.963385029735406, 14.136761348380013 ], [ 122.963400941959179, 14.136777260603788 ], [ 122.963416854182952, 14.136785216715676 ], [ 122.963432766406726, 14.136793172827563 ], [ 122.963448678630499, 14.13680112893945 ], [ 122.963464590854272, 14.136817041163225 ], [ 122.96348050307806, 14.136824997275113 ], [ 122.963496415301833, 14.136832953387 ], [ 122.963512327525606, 14.136840909498886 ], [ 122.96352823974938, 14.136848865610775 ], [ 122.963544151973153, 14.136856821722661 ], [ 122.963568020308813, 14.136872733946436 ], [ 122.963583932532586, 14.136888646170211 ], [ 122.963599844756359, 14.136896602282098 ], [ 122.963615756980133, 14.136904558393985 ], [ 122.963631669203906, 14.136912514505873 ], [ 122.963647581427693, 14.136928426729648 ], [ 122.963663493651467, 14.136936382841535 ], [ 122.96367940587524, 14.13695229506531 ], [ 122.9637032742109, 14.136976163400972 ], [ 122.963719186434673, 14.136984119512858 ], [ 122.96372714254656, 14.137000031736633 ], [ 122.963743054770333, 14.137015943960408 ], [ 122.963758966994106, 14.137031856184183 ], [ 122.96377487921788, 14.13703981229607 ], [ 122.963782835329766, 14.137055724519845 ], [ 122.963806703665426, 14.137071636743618 ], [ 122.963822615889214, 14.137079592855507 ], [ 122.963838528112987, 14.137095505079282 ], [ 122.96385444033676, 14.137095505079282 ], [ 122.963870352560534, 14.137111417303055 ], [ 122.963886264784307, 14.137119373414944 ], [ 122.963918089231854, 14.13712732952683 ], [ 122.963941957567513, 14.137143241750605 ], [ 122.963965825903173, 14.137167110086267 ], [ 122.963981738126961, 14.137167110086267 ], [ 122.964005606462621, 14.137175066198154 ], [ 122.964021518686394, 14.137183022310042 ], [ 122.964037430910167, 14.137206890645704 ], [ 122.964053343133941, 14.13721484675759 ], [ 122.964077211469601, 14.137222802869479 ], [ 122.964093123693374, 14.137230758981365 ], [ 122.964116992029034, 14.137246671205141 ], [ 122.964132904252807, 14.137254627317027 ], [ 122.964148816476595, 14.137262583428916 ], [ 122.964164728700368, 14.137270539540802 ], [ 122.964180640924141, 14.137278495652689 ], [ 122.964196553147914, 14.137286451764577 ], [ 122.964212465371688, 14.137286451764577 ], [ 122.964228377595461, 14.137294407876464 ], [ 122.964244289819234, 14.137294407876464 ], [ 122.964260202043008, 14.137310320100239 ], [ 122.964284070378667, 14.137310320100239 ], [ 122.964299982602441, 14.137318276212126 ], [ 122.964315894826228, 14.137326232324014 ], [ 122.964331807050002, 14.137326232324014 ], [ 122.964347719273775, 14.137334188435901 ], [ 122.964371587609435, 14.137342144547787 ], [ 122.964387499833208, 14.137350100659676 ], [ 122.964403412056981, 14.137350100659676 ], [ 122.964419324280755, 14.137358056771562 ], [ 122.964443192616415, 14.137366012883451 ], [ 122.964459104840188, 14.137373968995337 ], [ 122.964482973175862, 14.137381925107224 ], [ 122.964514797623409, 14.137389881219113 ], [ 122.964538665959068, 14.137397837330999 ], [ 122.964554578182842, 14.137397837330999 ], [ 122.964570490406615, 14.137405793442888 ], [ 122.964594358742275, 14.137405793442888 ], [ 122.964610270966048, 14.137413749554774 ], [ 122.964626183189822, 14.137421705666661 ], [ 122.964642095413609, 14.137421705666661 ], [ 122.964658007637382, 14.137421705666661 ], [ 122.964673919861156, 14.137421705666661 ], [ 122.964689832084929, 14.137421705666661 ], [ 122.964705744308702, 14.137421705666661 ], [ 122.964721656532475, 14.137421705666661 ], [ 122.964737568756249, 14.137421705666661 ], [ 122.964761437091909, 14.137421705666661 ], [ 122.964785305427569, 14.137421705666661 ], [ 122.964801217651342, 14.137421705666661 ], [ 122.964817129875129, 14.137421705666661 ], [ 122.964833042098903, 14.137421705666661 ], [ 122.964848954322676, 14.137421705666661 ], [ 122.964864866546449, 14.137421705666661 ], [ 122.964880778770222, 14.137421705666661 ], [ 122.964896690993996, 14.137421705666661 ], [ 122.964912603217769, 14.137421705666661 ], [ 122.964944427665316, 14.137421705666661 ], [ 122.964960339889089, 14.137413749554774 ], [ 122.964984208224763, 14.137413749554774 ], [ 122.965008076560423, 14.137397837330999 ], [ 122.965023988784196, 14.137389881219113 ], [ 122.96503990100797, 14.137389881219113 ], [ 122.965055813231743, 14.137381925107224 ], [ 122.965071725455516, 14.137373968995337 ], [ 122.965095593791176, 14.137358056771562 ], [ 122.965111506014949, 14.137342144547787 ], [ 122.96514333046251, 14.137318276212126 ], [ 122.965159242686283, 14.137310320100239 ], [ 122.965175154910057, 14.137302363988352 ], [ 122.96519106713383, 14.137278495652689 ], [ 122.965206979357603, 14.137262583428916 ], [ 122.965222891581377, 14.137246671205141 ], [ 122.96523880380515, 14.137230758981365 ], [ 122.965254716028923, 14.137206890645704 ], [ 122.96526267214081, 14.137190978421929 ], [ 122.965270628252696, 14.137175066198154 ], [ 122.965278584364583, 14.137151197862492 ], [ 122.96528654047647, 14.13712732952683 ], [ 122.965294496588356, 14.137103461191169 ], [ 122.965302452700257, 14.137087548967394 ], [ 122.965302452700257, 14.137071636743618 ], [ 122.965302452700257, 14.137047768407957 ], [ 122.965310408812144, 14.137031856184183 ], [ 122.965310408812144, 14.13700798784852 ], [ 122.965326321035917, 14.136992075624747 ], [ 122.965326321035917, 14.136976163400972 ], [ 122.96534223325969, 14.13695229506531 ], [ 122.96534223325969, 14.136928426729648 ], [ 122.96534223325969, 14.136904558393985 ], [ 122.96534223325969, 14.136880690058323 ], [ 122.96534223325969, 14.136848865610775 ], [ 122.96534223325969, 14.136832953387 ], [ 122.96534223325969, 14.136817041163225 ], [ 122.96534223325969, 14.13680112893945 ], [ 122.96534223325969, 14.136777260603788 ], [ 122.96534223325969, 14.136761348380013 ], [ 122.96534223325969, 14.136745436156239 ], [ 122.96534223325969, 14.136729523932464 ], [ 122.96534223325969, 14.136697699484914 ], [ 122.96534223325969, 14.136681787261141 ], [ 122.96534223325969, 14.136657918925478 ], [ 122.965334277147804, 14.136642006701704 ], [ 122.965326321035917, 14.136618138366043 ], [ 122.965310408812144, 14.136602226142267 ], [ 122.965302452700257, 14.136578357806606 ], [ 122.965294496588356, 14.136546533359056 ], [ 122.96528654047647, 14.136522665023394 ], [ 122.965270628252696, 14.136506752799619 ], [ 122.965270628252696, 14.136490840575844 ], [ 122.96526267214081, 14.136474928352071 ], [ 122.965254716028923, 14.13644310390452 ], [ 122.96523880380515, 14.136419235568859 ], [ 122.965230847693263, 14.136403323345084 ], [ 122.96521493546949, 14.136379455009422 ], [ 122.965206979357603, 14.136363542785647 ], [ 122.96519106713383, 14.136339674449985 ], [ 122.965175154910057, 14.136315806114323 ], [ 122.965159242686283, 14.136283981666773 ], [ 122.96514333046251, 14.136252157219225 ], [ 122.965135374350609, 14.13623624499545 ], [ 122.965119462126836, 14.136204420547902 ], [ 122.965111506014949, 14.136188508324127 ], [ 122.965103549903063, 14.136164639988465 ], [ 122.965095593791176, 14.13614872776469 ], [ 122.965087637679289, 14.136124859429028 ], [ 122.965071725455516, 14.136093034981478 ], [ 122.965063769343629, 14.136077122757703 ], [ 122.965047857119856, 14.136053254422041 ], [ 122.965031944896083, 14.136029386086379 ], [ 122.965023988784196, 14.136013473862604 ], [ 122.965008076560423, 14.136005517750718 ], [ 122.965000120448536, 14.135989605526943 ], [ 122.96499216433665, 14.135965737191281 ], [ 122.964976252112876, 14.135949824967506 ], [ 122.964960339889089, 14.135925956631844 ], [ 122.964952383777202, 14.135910044408069 ], [ 122.964936471553429, 14.135894132184296 ], [ 122.964928515441542, 14.135878219960521 ], [ 122.964912603217769, 14.135862307736746 ], [ 122.964904647105882, 14.135846395512971 ], [ 122.964896690993996, 14.135830483289197 ], [ 122.964880778770222, 14.135822527177309 ], [ 122.964864866546449, 14.135806614953534 ], [ 122.964856910434563, 14.135790702729761 ], [ 122.964840998210789, 14.135774790505986 ], [ 122.964825085987016, 14.135758878282211 ], [ 122.964809173763243, 14.135742966058435 ], [ 122.964801217651342, 14.135727053834662 ], [ 122.964785305427569, 14.135703185498999 ], [ 122.964769393203795, 14.135687273275225 ], [ 122.964745524868135, 14.135663404939562 ], [ 122.964729612644362, 14.1356395366039 ], [ 122.964713700420589, 14.135623624380127 ], [ 122.964697788196816, 14.135607712156352 ], [ 122.964681875973042, 14.135599756044464 ], [ 122.964665963749269, 14.13558384382069 ], [ 122.964650051525496, 14.135575887708802 ], [ 122.964634139301708, 14.135567931596915 ], [ 122.964618227077935, 14.13555201937314 ], [ 122.964602314854162, 14.135544063261253 ], [ 122.964586402630388, 14.135536107149365 ], [ 122.964570490406615, 14.135520194925592 ], [ 122.964538665959068, 14.135504282701817 ], [ 122.964514797623409, 14.135488370478042 ], [ 122.964498885399635, 14.135480414366155 ], [ 122.964475017063975, 14.13546450214238 ], [ 122.964459104840188, 14.13546450214238 ], [ 122.964443192616415, 14.13546450214238 ], [ 122.964427280392641, 14.13546450214238 ], [ 122.964411368168868, 14.13546450214238 ], [ 122.964395455945095, 14.13546450214238 ], [ 122.964379543721321, 14.13546450214238 ], [ 122.964363631497548, 14.135472458254267 ], [ 122.964347719273775, 14.135472458254267 ], [ 122.964331807050002, 14.135488370478042 ], [ 122.964323850938115, 14.135512238813703 ], [ 122.964307938714342, 14.135528151037478 ], [ 122.964292026490554, 14.135536107149365 ], [ 122.964284070378667, 14.13555201937314 ], [ 122.964260202043008, 14.135567931596915 ], [ 122.964236333707348, 14.13558384382069 ], [ 122.964212465371688, 14.13558384382069 ], [ 122.964196553147914, 14.135591799932577 ], [ 122.964180640924141, 14.135599756044464 ], [ 122.964164728700368, 14.135607712156352 ], [ 122.964140860364694, 14.135607712156352 ], [ 122.96412494814092, 14.135615668268239 ], [ 122.964109035917147, 14.135623624380127 ], [ 122.964085167581487, 14.135631580492014 ], [ 122.964061299245827, 14.135631580492014 ], [ 122.964045387022054, 14.135631580492014 ], [ 122.964021518686394, 14.135631580492014 ], [ 122.963997650350734, 14.135647492715789 ], [ 122.963981738126961, 14.135647492715789 ], [ 122.963965825903173, 14.135647492715789 ], [ 122.9639499136794, 14.135655448827675 ], [ 122.96392604534374, 14.135655448827675 ], [ 122.96390217700808, 14.135655448827675 ], [ 122.96387830867242, 14.135663404939562 ], [ 122.963862396448647, 14.135663404939562 ], [ 122.9638305720011, 14.135663404939562 ], [ 122.963814659777327, 14.135663404939562 ], [ 122.963790791441653, 14.13567136105145 ], [ 122.96377487921788, 14.135679317163337 ], [ 122.963758966994106, 14.135679317163337 ], [ 122.963743054770333, 14.135679317163337 ], [ 122.963719186434673, 14.135679317163337 ], [ 122.963695318099013, 14.135695229387112 ], [ 122.963671449763353, 14.135695229387112 ], [ 122.96365553753958, 14.135703185498999 ], [ 122.963639625315793, 14.135703185498999 ], [ 122.963607800868246, 14.135703185498999 ], [ 122.963583932532586, 14.135711141610887 ], [ 122.963568020308813, 14.135711141610887 ], [ 122.96355210808504, 14.135711141610887 ], [ 122.963536195861266, 14.135711141610887 ], [ 122.963520283637493, 14.135711141610887 ], [ 122.96350437141372, 14.135719097722774 ], [ 122.963488459189946, 14.135719097722774 ], [ 122.963472546966159, 14.135719097722774 ], [ 122.963456634742386, 14.135719097722774 ], [ 122.963440722518612, 14.135719097722774 ], [ 122.963424810294839, 14.135727053834662 ], [ 122.963400941959179, 14.135727053834662 ], [ 122.963385029735406, 14.135735009946549 ], [ 122.963369117511633, 14.135735009946549 ], [ 122.963353205287859, 14.135735009946549 ], [ 122.963337293064086, 14.135742966058435 ], [ 122.963305468616525, 14.135750922170324 ], [ 122.963289556392752, 14.135758878282211 ], [ 122.963273644168979, 14.135774790505986 ], [ 122.963241819721432, 14.135838439401084 ] ] ] ] } },
{ "type": "Feature", "properties": { "fid": 181, "desc": "flood-prone", "other desc": null, "barangay": "Barangay San Isidro", "col": "flood-prone", "etc": null, "layer": "san isidro_flood-prone" }, "geometry": { "type": "MultiPolygon", "coordinates": [ [ [ [ 122.975321485546587, 14.108606063520565 ], [ 122.975321485546587, 14.108574175296567 ], [ 122.975289597322586, 14.108558231184569 ], [ 122.975257709098599, 14.108558231184569 ], [ 122.975209876762591, 14.10854228707257 ], [ 122.975177988538604, 14.108526342960571 ], [ 122.975146100314603, 14.108494454736574 ], [ 122.975114212090602, 14.108478510624575 ], [ 122.975082323866602, 14.108478510624575 ], [ 122.975034491530607, 14.108446622400578 ], [ 122.975002603306621, 14.108414734176581 ], [ 122.97497071508262, 14.108398790064582 ], [ 122.974938826858619, 14.108382845952583 ], [ 122.974922882746625, 14.108350957728586 ], [ 122.974875050410631, 14.108319069504589 ], [ 122.97484316218663, 14.10830312539259 ], [ 122.974811273962629, 14.108271237168593 ], [ 122.974779385738628, 14.108239348944595 ], [ 122.974779385738628, 14.108207460720598 ], [ 122.974763441626635, 14.1081755724966 ], [ 122.974747497514642, 14.108143684272603 ], [ 122.974747497514642, 14.108111796048606 ], [ 122.974731553402634, 14.108079907824608 ], [ 122.974731553402634, 14.108032075488612 ], [ 122.974731553402634, 14.108000187264615 ], [ 122.974731553402634, 14.107968299040618 ], [ 122.974731553402634, 14.107904522592623 ], [ 122.974731553402634, 14.107872634368626 ], [ 122.974731553402634, 14.107840746144628 ], [ 122.974731553402634, 14.107792913808634 ], [ 122.974731553402634, 14.107745081472638 ], [ 122.974731553402634, 14.107697249136642 ], [ 122.974731553402634, 14.107649416800646 ], [ 122.974731553402634, 14.10760158446465 ], [ 122.974731553402634, 14.107569696240652 ], [ 122.974747497514642, 14.107521863904656 ], [ 122.974763441626635, 14.107489975680659 ], [ 122.974779385738628, 14.107458087456662 ], [ 122.974779385738628, 14.107426199232664 ], [ 122.974811273962629, 14.107378366896668 ], [ 122.974827218074623, 14.107314590448674 ], [ 122.974859106298624, 14.107298646336675 ], [ 122.974890994522625, 14.107250814000679 ], [ 122.974906938634618, 14.107202981664683 ], [ 122.974922882746625, 14.107171093440686 ], [ 122.974938826858619, 14.107139205216688 ], [ 122.974954770970612, 14.107091372880692 ], [ 122.97497071508262, 14.107059484656695 ], [ 122.975002603306621, 14.107011652320699 ], [ 122.975050435642615, 14.106979764096701 ], [ 122.975082323866602, 14.106931931760705 ], [ 122.975098267978609, 14.10690004353671 ], [ 122.97513015620261, 14.106884099424711 ], [ 122.975162044426597, 14.106852211200714 ], [ 122.975177988538604, 14.106804378864718 ], [ 122.975209876762591, 14.106756546528722 ], [ 122.975225820874599, 14.106724658304724 ], [ 122.975273653210593, 14.106676825968728 ], [ 122.975289597322586, 14.106644937744731 ], [ 122.975305541434594, 14.106597105408735 ], [ 122.975353373770588, 14.106549273072739 ], [ 122.975369317882581, 14.106517384848742 ], [ 122.975417150218576, 14.106485496624744 ], [ 122.975433094330583, 14.106453608400747 ], [ 122.975449038442576, 14.106421720176749 ], [ 122.975480926666577, 14.106389831952752 ], [ 122.975528759002572, 14.106326055504757 ], [ 122.975544703114565, 14.10629416728076 ], [ 122.975576591338566, 14.106262279056763 ], [ 122.975608479562567, 14.106230390832765 ], [ 122.975640367786553, 14.106198502608768 ], [ 122.975656311898561, 14.106166614384771 ], [ 122.975688200122562, 14.106118782048775 ], [ 122.975704144234555, 14.106086893824777 ], [ 122.97575197657055, 14.10605500560078 ], [ 122.97578386479455, 14.106007173264786 ], [ 122.975815753018551, 14.10595934092879 ], [ 122.975863585354546, 14.105927452704792 ], [ 122.975879529466539, 14.105895564480795 ], [ 122.97591141769054, 14.105863676256797 ], [ 122.975927361802533, 14.105815843920801 ], [ 122.975959250026534, 14.105799899808803 ], [ 122.975975194138528, 14.105768011584805 ], [ 122.975991138250535, 14.105736123360808 ], [ 122.976023026474522, 14.105704235136811 ], [ 122.976054914698523, 14.105672346912813 ], [ 122.976086802922524, 14.105640458688816 ], [ 122.976118691146524, 14.105608570464819 ], [ 122.976134635258518, 14.105576682240821 ], [ 122.976150579370511, 14.105544794016824 ], [ 122.976182467594512, 14.105512905792827 ], [ 122.97619841170652, 14.105481017568829 ], [ 122.976230299930506, 14.105465073456831 ], [ 122.976262188154507, 14.105433185232833 ], [ 122.976310020490502, 14.105385352896837 ], [ 122.976341908714502, 14.10535346467284 ], [ 122.976373796938503, 14.105337520560841 ], [ 122.97640568516249, 14.105305632336844 ], [ 122.976421629274498, 14.105273744112846 ], [ 122.976453517498484, 14.105257800000848 ], [ 122.976485405722485, 14.105241855888849 ], [ 122.976517293946486, 14.10522591177685 ], [ 122.976549182170487, 14.105194023552853 ], [ 122.976581070394474, 14.105162135328856 ], [ 122.976612958618475, 14.105146191216857 ], [ 122.976644846842476, 14.10513024710486 ], [ 122.976676735066476, 14.105114302992861 ], [ 122.976708623290463, 14.105082414768864 ], [ 122.976740511514464, 14.105066470656865 ], [ 122.976772399738465, 14.105050526544867 ], [ 122.976820232074459, 14.105018638320869 ], [ 122.97685212029846, 14.105018638320869 ], [ 122.976884008522461, 14.105002694208871 ], [ 122.976915896746448, 14.104986750096872 ], [ 122.97697967319445, 14.104954861872875 ], [ 122.97701156141845, 14.104954861872875 ], [ 122.977059393754445, 14.104922973648877 ], [ 122.977091281978431, 14.104907029536879 ], [ 122.977139114314426, 14.10489108542488 ], [ 122.977186946650434, 14.104875141312881 ], [ 122.977218834874421, 14.104859197200883 ], [ 122.977250723098422, 14.104827308976885 ], [ 122.977282611322423, 14.104827308976885 ], [ 122.977314499546424, 14.104811364864887 ], [ 122.97734638777041, 14.104811364864887 ], [ 122.977378275994411, 14.104795420752888 ], [ 122.977410164218412, 14.104795420752888 ], [ 122.977442052442413, 14.104795420752888 ], [ 122.9774739406664, 14.104795420752888 ], [ 122.977505828890401, 14.104779476640889 ], [ 122.977537717114402, 14.10476353252889 ], [ 122.977569605338402, 14.104747588416892 ], [ 122.977601493562389, 14.104747588416892 ], [ 122.97763338178639, 14.104747588416892 ], [ 122.977665270010391, 14.104747588416892 ], [ 122.977697158234392, 14.104731644304893 ], [ 122.977729046458379, 14.104715700192894 ], [ 122.977760934682379, 14.104715700192894 ], [ 122.97779282290638, 14.104715700192894 ], [ 122.977824711130381, 14.104715700192894 ], [ 122.977856599354368, 14.104715700192894 ], [ 122.977888487578369, 14.104715700192894 ], [ 122.97792037580237, 14.104715700192894 ], [ 122.977968208138364, 14.104715700192894 ], [ 122.978000096362365, 14.104715700192894 ], [ 122.978031984586352, 14.104715700192894 ], [ 122.978063872810353, 14.104715700192894 ], [ 122.978095761034353, 14.104715700192894 ], [ 122.978127649258354, 14.104715700192894 ], [ 122.978159537482341, 14.104715700192894 ], [ 122.978191425706342, 14.104715700192894 ], [ 122.978223313930343, 14.104731644304893 ], [ 122.978255202154344, 14.104731644304893 ], [ 122.978287090378331, 14.104731644304893 ], [ 122.978318978602331, 14.104731644304893 ], [ 122.978366810938326, 14.104747588416892 ], [ 122.978398699162327, 14.104747588416892 ], [ 122.978446531498321, 14.10476353252889 ], [ 122.978478419722322, 14.10476353252889 ], [ 122.978510307946323, 14.10476353252889 ], [ 122.978542196170309, 14.10476353252889 ], [ 122.97857408439431, 14.10476353252889 ], [ 122.978605972618311, 14.10476353252889 ], [ 122.978637860842312, 14.10476353252889 ], [ 122.978669749066299, 14.10476353252889 ], [ 122.9787016372903, 14.104779476640889 ], [ 122.978733525514301, 14.104779476640889 ], [ 122.978765413738302, 14.104779476640889 ], [ 122.978797301962288, 14.104779476640889 ], [ 122.978829190186289, 14.104779476640889 ], [ 122.97886107841029, 14.104779476640889 ], [ 122.978908910746284, 14.104779476640889 ], [ 122.978940798970285, 14.104779476640889 ], [ 122.978988631306279, 14.104779476640889 ], [ 122.979020519530266, 14.104779476640889 ], [ 122.979052407754267, 14.104779476640889 ], [ 122.979084295978268, 14.104779476640889 ], [ 122.979116184202269, 14.104779476640889 ], [ 122.979164016538263, 14.104779476640889 ], [ 122.979195904762264, 14.104779476640889 ], [ 122.979227792986251, 14.104779476640889 ], [ 122.979259681210252, 14.104779476640889 ], [ 122.979291569434253, 14.104779476640889 ], [ 122.979323457658253, 14.104779476640889 ], [ 122.97935534588224, 14.104779476640889 ], [ 122.979387234106241, 14.104779476640889 ], [ 122.979435066442235, 14.104779476640889 ], [ 122.979466954666236, 14.104779476640889 ], [ 122.979498842890237, 14.104779476640889 ], [ 122.979530731114224, 14.104779476640889 ], [ 122.979562619338225, 14.104779476640889 ], [ 122.979594507562226, 14.104779476640889 ], [ 122.979626395786227, 14.104779476640889 ], [ 122.979658284010213, 14.104779476640889 ], [ 122.979690172234214, 14.104779476640889 ], [ 122.979722060458215, 14.104779476640889 ], [ 122.979753948682216, 14.104779476640889 ], [ 122.979785836906203, 14.104779476640889 ], [ 122.979817725130204, 14.104779476640889 ], [ 122.979865557466198, 14.104779476640889 ], [ 122.979897445690199, 14.104779476640889 ], [ 122.9799293339142, 14.104779476640889 ], [ 122.979961222138186, 14.104779476640889 ], [ 122.979993110362187, 14.104779476640889 ], [ 122.980040942698182, 14.104779476640889 ], [ 122.980072830922182, 14.104779476640889 ], [ 122.980104719146183, 14.104779476640889 ], [ 122.980152551482178, 14.104779476640889 ], [ 122.980200383818172, 14.104779476640889 ], [ 122.980248216154166, 14.104779476640889 ], [ 122.980280104378167, 14.104779476640889 ], [ 122.980311992602168, 14.104779476640889 ], [ 122.980359824938162, 14.104779476640889 ], [ 122.980407657274156, 14.104779476640889 ], [ 122.980455489610151, 14.104779476640889 ], [ 122.980503321946145, 14.104795420752888 ], [ 122.980551154282139, 14.104795420752888 ], [ 122.98058304250614, 14.104795420752888 ], [ 122.980614930730141, 14.104795420752888 ], [ 122.980646818954128, 14.104795420752888 ], [ 122.98071059540213, 14.104811364864887 ], [ 122.980758427738124, 14.104811364864887 ], [ 122.980806260074118, 14.104827308976885 ], [ 122.980838148298119, 14.104827308976885 ], [ 122.98087003652212, 14.104827308976885 ], [ 122.980901924746107, 14.104827308976885 ], [ 122.980933812970108, 14.104827308976885 ], [ 122.980965701194108, 14.104827308976885 ], [ 122.980997589418109, 14.104827308976885 ], [ 122.981045421754104, 14.104827308976885 ], [ 122.981077309978104, 14.104843253088884 ], [ 122.981125142314099, 14.104843253088884 ], [ 122.981157030538085, 14.104843253088884 ], [ 122.981188918762086, 14.104843253088884 ], [ 122.981220806986087, 14.104843253088884 ], [ 122.981252695210088, 14.104843253088884 ], [ 122.981316471658076, 14.104843253088884 ], [ 122.981348359882077, 14.104843253088884 ], [ 122.981396192218071, 14.104859197200883 ], [ 122.981428080442072, 14.104859197200883 ], [ 122.981459968666073, 14.104875141312881 ], [ 122.981491856890059, 14.104875141312881 ], [ 122.981539689226054, 14.104875141312881 ], [ 122.981571577450055, 14.104875141312881 ], [ 122.981603465674056, 14.10489108542488 ], [ 122.981635353898056, 14.10489108542488 ], [ 122.981667242122043, 14.10489108542488 ], [ 122.981715074458037, 14.10489108542488 ], [ 122.981746962682038, 14.10489108542488 ], [ 122.981794795018033, 14.10489108542488 ], [ 122.981842627354027, 14.104907029536879 ], [ 122.981890459690035, 14.104907029536879 ], [ 122.981922347914022, 14.104922973648877 ], [ 122.981970180250016, 14.104938917760876 ], [ 122.982018012586025, 14.104954861872875 ], [ 122.982065844922019, 14.104970805984873 ], [ 122.982113677258013, 14.104986750096872 ], [ 122.982145565482014, 14.104986750096872 ], [ 122.982177453706001, 14.105002694208871 ], [ 122.982225286041995, 14.105034582432868 ], [ 122.982273118378004, 14.105050526544867 ], [ 122.98230500660199, 14.105066470656865 ], [ 122.982336894825991, 14.105082414768864 ], [ 122.982400671273979, 14.105114302992861 ], [ 122.98243255949798, 14.105146191216857 ], [ 122.982480391833974, 14.105178079440854 ], [ 122.982512280057975, 14.10522591177685 ], [ 122.982544168281976, 14.105241855888849 ], [ 122.982607944729963, 14.105257800000848 ], [ 122.982639832953964, 14.105289688224845 ], [ 122.982671721177965, 14.105305632336844 ], [ 122.982703609401966, 14.105321576448842 ], [ 122.982735497625953, 14.10535346467284 ], [ 122.982767385849954, 14.105369408784838 ], [ 122.982799274073955, 14.105401297008836 ], [ 122.982831162297956, 14.105433185232833 ], [ 122.98287899463395, 14.105481017568829 ], [ 122.982894938745943, 14.105512905792827 ], [ 122.982926826969944, 14.105528849904825 ], [ 122.982958715193945, 14.105560738128823 ], [ 122.982990603417932, 14.105608570464819 ], [ 122.983022491641933, 14.105640458688816 ], [ 122.983054379865933, 14.105672346912813 ], [ 122.983086268089934, 14.105720179248809 ], [ 122.983102212201928, 14.105752067472807 ], [ 122.983102212201928, 14.105783955696804 ], [ 122.983134100425929, 14.105799899808803 ], [ 122.983165988649915, 14.1058317880328 ], [ 122.983181932761923, 14.105863676256797 ], [ 122.983213820985924, 14.105895564480795 ], [ 122.983229765097917, 14.105927452704792 ], [ 122.983245709209911, 14.10595934092879 ], [ 122.983245709209911, 14.105991229152787 ], [ 122.983261653321918, 14.106023117376784 ], [ 122.983261653321918, 14.106166614384771 ], [ 122.983229765097917, 14.106198502608768 ], [ 122.983197876873916, 14.106230390832765 ], [ 122.983165988649915, 14.106230390832765 ], [ 122.983134100425929, 14.106262279056763 ], [ 122.983102212201928, 14.106278223168761 ], [ 122.983070323977927, 14.106326055504757 ], [ 122.983038435753926, 14.106341999616756 ], [ 122.975321485546587, 14.108606063520565 ] ] ] ] } },
{ "type": "Feature", "properties": { "fid": 182, "desc": "flood-prone", "other desc": null, "barangay": "Barangay San Isidro", "col": "flood-prone", "etc": null, "layer": "san isidro_flood-prone" }, "geometry": { "type": "MultiPolygon", "coordinates": [ [ [ [ 122.971096295866943, 14.110296139392421 ], [ 122.971048463530948, 14.110328027616418 ], [ 122.971016575306948, 14.110343971728417 ], [ 122.970984687082961, 14.110359915840416 ], [ 122.970920910634959, 14.110375859952415 ], [ 122.970857134186971, 14.110391804064413 ], [ 122.97079335773897, 14.110407748176412 ], [ 122.970745525402975, 14.110407748176412 ], [ 122.970681748954988, 14.110407748176412 ], [ 122.970649860730987, 14.110423692288411 ], [ 122.970602028394993, 14.110439636400409 ], [ 122.970554196058998, 14.110455580512406 ], [ 122.97050636372299, 14.110455580512406 ], [ 122.970442587275002, 14.110455580512406 ], [ 122.970410699051001, 14.110471524624405 ], [ 122.970362866715007, 14.110471524624405 ], [ 122.970315034379013, 14.110487468736403 ], [ 122.970283146155012, 14.110503412848402 ], [ 122.970251257931011, 14.110503412848402 ], [ 122.970203425595017, 14.110503412848402 ], [ 122.97017153737103, 14.110519356960401 ], [ 122.970139649147029, 14.110519356960401 ], [ 122.970107760923028, 14.1105353010724 ], [ 122.970059928587034, 14.110551245184398 ], [ 122.97001209625104, 14.110551245184398 ], [ 122.969980208027039, 14.110551245184398 ], [ 122.969948319803038, 14.110551245184398 ], [ 122.969916431579051, 14.110551245184398 ], [ 122.96988454335505, 14.110551245184398 ], [ 122.969836711019056, 14.110551245184398 ], [ 122.969788878683062, 14.110551245184398 ], [ 122.969756990459061, 14.110551245184398 ], [ 122.96972510223506, 14.110551245184398 ], [ 122.969693214011059, 14.110551245184398 ], [ 122.969661325787072, 14.110551245184398 ], [ 122.969613493451078, 14.110551245184398 ], [ 122.969581605227077, 14.110551245184398 ], [ 122.969533772891083, 14.110551245184398 ], [ 122.969485940555089, 14.110551245184398 ], [ 122.96943810821908, 14.1105353010724 ], [ 122.969406219995093, 14.1105353010724 ], [ 122.969358387659099, 14.1105353010724 ], [ 122.969326499435098, 14.110519356960401 ], [ 122.969294611211097, 14.110519356960401 ], [ 122.969246778875103, 14.110487468736403 ], [ 122.969214890651102, 14.110487468736403 ], [ 122.969167058315108, 14.110487468736403 ], [ 122.969135170091107, 14.110455580512406 ], [ 122.96910328186712, 14.110423692288411 ], [ 122.969055449531126, 14.110391804064413 ], [ 122.969055449531126, 14.110343971728417 ], [ 122.969055449531126, 14.110296139392421 ], [ 122.969055449531126, 14.110264251168424 ], [ 122.969055449531126, 14.110232362944426 ], [ 122.969055449531126, 14.110200474720429 ], [ 122.969087337755113, 14.110168586496432 ], [ 122.96910328186712, 14.110136698272434 ], [ 122.969135170091107, 14.110104810048437 ], [ 122.969167058315108, 14.11007292182444 ], [ 122.969198946539109, 14.110056977712441 ], [ 122.96923083476311, 14.110041033600442 ], [ 122.969294611211097, 14.110009145376445 ], [ 122.969390275883086, 14.109977257152448 ], [ 122.96943810821908, 14.109961313040449 ], [ 122.969517828779075, 14.109929424816452 ], [ 122.96956566111507, 14.109929424816452 ], [ 122.969613493451078, 14.109897536592454 ], [ 122.969677269899066, 14.109881592480455 ], [ 122.96972510223506, 14.109865648368457 ], [ 122.969756990459061, 14.109833760144459 ], [ 122.969788878683062, 14.109833760144459 ], [ 122.969852655131049, 14.109801871920462 ], [ 122.96988454335505, 14.109785927808463 ], [ 122.969932375691045, 14.109785927808463 ], [ 122.969964263915045, 14.109769983696465 ], [ 122.969996152139046, 14.109754039584466 ], [ 122.970043984475041, 14.109738095472467 ], [ 122.970075872699027, 14.109738095472467 ], [ 122.970123705035022, 14.109738095472467 ], [ 122.970155593259022, 14.109722151360469 ], [ 122.970203425595017, 14.10970620724847 ], [ 122.970251257931011, 14.109674319024473 ], [ 122.970299090267019, 14.109642430800475 ], [ 122.970330978491006, 14.109626486688477 ], [ 122.970362866715007, 14.109610542576478 ], [ 122.970394754939008, 14.109594598464479 ], [ 122.970442587275002, 14.109578654352481 ], [ 122.970474475499003, 14.109562710240484 ], [ 122.970522307834997, 14.109546766128485 ], [ 122.970570140170992, 14.109514877904488 ], [ 122.970617972506986, 14.109498933792489 ], [ 122.970649860730987, 14.10948298968049 ], [ 122.970697693066981, 14.109467045568492 ], [ 122.970729581290982, 14.109435157344494 ], [ 122.970761469514969, 14.109403269120497 ], [ 122.97079335773897, 14.109387325008498 ], [ 122.970841190074964, 14.109355436784501 ], [ 122.970889022410958, 14.109339492672502 ], [ 122.970920910634959, 14.109323548560504 ], [ 122.97095279885896, 14.109307604448505 ], [ 122.970968742970953, 14.109275716224507 ], [ 122.971000631194954, 14.10924382800051 ], [ 122.971032519418955, 14.109227883888511 ], [ 122.971064407642942, 14.109211939776513 ], [ 122.971096295866943, 14.109195995664514 ], [ 122.971128184090944, 14.109180051552515 ], [ 122.971176016426938, 14.109164107440517 ], [ 122.971207904650939, 14.109148163328518 ], [ 122.97123979287494, 14.109132219216519 ], [ 122.971287625210934, 14.109116275104521 ], [ 122.971335457546928, 14.109084386880523 ], [ 122.971367345770929, 14.109052498656526 ], [ 122.971399233994916, 14.109036554544527 ], [ 122.971431122218917, 14.109020610432529 ], [ 122.971463010442918, 14.10900466632053 ], [ 122.971510842778912, 14.108988722208531 ], [ 122.971574619226899, 14.108972778096533 ], [ 122.9716065074509, 14.108956833984534 ], [ 122.971654339786895, 14.108940889872535 ], [ 122.971686228010896, 14.108909001648538 ], [ 122.97173406034689, 14.108877113424541 ], [ 122.971765948570891, 14.108845225200543 ], [ 122.971813780906885, 14.108845225200543 ], [ 122.971861613242879, 14.108797392864547 ], [ 122.97189350146688, 14.108797392864547 ], [ 122.971925389690881, 14.108781448752548 ], [ 122.971957277914868, 14.10876550464055 ], [ 122.972005110250862, 14.108749560528551 ], [ 122.972036998474863, 14.108749560528551 ], [ 122.972068886698864, 14.108733616416552 ], [ 122.972116719034858, 14.108717672304554 ], [ 122.972148607258859, 14.108701728192555 ], [ 122.97218049548286, 14.108685784080556 ], [ 122.972212383706847, 14.10866983996856 ], [ 122.972276160154848, 14.108653895856561 ], [ 122.972323992490843, 14.108653895856561 ], [ 122.972355880714844, 14.108622007632563 ], [ 122.972403713050838, 14.108622007632563 ], [ 122.972435601274839, 14.108606063520565 ], [ 122.972483433610833, 14.108574175296567 ], [ 122.972531265946827, 14.108574175296567 ], [ 122.972563154170828, 14.108558231184569 ], [ 122.972595042394815, 14.10854228707257 ], [ 122.972642874730809, 14.108510398848573 ], [ 122.972706651178811, 14.108494454736574 ], [ 122.972738539402812, 14.108478510624575 ], [ 122.972818259962793, 14.108462566512577 ], [ 122.972850148186794, 14.108462566512577 ], [ 122.972882036410795, 14.108446622400578 ], [ 122.972913924634796, 14.108446622400578 ], [ 122.972945812858782, 14.108446622400578 ], [ 122.972977701082783, 14.108430678288579 ], [ 122.973009589306784, 14.108430678288579 ], [ 122.973041477530785, 14.108414734176581 ], [ 122.97312119809078, 14.108398790064582 ], [ 122.973184974538768, 14.108382845952583 ], [ 122.973216862762769, 14.108382845952583 ], [ 122.973264695098763, 14.108382845952583 ], [ 122.973312527434757, 14.108366901840585 ], [ 122.973360359770751, 14.108350957728586 ], [ 122.973408192106746, 14.108350957728586 ], [ 122.97345602444274, 14.108335013616587 ], [ 122.973487912666741, 14.108335013616587 ], [ 122.973519800890742, 14.108319069504589 ], [ 122.973551689114743, 14.108319069504589 ], [ 122.973583577338729, 14.108319069504589 ], [ 122.97361546556273, 14.108319069504589 ], [ 122.973647353786731, 14.10830312539259 ], [ 122.973679242010732, 14.10830312539259 ], [ 122.97374301845872, 14.108287181280591 ], [ 122.973774906682721, 14.108287181280591 ], [ 122.973806794906722, 14.108287181280591 ], [ 122.973854627242716, 14.108287181280591 ], [ 122.973886515466702, 14.108287181280591 ], [ 122.973934347802711, 14.108287181280591 ], [ 122.973966236026698, 14.108287181280591 ], [ 122.974014068362692, 14.108287181280591 ], [ 122.9740619006987, 14.108287181280591 ], [ 122.974093788922687, 14.108287181280591 ], [ 122.974141621258681, 14.108287181280591 ], [ 122.974173509482682, 14.108287181280591 ], [ 122.974221341818676, 14.108287181280591 ], [ 122.974253230042677, 14.108287181280591 ], [ 122.974285118266678, 14.108287181280591 ], [ 122.974317006490679, 14.108287181280591 ], [ 122.974364838826673, 14.108287181280591 ], [ 122.97439672705066, 14.108287181280591 ], [ 122.974444559386654, 14.108287181280591 ], [ 122.974476447610655, 14.108287181280591 ], [ 122.974508335834656, 14.108287181280591 ], [ 122.974540224058657, 14.108287181280591 ], [ 122.974572112282644, 14.108287181280591 ], [ 122.974604000506645, 14.10830312539259 ], [ 122.974635888730646, 14.10830312539259 ], [ 122.97468372106664, 14.108319069504589 ], [ 122.974731553402634, 14.108350957728586 ], [ 122.974763441626635, 14.108350957728586 ], [ 122.974795329850636, 14.108366901840585 ], [ 122.97484316218663, 14.108398790064582 ], [ 122.974890994522625, 14.108414734176581 ], [ 122.974922882746625, 14.108430678288579 ], [ 122.974954770970612, 14.108430678288579 ], [ 122.974986659194613, 14.108462566512577 ], [ 122.975018547418614, 14.108478510624575 ], [ 122.975066379754608, 14.108494454736574 ], [ 122.975114212090602, 14.108510398848573 ], [ 122.975146100314603, 14.108526342960571 ], [ 122.971096295866943, 14.110296139392421 ] ] ] ] } },
{ "type": "Feature", "properties": { "fid": 183, "desc": "flood-prone", "other desc": null, "barangay": "Barangay San Isidro", "col": "flood-prone", "etc": null, "layer": "san isidro_flood-prone" }, "geometry": { "type": "MultiPolygon", "coordinates": [ [ [ [ 122.966113760867373, 14.112823281144198 ], [ 122.966065928531378, 14.112855169368196 ], [ 122.965986207971383, 14.112855169368196 ], [ 122.965938375635389, 14.112855169368196 ], [ 122.965890543299395, 14.112855169368196 ], [ 122.9658427109634, 14.112855169368196 ], [ 122.965794878627406, 14.112855169368196 ], [ 122.965731102179404, 14.112855169368196 ], [ 122.965667325731417, 14.112855169368196 ], [ 122.965571661059414, 14.112855169368196 ], [ 122.965491940499433, 14.112855169368196 ], [ 122.96539627582743, 14.112855169368196 ], [ 122.965332499379443, 14.112855169368196 ], [ 122.965252778819448, 14.112855169368196 ], [ 122.96518900237146, 14.112855169368196 ], [ 122.965141170035452, 14.112855169368196 ], [ 122.965093337699457, 14.112855169368196 ], [ 122.965061449475471, 14.112855169368196 ], [ 122.964981728915475, 14.112855169368196 ], [ 122.964949840691474, 14.112855169368196 ], [ 122.96490200835548, 14.112839225256197 ], [ 122.964854176019486, 14.112839225256197 ], [ 122.964790399571484, 14.112839225256197 ], [ 122.96474256723549, 14.112839225256197 ], [ 122.964710679011489, 14.112823281144198 ], [ 122.964646902563501, 14.112823281144198 ], [ 122.964567182003506, 14.1128073370322 ], [ 122.964535293779505, 14.112791392920201 ], [ 122.964471517331518, 14.112791392920201 ], [ 122.964407740883516, 14.112791392920201 ], [ 122.964359908547522, 14.112775448808202 ], [ 122.964328020323521, 14.112775448808202 ], [ 122.964296132099534, 14.112759504696204 ], [ 122.964264243875533, 14.112759504696204 ], [ 122.964232355651532, 14.112759504696204 ], [ 122.964184523315538, 14.112743560584205 ], [ 122.964136690979544, 14.112743560584205 ], [ 122.964104802755543, 14.112743560584205 ], [ 122.964072914531542, 14.112711672360208 ], [ 122.964009138083554, 14.112695728248209 ], [ 122.963977249859553, 14.112695728248209 ], [ 122.963929417523559, 14.11267978413621 ], [ 122.963897529299558, 14.112663840024211 ], [ 122.963865641075571, 14.112647895912213 ], [ 122.963833752851571, 14.112647895912213 ], [ 122.96380186462757, 14.112647895912213 ], [ 122.963738088179582, 14.112616007688215 ], [ 122.963706199955581, 14.112600063576217 ], [ 122.96367431173158, 14.112600063576217 ], [ 122.963642423507579, 14.112584119464218 ], [ 122.963594591171585, 14.112552231240221 ], [ 122.963562702947584, 14.112552231240221 ], [ 122.963530814723597, 14.112520343016223 ], [ 122.963498926499597, 14.112520343016223 ], [ 122.963451094163602, 14.112472510680227 ], [ 122.963419205939601, 14.11244062245623 ], [ 122.9633873177156, 14.112408734232233 ], [ 122.963355429491614, 14.112392790120234 ], [ 122.963323541267613, 14.112360901896237 ], [ 122.96330759715562, 14.112329013672239 ], [ 122.963291653043612, 14.112297125448242 ], [ 122.963275708931619, 14.112249293112248 ], [ 122.963275708931619, 14.112201460776252 ], [ 122.963275708931619, 14.112169572552254 ], [ 122.963275708931619, 14.112121740216258 ], [ 122.963275708931619, 14.112089851992261 ], [ 122.963275708931619, 14.112057963768263 ], [ 122.963275708931619, 14.112026075544266 ], [ 122.963275708931619, 14.111994187320269 ], [ 122.963291653043612, 14.111962299096271 ], [ 122.96330759715562, 14.111930410872274 ], [ 122.963323541267613, 14.111898522648277 ], [ 122.963339485379606, 14.111866634424279 ], [ 122.963355429491614, 14.111834746200282 ], [ 122.9633873177156, 14.111802857976285 ], [ 122.963419205939601, 14.111770969752287 ], [ 122.963451094163602, 14.11173908152829 ], [ 122.963482982387603, 14.111723137416291 ], [ 122.96351487061159, 14.111707193304293 ], [ 122.963546758835591, 14.111691249192294 ], [ 122.963578647059592, 14.111675305080295 ], [ 122.963610535283593, 14.111659360968297 ], [ 122.963658367619587, 14.111659360968297 ], [ 122.963706199955581, 14.111627472744299 ], [ 122.963738088179582, 14.111627472744299 ], [ 122.963769976403569, 14.111595584520302 ], [ 122.96380186462757, 14.111579640408303 ], [ 122.963833752851571, 14.111579640408303 ], [ 122.963865641075571, 14.111563696296304 ], [ 122.963913473411566, 14.111547752184306 ], [ 122.96396130574756, 14.111531808072307 ], [ 122.963993193971561, 14.111531808072307 ], [ 122.964025082195548, 14.111515863960308 ], [ 122.964056970419549, 14.111515863960308 ], [ 122.964088858643549, 14.111515863960308 ], [ 122.96412074686755, 14.111515863960308 ], [ 122.964152635091537, 14.11149991984831 ], [ 122.964184523315538, 14.11149991984831 ], [ 122.96424829976354, 14.11149991984831 ], [ 122.964296132099534, 14.11149991984831 ], [ 122.964328020323521, 14.111483975736311 ], [ 122.964359908547522, 14.111483975736311 ], [ 122.964391796771523, 14.111483975736311 ], [ 122.964423684995523, 14.111483975736311 ], [ 122.96445557321951, 14.111483975736311 ], [ 122.964487461443511, 14.111483975736311 ], [ 122.964519349667512, 14.111483975736311 ], [ 122.964551237891513, 14.111483975736311 ], [ 122.9645831261155, 14.111483975736311 ], [ 122.9646150143395, 14.111483975736311 ], [ 122.964662846675495, 14.111483975736311 ], [ 122.964694734899496, 14.111483975736311 ], [ 122.964726623123497, 14.111483975736311 ], [ 122.964774455459491, 14.111483975736311 ], [ 122.964806343683492, 14.111483975736311 ], [ 122.964838231907478, 14.111483975736311 ], [ 122.964870120131479, 14.111483975736311 ], [ 122.96490200835548, 14.111483975736311 ], [ 122.964933896579481, 14.111483975736311 ], [ 122.964965784803468, 14.111483975736311 ], [ 122.964997673027469, 14.111483975736311 ], [ 122.965045505363463, 14.111483975736311 ], [ 122.965093337699457, 14.111483975736311 ], [ 122.965125225923458, 14.111483975736311 ], [ 122.965173058259452, 14.111468031624312 ], [ 122.965204946483453, 14.111452087512314 ], [ 122.965236834707454, 14.111452087512314 ], [ 122.965268722931441, 14.111436143400315 ], [ 122.965300611155442, 14.111404255176318 ], [ 122.965332499379443, 14.111404255176318 ], [ 122.965364387603444, 14.111404255176318 ], [ 122.96539627582743, 14.111388311064319 ], [ 122.965428164051431, 14.111372366952322 ], [ 122.965460052275432, 14.111340478728325 ], [ 122.96552382872342, 14.111308590504327 ], [ 122.965555716947421, 14.11127670228033 ], [ 122.965587605171422, 14.11127670228033 ], [ 122.965619493395423, 14.111260758168331 ], [ 122.965667325731417, 14.111228869944334 ], [ 122.965699213955403, 14.111196981720337 ], [ 122.965731102179404, 14.111196981720337 ], [ 122.965762990403405, 14.111181037608338 ], [ 122.965794878627406, 14.111165093496339 ], [ 122.965826766851393, 14.111149149384341 ], [ 122.965874599187401, 14.111117261160343 ], [ 122.965954319747382, 14.111085372936346 ], [ 122.966002152083391, 14.111069428824347 ], [ 122.966034040307377, 14.11103754060035 ], [ 122.966081872643372, 14.111021596488351 ], [ 122.966113760867373, 14.110973764152355 ], [ 122.966145649091374, 14.110957820040356 ], [ 122.966177537315374, 14.110957820040356 ], [ 122.966209425539361, 14.110925931816359 ], [ 122.966257257875355, 14.11090998770436 ], [ 122.966305090211364, 14.110894043592362 ], [ 122.966352922547358, 14.110878099480363 ], [ 122.966384810771345, 14.110862155368364 ], [ 122.966416698995346, 14.110846211256366 ], [ 122.96646453133134, 14.110830267144367 ], [ 122.966512363667334, 14.11079837892037 ], [ 122.966560196003343, 14.110766490696372 ], [ 122.966592084227329, 14.110766490696372 ], [ 122.966639916563324, 14.110734602472375 ], [ 122.966671804787325, 14.110734602472375 ], [ 122.966703693011326, 14.110702714248378 ], [ 122.966735581235326, 14.110686770136379 ], [ 122.966783413571321, 14.11067082602438 ], [ 122.966815301795322, 14.110654881912382 ], [ 122.966847190019308, 14.110638937800383 ], [ 122.96691096646731, 14.110607049576386 ], [ 122.966942854691311, 14.110607049576386 ], [ 122.966990687027305, 14.110591105464387 ], [ 122.9670385193633, 14.110575161352388 ], [ 122.967102295811287, 14.110543273128391 ], [ 122.967150128147281, 14.110527329016392 ], [ 122.967182016371282, 14.110511384904393 ], [ 122.967213904595283, 14.110495440792397 ], [ 122.967245792819284, 14.110479496680398 ], [ 122.967277681043271, 14.110479496680398 ], [ 122.967309569267272, 14.110479496680398 ], [ 122.967373345715274, 14.110447608456401 ], [ 122.967421178051268, 14.110447608456401 ], [ 122.967453066275255, 14.110447608456401 ], [ 122.967484954499255, 14.110447608456401 ], [ 122.967516842723256, 14.110447608456401 ], [ 122.967564675059251, 14.110447608456401 ], [ 122.967596563283251, 14.110447608456401 ], [ 122.967644395619246, 14.110447608456401 ], [ 122.967676283843247, 14.110447608456401 ], [ 122.967708172067233, 14.110447608456401 ], [ 122.967740060291234, 14.110447608456401 ], [ 122.967771948515235, 14.110447608456401 ], [ 122.967803836739236, 14.110447608456401 ], [ 122.967835724963223, 14.110463552568399 ], [ 122.967883557299231, 14.110479496680398 ], [ 122.967915445523218, 14.110511384904393 ], [ 122.967947333747219, 14.110527329016392 ], [ 122.96797922197122, 14.11055921724039 ], [ 122.967995166083213, 14.110591105464387 ], [ 122.968027054307214, 14.110607049576386 ], [ 122.968074886643208, 14.110638937800383 ], [ 122.968090830755202, 14.11067082602438 ], [ 122.968138663091196, 14.110702714248378 ], [ 122.968170551315197, 14.110734602472375 ], [ 122.968202439539198, 14.110766490696372 ], [ 122.968234327763199, 14.11079837892037 ], [ 122.968250271875192, 14.110830267144367 ], [ 122.966113760867373, 14.112823281144198 ] ] ] ] } },
{ "type": "Feature", "properties": { "fid": 184, "desc": "flood-prone", "other desc": "flood water from mabulao and irrigation", "barangay": "Barangay San Isidro", "col": "flood-prone", "etc": null, "layer": "san isidro_flood-prone" }, "geometry": { "type": "MultiPolygon", "coordinates": [ [ [ [ 122.966273201987377, 14.103057512545021 ], [ 122.966241313763391, 14.10307345665702 ], [ 122.966225369651383, 14.103105344881017 ], [ 122.966193481427382, 14.103121288993016 ], [ 122.966161593203395, 14.103153177217013 ], [ 122.966129704979394, 14.103185065441011 ], [ 122.966113760867401, 14.103216953665008 ], [ 122.966113760867401, 14.103248841889005 ], [ 122.966113760867401, 14.103280730113003 ], [ 122.966113760867401, 14.103312618337 ], [ 122.966113760867401, 14.103360450672996 ], [ 122.966113760867401, 14.103392338896994 ], [ 122.966113760867401, 14.103424227120991 ], [ 122.966113760867401, 14.103456115344988 ], [ 122.966113760867401, 14.103488003568986 ], [ 122.966113760867401, 14.103519891792983 ], [ 122.966129704979394, 14.10355178001698 ], [ 122.966129704979394, 14.103583668240978 ], [ 122.966145649091388, 14.103631500576974 ], [ 122.966145649091388, 14.103663388800971 ], [ 122.966145649091388, 14.103695277024968 ], [ 122.966161593203395, 14.103743109360964 ], [ 122.966177537315389, 14.103774997584962 ], [ 122.966193481427382, 14.103806885808959 ], [ 122.96620942553939, 14.103838774032956 ], [ 122.96620942553939, 14.103870662256954 ], [ 122.966241313763391, 14.103902550480949 ], [ 122.966257257875384, 14.103934438704947 ], [ 122.966289146099385, 14.103982271040943 ], [ 122.966305090211378, 14.10401415926494 ], [ 122.966305090211378, 14.104046047488938 ], [ 122.966321034323371, 14.104077935712935 ], [ 122.966321034323371, 14.104109823936932 ], [ 122.966352922547372, 14.104125768048931 ], [ 122.96636886665938, 14.104173600384927 ], [ 122.96636886665938, 14.104205488608924 ], [ 122.966384810771373, 14.104237376832922 ], [ 122.966400754883367, 14.104269265056919 ], [ 122.966416698995374, 14.104301153280916 ], [ 122.966416698995374, 14.104348985616912 ], [ 122.966432643107368, 14.10438087384091 ], [ 122.966432643107368, 14.104412762064907 ], [ 122.966448587219361, 14.104460594400903 ], [ 122.966464531331368, 14.104508426736899 ], [ 122.966496419555369, 14.104556259072895 ], [ 122.966496419555369, 14.104588147296893 ], [ 122.966512363667363, 14.10462003552089 ], [ 122.966528307779356, 14.104651923744887 ], [ 122.966560196003357, 14.104699756080883 ], [ 122.96657614011535, 14.104731644304881 ], [ 122.96657614011535, 14.104779476640875 ], [ 122.96657614011535, 14.104811364864872 ], [ 122.96657614011535, 14.104859197200868 ], [ 122.96657614011535, 14.104891085424866 ], [ 122.96657614011535, 14.104938917760862 ], [ 122.96657614011535, 14.104986750096858 ], [ 122.96657614011535, 14.105018638320855 ], [ 122.966560196003357, 14.10508241476885 ], [ 122.966544251891364, 14.105130247104846 ], [ 122.966528307779356, 14.105162135328843 ], [ 122.966528307779356, 14.105209967664839 ], [ 122.966512363667363, 14.105241855888837 ], [ 122.966512363667363, 14.105273744112834 ], [ 122.966512363667363, 14.10532157644883 ], [ 122.966480475443362, 14.105369408784826 ], [ 122.966464531331368, 14.105417241120822 ], [ 122.966432643107368, 14.105449129344819 ], [ 122.966432643107368, 14.105481017568817 ], [ 122.966416698995374, 14.105512905792814 ], [ 122.966400754883367, 14.105544794016811 ], [ 122.966384810771373, 14.105576682240809 ], [ 122.96636886665938, 14.105608570464806 ], [ 122.966336978435379, 14.105640458688804 ], [ 122.966336978435379, 14.105672346912799 ], [ 122.966305090211378, 14.105688291024798 ], [ 122.966289146099385, 14.105720179248795 ], [ 122.966273201987377, 14.105752067472793 ], [ 122.966241313763391, 14.10578395569679 ], [ 122.96620942553939, 14.105799899808789 ], [ 122.966177537315389, 14.105831788032786 ], [ 122.966145649091388, 14.105847732144785 ], [ 122.966113760867401, 14.105879620368782 ], [ 122.9660818726434, 14.105895564480781 ], [ 122.966049984419399, 14.105927452704778 ], [ 122.966018096195398, 14.105959340928775 ], [ 122.965986207971412, 14.105991229152773 ], [ 122.965954319747411, 14.10602311737677 ], [ 122.96592243152341, 14.106055005600767 ], [ 122.965906487411416, 14.106086893824765 ], [ 122.965874599187416, 14.106118782048762 ], [ 122.965842710963415, 14.106150670272759 ], [ 122.965826766851421, 14.106182558496757 ], [ 122.96579487862742, 14.106214446720754 ], [ 122.965778934515427, 14.106246334944752 ], [ 122.965747046291426, 14.10626227905675 ], [ 122.965731102179433, 14.106294167280748 ], [ 122.965715158067425, 14.106326055504745 ], [ 122.965683269843424, 14.106357943728742 ], [ 122.965651381619438, 14.10638983195274 ], [ 122.965651381619438, 14.106421720176737 ], [ 122.96563543750743, 14.106453608400734 ], [ 122.965603549283443, 14.106485496624732 ], [ 122.965587605171436, 14.106517384848729 ], [ 122.965571661059442, 14.106549273072725 ], [ 122.965555716947449, 14.106597105408721 ], [ 122.965539772835442, 14.106628993632718 ], [ 122.965523828723448, 14.106660881856715 ], [ 122.965507884611441, 14.106692770080713 ], [ 122.965491940499447, 14.10672465830471 ], [ 122.965475996387454, 14.106756546528707 ], [ 122.965475996387454, 14.106788434752705 ], [ 122.965444108163453, 14.106804378864704 ], [ 122.96542816405146, 14.106836267088701 ], [ 122.965412219939452, 14.106868155312698 ], [ 122.965396275827459, 14.106900043536696 ], [ 122.965364387603458, 14.106931931760693 ], [ 122.965348443491465, 14.10696381998469 ], [ 122.965332499379457, 14.106995708208688 ], [ 122.965316555267464, 14.107027596432685 ], [ 122.96530061115547, 14.107075428768681 ], [ 122.965268722931469, 14.107123261104677 ], [ 122.965268722931469, 14.107155149328674 ], [ 122.965268722931469, 14.107187037552672 ], [ 122.965252778819462, 14.107234869888668 ], [ 122.965236834707468, 14.107266758112665 ], [ 122.965220890595475, 14.107298646336663 ], [ 122.965220890595475, 14.10733053456066 ], [ 122.965220890595475, 14.107394311008655 ], [ 122.965204946483468, 14.107426199232652 ], [ 122.965204946483468, 14.107474031568646 ], [ 122.965189002371474, 14.107505919792644 ], [ 122.965173058259481, 14.10755375212864 ], [ 122.965173058259481, 14.107601584464636 ], [ 122.965173058259481, 14.107649416800632 ], [ 122.965173058259481, 14.107713193248626 ], [ 122.965173058259481, 14.107745081472624 ], [ 122.965173058259481, 14.10779291380862 ], [ 122.965173058259481, 14.107824802032617 ], [ 122.965173058259481, 14.107856690256614 ], [ 122.965173058259481, 14.107888578480612 ], [ 122.965173058259481, 14.107920466704609 ], [ 122.965173058259481, 14.107968299040605 ], [ 122.965173058259481, 14.108000187264603 ], [ 122.965173058259481, 14.1080320754886 ], [ 122.965173058259481, 14.108079907824596 ], [ 122.965173058259481, 14.108111796048593 ], [ 122.965173058259481, 14.108143684272591 ], [ 122.965173058259481, 14.108175572496588 ], [ 122.965189002371474, 14.108223404832584 ], [ 122.965189002371474, 14.108255293056581 ], [ 122.965189002371474, 14.108287181280579 ], [ 122.965189002371474, 14.108335013616573 ], [ 122.965204946483468, 14.10836690184057 ], [ 122.965204946483468, 14.108414734176566 ], [ 122.965204946483468, 14.108446622400564 ], [ 122.965204946483468, 14.10849445473656 ], [ 122.965204946483468, 14.108542287072556 ], [ 122.965220890595475, 14.108574175296553 ], [ 122.965220890595475, 14.108622007632549 ], [ 122.965236834707468, 14.108669839968545 ], [ 122.965236834707468, 14.108701728192543 ], [ 122.965252778819462, 14.108749560528539 ], [ 122.965252778819462, 14.108813336976533 ], [ 122.965252778819462, 14.108845225200531 ], [ 122.965268722931469, 14.108893057536527 ], [ 122.965268722931469, 14.108940889872523 ], [ 122.965284667043463, 14.108988722208519 ], [ 122.965284667043463, 14.109036554544515 ], [ 122.96530061115547, 14.10910033099251 ], [ 122.96530061115547, 14.109132219216507 ], [ 122.96530061115547, 14.109180051552503 ], [ 122.96530061115547, 14.109211939776499 ], [ 122.96530061115547, 14.109259772112495 ], [ 122.96530061115547, 14.109307604448491 ], [ 122.96530061115547, 14.109339492672488 ], [ 122.965316555267464, 14.109403269120483 ], [ 122.965316555267464, 14.10943515734448 ], [ 122.965316555267464, 14.109467045568477 ], [ 122.965332499379457, 14.109530822016472 ], [ 122.965332499379457, 14.109562710240469 ], [ 122.965332499379457, 14.109610542576466 ], [ 122.965348443491465, 14.109658374912462 ], [ 122.965348443491465, 14.109690263136459 ], [ 122.965348443491465, 14.109738095472455 ], [ 122.965348443491465, 14.109785927808451 ], [ 122.965348443491465, 14.109817816032448 ], [ 122.965348443491465, 14.109849704256446 ], [ 122.965348443491465, 14.109897536592442 ], [ 122.965364387603458, 14.109929424816439 ], [ 122.965364387603458, 14.109977257152435 ], [ 122.965396275827459, 14.110056977712429 ], [ 122.965396275827459, 14.110104810048423 ], [ 122.96542816405146, 14.11013669827242 ], [ 122.96542816405146, 14.110168586496417 ], [ 122.965444108163453, 14.110200474720415 ], [ 122.965444108163453, 14.110232362944412 ], [ 122.965460052275446, 14.11026425116841 ], [ 122.965475996387454, 14.110296139392407 ], [ 122.965475996387454, 14.110343971728403 ], [ 122.965491940499447, 14.1103758599524 ], [ 122.965507884611441, 14.110407748176398 ], [ 122.965523828723448, 14.110455580512394 ], [ 122.965539772835442, 14.110487468736391 ], [ 122.965571661059442, 14.110519356960388 ], [ 122.965587605171436, 14.110551245184386 ], [ 122.965603549283443, 14.110583133408383 ], [ 122.965651381619438, 14.110646909856378 ], [ 122.965683269843424, 14.110694742192374 ], [ 122.965699213955432, 14.110726630416371 ], [ 122.965731102179433, 14.110726630416371 ], [ 122.96576299040342, 14.110758518640369 ], [ 122.96579487862742, 14.110758518640369 ], [ 122.965826766851421, 14.110774462752367 ], [ 122.965874599187416, 14.110790406864366 ], [ 122.965906487411416, 14.110806350976365 ], [ 122.965970263859404, 14.110806350976365 ], [ 122.966002152083405, 14.110806350976365 ], [ 122.966034040307406, 14.110822295088363 ], [ 122.966065928531393, 14.110822295088363 ], [ 122.966097816755394, 14.110822295088363 ], [ 122.966129704979394, 14.110822295088363 ], [ 122.966161593203395, 14.110822295088363 ], [ 122.966193481427382, 14.110822295088363 ], [ 122.966225369651383, 14.110822295088363 ], [ 122.966257257875384, 14.110822295088363 ], [ 122.966305090211378, 14.110822295088363 ], [ 122.966336978435379, 14.110806350976365 ], [ 122.96636886665938, 14.110806350976365 ], [ 122.966400754883367, 14.110790406864366 ], [ 122.966432643107368, 14.110774462752367 ], [ 122.966464531331368, 14.110774462752367 ], [ 122.966496419555369, 14.110774462752367 ], [ 122.966528307779356, 14.11074257452837 ], [ 122.966528307779356, 14.110710686304373 ], [ 122.966496419555369, 14.108845225200531 ], [ 122.966528307779356, 14.108813336976533 ], [ 122.966544251891364, 14.108781448752536 ], [ 122.96657614011535, 14.108749560528539 ], [ 122.966608028339351, 14.108717672304541 ], [ 122.966639916563352, 14.108685784080544 ], [ 122.966655860675345, 14.108653895856547 ], [ 122.966687748899346, 14.108622007632549 ], [ 122.966719637123347, 14.108590119408552 ], [ 122.966767469459342, 14.108558231184555 ], [ 122.966799357683342, 14.108526342960557 ], [ 122.966831245907329, 14.10849445473656 ], [ 122.966847190019337, 14.108462566512562 ], [ 122.966879078243323, 14.108430678288565 ], [ 122.966910966467324, 14.108398790064568 ], [ 122.966926910579332, 14.10836690184057 ], [ 122.966958798803319, 14.108319069504574 ], [ 122.96702257525132, 14.108287181280579 ], [ 122.967038519363314, 14.108239348944583 ], [ 122.967086351699308, 14.108175572496588 ], [ 122.967102295811316, 14.108127740160592 ], [ 122.96715012814731, 14.108063963712597 ], [ 122.967182016371311, 14.108016131376601 ], [ 122.967182016371311, 14.107984243152604 ], [ 122.967197960483304, 14.107952354928607 ], [ 122.967245792819298, 14.107920466704609 ], [ 122.967245792819298, 14.107888578480612 ], [ 122.967277681043299, 14.107840746144616 ], [ 122.967293625155293, 14.107808857920618 ], [ 122.967325513379294, 14.107745081472624 ], [ 122.967341457491287, 14.107713193248626 ], [ 122.967373345715288, 14.107681305024629 ], [ 122.967405233939289, 14.107617528576634 ], [ 122.967421178051282, 14.107585640352637 ], [ 122.967453066275283, 14.10755375212864 ], [ 122.967469010387276, 14.107505919792644 ], [ 122.967484954499284, 14.107474031568646 ], [ 122.967500898611277, 14.107410255120653 ], [ 122.967548730947271, 14.107378366896656 ], [ 122.967580619171272, 14.10733053456066 ], [ 122.967612507395273, 14.107282702224664 ], [ 122.967628451507267, 14.107234869888668 ], [ 122.967660339731268, 14.107218925776669 ], [ 122.967676283843261, 14.107155149328674 ], [ 122.967724116179255, 14.107123261104677 ], [ 122.967740060291263, 14.107075428768681 ], [ 122.967771948515249, 14.107043540544684 ], [ 122.96780383673925, 14.107011652320686 ], [ 122.967835724963251, 14.106979764096689 ], [ 122.967867613187252, 14.106947875872692 ], [ 122.967915445523246, 14.106900043536696 ], [ 122.967947333747233, 14.106868155312698 ], [ 122.968011110195235, 14.106820322976702 ], [ 122.968042998419236, 14.106804378864704 ], [ 122.968122718979231, 14.106740602416709 ], [ 122.968154607203218, 14.106708714192711 ], [ 122.968218383651219, 14.106660881856715 ], [ 122.968266215987214, 14.106628993632718 ], [ 122.968314048323208, 14.106597105408721 ], [ 122.968345936547209, 14.106565217184723 ], [ 122.968377824771196, 14.106549273072725 ], [ 122.968441601219197, 14.106517384848729 ], [ 122.968473489443198, 14.10650144073673 ], [ 122.968505377667185, 14.106469552512733 ], [ 122.968537265891186, 14.106453608400734 ], [ 122.968569154115187, 14.106437664288736 ], [ 122.968601042339188, 14.106437664288736 ], [ 122.968616986451181, 14.106405776064738 ], [ 122.968648874675182, 14.106373887840741 ], [ 122.968680762899183, 14.106357943728742 ], [ 122.96871265112317, 14.106326055504745 ], [ 122.968728595235177, 14.106294167280748 ], [ 122.968760483459164, 14.10626227905675 ], [ 122.968776427571171, 14.106230390832753 ], [ 122.968792371683165, 14.106198502608756 ], [ 122.968824259907166, 14.106166614384758 ], [ 122.968856148131167, 14.106134726160761 ], [ 122.968888036355153, 14.106102837936763 ], [ 122.968903980467161, 14.106070949712766 ], [ 122.968935868691162, 14.106039061488769 ], [ 122.968983701027156, 14.106007173264771 ], [ 122.968999645139149, 14.105975285040774 ], [ 122.969047477475144, 14.105943396816777 ], [ 122.969079365699145, 14.105927452704778 ], [ 122.969111253923145, 14.105911508592779 ], [ 122.969143142147132, 14.105879620368782 ], [ 122.969175030371133, 14.105847732144785 ], [ 122.969222862707127, 14.105831788032786 ], [ 122.969254750931128, 14.10578395569679 ], [ 122.969286639155129, 14.105768011584791 ], [ 122.969302583267122, 14.105736123360794 ], [ 122.969334471491123, 14.105704235136796 ], [ 122.969350415603117, 14.105672346912799 ], [ 122.969382303827118, 14.105624514576805 ], [ 122.969398247939111, 14.105592626352808 ], [ 122.969398247939111, 14.105528849904813 ], [ 122.969398247939111, 14.105496961680815 ], [ 122.969398247939111, 14.105449129344819 ], [ 122.969398247939111, 14.105417241120822 ], [ 122.969398247939111, 14.105385352896825 ], [ 122.969398247939111, 14.105337520560829 ], [ 122.969398247939111, 14.105289688224833 ], [ 122.969398247939111, 14.105257800000835 ], [ 122.969398247939111, 14.105209967664839 ], [ 122.969398247939111, 14.105178079440842 ], [ 122.969398247939111, 14.105146191216845 ], [ 122.969398247939111, 14.105098358880849 ], [ 122.969398247939111, 14.105066470656851 ], [ 122.969382303827118, 14.105034582432854 ], [ 122.969382303827118, 14.105002694208856 ], [ 122.969366359715124, 14.104970805984859 ], [ 122.969366359715124, 14.104938917760862 ], [ 122.969350415603117, 14.104907029536864 ], [ 122.969350415603117, 14.104859197200868 ], [ 122.969350415603117, 14.104827308976871 ], [ 122.969350415603117, 14.104795420752874 ], [ 122.969350415603117, 14.104763532528878 ], [ 122.969350415603117, 14.104731644304881 ], [ 122.969350415603117, 14.104699756080883 ], [ 122.969350415603117, 14.104667867856886 ], [ 122.969334471491123, 14.10462003552089 ], [ 122.969334471491123, 14.104588147296893 ], [ 122.969334471491123, 14.104556259072895 ], [ 122.969302583267122, 14.104524370848898 ], [ 122.969302583267122, 14.104492482624901 ], [ 122.969286639155129, 14.104444650288904 ], [ 122.969286639155129, 14.104412762064907 ], [ 122.969254750931128, 14.104364929728911 ], [ 122.969238806819135, 14.104333041504914 ], [ 122.969222862707127, 14.104301153280916 ], [ 122.969190974483126, 14.104269265056919 ], [ 122.969175030371133, 14.104237376832922 ], [ 122.969143142147132, 14.104221432720923 ], [ 122.969111253923145, 14.104157656272928 ], [ 122.969079365699145, 14.104109823936932 ], [ 122.969063421587151, 14.104077935712935 ], [ 122.96903153336315, 14.104030103376939 ], [ 122.968999645139149, 14.103998215152941 ], [ 122.968967756915148, 14.103966326928944 ], [ 122.968951812803155, 14.103934438704947 ], [ 122.968919924579154, 14.103902550480949 ], [ 122.968888036355153, 14.103870662256954 ], [ 122.968856148131167, 14.103838774032956 ], [ 122.968840204019159, 14.103806885808959 ], [ 122.968808315795172, 14.103774997584962 ], [ 122.968776427571171, 14.103743109360964 ], [ 122.968744539347171, 14.103711221136967 ], [ 122.96871265112317, 14.10367933291297 ], [ 122.968680762899183, 14.103647444688972 ], [ 122.968648874675182, 14.103615556464975 ], [ 122.968616986451181, 14.103567724128979 ], [ 122.96858509822718, 14.103535835904982 ], [ 122.968537265891186, 14.103503947680984 ], [ 122.968505377667185, 14.103472059456987 ], [ 122.968457545331191, 14.103424227120991 ], [ 122.968425657107204, 14.103408283008992 ], [ 122.968393768883203, 14.103376394784995 ], [ 122.968345936547209, 14.103344506560997 ], [ 122.968314048323208, 14.103328562448999 ], [ 122.968282160099207, 14.103312618337 ], [ 122.96825027187522, 14.103296674225001 ], [ 122.96825027187522, 14.103296674225 ], [ 122.968282160099179, 14.103296674225 ], [ 122.968329992435173, 14.103296674225 ], [ 122.968361880659174, 14.103296674225 ], [ 122.968409712995168, 14.103312618336998 ], [ 122.968457545331162, 14.103312618336998 ], [ 122.968505377667157, 14.103328562448997 ], [ 122.968585098227152, 14.103376394784993 ], [ 122.968616986451153, 14.103376394784993 ], [ 122.968648874675139, 14.103376394784993 ], [ 122.96868076289914, 14.103392338896992 ], [ 122.973750990514716, 14.096121823825609 ], [ 122.973750990514716, 14.096089935601611 ], [ 122.973750990514716, 14.096058047377614 ], [ 122.973750990514716, 14.096026159153618 ], [ 122.973750990514716, 14.095994270929621 ], [ 122.973750990514716, 14.095946438593625 ], [ 122.973750990514716, 14.095914550369628 ], [ 122.973750990514716, 14.09588266214563 ], [ 122.973750990514716, 14.095834829809634 ], [ 122.973750990514716, 14.095802941585637 ], [ 122.973750990514716, 14.095755109249641 ], [ 122.973750990514716, 14.095723221025644 ], [ 122.973750990514716, 14.095691332801646 ], [ 122.973750990514716, 14.095659444577649 ], [ 122.973750990514716, 14.095627556353651 ], [ 122.973719102290715, 14.095595668129654 ], [ 122.973719102290715, 14.095563779905657 ], [ 122.973719102290715, 14.095531891681659 ], [ 122.973703158178722, 14.095500003457662 ], [ 122.973687214066715, 14.095468115233665 ], [ 122.973671269954721, 14.095436227009667 ], [ 122.973655325842714, 14.09540433878567 ], [ 122.97363938173072, 14.095372450561673 ], [ 122.973591549394726, 14.095308674113678 ], [ 122.973543717058732, 14.095244897665683 ], [ 122.973511828834731, 14.095213009441686 ], [ 122.97347994061073, 14.095181121217689 ], [ 122.973432108274736, 14.095133288881694 ], [ 122.973368331826748, 14.095085456545698 ], [ 122.973320499490754, 14.095037624209702 ], [ 122.973288611266753, 14.095005735985705 ], [ 122.973224834818751, 14.094973847761707 ], [ 122.973192946594764, 14.09494195953771 ], [ 122.973161058370763, 14.094910071313713 ], [ 122.973113226034769, 14.094894127201714 ], [ 122.973081337810768, 14.094878183089715 ], [ 122.973033505474774, 14.094878183089715 ], [ 122.973001617250773, 14.094878183089715 ], [ 122.972890008466791, 14.094862238977717 ], [ 122.972778399682795, 14.094830350753719 ], [ 122.972682735010807, 14.094830350753719 ], [ 122.972618958562805, 14.094830350753719 ], [ 122.972491405666815, 14.094830350753719 ], [ 122.972443573330821, 14.094830350753719 ], [ 122.972395740994827, 14.094830350753719 ], [ 122.972347908658833, 14.094830350753719 ], [ 122.972300076322838, 14.094830350753719 ], [ 122.972268188098838, 14.094830350753719 ], [ 122.972188467538842, 14.094830350753719 ], [ 122.972108746978847, 14.094830350753719 ], [ 122.97204497053086, 14.094830350753719 ], [ 122.971981194082858, 14.094830350753719 ], [ 122.97191741763487, 14.094830350753719 ], [ 122.971837697074875, 14.094846294865718 ], [ 122.971789864738881, 14.094846294865718 ], [ 122.971726088290879, 14.094862238977717 ], [ 122.971694200066892, 14.094878183089715 ], [ 122.971646367730884, 14.094878183089715 ], [ 122.971614479506897, 14.094878183089715 ], [ 122.971582591282896, 14.094894127201714 ], [ 122.971550703058895, 14.094910071313713 ], [ 122.971486926610908, 14.09494195953771 ], [ 122.971439094274913, 14.094957903649709 ], [ 122.971407206050912, 14.094973847761707 ], [ 122.971359373714918, 14.095021680097704 ], [ 122.971343429602911, 14.095053568321701 ], [ 122.971295597266916, 14.095085456545698 ], [ 122.971279653154923, 14.095133288881694 ], [ 122.971231820818929, 14.095181121217689 ], [ 122.971215876706921, 14.095213009441686 ], [ 122.971183988482935, 14.095244897665683 ], [ 122.971168044370927, 14.095292730001679 ], [ 122.971152100258934, 14.095324618225677 ], [ 122.97113615614694, 14.095356506449674 ], [ 122.971120212034933, 14.095388394673671 ], [ 122.971120212034933, 14.095420282897669 ], [ 122.971120212034933, 14.095452171121666 ], [ 122.971120212034933, 14.095484059345663 ], [ 122.971120212034933, 14.095515947569661 ], [ 122.971120212034933, 14.095547835793658 ], [ 122.971120212034933, 14.095579724017655 ], [ 122.971120212034933, 14.095611612241653 ], [ 122.971104267922939, 14.09564350046565 ], [ 122.971104267922939, 14.095675388689648 ], [ 122.971104267922939, 14.095707276913645 ], [ 122.971104267922939, 14.095739165137642 ], [ 122.971088323810932, 14.09577105336164 ], [ 122.971088323810932, 14.095818885697636 ], [ 122.971088323810932, 14.095850773921633 ], [ 122.971088323810932, 14.09588266214563 ], [ 122.971088323810932, 14.095914550369628 ], [ 122.971088323810932, 14.095946438593625 ], [ 122.971088323810932, 14.095978326817622 ], [ 122.971088323810932, 14.09601021504162 ], [ 122.971088323810932, 14.096058047377614 ], [ 122.971088323810932, 14.096089935601611 ], [ 122.971088323810932, 14.096153712049606 ], [ 122.971072379698938, 14.096185600273603 ], [ 122.971072379698938, 14.096217488497601 ], [ 122.971072379698938, 14.096249376721598 ], [ 122.971056435586945, 14.096281264945596 ], [ 122.971040491474938, 14.096313153169593 ], [ 122.971024547362944, 14.096360985505589 ], [ 122.970992659138943, 14.096408817841585 ], [ 122.970944826802949, 14.096456650177581 ], [ 122.970912938578948, 14.09647259428958 ], [ 122.970881050354961, 14.096520426625576 ], [ 122.970849162130961, 14.09658420307357 ], [ 122.97081727390696, 14.096600147185569 ], [ 122.970785385682959, 14.096632035409566 ], [ 122.970753497458972, 14.096679867745562 ], [ 122.970721609234971, 14.096695811857561 ], [ 122.97068972101097, 14.096743644193557 ], [ 122.970641888674976, 14.096775532417555 ], [ 122.970610000450975, 14.096791476529553 ], [ 122.970562168114981, 14.096839308865549 ], [ 122.970514335778986, 14.096887141201545 ], [ 122.970466503442992, 14.096919029425541 ], [ 122.970434615218991, 14.096950917649538 ], [ 122.97040272699499, 14.096966861761537 ], [ 122.970370838771004, 14.096998749985534 ], [ 122.970338950547003, 14.097014694097533 ], [ 122.970307062323002, 14.09704658232153 ], [ 122.970275174099001, 14.097062526433529 ], [ 122.970243285875014, 14.097078470545528 ], [ 122.970179509427012, 14.097126302881524 ], [ 122.970115732979025, 14.097158191105521 ], [ 122.970051956531023, 14.097190079329518 ], [ 122.970004124195029, 14.097206023441517 ], [ 122.969972235971028, 14.097221967553516 ], [ 122.96990845952304, 14.097253855777513 ], [ 122.969876571299039, 14.097269799889512 ], [ 122.969844683075038, 14.09728574400151 ], [ 122.969812794851052, 14.097301688113509 ], [ 122.969780906627051, 14.097317632225508 ], [ 122.96974901840305, 14.097349520449505 ], [ 122.969701186067056, 14.097397352785501 ], [ 122.969669297843055, 14.0974132968975 ], [ 122.969605521395067, 14.097445185121497 ], [ 122.969573633171066, 14.097461129233496 ], [ 122.969509856723079, 14.097508961569492 ], [ 122.969493912611071, 14.097540849793489 ], [ 122.969446080275077, 14.097572738017487 ], [ 122.969414192051076, 14.097588682129485 ], [ 122.969382303827089, 14.097620570353483 ], [ 122.969350415603088, 14.09765245857748 ], [ 122.969318527379087, 14.097684346801477 ], [ 122.969286639155087, 14.097716235025475 ], [ 122.969238806819092, 14.097748123249472 ], [ 122.969190974483098, 14.097795955585468 ], [ 122.969159086259097, 14.097827843809464 ], [ 122.969111253923103, 14.09787567614546 ], [ 122.969031533363108, 14.097939452593454 ], [ 122.969015589251114, 14.097971340817452 ], [ 122.968935868691119, 14.098051061377445 ], [ 122.968903980467118, 14.098082949601443 ], [ 122.968856148131124, 14.098146726049437 ], [ 122.96880831579513, 14.098178614273435 ], [ 122.968792371683136, 14.098226446609431 ], [ 122.968744539347142, 14.098290223057425 ], [ 122.968712651123141, 14.098338055393421 ], [ 122.96868076289914, 14.09835399950542 ], [ 122.968664818787147, 14.098385887729417 ], [ 122.968616986451153, 14.098433720065414 ], [ 122.968569154115158, 14.09848155240141 ], [ 122.968537265891158, 14.098513440625407 ], [ 122.96852132177915, 14.098545328849404 ], [ 122.968489433555163, 14.0985931611854 ], [ 122.968473489443156, 14.098625049409398 ], [ 122.968409712995168, 14.098672881745394 ], [ 122.968377824771167, 14.098704769969389 ], [ 122.968345936547166, 14.098736658193387 ], [ 122.96831404832318, 14.098784490529383 ], [ 122.968250271875178, 14.098848266977377 ], [ 122.968202439539184, 14.098927987537371 ], [ 122.968106774867195, 14.098991763985365 ], [ 122.968042998419193, 14.099071484545359 ], [ 122.967963277859198, 14.099167149217351 ], [ 122.96789950141121, 14.099246869777344 ], [ 122.967803836739222, 14.099358478561335 ], [ 122.967756004403228, 14.099406310897331 ], [ 122.967708172067219, 14.099486031457324 ], [ 122.967628451507238, 14.099581696129315 ], [ 122.967564675059236, 14.099629528465311 ], [ 122.967516842723242, 14.099709249025304 ], [ 122.96745306627524, 14.099773025473299 ], [ 122.967389289827253, 14.099852746033292 ], [ 122.967357401603252, 14.099932466593286 ], [ 122.967261736931263, 14.100028131265278 ], [ 122.967182016371268, 14.100107851825271 ], [ 122.967166072259275, 14.100155684161267 ], [ 122.96708635169928, 14.100235404721261 ], [ 122.967022575251278, 14.100315125281254 ], [ 122.966990687027291, 14.100378901729249 ], [ 122.966942854691283, 14.100442678177243 ], [ 122.966910966467296, 14.100506454625236 ], [ 122.966895022355288, 14.100538342849234 ], [ 122.966863134131302, 14.100570231073231 ], [ 122.966847190019294, 14.100602119297228 ], [ 122.966815301795307, 14.100649951633224 ], [ 122.966751525347306, 14.100745616305217 ], [ 122.966687748899318, 14.100793448641213 ], [ 122.966639916563309, 14.100857225089207 ], [ 122.966576140115322, 14.100921001537202 ], [ 122.966560196003329, 14.100984777985197 ], [ 122.966528307779328, 14.101032610321193 ], [ 122.966496419555327, 14.101096386769187 ], [ 122.966448587219332, 14.101128274993185 ], [ 122.966432643107339, 14.101192051441179 ], [ 122.966416698995332, 14.101255827889174 ], [ 122.966384810771331, 14.101287716113172 ], [ 122.966368866659337, 14.101319604337169 ], [ 122.966352922547344, 14.101351492561164 ], [ 122.96630509021135, 14.101399324897161 ], [ 122.966273201987349, 14.101447157233157 ], [ 122.966257257875341, 14.101479045457154 ], [ 122.966225369651355, 14.10152687779315 ], [ 122.96617753731536, 14.101590654241145 ], [ 122.966161593203353, 14.101638486577141 ], [ 122.966097816755365, 14.101718207137134 ], [ 122.966065928531364, 14.101797927697127 ], [ 122.966034040307363, 14.101845760033124 ], [ 122.965986207971369, 14.101925480593117 ], [ 122.965970263859376, 14.102037089377108 ], [ 122.965970263859376, 14.102100865825102 ], [ 122.965970263859376, 14.102164642273097 ], [ 122.965970263859376, 14.10222841872109 ], [ 122.965970263859376, 14.102276251057086 ], [ 122.965970263859376, 14.102355971617079 ], [ 122.965970263859376, 14.102403803953075 ], [ 122.965970263859376, 14.102451636289072 ], [ 122.965970263859376, 14.102499468625068 ], [ 122.965970263859376, 14.102579189185061 ], [ 122.965970263859376, 14.102627021521057 ], [ 122.965986207971369, 14.102658909745054 ], [ 122.966002152083377, 14.10270674208105 ], [ 122.966002152083377, 14.102770518529045 ], [ 122.96601809619537, 14.102818350865041 ], [ 122.966034040307363, 14.102866183201037 ], [ 122.966081872643358, 14.102898071425034 ], [ 122.966113760867358, 14.102929959649032 ], [ 122.966145649091359, 14.102961847873029 ], [ 122.966193481427354, 14.102993736097027 ], [ 122.966241313763348, 14.103025624321024 ], [ 122.966273201987349, 14.103041568433023 ], [ 122.966289146099371, 14.103041568433023 ], [ 122.966273201987377, 14.103057512545021 ] ] ] ] } },
{ "type": "Feature", "properties": { "fid": 185, "desc": "flood-prone", "other desc": "purok 4", "barangay": "Barangay Mambalite", "col": "flood-prone", "etc": null, "layer": "mambalite_flood-prone" }, "geometry": { "type": "MultiPolygon", "coordinates": [ [ [ [ 122.983293541545791, 14.089959424538126 ], [ 122.983269625377801, 14.089983340706123 ], [ 122.9832377371538, 14.09001522893012 ], [ 122.983197876873803, 14.090055089210116 ], [ 122.983134100425815, 14.090118865658111 ], [ 122.983102212201814, 14.09013480977011 ], [ 122.983038435753812, 14.090198586218104 ], [ 122.982982631361821, 14.090230474442102 ], [ 122.982942771081824, 14.090262362666099 ], [ 122.982902910801826, 14.090294250890096 ], [ 122.982863050521829, 14.090310195002095 ], [ 122.982807246129838, 14.090342083226092 ], [ 122.98276738584984, 14.090365999394091 ], [ 122.982711581457849, 14.09038194350609 ], [ 122.982671721177852, 14.090397887618089 ], [ 122.982647805009847, 14.090413831730087 ], [ 122.982631860897854, 14.090413831730087 ], [ 122.982615916785861, 14.090421803786086 ], [ 122.982599972673853, 14.090429775842086 ], [ 122.98258402856186, 14.090445719954085 ], [ 122.982568084449852, 14.090453692010083 ], [ 122.982552140337859, 14.090461664066083 ], [ 122.982536196225865, 14.090477608178082 ], [ 122.982520252113858, 14.090477608178082 ], [ 122.982504308001865, 14.09048558023408 ], [ 122.98248039183386, 14.09048558023408 ], [ 122.982448503609874, 14.090493552290079 ], [ 122.982432559497866, 14.090509496402078 ], [ 122.982408643329876, 14.090509496402078 ], [ 122.982384727161872, 14.090509496402078 ], [ 122.982344866881874, 14.090509496402078 ], [ 122.982320950713884, 14.090509496402078 ], [ 122.982305006601877, 14.090509496402078 ], [ 122.982281090433887, 14.090509496402078 ], [ 122.982257174265882, 14.090509496402078 ], [ 122.982241230153889, 14.090509496402078 ], [ 122.982201369873891, 14.090509496402078 ], [ 122.982185425761898, 14.090509496402078 ], [ 122.982153537537897, 14.090509496402078 ], [ 122.98213759342589, 14.090509496402078 ], [ 122.9821136772579, 14.090509496402078 ], [ 122.982089761089895, 14.090509496402078 ], [ 122.982057872865909, 14.090509496402078 ], [ 122.982033956697904, 14.090509496402078 ], [ 122.98198612436191, 14.090509496402078 ], [ 122.981954236137909, 14.090501524346079 ], [ 122.981938292025916, 14.090501524346079 ], [ 122.981922347913908, 14.090501524346079 ], [ 122.981906403801915, 14.090493552290079 ], [ 122.981890459689922, 14.090493552290079 ], [ 122.981874515577914, 14.090477608178082 ], [ 122.981858571465921, 14.090477608178082 ], [ 122.981842627353913, 14.090461664066083 ], [ 122.98182668324192, 14.090445719954085 ], [ 122.981810739129926, 14.090437747898084 ], [ 122.981794795017919, 14.090421803786086 ], [ 122.981778850905926, 14.090421803786086 ], [ 122.981762906793932, 14.090389915562088 ], [ 122.981754934737921, 14.09037397145009 ], [ 122.981746962681925, 14.090342083226092 ], [ 122.981731018569931, 14.090318167058095 ], [ 122.981731018569931, 14.090302222946097 ], [ 122.981715074457938, 14.090278306778098 ], [ 122.981707102401927, 14.090238446498102 ], [ 122.98169913034593, 14.090214530330103 ], [ 122.981691158289934, 14.090198586218104 ], [ 122.981683186233937, 14.090182642106106 ], [ 122.981683186233937, 14.09014278182611 ], [ 122.981683186233937, 14.090118865658111 ], [ 122.981683186233937, 14.090102921546112 ], [ 122.981683186233937, 14.090071033322115 ], [ 122.981683186233937, 14.090031173042119 ], [ 122.981683186233937, 14.089983340706123 ], [ 122.981683186233937, 14.089951452482126 ], [ 122.981683186233937, 14.089935508370127 ], [ 122.981683186233937, 14.08990362014613 ], [ 122.981683186233937, 14.089863759866134 ], [ 122.981683186233937, 14.089847815754135 ], [ 122.981683186233937, 14.089831871642136 ], [ 122.981691158289934, 14.089799983418139 ], [ 122.981691158289934, 14.08977606725014 ], [ 122.98169913034593, 14.089760123138142 ], [ 122.981731018569931, 14.089736206970144 ], [ 122.981746962681925, 14.089712290802145 ], [ 122.981770878849929, 14.089688374634148 ], [ 122.981778850905926, 14.089656486410151 ], [ 122.981810739129926, 14.089632570242152 ], [ 122.98182668324192, 14.089616626130153 ], [ 122.981842627353913, 14.089600682018157 ], [ 122.981866543521917, 14.089568793794159 ], [ 122.981890459689922, 14.08955284968216 ], [ 122.981906403801915, 14.08954487762616 ], [ 122.981930319969919, 14.089528933514162 ], [ 122.981946264081913, 14.089520961458163 ], [ 122.981970180249903, 14.089505017346164 ], [ 122.981994096417907, 14.089489073234166 ], [ 122.982033956697904, 14.089465157066167 ], [ 122.982049900809898, 14.089465157066167 ], [ 122.982073816977902, 14.08944124089817 ], [ 122.982097733145892, 14.08943326884217 ], [ 122.9821136772579, 14.089425296786171 ], [ 122.9821455654819, 14.089417324730171 ], [ 122.982161509593894, 14.089401380618172 ], [ 122.982185425761898, 14.089393408562174 ], [ 122.982217313985885, 14.089385436506173 ], [ 122.982257174265882, 14.089377464450175 ], [ 122.982281090433887, 14.089369492394175 ], [ 122.982305006601877, 14.089369492394175 ], [ 122.982336894825877, 14.089369492394175 ], [ 122.982376755105875, 14.089369492394175 ], [ 122.982400671273879, 14.089369492394175 ], [ 122.982424587441869, 14.089369492394175 ], [ 122.982448503609874, 14.089361520338176 ], [ 122.982464447721867, 14.089361520338176 ], [ 122.982488363889871, 14.089361520338176 ], [ 122.982512280057861, 14.089361520338176 ], [ 122.982528224169869, 14.089361520338176 ], [ 122.982560112393855, 14.089361520338176 ], [ 122.982576056505863, 14.089361520338176 ], [ 122.982599972673853, 14.089361520338176 ], [ 122.982631860897854, 14.089361520338176 ], [ 122.982647805009847, 14.089361520338176 ], [ 122.982671721177852, 14.089361520338176 ], [ 122.982687665289845, 14.089361520338176 ], [ 122.982719553513846, 14.089361520338176 ], [ 122.98274346968185, 14.089361520338176 ], [ 122.98276738584984, 14.089361520338176 ], [ 122.982791302017844, 14.089361520338176 ], [ 122.982815218185834, 14.089361520338176 ], [ 122.982831162297842, 14.089361520338176 ], [ 122.982871022577839, 14.089361520338176 ], [ 122.982894938745829, 14.089361520338176 ], [ 122.982918854913834, 14.089361520338176 ], [ 122.982942771081824, 14.089361520338176 ], [ 122.982974659305825, 14.089361520338176 ], [ 122.983006547529826, 14.089361520338176 ], [ 122.983046407809823, 14.089361520338176 ], [ 122.98307829603381, 14.089361520338176 ], [ 122.983102212201814, 14.089361520338176 ], [ 122.983142072481812, 14.089361520338176 ], [ 122.983158016593805, 14.089361520338176 ], [ 122.983181932761809, 14.089361520338176 ], [ 122.983197876873803, 14.089361520338176 ], [ 122.983229765097803, 14.089361520338176 ], [ 122.983245709209797, 14.089361520338176 ], [ 122.983269625377801, 14.089361520338176 ], [ 122.983285569489794, 14.089361520338176 ], [ 122.983301513601802, 14.089361520338176 ], [ 122.983333401825789, 14.089361520338176 ], [ 122.983357317993793, 14.089361520338176 ], [ 122.983373262105786, 14.089361520338176 ], [ 122.983413122385784, 14.089361520338176 ], [ 122.983437038553788, 14.089361520338176 ], [ 122.983452982665781, 14.089369492394175 ], [ 122.983468926777789, 14.089377464450175 ], [ 122.983484870889782, 14.089385436506173 ], [ 122.983500815001776, 14.089401380618172 ], [ 122.983516759113783, 14.089409352674172 ], [ 122.983516759113783, 14.089425296786171 ], [ 122.983532703225777, 14.089449212954168 ], [ 122.983540675281773, 14.089465157066167 ], [ 122.983540675281773, 14.089481101178166 ], [ 122.98354864733777, 14.089505017346164 ], [ 122.983556619393781, 14.089528933514162 ], [ 122.983556619393781, 14.08955284968216 ], [ 122.983556619393781, 14.089568793794159 ], [ 122.983564591449777, 14.089608654074155 ], [ 122.983564591449777, 14.089624598186154 ], [ 122.983564591449777, 14.089640542298152 ], [ 122.983564591449777, 14.089656486410151 ], [ 122.983564591449777, 14.089680402578148 ], [ 122.983293541545791, 14.089959424538126 ] ] ] ] } },
{ "type": "Feature", "properties": { "fid": 186, "desc": "fishpond", "other desc": "may mga maliliit na creek galing magtagsit na ginawang fishpond", "barangay": "Barangay Mambalite", "col": "issues", "etc": null, "layer": "mambalite_issues" }, "geometry": { "type": "MultiPolygon", "coordinates": [ [ [ [ 122.987287541601447, 14.088217530302272 ], [ 122.987287541601447, 14.088265362638268 ], [ 122.987271597489439, 14.088321167030264 ], [ 122.987247681321449, 14.088376971422258 ], [ 122.987223765153445, 14.088408859646256 ], [ 122.987215793097448, 14.088464664038252 ], [ 122.987191876929444, 14.088520468430247 ], [ 122.987152016649446, 14.088576272822241 ], [ 122.987112156369463, 14.088632077214237 ], [ 122.987096212257455, 14.088671937494233 ], [ 122.987072296089465, 14.088711797774231 ], [ 122.987040407865464, 14.088751658054226 ], [ 122.987024463753457, 14.088791518334224 ], [ 122.98701649169746, 14.088815434502221 ], [ 122.987008519641464, 14.088847322726219 ], [ 122.98699257552947, 14.088863266838217 ], [ 122.98699257552947, 14.088879210950216 ], [ 122.986968659361466, 14.088903127118215 ], [ 122.986952715249473, 14.088927043286212 ], [ 122.986936771137465, 14.088950959454209 ], [ 122.986920827025472, 14.088974875622208 ], [ 122.986904882913478, 14.088998791790205 ], [ 122.986880966745474, 14.089030680014202 ], [ 122.986857050577484, 14.0890705402942 ], [ 122.986849078521473, 14.089086484406199 ], [ 122.986825162353483, 14.089102428518197 ], [ 122.986817190297486, 14.089118372630196 ], [ 122.986801246185479, 14.089142288798193 ], [ 122.986777330017489, 14.089166204966192 ], [ 122.986745441793488, 14.089174177022191 ], [ 122.986729497681495, 14.089182149078191 ], [ 122.986713553569487, 14.089206065246188 ], [ 122.986697609457494, 14.089222009358187 ], [ 122.986681665345486, 14.089253897582184 ], [ 122.986665721233493, 14.089269841694183 ], [ 122.986641805065503, 14.089285785806181 ], [ 122.986617888897499, 14.08930970197418 ], [ 122.986578028617501, 14.089333618142177 ], [ 122.9865461403935, 14.089357534310176 ], [ 122.986530196281507, 14.089365506366175 ], [ 122.986514252169513, 14.089365506366175 ], [ 122.986490336001509, 14.089381450478173 ], [ 122.986474391889516, 14.089389422534172 ], [ 122.986450475721512, 14.089397394590172 ], [ 122.986434531609518, 14.08940536664617 ], [ 122.986418587497511, 14.089413338702171 ], [ 122.986378727217513, 14.089421310758169 ], [ 122.98636278310552, 14.089437254870168 ], [ 122.986338866937515, 14.089445226926168 ], [ 122.986291034601521, 14.089469143094165 ], [ 122.986275090489528, 14.089477115150165 ], [ 122.986243202265527, 14.089477115150165 ], [ 122.986227258153534, 14.089493059262164 ], [ 122.986203341985529, 14.089493059262164 ], [ 122.986187397873536, 14.089493059262164 ], [ 122.986171453761543, 14.089493059262164 ], [ 122.986155509649535, 14.089493059262164 ], [ 122.986131593481545, 14.089493059262164 ], [ 122.986107677313541, 14.089493059262164 ], [ 122.986083761145537, 14.089493059262164 ], [ 122.986027956753546, 14.089477115150165 ], [ 122.985996068529545, 14.089461171038167 ], [ 122.985964180305558, 14.089453198982167 ], [ 122.985924320025561, 14.089429282814169 ], [ 122.985900403857556, 14.08940536664617 ], [ 122.985876487689566, 14.089389422534172 ], [ 122.985852571521562, 14.089373478422173 ], [ 122.985820683297561, 14.089341590198178 ], [ 122.985788795073574, 14.08930970197418 ], [ 122.985772850961567, 14.089293757862182 ], [ 122.985756906849574, 14.089277813750183 ], [ 122.985740962737566, 14.089253897582184 ], [ 122.985732990681569, 14.089237953470185 ], [ 122.985709074513579, 14.089206065246188 ], [ 122.985701102457583, 14.089190121134189 ], [ 122.985693130401572, 14.089158232910192 ], [ 122.985685158345575, 14.089102428518197 ], [ 122.985669214233582, 14.089054596182201 ], [ 122.985653270121574, 14.089014735902204 ], [ 122.985645298065577, 14.088942987398211 ], [ 122.985629353953584, 14.088911099174213 ], [ 122.985629353953584, 14.088863266838217 ], [ 122.985621381897587, 14.088791518334224 ], [ 122.985621381897587, 14.088759630110227 ], [ 122.985621381897587, 14.088711797774231 ], [ 122.985621381897587, 14.088640049270236 ], [ 122.985637326009581, 14.08859221693424 ], [ 122.985645298065577, 14.088552356654244 ], [ 122.985669214233582, 14.088496552262248 ], [ 122.985677186289578, 14.088464664038252 ], [ 122.985677186289578, 14.088416831702256 ], [ 122.985693130401572, 14.088376971422258 ], [ 122.985717046569576, 14.088345083198261 ], [ 122.985732990681569, 14.088297250862265 ], [ 122.985740962737566, 14.088257390582269 ], [ 122.985756906849574, 14.08823347441427 ], [ 122.985772850961567, 14.088193614134275 ], [ 122.985788795073574, 14.088153753854277 ], [ 122.985812711241564, 14.088113893574281 ], [ 122.985828655353558, 14.088089977406282 ], [ 122.985844599465565, 14.088026200958289 ], [ 122.985868515633555, 14.08800228479029 ], [ 122.985876487689566, 14.087970396566293 ], [ 122.985908375913553, 14.087922564230297 ], [ 122.985924320025561, 14.087882703950301 ], [ 122.985972152361555, 14.087826899558305 ], [ 122.986004040585556, 14.087787039278309 ], [ 122.986035928809542, 14.087731234886313 ], [ 122.986083761145537, 14.087667458438318 ], [ 122.986115649369538, 14.087627598158322 ], [ 122.986147537593538, 14.087587737878327 ], [ 122.986171453761543, 14.087563821710328 ], [ 122.986203341985529, 14.08753193348633 ], [ 122.986227258153534, 14.087492073206334 ], [ 122.986259146377535, 14.087460184982337 ], [ 122.986283062545525, 14.087436268814338 ], [ 122.986306978713529, 14.087412352646341 ], [ 122.986322922825522, 14.087380464422344 ], [ 122.986338866937515, 14.087356548254345 ], [ 122.986354811049523, 14.087340604142346 ], [ 122.98636278310552, 14.087324660030347 ], [ 122.986386699273524, 14.08729277180635 ], [ 122.986410615441514, 14.087252911526354 ], [ 122.986418587497511, 14.087236967414356 ], [ 122.986434531609518, 14.087213051246357 ], [ 122.986466419833505, 14.087181163022359 ], [ 122.986482363945512, 14.087157246854362 ], [ 122.986514252169513, 14.087133330686365 ], [ 122.98652222422551, 14.087101442462368 ], [ 122.9865461403935, 14.08706158218237 ], [ 122.986554112449497, 14.087045638070371 ], [ 122.986578028617501, 14.087021721902374 ], [ 122.986593972729494, 14.086997805734375 ], [ 122.986625860953495, 14.08695794545438 ], [ 122.986641805065503, 14.086926057230382 ], [ 122.986657749177496, 14.086894169006385 ], [ 122.986681665345486, 14.086862280782388 ], [ 122.986697609457494, 14.08682242050239 ], [ 122.986713553569487, 14.086782560222394 ], [ 122.986745441793488, 14.086742699942397 ], [ 122.986777330017489, 14.086702839662401 ], [ 122.986785302073486, 14.086678923494404 ], [ 122.986817190297486, 14.086639063214406 ], [ 122.986849078521473, 14.08659920293441 ], [ 122.986865022633481, 14.086567314710413 ], [ 122.986888938801471, 14.086519482374417 ], [ 122.986904882913478, 14.086479622094419 ], [ 122.986920827025472, 14.086455705926422 ], [ 122.986952715249473, 14.086415845646425 ], [ 122.986960687305469, 14.086383957422427 ], [ 122.98699257552947, 14.086336125086431 ], [ 122.987008519641464, 14.086320180974433 ], [ 122.987040407865464, 14.086264376582438 ], [ 122.987072296089465, 14.086240460414441 ], [ 122.987088240201459, 14.086200600134443 ], [ 122.987104184313452, 14.086184656022445 ], [ 122.987128100481456, 14.08612885163045 ], [ 122.98714404459345, 14.086104935462451 ], [ 122.987159988705457, 14.086088991350453 ], [ 122.987183904873447, 14.086041159014457 ], [ 122.987215793097448, 14.08599332667846 ], [ 122.987223765153445, 14.085961438454463 ], [ 122.987247681321449, 14.085929550230466 ], [ 122.987279569545436, 14.085905634062469 ], [ 122.987295513657443, 14.085873745838471 ], [ 122.987327401881444, 14.085833885558475 ], [ 122.987343345993438, 14.085809969390477 ], [ 122.987367262161428, 14.085794025278478 ], [ 122.987399150385428, 14.085762137054481 ], [ 122.987415094497436, 14.085746192942482 ], [ 122.987439010665426, 14.085722276774485 ], [ 122.987454954777434, 14.085706332662486 ], [ 122.987470898889427, 14.085690388550487 ], [ 122.987494815057417, 14.08565850032649 ], [ 122.987518731225421, 14.085634584158491 ], [ 122.987534675337415, 14.085618640046492 ], [ 122.987566563561415, 14.085586751822495 ], [ 122.987582507673409, 14.085570807710496 ], [ 122.987606423841413, 14.085546891542499 ], [ 122.987638312065414, 14.0855229753745 ], [ 122.987662228233404, 14.085499059206503 ], [ 122.987678172345412, 14.085491087150503 ], [ 122.987710060569398, 14.085475143038504 ], [ 122.987733976737402, 14.085443254814507 ], [ 122.987749920849396, 14.085427310702508 ], [ 122.987781809073397, 14.085403394534511 ], [ 122.987797753185404, 14.085379478366514 ], [ 122.987845585521399, 14.085355562198515 ], [ 122.987877473745385, 14.085323673974518 ], [ 122.987901389913389, 14.085307729862519 ], [ 122.987917334025383, 14.08529178575052 ], [ 122.98795719430538, 14.085267869582523 ], [ 122.987981110473385, 14.085259897526523 ], [ 122.987997054585378, 14.085251925470525 ], [ 122.988052858977369, 14.085220037246527 ], [ 122.988068803089377, 14.085212065190527 ], [ 122.988092719257367, 14.085196121078528 ], [ 122.988132579537364, 14.085196121078528 ], [ 122.988148523649372, 14.08518814902253 ], [ 122.988172439817362, 14.085172204910531 ], [ 122.988204328041363, 14.085172204910531 ], [ 122.988220272153356, 14.085164232854531 ], [ 122.988236216265364, 14.085156260798533 ], [ 122.988260132433354, 14.085148288742532 ], [ 122.988299992713351, 14.085132344630534 ], [ 122.988331880937352, 14.085124372574535 ], [ 122.988403629441351, 14.085116400518535 ], [ 122.988435517665337, 14.085108428462537 ], [ 122.988475377945335, 14.085108428462537 ], [ 122.988539154393337, 14.085092484350538 ], [ 122.988586986729331, 14.085092484350538 ], [ 122.988634819065325, 14.085092484350538 ], [ 122.988706567569324, 14.085084512294538 ], [ 122.988738455793325, 14.085084512294538 ], [ 122.988762371961315, 14.085084512294538 ], [ 122.988786288129319, 14.085084512294538 ], [ 122.988802232241312, 14.085084512294538 ], [ 122.988826148409316, 14.085084512294538 ], [ 122.988850064577306, 14.085084512294538 ], [ 122.988881952801307, 14.085092484350538 ], [ 122.988897896913301, 14.085100456406536 ], [ 122.988913841025308, 14.085108428462537 ], [ 122.988945729249295, 14.085132344630534 ], [ 122.988969645417299, 14.085148288742532 ], [ 122.988985589529292, 14.085156260798533 ], [ 122.989009505697297, 14.085172204910531 ], [ 122.989033421865287, 14.08518814902253 ], [ 122.989049365977294, 14.085204093134529 ], [ 122.989065310089288, 14.085212065190527 ], [ 122.989081254201295, 14.085235981358526 ], [ 122.989097198313289, 14.085251925470525 ], [ 122.989097198313289, 14.085267869582523 ], [ 122.989105170369285, 14.085307729862519 ], [ 122.989121114481279, 14.085331646030518 ], [ 122.989129086537289, 14.085355562198515 ], [ 122.989129086537289, 14.085387450422513 ], [ 122.989145030649283, 14.08541136659051 ], [ 122.98915300270528, 14.085435282758509 ], [ 122.98915300270528, 14.085467170982506 ], [ 122.98915300270528, 14.085483115094505 ], [ 122.98915300270528, 14.085499059206503 ], [ 122.98915300270528, 14.0855229753745 ], [ 122.98915300270528, 14.085554863598498 ], [ 122.98915300270528, 14.085570807710496 ], [ 122.98915300270528, 14.085618640046492 ], [ 122.98915300270528, 14.08565052827049 ], [ 122.98915300270528, 14.085674444438489 ], [ 122.98915300270528, 14.085706332662486 ], [ 122.989145030649283, 14.085722276774485 ], [ 122.989145030649283, 14.085762137054481 ], [ 122.989137058593286, 14.085786053222479 ], [ 122.989137058593286, 14.085809969390477 ], [ 122.989129086537289, 14.085841857614474 ], [ 122.989129086537289, 14.085873745838471 ], [ 122.989121114481279, 14.085913606118467 ], [ 122.989121114481279, 14.085937522286466 ], [ 122.989121114481279, 14.085969410510463 ], [ 122.989121114481279, 14.086009270790459 ], [ 122.989121114481279, 14.086041159014457 ], [ 122.989121114481279, 14.086088991350453 ], [ 122.989121114481279, 14.086144795742449 ], [ 122.989121114481279, 14.086168711910446 ], [ 122.989121114481279, 14.086192628078445 ], [ 122.989121114481279, 14.086208572190444 ], [ 122.989121114481279, 14.086232488358441 ], [ 122.989121114481279, 14.086248432470439 ], [ 122.989121114481279, 14.086264376582438 ], [ 122.989121114481279, 14.086280320694437 ], [ 122.989121114481279, 14.086296264806435 ], [ 122.989121114481279, 14.086312208918434 ], [ 122.989121114481279, 14.086328153030433 ], [ 122.987287541601447, 14.088217530302272 ] ] ] ] } },
{ "type": "Feature", "properties": { "fid": 187, "desc": "fishpond", "other desc": null, "barangay": "Barangay Mambalite", "col": "etc", "etc": null, "layer": "mambalite_etc" }, "geometry": { "type": "MultiPolygon", "coordinates": [ [ [ [ 122.991313429881075, 14.089666451480147 ], [ 122.991281541657074, 14.089682395592146 ], [ 122.991233709321079, 14.089698339704144 ], [ 122.991201821097093, 14.089730227928142 ], [ 122.991169932873092, 14.089762116152139 ], [ 122.99110615642509, 14.089778060264138 ], [ 122.991074268201103, 14.089809948488135 ], [ 122.991042379977102, 14.089825892600134 ], [ 122.991026435865095, 14.089857780824131 ], [ 122.990994547641108, 14.089889669048128 ], [ 122.990930771193106, 14.089905613160127 ], [ 122.990898882969105, 14.089953445496123 ], [ 122.990866994745119, 14.089953445496123 ], [ 122.990835106521118, 14.08998533372012 ], [ 122.990803218297117, 14.090017221944118 ], [ 122.990755385961123, 14.090065054280114 ], [ 122.990739441849129, 14.090096942504111 ], [ 122.990707553625128, 14.09011288661611 ], [ 122.990675665401128, 14.090144774840107 ], [ 122.990627833065133, 14.090176663064105 ], [ 122.990595944841132, 14.090192607176103 ], [ 122.990580000729139, 14.090224495400101 ], [ 122.990564056617146, 14.090256383624098 ], [ 122.990532168393145, 14.090304215960094 ], [ 122.990500280169144, 14.090336104184091 ], [ 122.99045244783315, 14.090367992408089 ], [ 122.990420559609149, 14.090383936520087 ], [ 122.990388671385148, 14.090415824744085 ], [ 122.990356783161161, 14.09044771296808 ], [ 122.990308950825167, 14.090495545304076 ], [ 122.990293006713159, 14.090527433528074 ], [ 122.990261118489173, 14.090543377640072 ], [ 122.990229230265172, 14.09057526586407 ], [ 122.990197342041171, 14.090639042312064 ], [ 122.990181397929177, 14.090670930536062 ], [ 122.990149509705176, 14.090718762872058 ], [ 122.990133565593183, 14.090750651096055 ], [ 122.990101677369182, 14.090798483432051 ], [ 122.990085733257175, 14.090862259880046 ], [ 122.990069789145181, 14.090894148104043 ], [ 122.990053845033188, 14.090941980440039 ], [ 122.99003790092118, 14.090973868664037 ], [ 122.990021956809187, 14.091005756888034 ], [ 122.990021956809187, 14.09105358922403 ], [ 122.990021956809187, 14.091085477448027 ], [ 122.990021956809187, 14.091117365672025 ], [ 122.990021956809187, 14.091149253896022 ], [ 122.990021956809187, 14.091181142120019 ], [ 122.990021956809187, 14.091228974456016 ], [ 122.990021956809187, 14.091260862680013 ], [ 122.990021956809187, 14.091308695016009 ], [ 122.990021956809187, 14.091340583240004 ], [ 122.990021956809187, 14.091372471464002 ], [ 122.990021956809187, 14.091404359687999 ], [ 122.990021956809187, 14.091436247911997 ], [ 122.990021956809187, 14.091468136135994 ], [ 122.990021956809187, 14.091500024359991 ], [ 122.990021956809187, 14.091547856695987 ], [ 122.99003790092118, 14.091579744919985 ], [ 122.99003790092118, 14.091611633143982 ], [ 122.990053845033188, 14.091643521367979 ], [ 122.990053845033188, 14.091707297815974 ], [ 122.990069789145181, 14.091739186039971 ], [ 122.990069789145181, 14.091802962487966 ], [ 122.990069789145181, 14.091834850711964 ], [ 122.990085733257175, 14.091866738935961 ], [ 122.990085733257175, 14.091898627159958 ], [ 122.990101677369182, 14.091962403607953 ], [ 122.990101677369182, 14.09199429183195 ], [ 122.990101677369182, 14.092026180055948 ], [ 122.990133565593183, 14.092105900615941 ], [ 122.990133565593183, 14.092137788839938 ], [ 122.990149509705176, 14.092169677063936 ], [ 122.990149509705176, 14.092201565287931 ], [ 122.990181397929177, 14.092233453511929 ], [ 122.990181397929177, 14.092281285847925 ], [ 122.990197342041171, 14.092313174071922 ], [ 122.990197342041171, 14.092345062295919 ], [ 122.990229230265172, 14.092361006407918 ], [ 122.990261118489173, 14.092408838743914 ], [ 122.990293006713159, 14.09245667107991 ], [ 122.99032489493716, 14.092504503415906 ], [ 122.99032489493716, 14.092536391639904 ], [ 122.990372727273154, 14.0925842239759 ], [ 122.990436503721156, 14.092616112199897 ], [ 122.990468391945143, 14.092648000423894 ], [ 122.99048433605715, 14.092679888647892 ], [ 122.990516224281137, 14.092711776871889 ], [ 122.990548112505138, 14.092727720983888 ], [ 122.990580000729139, 14.092743665095886 ], [ 122.99061188895314, 14.092759609207885 ], [ 122.990643777177127, 14.092791497431882 ], [ 122.990675665401128, 14.09282338565588 ], [ 122.990739441849129, 14.092839329767878 ], [ 122.990771330073116, 14.092855273879877 ], [ 122.990803218297117, 14.092871217991876 ], [ 122.990835106521118, 14.092887162103874 ], [ 122.990866994745119, 14.092903106215873 ], [ 122.990898882969105, 14.092919050327872 ], [ 122.990930771193106, 14.092934994439871 ], [ 122.990962659417107, 14.092934994439871 ], [ 122.990994547641108, 14.092950938551869 ], [ 122.991042379977102, 14.092982826775867 ], [ 122.991074268201103, 14.092982826775867 ], [ 122.991138044649091, 14.093014714999864 ], [ 122.991169932873092, 14.093030659111863 ], [ 122.991201821097093, 14.093030659111863 ], [ 122.991233709321079, 14.093030659111863 ], [ 122.991297485769081, 14.093030659111863 ], [ 122.991329373993068, 14.093030659111863 ], [ 122.991361262217069, 14.093030659111863 ], [ 122.99139315044107, 14.093030659111863 ], [ 122.991425038665071, 14.093030659111863 ], [ 122.991504759225066, 14.093030659111863 ], [ 122.991536647449053, 14.093030659111863 ], [ 122.991584479785047, 14.093030659111863 ], [ 122.991632312121055, 14.093030659111863 ], [ 122.99168014445705, 14.093030659111863 ], [ 122.991727976793044, 14.093030659111863 ], [ 122.991775809129038, 14.093030659111863 ], [ 122.991807697353039, 14.093014714999864 ], [ 122.991855529689033, 14.093014714999864 ], [ 122.991887417913034, 14.092998770887865 ], [ 122.991951194361022, 14.092998770887865 ], [ 122.991983082585023, 14.092982826775867 ], [ 122.992030914921017, 14.092934994439871 ], [ 122.992094691369005, 14.092903106215873 ], [ 122.992174411929, 14.092887162103874 ], [ 122.992222244264994, 14.092855273879877 ], [ 122.992254132488995, 14.092839329767878 ], [ 122.992286020712996, 14.092839329767878 ], [ 122.992317908936997, 14.09282338565588 ], [ 122.992365741272991, 14.092791497431882 ], [ 122.992397629496978, 14.092759609207885 ], [ 122.992413573608985, 14.092727720983888 ], [ 122.992445461832986, 14.092711776871889 ], [ 122.99249329416898, 14.092679888647892 ], [ 122.992541126504975, 14.092648000423894 ], [ 122.992573014728976, 14.092616112199897 ], [ 122.992604902952962, 14.092600168087898 ], [ 122.992652735288956, 14.0925842239759 ], [ 122.992668679400964, 14.092552335751902 ], [ 122.992700567624965, 14.092520447527905 ], [ 122.992732455848952, 14.092504503415906 ], [ 122.992780288184946, 14.092472615191909 ], [ 122.992812176408947, 14.09245667107991 ], [ 122.992844064632948, 14.092440726967912 ], [ 122.992860008744941, 14.092408838743914 ], [ 122.992923785192943, 14.092376950519917 ], [ 122.992971617528937, 14.092345062295919 ], [ 122.993003505752938, 14.092313174071922 ], [ 122.993035393976925, 14.092297229959923 ], [ 122.993083226312919, 14.092265341735926 ], [ 122.99311511453692, 14.092249397623927 ], [ 122.993162946872914, 14.09221750939993 ], [ 122.993194835096915, 14.092201565287931 ], [ 122.993242667432909, 14.092153732951937 ], [ 122.993290499768904, 14.092105900615941 ], [ 122.993338332104898, 14.092089956503942 ], [ 122.993370220328899, 14.092058068279945 ], [ 122.993386164440906, 14.092026180055948 ], [ 122.993418052664893, 14.09199429183195 ], [ 122.993449940888894, 14.09199429183195 ], [ 122.993497773224888, 14.091962403607953 ], [ 122.993529661448889, 14.091914571271957 ], [ 122.99356154967289, 14.09188268304796 ], [ 122.993593437896877, 14.091850794823962 ], [ 122.993625326120878, 14.091834850711964 ], [ 122.993641270232885, 14.091802962487966 ], [ 122.993705046680873, 14.09175513015197 ], [ 122.993736934904874, 14.091723241927973 ], [ 122.993768823128875, 14.091691353703975 ], [ 122.993800711352861, 14.091675409591977 ], [ 122.993816655464869, 14.091643521367979 ], [ 122.993848543688856, 14.091595689031983 ], [ 122.993880431912856, 14.091579744919985 ], [ 122.993912320136857, 14.091547856695987 ], [ 122.993928264248851, 14.09151596847199 ], [ 122.993960152472852, 14.091484080247993 ], [ 122.993992040696853, 14.091484080247993 ], [ 122.994007984808846, 14.091452192023995 ], [ 122.994023928920839, 14.091420303799998 ], [ 122.99405581714484, 14.091388415576001 ], [ 122.994087705368841, 14.091372471464002 ], [ 122.994103649480834, 14.091340583240004 ], [ 122.994167425928836, 14.090208551288102 ], [ 122.994135537704835, 14.090192607176103 ], [ 122.994087705368841, 14.090144774840107 ], [ 122.99405581714484, 14.090128830728109 ], [ 122.994023928920839, 14.090128830728109 ], [ 122.993992040696853, 14.090096942504111 ], [ 122.993960152472852, 14.090080998392112 ], [ 122.993928264248851, 14.090080998392112 ], [ 122.99389637602485, 14.090065054280114 ], [ 122.993864487800863, 14.090049110168115 ], [ 122.993832599576862, 14.090033166056116 ], [ 122.993800711352861, 14.090033166056116 ], [ 122.993736934904874, 14.090017221944118 ], [ 122.993673158456872, 14.090001277832119 ], [ 122.993641270232885, 14.090001277832119 ], [ 122.993609382008884, 14.08998533372012 ], [ 122.993577493784883, 14.089969389608122 ], [ 122.993545605560882, 14.089953445496123 ], [ 122.993497773224888, 14.089937501384124 ], [ 122.993449940888894, 14.089921557272126 ], [ 122.993418052664893, 14.089905613160127 ], [ 122.993409384021476, 14.089901278838418 ], [ 122.995203793208745, 14.090224495400101 ], [ 122.995235681432746, 14.090192607176103 ], [ 122.995235681432746, 14.090160718952106 ], [ 122.995235681432746, 14.090128830728109 ], [ 122.995251625544739, 14.090096942504111 ], [ 122.995267569656747, 14.090065054280114 ], [ 122.99528351376874, 14.090001277832119 ], [ 122.99528351376874, 14.089953445496123 ], [ 122.995299457880733, 14.089921557272126 ], [ 122.995315401992741, 14.089857780824131 ], [ 122.995331346104734, 14.089809948488135 ], [ 122.995347290216728, 14.089762116152139 ], [ 122.995379178440729, 14.089730227928142 ], [ 122.995395122552736, 14.089666451480147 ], [ 122.995395122552736, 14.089634563256149 ], [ 122.99541106666473, 14.089602675032152 ], [ 122.995427010776723, 14.089554842696156 ], [ 122.995427010776723, 14.089522954472161 ], [ 122.99544295488873, 14.089491066248163 ], [ 122.995474843112717, 14.089443233912167 ], [ 122.995474843112717, 14.089379457464172 ], [ 122.995490787224725, 14.089347569240175 ], [ 122.995490787224725, 14.089315681016178 ], [ 122.995522675448726, 14.08928379279218 ], [ 122.995554563672712, 14.089220016344186 ], [ 122.995554563672712, 14.089156239896191 ], [ 122.995602396008707, 14.089108407560195 ], [ 122.995618340120714, 14.089060575224199 ], [ 122.995634284232708, 14.089028687000202 ], [ 122.995650228344701, 14.088996798776204 ], [ 122.995666172456708, 14.088964910552207 ], [ 122.995698060680709, 14.088901134104212 ], [ 122.995714004792703, 14.088869245880215 ], [ 122.995729948904696, 14.088837357656217 ], [ 122.995761837128697, 14.088757637096224 ], [ 122.995809669464691, 14.088709804760228 ], [ 122.995825613576699, 14.088630084200236 ], [ 122.995857501800685, 14.088566307752242 ], [ 122.995857501800685, 14.088486587192248 ], [ 122.995873445912693, 14.088422810744254 ], [ 122.995873445912693, 14.088359034296259 ], [ 122.995889390024686, 14.088327146072261 ], [ 122.995921278248687, 14.088231481400269 ], [ 122.995937222360681, 14.088199593176272 ], [ 122.995937222360681, 14.088151760840276 ], [ 122.995953166472688, 14.08810392850428 ], [ 122.995969110584682, 14.088040152056285 ], [ 122.995969110584682, 14.088008263832288 ], [ 122.995985054696675, 14.087960431496292 ], [ 122.995985054696675, 14.087896655048297 ], [ 122.996000998808682, 14.087848822712301 ], [ 122.996016942920676, 14.087800990376305 ], [ 122.996016942920676, 14.087769102152309 ], [ 122.996016942920676, 14.087721269816313 ], [ 122.996016942920676, 14.087657493368319 ], [ 122.996016942920676, 14.087593716920324 ], [ 122.996016942920676, 14.087545884584328 ], [ 122.996016942920676, 14.087482108136333 ], [ 122.996016942920676, 14.087434275800337 ], [ 122.996016942920676, 14.087386443464341 ], [ 122.996016942920676, 14.087338611128345 ], [ 122.996016942920676, 14.087290778792349 ], [ 122.996016942920676, 14.087227002344354 ], [ 122.996016942920676, 14.087179170008358 ], [ 122.996016942920676, 14.087131337672362 ], [ 122.996016942920676, 14.087083505336366 ], [ 122.996016942920676, 14.08703567300037 ], [ 122.996016942920676, 14.086955952440377 ], [ 122.996016942920676, 14.086892175992382 ], [ 122.996016942920676, 14.086860287768387 ], [ 122.996016942920676, 14.086780567208393 ], [ 122.996016942920676, 14.086716790760399 ], [ 122.996000998808682, 14.086653014312404 ], [ 122.995985054696675, 14.086605181976408 ], [ 122.995985054696675, 14.08657329375241 ], [ 122.995969110584682, 14.086525461416414 ], [ 122.995953166472688, 14.086477629080418 ], [ 122.99590533413668, 14.086397908520425 ], [ 122.995889390024686, 14.086350076184429 ], [ 122.995857501800685, 14.086302243848433 ], [ 122.995825613576699, 14.086254411512437 ], [ 122.995761837128697, 14.086174690952443 ], [ 122.995729948904696, 14.086142802728446 ], [ 122.995698060680709, 14.08609497039245 ], [ 122.995634284232708, 14.08599930572046 ], [ 122.995586451896713, 14.085903641048468 ], [ 122.99557050778472, 14.08587175282447 ], [ 122.995522675448726, 14.085823920488474 ], [ 122.995506731336718, 14.085792032264477 ], [ 122.995458899000724, 14.085728255816482 ], [ 122.995395122552736, 14.085696367592485 ], [ 122.995347290216728, 14.08563259114449 ], [ 122.995315401992741, 14.085600702920493 ], [ 122.995251625544739, 14.085568814696495 ], [ 122.995219737320738, 14.085536926472498 ], [ 122.995187849096752, 14.085536926472498 ], [ 122.995140016760757, 14.085505038248501 ], [ 122.995076240312756, 14.085489094136502 ], [ 122.995044352088755, 14.085441261800506 ], [ 122.995012463864768, 14.085441261800506 ], [ 122.994980575640767, 14.085441261800506 ], [ 122.994948687416766, 14.085441261800506 ], [ 122.994884910968779, 14.085441261800506 ], [ 122.994853022744778, 14.085441261800506 ], [ 122.994821134520777, 14.085441261800506 ], [ 122.994789246296776, 14.085457205912505 ], [ 122.994757358072789, 14.085473150024503 ], [ 122.994709525736795, 14.085505038248501 ], [ 122.994645749288793, 14.085505038248501 ], [ 122.994566028728798, 14.085536926472498 ], [ 122.994534140504797, 14.085552870584497 ], [ 122.994486308168803, 14.085600702920493 ], [ 122.994454419944816, 14.08563259114449 ], [ 122.994422531720815, 14.085664479368488 ], [ 122.994390643496814, 14.085680423480486 ], [ 122.994374699384821, 14.085728255816482 ], [ 122.994374699384821, 14.085776088152478 ], [ 122.994358755272813, 14.085823920488474 ], [ 122.994358755272813, 14.08587175282447 ], [ 122.994358755272813, 14.085903641048468 ], [ 122.994358755272813, 14.085935529272465 ], [ 122.994358755272813, 14.085967417496462 ], [ 122.994358755272813, 14.08599930572046 ], [ 122.994358755272813, 14.086047138056454 ], [ 122.994358755272813, 14.086079026280451 ], [ 122.994358755272813, 14.086126858616447 ], [ 122.994374699384821, 14.086158746840445 ], [ 122.994374699384821, 14.086190635064442 ], [ 122.994374699384821, 14.086238467400438 ], [ 122.994374699384821, 14.086286299736434 ], [ 122.994374699384821, 14.086318187960432 ], [ 122.994374699384821, 14.086366020296428 ], [ 122.994374699384821, 14.086397908520425 ], [ 122.994374699384821, 14.086445740856421 ], [ 122.994374699384821, 14.086477629080418 ], [ 122.994374699384821, 14.086509517304416 ], [ 122.994374699384821, 14.086541405528413 ], [ 122.994374699384821, 14.08657329375241 ], [ 122.994374699384821, 14.086605181976408 ], [ 122.994374699384821, 14.086637070200405 ], [ 122.99434281116082, 14.086668958424402 ], [ 122.994310922936819, 14.086668958424402 ], [ 122.994279034712818, 14.0867008466484 ], [ 122.994247146488831, 14.0867008466484 ], [ 122.99421525826483, 14.086716790760399 ], [ 122.99418337004083, 14.086716790760399 ], [ 122.994151481816829, 14.086716790760399 ], [ 122.994119593592842, 14.086732734872397 ], [ 122.994039873032847, 14.086732734872397 ], [ 122.993992040696853, 14.086764623096395 ], [ 122.993944208360858, 14.086764623096395 ], [ 122.99389637602485, 14.086764623096395 ], [ 122.993864487800863, 14.086764623096395 ], [ 122.993832599576862, 14.086764623096395 ], [ 122.993800711352861, 14.086780567208393 ], [ 122.993752879016867, 14.086796511320392 ], [ 122.993720990792866, 14.086796511320392 ], [ 122.993641270232885, 14.086812455432391 ], [ 122.993593437896877, 14.086812455432391 ], [ 122.993481829112895, 14.086860287768387 ], [ 122.993418052664893, 14.086876231880385 ], [ 122.993354276216905, 14.086876231880385 ], [ 122.993306443880911, 14.086892175992382 ], [ 122.993258611544917, 14.086892175992382 ], [ 122.993226723320916, 14.086908120104381 ], [ 122.993178890984922, 14.086908120104381 ], [ 122.993147002760921, 14.08692406421638 ], [ 122.99311511453692, 14.08692406421638 ], [ 122.993051338088932, 14.086940008328378 ], [ 122.993019449864931, 14.086940008328378 ], [ 122.99298756164093, 14.086955952440377 ], [ 122.992955673416944, 14.086971896552376 ], [ 122.992907841080935, 14.086971896552376 ], [ 122.992875952856949, 14.086987840664374 ], [ 122.992812176408947, 14.087003784776373 ], [ 122.992780288184946, 14.087003784776373 ], [ 122.992732455848952, 14.087019728888372 ], [ 122.992684623512957, 14.08703567300037 ], [ 122.992604902952962, 14.087083505336366 ], [ 122.992557070616968, 14.087083505336366 ], [ 122.992477350056973, 14.087115393560364 ], [ 122.992429517720979, 14.087131337672362 ], [ 122.992381685384984, 14.087147281784361 ], [ 122.99233385304899, 14.08716322589636 ], [ 122.992286020712996, 14.087195114120357 ], [ 122.992254132488995, 14.087211058232356 ], [ 122.992222244264994, 14.087227002344354 ], [ 122.992142523704999, 14.08727483468035 ], [ 122.992094691369005, 14.087290778792349 ], [ 122.992014970809024, 14.087322667016347 ], [ 122.991935250249028, 14.087354555240344 ], [ 122.991871473801027, 14.087386443464341 ], [ 122.991823641465032, 14.087418331688339 ], [ 122.991775809129038, 14.087450219912336 ], [ 122.991712032681036, 14.087466164024335 ], [ 122.99168014445705, 14.087498052248332 ], [ 122.991632312121055, 14.087545884584328 ], [ 122.991600423897054, 14.087561828696327 ], [ 122.991568535673053, 14.087577772808325 ], [ 122.991488815113058, 14.087609661032323 ], [ 122.991409094553063, 14.087657493368319 ], [ 122.991329373993068, 14.087689381592316 ], [ 122.991249653433087, 14.087721269816313 ], [ 122.991169932873092, 14.087769102152309 ], [ 122.991058324089096, 14.087816934488304 ], [ 122.990978603529101, 14.087848822712301 ], [ 122.990898882969105, 14.087912599160296 ], [ 122.990851050633111, 14.087944487384293 ], [ 122.990803218297117, 14.087960431496292 ], [ 122.990739441849129, 14.087992319720289 ], [ 122.990691609513135, 14.088056096168284 ], [ 122.990627833065133, 14.08810392850428 ], [ 122.990580000729139, 14.088167704952275 ], [ 122.990516224281137, 14.088247425512268 ], [ 122.99048433605715, 14.088279313736265 ], [ 122.990436503721156, 14.088327146072261 ], [ 122.990420559609149, 14.088359034296259 ], [ 122.990404615497155, 14.088422810744254 ], [ 122.990388671385148, 14.088454698968251 ], [ 122.990356783161161, 14.088502531304247 ], [ 122.990356783161161, 14.088534419528244 ], [ 122.990356783161161, 14.08858225186424 ], [ 122.990356783161161, 14.088614140088238 ], [ 122.990356783161161, 14.088661972424232 ], [ 122.990356783161161, 14.088709804760228 ], [ 122.990356783161161, 14.088757637096224 ], [ 122.990356783161161, 14.088821413544219 ], [ 122.990372727273154, 14.088853301768216 ], [ 122.990372727273154, 14.088901134104212 ], [ 122.990404615497155, 14.088964910552207 ], [ 122.990436503721156, 14.089012742888203 ], [ 122.990468391945143, 14.089076519336198 ], [ 122.990516224281137, 14.089140295784192 ], [ 122.990532168393145, 14.08917218400819 ], [ 122.990548112505138, 14.089220016344186 ], [ 122.990580000729139, 14.089267848680182 ], [ 122.99061188895314, 14.089299736904179 ], [ 122.990659721289134, 14.089347569240175 ], [ 122.990675665401128, 14.089379457464172 ], [ 122.990707553625128, 14.08941134568817 ], [ 122.990739441849129, 14.089427289800168 ], [ 122.990771330073116, 14.089443233912167 ], [ 122.990819162409124, 14.089475122136164 ], [ 122.990882938857112, 14.089507010360162 ], [ 122.990914827081113, 14.089507010360162 ], [ 122.990962659417107, 14.089538898584159 ], [ 122.991026435865095, 14.089554842696156 ], [ 122.991074268201103, 14.089570786808155 ], [ 122.99110615642509, 14.089586730920153 ], [ 122.991153988761084, 14.089586730920153 ], [ 122.991185876985085, 14.089602675032152 ], [ 122.991249653433087, 14.089650507368148 ], [ 122.991313429881075, 14.089650507368148 ], [ 122.991329373993068, 14.089650507368148 ], [ 122.991313429881075, 14.089666451480147 ] ] ] ] } },
{ "type": "Feature", "properties": { "fid": 188, "desc": "cultivated ", "other desc": null, "barangay": "Barangay Mambalite", "col": "etc", "etc": null, "layer": "mambalite_etc" }, "geometry": { "type": "MultiPolygon", "coordinates": [ [ [ [ 122.985655263135399, 14.090637049298032 ], [ 122.985687151359386, 14.09065299341003 ], [ 122.98573498369538, 14.090668937522029 ], [ 122.985782816031389, 14.090668937522029 ], [ 122.98586253659137, 14.090700825746026 ], [ 122.985910368927378, 14.090716769858025 ], [ 122.985990089487359, 14.090764602194021 ], [ 122.986037921823367, 14.09078054630602 ], [ 122.986101698271355, 14.09078054630602 ], [ 122.986165474719357, 14.090812434530017 ], [ 122.986213307055351, 14.090844322754014 ], [ 122.986261139391345, 14.090876210978012 ], [ 122.986324915839333, 14.090908099202009 ], [ 122.986340859951341, 14.090939987426006 ], [ 122.986388692287335, 14.090987819762002 ], [ 122.986420580511322, 14.091003763874001 ], [ 122.986436524623329, 14.091035652097998 ], [ 122.986484356959323, 14.091099428545993 ], [ 122.986532189295318, 14.091147260881989 ], [ 122.986564077519319, 14.091179149105987 ], [ 122.986627853967306, 14.091226981441983 ], [ 122.986659742191307, 14.09125886966598 ], [ 122.986691630415308, 14.091274813777979 ], [ 122.986723518639309, 14.091306702001976 ], [ 122.986755406863296, 14.091338590225973 ], [ 122.986787295087296, 14.091370478449971 ], [ 122.986819183311297, 14.091418310785965 ], [ 122.986867015647292, 14.091450199009962 ], [ 122.986882959759285, 14.09148208723396 ], [ 122.986914847983286, 14.091513975457957 ], [ 122.986930792095279, 14.091545863681954 ], [ 122.98696268031928, 14.09159369601795 ], [ 122.986978624431288, 14.091657472465945 ], [ 122.987010512655274, 14.091689360689942 ], [ 122.987026456767282, 14.091737193025939 ], [ 122.987042400879275, 14.091785025361935 ], [ 122.987058344991269, 14.091816913585932 ], [ 122.987058344991269, 14.091848801809929 ], [ 122.98709023321527, 14.091896634145925 ], [ 122.987106177327263, 14.091944466481921 ], [ 122.98712212143927, 14.091992298817917 ], [ 122.98712212143927, 14.092024187041915 ], [ 122.987154009663271, 14.092103907601908 ], [ 122.987169953775265, 14.092167684049903 ], [ 122.987185897887258, 14.092231460497898 ], [ 122.987201841999266, 14.092263348721895 ], [ 122.987201841999266, 14.09229523694589 ], [ 122.987217786111259, 14.092343069281887 ], [ 122.987233730223252, 14.092390901617883 ], [ 122.987233730223252, 14.09242278984188 ], [ 122.987233730223252, 14.092454678065877 ], [ 122.98724967433526, 14.092518454513872 ], [ 122.98724967433526, 14.092550342737869 ], [ 122.98724967433526, 14.092582230961867 ], [ 122.98724967433526, 14.092614119185864 ], [ 122.98724967433526, 14.092646007409861 ], [ 122.98724967433526, 14.092677895633859 ], [ 122.98724967433526, 14.092741672081853 ], [ 122.98724967433526, 14.092789504417849 ], [ 122.98724967433526, 14.092821392641847 ], [ 122.98724967433526, 14.092853280865844 ], [ 122.98724967433526, 14.092885169089842 ], [ 122.98724967433526, 14.092917057313839 ], [ 122.98724967433526, 14.092948945537836 ], [ 122.98724967433526, 14.092980833761834 ], [ 122.987233730223252, 14.093012721985831 ], [ 122.987233730223252, 14.093044610209828 ], [ 122.987217786111259, 14.093076498433826 ], [ 122.987185897887258, 14.093108386657823 ], [ 122.987185897887258, 14.09314027488182 ], [ 122.987169953775265, 14.093172163105818 ], [ 122.987138065551264, 14.093204051329813 ], [ 122.987106177327263, 14.093235939553811 ], [ 122.98709023321527, 14.093267827777808 ], [ 122.987074289103276, 14.093299716001805 ], [ 122.987042400879275, 14.093347548337801 ], [ 122.987010512655274, 14.093395380673797 ], [ 122.986978624431288, 14.093443213009794 ], [ 122.98696268031928, 14.093475101233791 ], [ 122.986930792095279, 14.093506989457788 ], [ 122.986898903871293, 14.093538877681786 ], [ 122.986851071535298, 14.09360265412978 ], [ 122.986819183311297, 14.093666430577775 ], [ 122.986771350975303, 14.093698318801772 ], [ 122.986739462751302, 14.093746151137768 ], [ 122.986691630415308, 14.093778039361766 ], [ 122.986659742191307, 14.093809927585763 ], [ 122.986627853967306, 14.093857759921759 ], [ 122.986595965743319, 14.093873704033758 ], [ 122.986564077519319, 14.093905592257755 ], [ 122.986532189295318, 14.093937480481753 ], [ 122.986484356959323, 14.093985312817749 ], [ 122.986404636399328, 14.094001256929747 ], [ 122.986356804063334, 14.094049089265743 ], [ 122.986293027615332, 14.094049089265743 ], [ 122.986197362943344, 14.094096921601738 ], [ 122.986149530607349, 14.094096921601738 ], [ 122.986069810047354, 14.094128809825735 ], [ 122.985990089487359, 14.094144753937734 ], [ 122.985926313039371, 14.094160698049732 ], [ 122.985846592479376, 14.094176642161731 ], [ 122.985814704255375, 14.094176642161731 ], [ 122.985750927807388, 14.09419258627373 ], [ 122.985639319023392, 14.094224474497727 ], [ 122.985591486687397, 14.094240418609726 ], [ 122.985511766127402, 14.094256362721724 ], [ 122.985463933791408, 14.094272306833723 ], [ 122.98540015734342, 14.094272306833723 ], [ 122.985320436783425, 14.094288250945722 ], [ 122.985272604447431, 14.094288250945722 ], [ 122.985145051551441, 14.09430419505772 ], [ 122.985065330991446, 14.09430419505772 ], [ 122.985017498655452, 14.094320139169719 ], [ 122.984921833983449, 14.094352027393716 ], [ 122.984842113423468, 14.094367971505715 ], [ 122.984778336975467, 14.094383915617714 ], [ 122.984698616415471, 14.094383915617714 ], [ 122.984634839967484, 14.094399859729712 ], [ 122.984555119407489, 14.094399859729712 ], [ 122.984491342959487, 14.094415803841711 ], [ 122.984427566511499, 14.094415803841711 ], [ 122.984379734175505, 14.09443174795371 ], [ 122.984315957727503, 14.09443174795371 ], [ 122.984284069503516, 14.09443174795371 ], [ 122.984204348943521, 14.09443174795371 ], [ 122.984156516607527, 14.09443174795371 ], [ 122.984076796047532, 14.09443174795371 ], [ 122.984028963711538, 14.09443174795371 ], [ 122.983965187263536, 14.09443174795371 ], [ 122.983885466703541, 14.09443174795371 ], [ 122.983837634367546, 14.09443174795371 ], [ 122.983741969695558, 14.09443174795371 ], [ 122.983694137359564, 14.094447692065708 ], [ 122.983614416799568, 14.094447692065708 ], [ 122.98351875212758, 14.094479580289706 ], [ 122.983423087455577, 14.094495524401705 ], [ 122.983311478671595, 14.094495524401705 ], [ 122.983215813999607, 14.094495524401705 ], [ 122.983152037551605, 14.094495524401705 ], [ 122.983056372879616, 14.094495524401705 ], [ 122.982976652319621, 14.094511468513703 ], [ 122.982880987647633, 14.094527412625702 ], [ 122.982801267087638, 14.094559300849699 ], [ 122.982737490639636, 14.094559300849699 ], [ 122.982673714191648, 14.094559300849699 ], [ 122.982641825967647, 14.094559300849699 ], [ 122.982562105407652, 14.094559300849699 ], [ 122.982514273071658, 14.094575244961698 ], [ 122.982482384847657, 14.094575244961698 ], [ 122.98245049662367, 14.094591189073697 ], [ 122.982402664287676, 14.094591189073697 ], [ 122.982370776063675, 14.094607133185695 ], [ 122.982322943727681, 14.094607133185695 ], [ 122.98229105550368, 14.094623077297694 ], [ 122.982227279055678, 14.094639021409693 ], [ 122.982179446719684, 14.094654965521691 ], [ 122.982051893823694, 14.09467090963369 ], [ 122.9820040614877, 14.09467090963369 ], [ 122.981956229151706, 14.094686853745689 ], [ 122.981924340927705, 14.094686853745689 ], [ 122.981892452703718, 14.094686853745689 ], [ 122.981860564479717, 14.094686853745689 ], [ 122.981812732143723, 14.094702797857687 ], [ 122.981780843919722, 14.094702797857687 ], [ 122.981717067471735, 14.094702797857687 ], [ 122.981685179247734, 14.094702797857687 ], [ 122.981653291023733, 14.094702797857687 ], [ 122.981589514575745, 14.094702797857687 ], [ 122.981541682239737, 14.094702797857687 ], [ 122.981477905791749, 14.094702797857687 ], [ 122.981414129343747, 14.094702797857687 ], [ 122.981366297007753, 14.094702797857687 ], [ 122.981302520559765, 14.094702797857687 ], [ 122.981206855887777, 14.094702797857687 ], [ 122.981159023551768, 14.094702797857687 ], [ 122.98106335887978, 14.094702797857687 ], [ 122.981015526543786, 14.094702797857687 ], [ 122.98093580598379, 14.094702797857687 ], [ 122.980887973647796, 14.094702797857687 ], [ 122.980824197199809, 14.094702797857687 ], [ 122.980792308975808, 14.094702797857687 ], [ 122.980728532527806, 14.094702797857687 ], [ 122.980680700191812, 14.094686853745689 ], [ 122.980648811967825, 14.094686853745689 ], [ 122.980600979631816, 14.09467090963369 ], [ 122.980553147295822, 14.09467090963369 ], [ 122.980489370847835, 14.094639021409693 ], [ 122.980425594399833, 14.094623077297694 ], [ 122.980361817951845, 14.094623077297694 ], [ 122.980329929727844, 14.094575244961698 ], [ 122.980298041503843, 14.094575244961698 ], [ 122.980266153279857, 14.094559300849699 ], [ 122.980218320943848, 14.094559300849699 ], [ 122.980154544495861, 14.094527412625702 ], [ 122.980106712159866, 14.094511468513703 ], [ 122.980074823935865, 14.094495524401705 ], [ 122.980026991599871, 14.094479580289706 ], [ 122.97999510337587, 14.094447692065708 ], [ 122.979947271039876, 14.094399859729712 ], [ 122.979915382815875, 14.094383915617714 ], [ 122.979867550479881, 14.094352027393716 ], [ 122.979819718143887, 14.09430419505772 ], [ 122.979787829919886, 14.094288250945722 ], [ 122.979755941695899, 14.094272306833723 ], [ 122.979724053471898, 14.094240418609726 ], [ 122.979692165247897, 14.09419258627373 ], [ 122.979644332911903, 14.094160698049732 ], [ 122.97962838879991, 14.094128809825735 ], [ 122.979612444687902, 14.094096921601738 ], [ 122.979580556463915, 14.09406503337774 ], [ 122.979564612351908, 14.094017201041746 ], [ 122.979532724127907, 14.093953424593751 ], [ 122.979516780015913, 14.093905592257755 ], [ 122.979516780015913, 14.093873704033758 ], [ 122.97950083590392, 14.093825871697762 ], [ 122.97950083590392, 14.093793983473764 ], [ 122.979484891791913, 14.093714262913771 ], [ 122.979484891791913, 14.093682374689774 ], [ 122.979484891791913, 14.093634542353778 ], [ 122.979484891791913, 14.09360265412978 ], [ 122.979468947679919, 14.093522933569787 ], [ 122.979453003567926, 14.09349104534579 ], [ 122.979453003567926, 14.093427268897795 ], [ 122.979437059455918, 14.093379436561799 ], [ 122.979437059455918, 14.093347548337801 ], [ 122.979437059455918, 14.093283771889807 ], [ 122.979437059455918, 14.093204051329813 ], [ 122.979437059455918, 14.093172163105818 ], [ 122.979437059455918, 14.093124330769822 ], [ 122.979437059455918, 14.093060554321827 ], [ 122.979437059455918, 14.09302866609783 ], [ 122.979437059455918, 14.092980833761834 ], [ 122.979421115343925, 14.092933001425838 ], [ 122.979421115343925, 14.092869224977843 ], [ 122.979421115343925, 14.092837336753846 ], [ 122.979421115343925, 14.092757616193852 ], [ 122.979421115343925, 14.092693839745857 ], [ 122.979421115343925, 14.092630063297863 ], [ 122.979421115343925, 14.092534398625871 ], [ 122.979421115343925, 14.092486566289875 ], [ 122.979421115343925, 14.092438733953879 ], [ 122.979421115343925, 14.092374957505884 ], [ 122.979421115343925, 14.092311181057889 ], [ 122.979421115343925, 14.092247404609896 ], [ 122.979421115343925, 14.0921995722739 ], [ 122.979421115343925, 14.092135795825905 ], [ 122.979421115343925, 14.092056075265912 ], [ 122.979421115343925, 14.092008242929916 ], [ 122.979421115343925, 14.091976354705919 ], [ 122.979421115343925, 14.091928522369923 ], [ 122.979421115343925, 14.091896634145925 ], [ 122.979437059455918, 14.091848801809929 ], [ 122.979437059455918, 14.091816913585932 ], [ 122.979453003567926, 14.091737193025939 ], [ 122.979453003567926, 14.091705304801941 ], [ 122.979468947679919, 14.091657472465945 ], [ 122.979468947679919, 14.091625584241948 ], [ 122.979484891791913, 14.09159369601795 ], [ 122.979484891791913, 14.091561807793953 ], [ 122.979516780015913, 14.091513975457957 ], [ 122.979548668239914, 14.09148208723396 ], [ 122.979564612351908, 14.091434254897964 ], [ 122.979580556463915, 14.091402366673968 ], [ 122.979612444687902, 14.091386422561969 ], [ 122.97962838879991, 14.091354534337972 ], [ 122.97962838879991, 14.091322646113975 ], [ 122.979660277023896, 14.091306702001976 ], [ 122.979676221135904, 14.091274813777979 ], [ 122.979708109359905, 14.091226981441983 ], [ 122.979739997583891, 14.091211037329984 ], [ 122.979787829919886, 14.091195093217985 ], [ 122.979819718143887, 14.091163204993988 ], [ 122.979867550479881, 14.091163204993988 ], [ 122.979899438703882, 14.091163204993988 ], [ 122.979947271039876, 14.091147260881989 ], [ 122.979979159263877, 14.091147260881989 ], [ 122.980042935711865, 14.091147260881989 ], [ 122.980074823935865, 14.091147260881989 ], [ 122.980106712159866, 14.091131316769991 ], [ 122.980154544495861, 14.091131316769991 ], [ 122.980186432719862, 14.091115372657992 ], [ 122.980250209167849, 14.091099428545993 ], [ 122.980298041503843, 14.091099428545993 ], [ 122.980345873839838, 14.091099428545993 ], [ 122.980393706175846, 14.091099428545993 ], [ 122.980425594399833, 14.091099428545993 ], [ 122.980473426735827, 14.091067540321996 ], [ 122.980553147295822, 14.091067540321996 ], [ 122.980585035519823, 14.091067540321996 ], [ 122.980616923743824, 14.091067540321996 ], [ 122.980664756079818, 14.091067540321996 ], [ 122.980696644303819, 14.091067540321996 ], [ 122.980744476639813, 14.091067540321996 ], [ 122.980776364863814, 14.091067540321996 ], [ 122.980840141311802, 14.091067540321996 ], [ 122.980872029535803, 14.091067540321996 ], [ 122.98090391775979, 14.091067540321996 ], [ 122.980951750095798, 14.091083484433994 ], [ 122.980999582431792, 14.091131316769991 ], [ 122.98106335887978, 14.091147260881989 ], [ 122.981127135327782, 14.091163204993988 ], [ 122.981206855887777, 14.091179149105987 ], [ 122.981238744111764, 14.091195093217985 ], [ 122.981334408783766, 14.091242925553981 ], [ 122.981366297007753, 14.091242925553981 ], [ 122.981477905791749, 14.091306702001976 ], [ 122.98150979401575, 14.091322646113975 ], [ 122.981557626351744, 14.091354534337972 ], [ 122.981589514575745, 14.091354534337972 ], [ 122.981637346911739, 14.091386422561969 ], [ 122.981669235135726, 14.091402366673968 ], [ 122.981717067471735, 14.091450199009962 ], [ 122.981780843919722, 14.091513975457957 ], [ 122.981812732143723, 14.091545863681954 ], [ 122.98184462036771, 14.091561807793953 ], [ 122.981876508591711, 14.09159369601795 ], [ 122.981924340927705, 14.091625584241948 ], [ 122.981956229151706, 14.091657472465945 ], [ 122.981972173263699, 14.091705304801941 ], [ 122.9820040614877, 14.091737193025939 ], [ 122.982051893823694, 14.091800969473933 ], [ 122.982067837935702, 14.091848801809929 ], [ 122.982099726159689, 14.091928522369923 ], [ 122.982147558495697, 14.091976354705919 ], [ 122.98216350260769, 14.092008242929916 ], [ 122.982179446719684, 14.092040131153913 ], [ 122.982211334943685, 14.092072019377911 ], [ 122.982227279055678, 14.092103907601908 ], [ 122.982259167279679, 14.092135795825905 ], [ 122.982275111391687, 14.092167684049903 ], [ 122.982306999615673, 14.092183628161902 ], [ 122.982338887839674, 14.092215516385899 ], [ 122.982370776063675, 14.092247404609896 ], [ 122.982402664287676, 14.092263348721895 ], [ 122.98245049662367, 14.09229523694589 ], [ 122.982466440735664, 14.092327125169888 ], [ 122.982498328959664, 14.092343069281887 ], [ 122.982546161295659, 14.092374957505884 ], [ 122.98257804951966, 14.092390901617883 ], [ 122.982625881855654, 14.092438733953879 ], [ 122.982657770079641, 14.092454678065877 ], [ 122.982689658303642, 14.092486566289875 ], [ 122.982721546527642, 14.092502510401873 ], [ 122.982769378863637, 14.092534398625871 ], [ 122.982833155311639, 14.092566286849868 ], [ 122.982865043535625, 14.092582230961867 ], [ 122.982896931759626, 14.092598175073865 ], [ 122.982928819983627, 14.092614119185864 ], [ 122.982960708207628, 14.092630063297863 ], [ 122.982992596431615, 14.092630063297863 ], [ 122.983040428767609, 14.09266195152186 ], [ 122.98307231699161, 14.09266195152186 ], [ 122.983136093439612, 14.092677895633859 ], [ 122.983183925775606, 14.092693839745857 ], [ 122.9832317581116, 14.092709783857856 ], [ 122.983263646335601, 14.092709783857856 ], [ 122.983295534559588, 14.092725727969855 ], [ 122.983327422783589, 14.092725727969855 ], [ 122.983375255119583, 14.092725727969855 ], [ 122.983423087455577, 14.092725727969855 ], [ 122.983454975679578, 14.092741672081853 ], [ 122.983502808015572, 14.092757616193852 ], [ 122.983566584463574, 14.092757616193852 ], [ 122.983598472687561, 14.092773560305851 ], [ 122.983630360911562, 14.092773560305851 ], [ 122.983678193247556, 14.092773560305851 ], [ 122.98372602558355, 14.092773560305851 ], [ 122.983789802031552, 14.092789504417849 ], [ 122.983821690255553, 14.092789504417849 ], [ 122.983869522591547, 14.092805448529848 ], [ 122.983917354927542, 14.092805448529848 ], [ 122.983965187263536, 14.092821392641847 ], [ 122.98401301959953, 14.092821392641847 ], [ 122.984044907823531, 14.092821392641847 ], [ 122.984092740159525, 14.092821392641847 ], [ 122.984156516607527, 14.092821392641847 ], [ 122.984204348943521, 14.092821392641847 ], [ 122.984268125391509, 14.092821392641847 ], [ 122.984315957727503, 14.092821392641847 ], [ 122.984379734175505, 14.092821392641847 ], [ 122.9844594547355, 14.092821392641847 ], [ 122.984507287071494, 14.092821392641847 ], [ 122.984555119407489, 14.092821392641847 ], [ 122.98458700763149, 14.092821392641847 ], [ 122.984650784079477, 14.092821392641847 ], [ 122.984682672303478, 14.092821392641847 ], [ 122.984714560527479, 14.092821392641847 ], [ 122.984746448751466, 14.092821392641847 ], [ 122.984778336975467, 14.092821392641847 ], [ 122.984810225199467, 14.092821392641847 ], [ 122.984842113423468, 14.092821392641847 ], [ 122.984889945759463, 14.092821392641847 ], [ 122.984921833983449, 14.092821392641847 ], [ 122.98495372220745, 14.092821392641847 ], [ 122.985033442767445, 14.092821392641847 ], [ 122.985113163327441, 14.092805448529848 ], [ 122.985160995663435, 14.092805448529848 ], [ 122.985208827999429, 14.092789504417849 ], [ 122.98524071622343, 14.092773560305851 ], [ 122.985272604447431, 14.092757616193852 ], [ 122.985320436783425, 14.092709783857856 ], [ 122.985384213231413, 14.092677895633859 ], [ 122.985416101455414, 14.092630063297863 ], [ 122.985447989679415, 14.092614119185864 ], [ 122.985463933791408, 14.092582230961867 ], [ 122.985463933791408, 14.092550342737869 ], [ 122.985479877903401, 14.092518454513872 ], [ 122.985511766127402, 14.092470622177876 ], [ 122.985511766127402, 14.09242278984188 ], [ 122.98552771023941, 14.092359013393885 ], [ 122.985543654351403, 14.092311181057889 ], [ 122.985543654351403, 14.092279292833894 ], [ 122.985543654351403, 14.092247404609896 ], [ 122.985543654351403, 14.092215516385899 ], [ 122.985543654351403, 14.092183628161902 ], [ 122.985543654351403, 14.092151739937904 ], [ 122.985543654351403, 14.092072019377911 ], [ 122.985543654351403, 14.092040131153913 ], [ 122.985543654351403, 14.092008242929916 ], [ 122.985543654351403, 14.09196041059392 ], [ 122.985543654351403, 14.091928522369923 ], [ 122.98552771023941, 14.091896634145925 ], [ 122.985511766127402, 14.091848801809929 ], [ 122.985495822015409, 14.091800969473933 ], [ 122.985495822015409, 14.091753137137937 ], [ 122.985463933791408, 14.09172124891394 ], [ 122.985447989679415, 14.091673416577944 ], [ 122.985447989679415, 14.091641528353946 ], [ 122.985432045567407, 14.091609640129949 ], [ 122.985432045567407, 14.091577751905952 ], [ 122.985416101455414, 14.091545863681954 ], [ 122.98540015734342, 14.09148208723396 ], [ 122.985384213231413, 14.091450199009962 ], [ 122.985368269119419, 14.091386422561969 ], [ 122.985352325007412, 14.091354534337972 ], [ 122.985352325007412, 14.091306702001976 ], [ 122.985352325007412, 14.091274813777979 ], [ 122.985352325007412, 14.091242925553981 ], [ 122.985336380895419, 14.091195093217985 ], [ 122.985336380895419, 14.091163204993988 ], [ 122.985336380895419, 14.091131316769991 ], [ 122.985336380895419, 14.091083484433994 ], [ 122.985336380895419, 14.091035652097998 ], [ 122.985336380895419, 14.090987819762002 ], [ 122.985336380895419, 14.090939987426006 ], [ 122.985320436783425, 14.09089215509001 ], [ 122.985320436783425, 14.090860266866013 ], [ 122.985320436783425, 14.090812434530017 ], [ 122.985320436783425, 14.090748658082022 ], [ 122.985320436783425, 14.090716769858025 ], [ 122.985320436783425, 14.090668937522029 ], [ 122.985320436783425, 14.090621105186033 ], [ 122.985320436783425, 14.090589216962035 ], [ 122.985320436783425, 14.090557328738038 ], [ 122.985320436783425, 14.090525440514041 ], [ 122.985320436783425, 14.090493552290045 ], [ 122.985320436783425, 14.090461664066048 ], [ 122.985320436783425, 14.09042977584205 ], [ 122.985655263135399, 14.090637049298032 ] ] ] ] } },
{ "type": "Feature", "properties": { "fid": 189, "desc": "flood-prone", "other desc": "p-2 muslim area", "barangay": "Barangay Borabod", "col": "flood-prone", "etc": null, "layer": "borabod_waterways" }, "geometry": { "type": "MultiPolygon", "coordinates": [ [ [ [ 122.961998702402482, 14.12651822651166 ], [ 122.961983002771404, 14.126514301603889 ], [ 122.961955528417008, 14.126498601972806 ], [ 122.961939828785916, 14.126494677065034 ], [ 122.961916279339292, 14.126482902341722 ], [ 122.961896654800441, 14.12647505252618 ], [ 122.96187703026159, 14.126471127618409 ], [ 122.961865255538271, 14.126463277802868 ], [ 122.961853480814952, 14.126455427987326 ], [ 122.96184563099942, 14.126455427987326 ], [ 122.961829931368328, 14.126443653264014 ], [ 122.961822081552796, 14.126435803448471 ], [ 122.96181423173725, 14.1264318785407 ], [ 122.961806381921704, 14.126424028725159 ], [ 122.961798532106172, 14.126412254001846 ], [ 122.961790682290626, 14.126404404186303 ], [ 122.961786757382853, 14.126396554370762 ], [ 122.961778907567307, 14.12638870455522 ], [ 122.961774982659534, 14.126380854739677 ], [ 122.961771057751776, 14.126369080016365 ], [ 122.961767132844003, 14.126353380385282 ], [ 122.961767132844003, 14.126333755846428 ], [ 122.961763207936229, 14.126325906030885 ], [ 122.961755358120683, 14.126314131307572 ], [ 122.96175143321291, 14.12630235658426 ], [ 122.96175143321291, 14.126286656953177 ], [ 122.96175143321291, 14.126274882229863 ], [ 122.961747508305137, 14.126267032414322 ], [ 122.961743583397379, 14.126255257691009 ], [ 122.961739658489606, 14.126239558059925 ], [ 122.961739658489606, 14.126227783336612 ], [ 122.961739658489606, 14.126219933521071 ], [ 122.961739658489606, 14.126208158797757 ], [ 122.961735733581833, 14.126196384074445 ], [ 122.961735733581833, 14.126188534258903 ], [ 122.961735733581833, 14.126168909720048 ], [ 122.961735733581833, 14.126157134996735 ], [ 122.96173180867406, 14.126141435365652 ], [ 122.96173180867406, 14.126133585550109 ], [ 122.96173180867406, 14.126125735734568 ], [ 122.961727883766287, 14.126117885919026 ], [ 122.961727883766287, 14.126110036103485 ], [ 122.961727883766287, 14.126098261380172 ], [ 122.961727883766287, 14.12608648665686 ], [ 122.961727883766287, 14.126078636841317 ], [ 122.961727883766287, 14.126066862118003 ], [ 122.961727883766287, 14.126055087394692 ], [ 122.961727883766287, 14.126047237579149 ], [ 122.961727883766287, 14.126035462855837 ], [ 122.961727883766287, 14.126027613040295 ], [ 122.961727883766287, 14.126019763224754 ], [ 122.961727883766287, 14.126011913409211 ], [ 122.961727883766287, 14.126000138685898 ], [ 122.961727883766287, 14.125992288870357 ], [ 122.961727883766287, 14.125984439054815 ], [ 122.961723958858514, 14.125976589239272 ], [ 122.961723958858514, 14.12596481451596 ], [ 122.961723958858514, 14.125953039792648 ], [ 122.961723958858514, 14.125945189977106 ], [ 122.961723958858514, 14.125929490346023 ], [ 122.961723958858514, 14.12592164053048 ], [ 122.961720033950741, 14.125913790714938 ], [ 122.961720033950741, 14.125905940899397 ], [ 122.961720033950741, 14.125894166176083 ], [ 122.961720033950741, 14.125886316360543 ], [ 122.961716109042982, 14.125878466545 ], [ 122.961716109042982, 14.125870616729458 ], [ 122.961716109042982, 14.125858842006146 ], [ 122.961716109042982, 14.125847067282832 ], [ 122.961716109042982, 14.125839217467291 ], [ 122.961716109042982, 14.125827442743978 ], [ 122.961716109042982, 14.125819592928437 ], [ 122.961716109042982, 14.125807818205123 ], [ 122.961716109042982, 14.125796043481811 ], [ 122.961716109042982, 14.125788193666269 ], [ 122.961716109042982, 14.125768569127414 ], [ 122.961716109042982, 14.125760719311872 ], [ 122.961716109042982, 14.125745019680789 ], [ 122.961716109042982, 14.125733244957475 ], [ 122.961716109042982, 14.125725395141934 ], [ 122.961716109042982, 14.125717545326392 ], [ 122.961716109042982, 14.12570577060308 ], [ 122.961716109042982, 14.125690070971995 ], [ 122.961716109042982, 14.125682221156454 ], [ 122.961716109042982, 14.125674371340912 ], [ 122.961716109042982, 14.1256625966176 ], [ 122.961716109042982, 14.125654746802057 ], [ 122.961716109042982, 14.125642972078744 ], [ 122.961716109042982, 14.125631197355432 ], [ 122.961716109042982, 14.125619422632118 ], [ 122.961716109042982, 14.125607647908806 ], [ 122.961720033950741, 14.125595873185494 ], [ 122.961720033950741, 14.125584098462181 ], [ 122.961720033950741, 14.125572323738869 ], [ 122.961723958858514, 14.125560549015555 ], [ 122.961723958858514, 14.125552699200012 ], [ 122.961723958858514, 14.125540924476701 ], [ 122.961723958858514, 14.125525224845617 ], [ 122.961723958858514, 14.125517375030075 ], [ 122.961727883766287, 14.125509525214532 ], [ 122.961727883766287, 14.125493825583449 ], [ 122.961727883766287, 14.125482050860137 ], [ 122.96173180867406, 14.125474201044595 ], [ 122.96173180867406, 14.125462426321281 ], [ 122.961735733581833, 14.125450651597969 ], [ 122.961739658489606, 14.125434951966886 ], [ 122.961747508305137, 14.125427102151344 ], [ 122.96175143321291, 14.125407477612489 ], [ 122.961755358120683, 14.125399627796947 ], [ 122.961759283028456, 14.125387853073635 ], [ 122.961767132844003, 14.125376078350321 ], [ 122.961771057751776, 14.12536822853478 ], [ 122.961774982659534, 14.125352528903695 ], [ 122.96178283247508, 14.125344679088155 ], [ 122.961790682290626, 14.125332904364841 ], [ 122.961798532106172, 14.125321129641529 ], [ 122.961810306829477, 14.125309354918215 ], [ 122.961818156645023, 14.125301505102675 ], [ 122.961826006460555, 14.125301505102675 ], [ 122.961833856276101, 14.125297580194903 ], [ 122.961849555907193, 14.12528580547159 ], [ 122.961857405722725, 14.12528188056382 ], [ 122.961869180446044, 14.12528188056382 ], [ 122.961880955169349, 14.125274030748278 ], [ 122.961900579708214, 14.125270105840507 ], [ 122.961908429523746, 14.125270105840507 ], [ 122.961924129154838, 14.125270105840507 ], [ 122.961935903878143, 14.125270105840507 ], [ 122.961959453324766, 14.125270105840507 ], [ 122.961979077863631, 14.125266180932735 ], [ 122.961986927679163, 14.125262256024964 ], [ 122.962006552218028, 14.125262256024964 ], [ 122.962022251849106, 14.125262256024964 ], [ 122.962041876387957, 14.125262256024964 ], [ 122.962065425834595, 14.125262256024964 ], [ 122.9620772005579, 14.125262256024964 ], [ 122.962092900188978, 14.125262256024964 ], [ 122.962112524727843, 14.125262256024964 ], [ 122.962136074174467, 14.125262256024964 ], [ 122.962147848897771, 14.125266180932735 ], [ 122.962179248159941, 14.125277955656049 ], [ 122.96219102288326, 14.12528188056382 ], [ 122.962206722514338, 14.12528580547159 ], [ 122.962230271960962, 14.125289730379361 ], [ 122.962238121776508, 14.125293655287132 ], [ 122.962249896499827, 14.125297580194903 ], [ 122.962265596130905, 14.125301505102675 ], [ 122.962277370854224, 14.125305430010444 ], [ 122.962285220669756, 14.125305430010444 ], [ 122.962293070485302, 14.125309354918215 ], [ 122.96230877011638, 14.125317204733758 ], [ 122.962324469747472, 14.125321129641529 ], [ 122.962348019194096, 14.12532897945707 ], [ 122.962367643732946, 14.125332904364841 ], [ 122.962387268271797, 14.125344679088155 ], [ 122.962402967902889, 14.125348603995926 ], [ 122.962418667533967, 14.125356453811467 ], [ 122.962434367165059, 14.125360378719238 ], [ 122.962446141888364, 14.125360378719238 ], [ 122.962465766427229, 14.125376078350321 ], [ 122.96248539096608, 14.125387853073635 ], [ 122.962505015504931, 14.125395702889175 ], [ 122.962524640043782, 14.125407477612489 ], [ 122.962540339674874, 14.12541140252026 ], [ 122.962563889121498, 14.125427102151344 ], [ 122.962583513660348, 14.125434951966886 ], [ 122.962610988014745, 14.125450651597969 ], [ 122.962638462369142, 14.125462426321281 ], [ 122.962658086907993, 14.125478125952366 ], [ 122.962677711446858, 14.125485975767907 ], [ 122.962689486170163, 14.12549775049122 ], [ 122.962709110709014, 14.125509525214532 ], [ 122.962724810340106, 14.125521299937846 ], [ 122.962736585063411, 14.125529149753387 ], [ 122.96274835978673, 14.125536999568929 ], [ 122.962764059417808, 14.125548774292243 ], [ 122.962775834141127, 14.125564473923326 ], [ 122.962783683956673, 14.125568398831097 ], [ 122.96279938358775, 14.125576248646638 ], [ 122.962807233403296, 14.125584098462181 ], [ 122.962815083218828, 14.125591948277723 ], [ 122.962822933034374, 14.125603723001035 ], [ 122.96283078284992, 14.125611572816577 ], [ 122.962838632665466, 14.125619422632118 ], [ 122.962850407388771, 14.125631197355432 ], [ 122.96286218211209, 14.125646896986515 ], [ 122.962866107019863, 14.125654746802057 ], [ 122.962873956835395, 14.1256625966176 ], [ 122.962881806650941, 14.125674371340912 ], [ 122.962897506282019, 14.125690070971995 ], [ 122.962905356097565, 14.125697920787537 ], [ 122.962913205913111, 14.12570577060308 ], [ 122.962921055728643, 14.125717545326392 ], [ 122.962932830451962, 14.125733244957475 ], [ 122.962940680267508, 14.12574894458856 ], [ 122.96294853008304, 14.125768569127414 ], [ 122.962960304806359, 14.125784268758498 ], [ 122.962964229714132, 14.125796043481811 ], [ 122.962968154621905, 14.125807818205123 ], [ 122.962976004437436, 14.125823517836206 ], [ 122.962987779160756, 14.125843142375061 ], [ 122.962991704068529, 14.125854917098374 ], [ 122.962995628976302, 14.125870616729458 ], [ 122.963007403699606, 14.125898091083855 ], [ 122.963011328607379, 14.125909865807166 ], [ 122.963019178422925, 14.125925565438251 ], [ 122.963027028238471, 14.125945189977106 ], [ 122.96303095314623, 14.125956964700418 ], [ 122.963034878054003, 14.125972664331503 ], [ 122.963034878054003, 14.125984439054815 ], [ 122.963038802961776, 14.125996213778128 ], [ 122.963042727869549, 14.126011913409211 ], [ 122.963042727869549, 14.126019763224754 ], [ 122.963046652777322, 14.126027613040295 ], [ 122.963046652777322, 14.126039387763608 ], [ 122.963046652777322, 14.126047237579149 ], [ 122.963046652777322, 14.126055087394692 ], [ 122.963046652777322, 14.126062937210234 ], [ 122.963046652777322, 14.126070787025775 ], [ 122.963046652777322, 14.126078636841317 ], [ 122.963046652777322, 14.12608648665686 ], [ 122.963046652777322, 14.1260943364724 ], [ 122.963046652777322, 14.126106111195714 ], [ 122.963046652777322, 14.126117885919026 ], [ 122.963046652777322, 14.126125735734568 ], [ 122.963046652777322, 14.126133585550109 ], [ 122.963046652777322, 14.126141435365652 ], [ 122.963046652777322, 14.126149285181194 ], [ 122.963046652777322, 14.126161059904506 ], [ 122.963046652777322, 14.126168909720048 ], [ 122.961998702402482, 14.12651822651166 ] ] ] ] } },
{ "type": "Feature", "properties": { "fid": 190, "desc": "dam", "other desc": null, "barangay": "Barangay Borabod", "col": "etc", "etc": null, "layer": "borabod_etc" }, "geometry": { "type": "MultiPolygon", "coordinates": [ [ [ [ 122.972887377785966, 14.121975145766813 ], [ 122.972886396559034, 14.121981033128471 ], [ 122.972885415332087, 14.121983976809299 ], [ 122.972881490424314, 14.121990845397898 ], [ 122.972880509197367, 14.121994770305669 ], [ 122.972878546743488, 14.121996732759554 ], [ 122.972878546743488, 14.122000657667325 ], [ 122.972876584289594, 14.12200262012121 ], [ 122.972875603062661, 14.122004582575096 ], [ 122.972874621835714, 14.122006545028981 ], [ 122.972872659381835, 14.122009488709809 ], [ 122.972869715700995, 14.12201341361758 ], [ 122.972868734474062, 14.122015376071465 ], [ 122.972866772020168, 14.122017338525351 ], [ 122.972864809566289, 14.122019300979236 ], [ 122.972862847112395, 14.122021263433123 ], [ 122.972861865885463, 14.122023225887007 ], [ 122.972859903431569, 14.122025188340892 ], [ 122.97285597852381, 14.122027150794779 ], [ 122.97285303484297, 14.122030094475607 ], [ 122.972850091162144, 14.122032056929491 ], [ 122.972846166254371, 14.122034019383378 ], [ 122.972840278892718, 14.12203892551809 ], [ 122.972836353984945, 14.122040887971977 ], [ 122.972832429077172, 14.122042850425862 ], [ 122.972825560488573, 14.122043831652805 ], [ 122.972822616807747, 14.12204579410669 ], [ 122.972816729446095, 14.122047756560576 ], [ 122.972811823311375, 14.122049719014461 ], [ 122.972806917176669, 14.122049719014461 ], [ 122.972799067361123, 14.122050700241404 ], [ 122.972793179999471, 14.122052662695289 ], [ 122.972790236318644, 14.122052662695289 ], [ 122.972784348956978, 14.122052662695289 ], [ 122.972776499141446, 14.122052662695289 ], [ 122.972767668098953, 14.122052662695289 ], [ 122.972759818283421, 14.122052662695289 ], [ 122.972751968467875, 14.122052662695289 ], [ 122.972744118652329, 14.122052662695289 ], [ 122.972736268836783, 14.122052662695289 ], [ 122.972728419021252, 14.122052662695289 ], [ 122.972720569205705, 14.122052662695289 ], [ 122.972711738163227, 14.122051681468346 ], [ 122.972703888347681, 14.122048737787518 ], [ 122.972695057305202, 14.122046775333633 ], [ 122.972688188716603, 14.122041869198918 ], [ 122.972681320128004, 14.122037944291149 ], [ 122.972676413993284, 14.122034019383378 ], [ 122.972672489085511, 14.12203107570255 ], [ 122.972669545404685, 14.122027150794779 ], [ 122.972665620496912, 14.122022244660064 ], [ 122.972662676816086, 14.122017338525351 ], [ 122.972660714362206, 14.122012432390637 ], [ 122.972657770681366, 14.122005563802038 ], [ 122.97265482700054, 14.121999676440382 ], [ 122.972650902092767, 14.121990845397898 ], [ 122.972646977185008, 14.121983976809299 ], [ 122.972645995958061, 14.121981033128471 ], [ 122.972644033504167, 14.121974164539871 ], [ 122.972642071050288, 14.121968277178214 ], [ 122.972639127369462, 14.12195944613573 ], [ 122.972637164915568, 14.121951596320187 ], [ 122.972636183688635, 14.121942765277703 ], [ 122.972635202461689, 14.121934915462161 ], [ 122.972633240007809, 14.121924121965792 ], [ 122.972632258780862, 14.121914309696365 ], [ 122.972632258780862, 14.121902534973051 ], [ 122.972630296326969, 14.121890760249739 ], [ 122.972630296326969, 14.121878985526426 ], [ 122.972630296326969, 14.121867210803114 ], [ 122.972630296326969, 14.1218554360798 ], [ 122.972630296326969, 14.121845623810373 ], [ 122.972630296326969, 14.121833849087061 ], [ 122.972632258780862, 14.12182305559069 ], [ 122.972635202461689, 14.12181226209432 ], [ 122.972637164915568, 14.121804412278779 ], [ 122.972641089823341, 14.12179754369018 ], [ 122.972644033504167, 14.121790675101581 ], [ 122.972646977185008, 14.121785768966866 ], [ 122.972650902092767, 14.121780862832154 ], [ 122.97265482700054, 14.121775956697439 ], [ 122.972658751908313, 14.121770069335783 ], [ 122.972664639269965, 14.121765163201069 ], [ 122.972671507858564, 14.121759275839413 ], [ 122.972680338901057, 14.121755350931641 ], [ 122.972688188716603, 14.121750444796929 ], [ 122.972698982212961, 14.121746519889157 ], [ 122.972713700617106, 14.121743576208329 ], [ 122.972725475340425, 14.121739651300558 ], [ 122.972739212517624, 14.121738670073615 ], [ 122.972751968467875, 14.121735726392787 ], [ 122.97276374319118, 14.121733763938902 ], [ 122.972775517914499, 14.121730820258074 ], [ 122.972786311410871, 14.121729839031131 ], [ 122.972796123680297, 14.121729839031131 ], [ 122.972803973495843, 14.121729839031131 ], [ 122.972811823311375, 14.121729839031131 ], [ 122.972817710673041, 14.121729839031131 ], [ 122.972823598034694, 14.121729839031131 ], [ 122.972830466623293, 14.121729839031131 ], [ 122.972836353984945, 14.121729839031131 ], [ 122.972843222573545, 14.121732782711959 ], [ 122.972850091162144, 14.12173670761973 ], [ 122.97285794097769, 14.121739651300558 ], [ 122.972868734474062, 14.121743576208329 ], [ 122.972877565516541, 14.121746519889157 ], [ 122.972885415332087, 14.121749463569985 ], [ 122.972892283920686, 14.121753388477757 ], [ 122.972901114963165, 14.121756332158585 ], [ 122.972909946005657, 14.121759275839413 ], [ 122.972916814594257, 14.121762219520241 ], [ 122.972923683182856, 14.121766144428012 ], [ 122.972930551771455, 14.121770069335783 ], [ 122.972935457906161, 14.121773994243554 ], [ 122.972937420360054, 14.121774975470496 ], [ 122.972943307721707, 14.12177988160521 ], [ 122.972950176310306, 14.121785768966866 ], [ 122.972954101218079, 14.121790675101581 ], [ 122.972958026125852, 14.121795581236293 ], [ 122.972961951033625, 14.121802449824893 ], [ 122.972961951033625, 14.121804412278779 ], [ 122.972965875941384, 14.12181226209432 ], [ 122.972967838395277, 14.121817168229034 ], [ 122.972967838395277, 14.121822074363747 ], [ 122.972969800849157, 14.121825999271518 ], [ 122.972969800849157, 14.121830905406233 ], [ 122.972969800849157, 14.121834830314002 ], [ 122.972969800849157, 14.121839736448717 ], [ 122.972969800849157, 14.121843661356488 ], [ 122.972969800849157, 14.121846605037316 ], [ 122.972969800849157, 14.121851511172029 ], [ 122.972969800849157, 14.121853473625915 ], [ 122.972969800849157, 14.121856417306743 ], [ 122.972969800849157, 14.121858379760628 ], [ 122.972887377785966, 14.121975145766813 ] ] ] ] } },
{ "type": "Feature", "properties": { "fid": 191, "desc": "flood-prone", "other desc": "\"isla\", to verify location", "barangay": "Barangay Cobangbang", "col": "flood-prone", "etc": null, "layer": "cobangbang_flood-prone" }, "geometry": { "type": "MultiPolygon", "coordinates": [ [ [ [ 122.965431489148116, 14.098006729349292 ], [ 122.965412719817408, 14.098006729349292 ], [ 122.965387694043145, 14.098006729349292 ], [ 122.965375181156006, 14.098006729349292 ], [ 122.965350155381742, 14.098006729349292 ], [ 122.965325129607479, 14.098006729349292 ], [ 122.965293847389631, 14.098000472905724 ], [ 122.965275078058937, 14.097994216462157 ], [ 122.965250052284674, 14.097987960018591 ], [ 122.965237539397535, 14.097987960018591 ], [ 122.965225026510396, 14.097981703575023 ], [ 122.965206257179702, 14.097975447131455 ], [ 122.965193744292563, 14.097975447131455 ], [ 122.965174974961855, 14.097969190687888 ], [ 122.96515620563116, 14.097956677800754 ], [ 122.965143692744022, 14.097950421357186 ], [ 122.965124923413327, 14.097950421357186 ], [ 122.965106154082619, 14.097937908470051 ], [ 122.965087384751925, 14.097931652026485 ], [ 122.965068615421217, 14.097925395582918 ], [ 122.965056102534078, 14.09791913913935 ], [ 122.965043589646953, 14.097906626252216 ], [ 122.965024820316245, 14.097900369808649 ], [ 122.964999794541981, 14.09787534403438 ], [ 122.964981025211273, 14.097862831147244 ], [ 122.964962255880579, 14.097850318260111 ], [ 122.964924717219176, 14.097819036042274 ], [ 122.964905947888468, 14.097806523155139 ], [ 122.964880922114205, 14.097787753824438 ], [ 122.964862152783496, 14.097762728050169 ], [ 122.964837127009233, 14.097750215163035 ], [ 122.964805844791385, 14.097725189388765 ], [ 122.964780819017122, 14.09769390717093 ], [ 122.964755793242858, 14.097675137840227 ], [ 122.96473702391215, 14.097662624953093 ], [ 122.964693228807178, 14.097631342735257 ], [ 122.964680715920053, 14.097612573404556 ], [ 122.964649433702206, 14.097581291186719 ], [ 122.964630664371512, 14.097562521856018 ], [ 122.964611895040804, 14.097543752525315 ], [ 122.96459312571011, 14.097524983194614 ], [ 122.964580612822971, 14.09751247030748 ], [ 122.964568099935832, 14.097487444533209 ], [ 122.964549330605138, 14.097474931646076 ], [ 122.964536817717999, 14.097456162315375 ], [ 122.964518048387305, 14.097437392984672 ], [ 122.964505535500166, 14.097406110766837 ], [ 122.964486766169458, 14.097387341436134 ], [ 122.964467996838763, 14.097356059218297 ], [ 122.964455483951625, 14.097337289887596 ], [ 122.964436714620931, 14.09730600766976 ], [ 122.964417945290222, 14.097280981895491 ], [ 122.964411688846653, 14.09726221256479 ], [ 122.964405432403083, 14.097243443234088 ], [ 122.964386663072389, 14.097212161016252 ], [ 122.96438040662882, 14.097199648129116 ], [ 122.96437415018525, 14.097174622354848 ], [ 122.964367893741681, 14.097149596580579 ], [ 122.964361637298111, 14.09712457080631 ], [ 122.964355380854556, 14.097105801475609 ], [ 122.964355380854556, 14.097087032144907 ], [ 122.964349124410987, 14.097062006370638 ], [ 122.964336611523848, 14.097036980596368 ], [ 122.964336611523848, 14.096999441934965 ], [ 122.964336611523848, 14.096980672604264 ], [ 122.964336611523848, 14.096955646829995 ], [ 122.964336611523848, 14.096936877499292 ], [ 122.964336611523848, 14.096911851725023 ], [ 122.964336611523848, 14.09689933883789 ], [ 122.964336611523848, 14.096868056620053 ], [ 122.964336611523848, 14.096849287289352 ], [ 122.964336611523848, 14.096824261515083 ], [ 122.964342867967417, 14.096786722853679 ], [ 122.964342867967417, 14.096774209966544 ], [ 122.964355380854556, 14.09676169707941 ], [ 122.964361637298111, 14.096736671305141 ], [ 122.964386663072389, 14.096699132643737 ], [ 122.964405432403083, 14.0966678504259 ], [ 122.964424201733792, 14.096642824651632 ], [ 122.964430458177361, 14.096630311764498 ], [ 122.964442971064486, 14.096599029546661 ], [ 122.964455483951625, 14.096586516659526 ], [ 122.964474253282333, 14.096555234441691 ], [ 122.964493022613027, 14.096536465110988 ], [ 122.964518048387305, 14.096511439336719 ], [ 122.964536817717999, 14.096498926449586 ], [ 122.964568099935832, 14.096473900675317 ], [ 122.964599382153679, 14.09644261845748 ], [ 122.964636920815082, 14.096417592683212 ], [ 122.964674459476484, 14.096392566908943 ], [ 122.964711998137886, 14.096367541134674 ], [ 122.964749536799289, 14.096342515360405 ], [ 122.964762049686428, 14.09633000247327 ], [ 122.964787075460691, 14.096323746029702 ], [ 122.964818357678524, 14.096304976699001 ], [ 122.964843383452802, 14.096292463811867 ], [ 122.964868409227066, 14.096279950924732 ], [ 122.964893435001329, 14.096273694481164 ], [ 122.964924717219176, 14.096261181594031 ], [ 122.96494974299344, 14.096254925150463 ], [ 122.964968512324134, 14.096242412263328 ], [ 122.964987281654842, 14.096242412263328 ], [ 122.965018563872675, 14.096236155819762 ], [ 122.965037333203384, 14.096229899376194 ], [ 122.965062358977647, 14.096229899376194 ], [ 122.96509364119548, 14.096217386489059 ], [ 122.965124923413327, 14.096211130045493 ], [ 122.965143692744022, 14.096211130045493 ], [ 122.965168718518299, 14.096204873601925 ], [ 122.965193744292563, 14.096198617158358 ], [ 122.965218770066826, 14.096198617158358 ], [ 122.965237539397535, 14.096198617158358 ], [ 122.965256308728229, 14.096186104271224 ], [ 122.965268821615368, 14.096179847827656 ], [ 122.965293847389631, 14.096173591384089 ], [ 122.96531261672034, 14.096173591384089 ], [ 122.965337642494603, 14.096167334940521 ], [ 122.965356411825312, 14.096154822053387 ], [ 122.965393950486714, 14.09614856560982 ], [ 122.965418976260978, 14.096129796279119 ], [ 122.965437745591686, 14.096129796279119 ], [ 122.965450258478825, 14.096129796279119 ], [ 122.965469027809519, 14.096129796279119 ], [ 122.965487797140227, 14.096123539835551 ], [ 122.965506566470921, 14.096123539835551 ], [ 122.965531592245199, 14.096117283391983 ], [ 122.965550361575893, 14.096117283391983 ], [ 122.965562874463032, 14.096111026948416 ], [ 122.965581643793726, 14.096111026948416 ], [ 122.965594156680865, 14.09610477050485 ], [ 122.965612926011573, 14.09610477050485 ], [ 122.965631695342267, 14.096098514061282 ], [ 122.965656721116531, 14.096092257617714 ], [ 122.965694259777948, 14.096086001174147 ], [ 122.96573179843935, 14.096079744730581 ], [ 122.965756824213614, 14.096079744730581 ], [ 122.965788106431447, 14.096067231843445 ], [ 122.965825645092849, 14.096067231843445 ], [ 122.965850670867127, 14.096067231843445 ], [ 122.965888209528529, 14.096067231843445 ], [ 122.965913235302793, 14.096060975399878 ], [ 122.965938261077071, 14.096060975399878 ], [ 122.965963286851334, 14.096054718956312 ], [ 122.965982056182028, 14.096054718956312 ], [ 122.966000825512737, 14.096054718956312 ], [ 122.966025851287, 14.096054718956312 ], [ 122.966057133504847, 14.096054718956312 ], [ 122.966075902835541, 14.096054718956312 ], [ 122.966100928609819, 14.096054718956312 ], [ 122.966132210827652, 14.096054718956312 ], [ 122.966150980158346, 14.096054718956312 ], [ 122.966176005932624, 14.096054718956312 ], [ 122.966201031706888, 14.096054718956312 ], [ 122.966226057481151, 14.096054718956312 ], [ 122.966257339698998, 14.096067231843445 ], [ 122.966288621916831, 14.096067231843445 ], [ 122.966319904134664, 14.096067231843445 ], [ 122.966351186352497, 14.096073488287013 ], [ 122.966382468570345, 14.096079744730581 ], [ 122.966407494344608, 14.096086001174147 ], [ 122.966426263675302, 14.096098514061282 ], [ 122.966463802336719, 14.096123539835551 ], [ 122.966488828110982, 14.096136052722686 ], [ 122.966513853885246, 14.09614856560982 ], [ 122.966538879659524, 14.096167334940521 ], [ 122.966563905433787, 14.096186104271224 ], [ 122.966582674764496, 14.09619236071479 ], [ 122.96659518765162, 14.096204873601925 ], [ 122.966626469869468, 14.096223642932626 ], [ 122.966638982756592, 14.096236155819762 ], [ 122.966657752087301, 14.096261181594031 ], [ 122.966676521417995, 14.0962862073683 ], [ 122.966695290748703, 14.096304976699001 ], [ 122.966714060079397, 14.096336258916837 ], [ 122.966726572966536, 14.096348771803971 ], [ 122.966739085853675, 14.096373797578241 ], [ 122.966757855184369, 14.096392566908943 ], [ 122.966776624515077, 14.096430105570345 ], [ 122.966801650289341, 14.096467644231749 ], [ 122.966832932507174, 14.096505182893154 ], [ 122.966857958281452, 14.096536465110988 ], [ 122.966882984055715, 14.096574003772393 ], [ 122.966901753386423, 14.096605285990229 ], [ 122.966920522717118, 14.096630311764498 ], [ 122.966933035604256, 14.096661593982335 ], [ 122.966951804934951, 14.096692876200169 ], [ 122.966970574265659, 14.096730414861574 ], [ 122.966983087152798, 14.09676169707941 ], [ 122.966995600039922, 14.096799235740813 ], [ 122.967008112927061, 14.096830517958649 ], [ 122.9670206258142, 14.096861800176486 ], [ 122.96702688225777, 14.09689933883789 ], [ 122.96702688225777, 14.096924364612159 ], [ 122.967033138701325, 14.096955646829995 ], [ 122.967039395144894, 14.09698692904783 ], [ 122.967045651588464, 14.097018211265667 ], [ 122.967051908032033, 14.097043237039935 ], [ 122.967051908032033, 14.097068262814204 ], [ 122.967051908032033, 14.097087032144907 ], [ 122.967051908032033, 14.097112057919176 ], [ 122.967051908032033, 14.09712457080631 ], [ 122.967051908032033, 14.097155853024146 ], [ 122.967051908032033, 14.097180878798415 ], [ 122.967051908032033, 14.097205904572684 ], [ 122.967051908032033, 14.097224673903385 ], [ 122.967051908032033, 14.09726221256479 ], [ 122.967051908032033, 14.097280981895491 ], [ 122.967051908032033, 14.097312264113327 ], [ 122.967051908032033, 14.097337289887596 ], [ 122.967051908032033, 14.097362315661865 ], [ 122.967045651588464, 14.097399854323269 ], [ 122.967039395144894, 14.097424880097538 ], [ 122.967039395144894, 14.097443649428239 ], [ 122.96702688225777, 14.097474931646076 ], [ 122.967014369370631, 14.097506213863912 ], [ 122.967001856483492, 14.097531239638181 ], [ 122.966995600039922, 14.097543752525315 ], [ 122.966989343596367, 14.097562521856018 ], [ 122.966976830709228, 14.097593804073853 ], [ 122.966970574265659, 14.097618829848122 ], [ 122.96695806137852, 14.097643855622392 ], [ 122.966951804934951, 14.097675137840227 ], [ 122.966939292047826, 14.097700163614496 ], [ 122.966933035604256, 14.097725189388765 ], [ 122.966914266273548, 14.097750215163035 ], [ 122.966901753386423, 14.09778149738087 ], [ 122.966901753386423, 14.097806523155139 ], [ 122.966889240499285, 14.097825292485842 ], [ 122.966876727612146, 14.097850318260111 ], [ 122.966870471168576, 14.097869087590812 ], [ 122.966864214725021, 14.097881600477947 ], [ 122.966845445394313, 14.09791913913935 ], [ 122.966832932507174, 14.097931652026485 ], [ 122.966826676063619, 14.097944164913619 ], [ 122.966820419620049, 14.09796293424432 ], [ 122.96680790673291, 14.097987960018591 ], [ 122.966801650289341, 14.098000472905724 ], [ 122.966795393845771, 14.098019242236425 ], [ 122.966782880958647, 14.098038011567128 ], [ 122.966776624515077, 14.098050524454262 ], [ 122.966770368071508, 14.098063037341397 ], [ 122.966770368071508, 14.098075550228531 ], [ 122.966757855184369, 14.098088063115666 ], [ 122.965431489148116, 14.098006729349292 ] ] ] ] } },
{ "type": "Feature", "properties": { "fid": 192, "desc": "dam", "other desc": null, "barangay": "Barangay Awitan", "col": "etc", "etc": null, "layer": "awitan_etc" }, "geometry": { "type": "MultiPolygon", "coordinates": [ [ [ [ 122.966856394170634, 14.13705632187426 ], [ 122.966856394170634, 14.137059450096045 ], [ 122.966856394170634, 14.137062578317828 ], [ 122.966850137727064, 14.137067270650503 ], [ 122.966847009505287, 14.137073527094071 ], [ 122.966840753061717, 14.137076655315854 ], [ 122.966836060729037, 14.137082911759421 ], [ 122.966825111952801, 14.137090732313881 ], [ 122.966817291398343, 14.137095424646557 ], [ 122.966812599065662, 14.137096988757447 ], [ 122.966806342622093, 14.137103245201015 ], [ 122.966796957956745, 14.137109501644582 ], [ 122.966787573291398, 14.137114193977258 ], [ 122.966778188626037, 14.137118886309933 ], [ 122.966770368071579, 14.137125142753501 ], [ 122.966760983406232, 14.137129835086176 ], [ 122.966751598740885, 14.137132963307959 ], [ 122.966745342297315, 14.137137655640634 ], [ 122.966737521742857, 14.13714234797331 ], [ 122.966729701188399, 14.137148604416877 ], [ 122.966725008855718, 14.137154860860445 ], [ 122.96671718830126, 14.13715955319312 ], [ 122.966707803635913, 14.137165809636688 ], [ 122.966698418970566, 14.137172066080254 ], [ 122.966689034305205, 14.137176758412931 ], [ 122.966685906083427, 14.137178322523821 ], [ 122.966678085528969, 14.137181450745606 ], [ 122.96667026497451, 14.137183014856497 ], [ 122.96666557264183, 14.137183014856497 ], [ 122.966657752087372, 14.137184578967389 ], [ 122.966651495643802, 14.137184578967389 ], [ 122.966642110978455, 14.137184578967389 ], [ 122.966635854534886, 14.137184578967389 ], [ 122.966632726313108, 14.137184578967389 ], [ 122.96662490575865, 14.137184578967389 ], [ 122.9666139569824, 14.137181450745606 ], [ 122.966603008206164, 14.137178322523821 ], [ 122.966593623540803, 14.137175194302039 ], [ 122.966584238875456, 14.137172066080254 ], [ 122.966577982431886, 14.137167373747578 ], [ 122.966570161877428, 14.137162681414903 ], [ 122.966563905433858, 14.13715955319312 ], [ 122.966559213101192, 14.137154860860445 ], [ 122.966551392546734, 14.137148604416877 ], [ 122.966546700214053, 14.137143912084202 ], [ 122.966542007881372, 14.137137655640634 ], [ 122.966538879659595, 14.137132963307959 ], [ 122.966535751437817, 14.137125142753501 ], [ 122.966532623216025, 14.137118886309933 ], [ 122.966529494994248, 14.137111065755475 ], [ 122.966527930883345, 14.137104809311907 ], [ 122.966526366772456, 14.137095424646557 ], [ 122.966524802661567, 14.137087604092097 ], [ 122.966524802661567, 14.137076655315854 ], [ 122.966524802661567, 14.137068834761395 ], [ 122.966524802661567, 14.137057885985152 ], [ 122.966524802661567, 14.137048501319802 ], [ 122.966524802661567, 14.137040680765342 ], [ 122.966524802661567, 14.137034424321776 ], [ 122.966524802661567, 14.137025039656425 ], [ 122.966527930883345, 14.137018783212858 ], [ 122.966531059105137, 14.137010962658398 ], [ 122.966534187326914, 14.137006270325722 ], [ 122.966537315548706, 14.137000013882155 ], [ 122.966542007881372, 14.136995321549479 ], [ 122.966545136103164, 14.136987500995021 ], [ 122.966549828435831, 14.136981244551453 ], [ 122.966552956657623, 14.13697811632967 ], [ 122.96656234132297, 14.136971859886103 ], [ 122.96656703365565, 14.136967167553427 ], [ 122.96657329009922, 14.136964039331644 ], [ 122.966579546542775, 14.13696091110986 ], [ 122.966588931208136, 14.136954654666292 ], [ 122.966601444095261, 14.136948398222726 ], [ 122.966612392871511, 14.136942141779159 ], [ 122.96662490575865, 14.136935885335591 ], [ 122.966638982756677, 14.136931193002916 ], [ 122.966651495643802, 14.13692650067024 ], [ 122.96666557264183, 14.136918680115782 ], [ 122.96667652141808, 14.136913987783105 ], [ 122.966685906083427, 14.13690929545043 ], [ 122.966696854859663, 14.136904603117754 ], [ 122.966707803635913, 14.136899910785079 ], [ 122.966720316523038, 14.136896782563296 ], [ 122.966731265299288, 14.136893654341511 ], [ 122.966743778186427, 14.136892090230621 ], [ 122.966759419295343, 14.136890526119728 ], [ 122.966773496293371, 14.136890526119728 ], [ 122.966787573291398, 14.136890526119728 ], [ 122.966803214400315, 14.136890526119728 ], [ 122.966817291398343, 14.136890526119728 ], [ 122.966829804285467, 14.136890526119728 ], [ 122.966840753061717, 14.136890526119728 ], [ 122.966848573616176, 14.136893654341511 ], [ 122.966851701837953, 14.136895218452404 ], [ 122.966854830059745, 14.136896782563296 ], [ 122.966857958281523, 14.136899910785079 ], [ 122.966861086503314, 14.136899910785079 ], [ 122.966862650614203, 14.136903039006864 ], [ 122.966865778835981, 14.136904603117754 ], [ 122.966870471168662, 14.136906167228647 ], [ 122.966875163501328, 14.136907731339539 ], [ 122.966882984055786, 14.136910859561322 ], [ 122.966887676388467, 14.136910859561322 ], [ 122.966893932832036, 14.136913987783105 ], [ 122.966897061053814, 14.136913987783105 ], [ 122.966900189275606, 14.13691711600489 ], [ 122.966903317497383, 14.136918680115782 ], [ 122.966906445719175, 14.136924936559348 ], [ 122.966908009830064, 14.136928064781133 ], [ 122.966908009830064, 14.136931193002916 ], [ 122.966908009830064, 14.136934321224699 ], [ 122.966856394170634, 14.13705632187426 ] ] ] ] } },
{ "type": "Feature", "properties": { "fid": 193, "desc": "dam", "other desc": "casama dam", "barangay": "Barangay Cobangbang", "col": "etc", "etc": null, "layer": "calasgasan_etc" }, "geometry": { "type": "MultiPolygon", "coordinates": [ [ [ [ 122.972553855897345, 14.096975891728656 ], [ 122.972463392858842, 14.097029499455179 ], [ 122.972460042375943, 14.097029499455179 ], [ 122.972454458237763, 14.097029499455179 ], [ 122.972449990927217, 14.097029499455179 ], [ 122.972447757271937, 14.097029499455179 ], [ 122.972444406789037, 14.097029499455179 ], [ 122.972442173133757, 14.097029499455179 ], [ 122.972439939478491, 14.097029499455179 ], [ 122.972437705823225, 14.097029499455179 ], [ 122.972435472167945, 14.097029499455179 ], [ 122.972433238512679, 14.097029499455179 ], [ 122.972429888029765, 14.097028382627542 ], [ 122.972427654374499, 14.097028382627542 ], [ 122.972424303891586, 14.097026148972271 ], [ 122.97242207023632, 14.097026148972271 ], [ 122.972418719753406, 14.097025032144634 ], [ 122.972415369270493, 14.097023915316999 ], [ 122.972413135615227, 14.097022798489363 ], [ 122.972408668304681, 14.097020564834091 ], [ 122.972406434649415, 14.097019448006455 ], [ 122.972404200994134, 14.09701833117882 ], [ 122.972399733683602, 14.097017214351183 ], [ 122.972394149545423, 14.097013863868275 ], [ 122.972390799062509, 14.097011630213004 ], [ 122.972384098096697, 14.097008279730096 ], [ 122.972381864441417, 14.097006046074824 ], [ 122.972375163475604, 14.097002695591916 ], [ 122.972371812992705, 14.096999345109008 ], [ 122.972369579337425, 14.096998228281373 ], [ 122.972367345682159, 14.096997111453737 ], [ 122.972365112026878, 14.096994877798465 ], [ 122.972362878371612, 14.096991527315557 ], [ 122.972358411061066, 14.096988176832649 ], [ 122.9723561774058, 14.096985943177378 ], [ 122.972351710095253, 14.09698259269447 ], [ 122.972349476439987, 14.096979242211562 ], [ 122.972343892301808, 14.096975891728656 ], [ 122.972338308163629, 14.096971424418111 ], [ 122.972334957680715, 14.096966957107568 ], [ 122.972329373542536, 14.096962489797024 ], [ 122.972323789404356, 14.096956905658844 ], [ 122.97231932209381, 14.096953555175936 ], [ 122.972317088438544, 14.09695020469303 ], [ 122.972312621127998, 14.096946854210122 ], [ 122.972310387472731, 14.096942386899578 ], [ 122.972305920162185, 14.096939036416671 ], [ 122.972301452851639, 14.09693345227849 ], [ 122.972296985541092, 14.096927868140311 ], [ 122.972294751885826, 14.096922284002131 ], [ 122.972289167747647, 14.096916699863952 ], [ 122.9722847004371, 14.096913349381044 ], [ 122.972281349954187, 14.096908882070501 ], [ 122.972277999471288, 14.096904414759958 ], [ 122.972274648988375, 14.096898830621779 ], [ 122.972270181677828, 14.096893246483599 ], [ 122.972265714367296, 14.096886545517783 ], [ 122.972262363884383, 14.096880961379604 ], [ 122.972260130229117, 14.096877610896696 ], [ 122.972256779746203, 14.096872026758517 ], [ 122.97225342926329, 14.096867559447972 ], [ 122.972252312435657, 14.096864208965066 ], [ 122.972250078780391, 14.096858624826886 ], [ 122.972246728297478, 14.096853040688707 ], [ 122.972244494642212, 14.096848573378162 ], [ 122.972241144159298, 14.096841872412346 ], [ 122.972237793676385, 14.096836288274167 ], [ 122.972234443193486, 14.096832937791261 ], [ 122.972233326365853, 14.096828470480716 ], [ 122.972231092710572, 14.096822886342537 ], [ 122.972229975882939, 14.096817302204357 ], [ 122.972227742227673, 14.096810601238541 ], [ 122.972225508572393, 14.096806133927998 ], [ 122.972225508572393, 14.096803900272727 ], [ 122.97222439174476, 14.096799432962182 ], [ 122.972223274917127, 14.096793848824003 ], [ 122.972222158089494, 14.096788264685824 ], [ 122.972222158089494, 14.096781563720009 ], [ 122.972221041261847, 14.096775979581828 ], [ 122.972221041261847, 14.096769278616014 ], [ 122.972221041261847, 14.096763694477835 ], [ 122.972219924434214, 14.096756993512018 ], [ 122.972218807606581, 14.096749175718568 ], [ 122.972218807606581, 14.096741357925117 ], [ 122.972218807606581, 14.096732423304029 ], [ 122.972218807606581, 14.096723488682942 ], [ 122.972218807606581, 14.096714554061855 ], [ 122.972218807606581, 14.096705619440767 ], [ 122.972218807606581, 14.09669668481968 ], [ 122.972218807606581, 14.096687750198592 ], [ 122.972221041261847, 14.096678815577505 ], [ 122.972223274917127, 14.096670997784054 ], [ 122.972225508572393, 14.096662063162967 ], [ 122.972229975882939, 14.096652011714244 ], [ 122.972234443193486, 14.096644193920794 ], [ 122.972241144159298, 14.096635259299706 ], [ 122.972247845125111, 14.096627441506254 ], [ 122.972254546090937, 14.096619623712803 ], [ 122.972262363884383, 14.096610689091715 ], [ 122.972270181677828, 14.096602871298265 ], [ 122.972276882643655, 14.096597287160085 ], [ 122.972285817264734, 14.096590586194269 ], [ 122.972293635058193, 14.09658500205609 ], [ 122.972301452851639, 14.09657941791791 ], [ 122.972310387472731, 14.096574950607367 ], [ 122.972318205266177, 14.096571600124459 ], [ 122.972326023059622, 14.09656601598628 ], [ 122.972334957680715, 14.096561548675735 ], [ 122.972345009129441, 14.096557081365193 ], [ 122.9723561774058, 14.096553730882285 ], [ 122.972366228854526, 14.096550380399377 ], [ 122.972377397130884, 14.096545913088834 ], [ 122.972386331751963, 14.096543679433562 ], [ 122.972397500028322, 14.096541445778289 ], [ 122.972406434649415, 14.096540328950654 ], [ 122.972415369270493, 14.096539212123018 ], [ 122.972424303891586, 14.096536978467746 ], [ 122.972434355340312, 14.09653586164011 ], [ 122.972444406789037, 14.09653586164011 ], [ 122.972453341410116, 14.09653586164011 ], [ 122.972463392858842, 14.09653586164011 ], [ 122.972475677962834, 14.09653586164011 ], [ 122.97248796306684, 14.096536978467746 ], [ 122.972500248170832, 14.096540328950654 ], [ 122.972512533274823, 14.096544796261197 ], [ 122.972523701551182, 14.096547029916469 ], [ 122.972534869827541, 14.096550380399377 ], [ 122.9725460381039, 14.096553730882285 ], [ 122.972558323207892, 14.096559315020464 ], [ 122.972570608311884, 14.096563782331009 ], [ 122.97258289341589, 14.096569366469188 ], [ 122.972594061692249, 14.096572716952094 ], [ 122.972604113140974, 14.096577184262639 ], [ 122.972614164589686, 14.096581651573182 ], [ 122.972623099210779, 14.096587235711361 ], [ 122.972633150659505, 14.096590586194269 ], [ 122.97264096845295, 14.096595053504814 ], [ 122.97264878624641, 14.096599520815356 ], [ 122.972654370384589, 14.096603988125901 ], [ 122.972659954522769, 14.096608455436444 ], [ 122.972665538660948, 14.096614039574623 ], [ 122.972671122799127, 14.096620740540439 ], [ 122.972676706937307, 14.096627441506254 ], [ 122.972682291075486, 14.096635259299706 ], [ 122.972687875213666, 14.09664196026552 ], [ 122.972695693007111, 14.096650894886608 ], [ 122.972701277145291, 14.096659829507695 ], [ 122.972707978111103, 14.096669880956419 ], [ 122.972714679076915, 14.096679932405141 ], [ 122.972720263215095, 14.096689983853866 ], [ 122.972726964180922, 14.096700035302588 ], [ 122.972732548319101, 14.096711203578947 ], [ 122.972739249284913, 14.096720138200034 ], [ 122.972744833423093, 14.096730189648756 ], [ 122.972750417561272, 14.096741357925117 ], [ 122.972757118527085, 14.096752526201476 ], [ 122.972761585837631, 14.096763694477835 ], [ 122.972768286803444, 14.096775979581828 ], [ 122.97277275411399, 14.096786031030552 ], [ 122.972776104596889, 14.096797199306911 ], [ 122.972778338252169, 14.09680836758327 ], [ 122.972782805562716, 14.096818419031994 ], [ 122.972785039217982, 14.096829587308353 ], [ 122.972787272873262, 14.09683852192944 ], [ 122.972788389700895, 14.096847456550528 ], [ 122.972790623356161, 14.096855274343978 ], [ 122.972791740183794, 14.096863092137429 ], [ 122.972792857011441, 14.096869793103245 ], [ 122.972793973839075, 14.096875377241425 ], [ 122.972795090666708, 14.096882078207239 ], [ 122.972795090666708, 14.096886545517783 ], [ 122.972795090666708, 14.096893246483599 ], [ 122.972795090666708, 14.096895480138871 ], [ 122.972795090666708, 14.09690106427705 ], [ 122.972795090666708, 14.096904414759958 ], [ 122.972795090666708, 14.09690664841523 ], [ 122.972553855897345, 14.096975891728656 ] ] ] ] } },
{ "type": "Feature", "properties": { "fid": 194, "desc": "flood-prone", "other desc": "joselito s", "barangay": "Barangay II", "col": "flood-prone", "etc": null, "layer": "b2_flood-prone" }, "geometry": { "type": "MultiPolygon", "coordinates": [ [ [ [ 122.952820065396551, 14.106520574979944 ], [ 122.956244649888006, 14.106703155979726 ], [ 122.956117167388868, 14.107076725913354 ], [ 122.952865637931978, 14.10691478450485 ], [ 122.952820065396551, 14.106520574979944 ] ] ] ] } },
{ "type": "Feature", "properties": { "fid": 195, "desc": "flood-prone", "other desc": "abaño area", "barangay": "Barangay II", "col": "flood-prone", "etc": "b2_flood-prone", "layer": null }, "geometry": { "type": "MultiPolygon", "coordinates": [ [ [ [ 122.953456463650582, 14.106264492966927 ], [ 122.9535935, 14.1060525 ], [ 122.9549985, 14.1061454 ], [ 122.95506809932786, 14.106506495768308 ], [ 122.954938728990655, 14.106779786792323 ], [ 122.953523400595643, 14.10674849856969 ], [ 122.953456463650582, 14.106264492966927 ] ] ] ] } },
{ "type": "Feature", "properties": { "fid": 196, "desc": "flood-prone", "other desc": "luisito st", "barangay": "Barangay II", "col": "flood-prone", "etc": null, "layer": "b2_flood-prone" }, "geometry": { "type": "MultiPolygon", "coordinates": [ [ [ [ 122.953369367274973, 14.105230953507442 ], [ 122.956709805740502, 14.105496092872338 ], [ 122.957179753357323, 14.105521495446219 ], [ 122.957148000139966, 14.105770758202437 ], [ 122.953372542596711, 14.105577063576586 ], [ 122.953369367274973, 14.105230953507442 ] ] ] ] } },
{ "type": "Feature", "properties": { "fid": 197, "desc": "flood-prone", "other desc": "bahain: p4,5,6", "barangay": "Barangay III", "col": "flood-prone", "etc": null, "layer": "b3_flood-prone" }, "geometry": { "type": "MultiPolygon", "coordinates": [ [ [ [ 122.955344395247877, 14.111554215653999 ], [ 122.954821808016675, 14.111536600354071 ], [ 122.954810064483397, 14.111536600354071 ], [ 122.954798320950104, 14.111536600354071 ], [ 122.954768962116901, 14.111536600354071 ], [ 122.954745475050331, 14.111536600354071 ], [ 122.954727859750392, 14.111536600354071 ], [ 122.954716116217114, 14.111536600354071 ], [ 122.954704372683821, 14.111536600354071 ], [ 122.954692629150543, 14.111536600354071 ], [ 122.95468088561725, 14.111536600354071 ], [ 122.954605477614265, 14.11156622343514 ], [ 122.954622167950831, 14.111495497987573 ], [ 122.954610424417538, 14.11148962622093 ], [ 122.954604552650906, 14.111477882687645 ], [ 122.954592809117614, 14.111472010921002 ], [ 122.954586937350967, 14.111460267387715 ], [ 122.954569322051043, 14.111436780321144 ], [ 122.954551706751118, 14.111413293254573 ], [ 122.954539963217826, 14.111401549721288 ], [ 122.954534091451194, 14.11138393442136 ], [ 122.954528219684548, 14.111372190888074 ], [ 122.954516476151255, 14.111354575588146 ], [ 122.954498860851331, 14.111325216754933 ], [ 122.954498860851331, 14.111313473221648 ], [ 122.954487117318052, 14.111301729688362 ], [ 122.95447537378476, 14.111278242621792 ], [ 122.954469502018114, 14.111248883788578 ], [ 122.954407895323982, 14.111178115364924 ], [ 122.954416715961997, 14.11106697532664 ], [ 122.954451886718189, 14.111002269589584 ], [ 122.954451886718189, 14.11097291075637 ], [ 122.954451886718189, 14.110943551923157 ], [ 122.954457758484835, 14.110914193089943 ], [ 122.954469502018114, 14.110878962490087 ], [ 122.954521348512699, 14.110821281673545 ], [ 122.954490809320845, 14.110742375849732 ], [ 122.954554317914159, 14.110731791084181 ], [ 122.954569322051043, 14.110655835357665 ], [ 122.954586937350967, 14.110626476524452 ], [ 122.95459868088426, 14.110608861224522 ], [ 122.954610424417538, 14.110597117691237 ], [ 122.954616296184184, 14.11056188709138 ], [ 122.954639783250755, 14.110544271791452 ], [ 122.954663270317326, 14.110520784724882 ], [ 122.954686757383897, 14.110491425891668 ], [ 122.954692629150543, 14.11047381059174 ], [ 122.954704372683821, 14.110462067058455 ], [ 122.954745475050331, 14.110438579991884 ], [ 122.954768962116901, 14.110420964691956 ], [ 122.954798320950104, 14.110409221158671 ], [ 122.954821808016675, 14.110391605858743 ], [ 122.954845295083246, 14.1103857340921 ], [ 122.954868782149816, 14.110368118792172 ], [ 122.954892269216401, 14.110356375258887 ], [ 122.954921628049604, 14.110344631725601 ], [ 122.954939243349543, 14.110338759958958 ], [ 122.954968602182745, 14.110327016425673 ], [ 122.954992089249316, 14.110315272892388 ], [ 122.955021448082533, 14.11029765759246 ], [ 122.955039063382458, 14.110291785825817 ], [ 122.955074293982321, 14.110274170525889 ], [ 122.955086037515599, 14.110274170525889 ], [ 122.955115396348816, 14.110268298759246 ], [ 122.955144755182033, 14.110262426992604 ], [ 122.955185857548528, 14.110250683459318 ], [ 122.955221088148392, 14.110244811692676 ], [ 122.955262190514887, 14.110238939926033 ], [ 122.955309164648028, 14.11023306815939 ], [ 122.95535613878117, 14.110227196392747 ], [ 122.955397241147665, 14.110221324626105 ], [ 122.955444215280806, 14.110215452859462 ], [ 122.955485317647302, 14.110209581092819 ], [ 122.955520548247165, 14.110203709326177 ], [ 122.955555778847014, 14.110197837559532 ], [ 122.955591009446877, 14.11019196579289 ], [ 122.955632111813372, 14.11019196579289 ], [ 122.955661470646589, 14.11019196579289 ], [ 122.955696701246438, 14.11019196579289 ], [ 122.955731931846302, 14.110186094026247 ], [ 122.955767162446165, 14.110186094026247 ], [ 122.955796521279368, 14.110186094026247 ], [ 122.955831751879231, 14.110186094026247 ], [ 122.955912696159899, 14.110153157234032 ], [ 122.955931652694659, 14.110202743928374 ], [ 122.955976204753227, 14.110207845189411 ], [ 122.9559968, 14.1102191 ], [ 122.956078366078216, 14.110221324626105 ], [ 122.956090109611509, 14.110227196392747 ], [ 122.956101853144787, 14.110227196392747 ], [ 122.95611359667808, 14.110238939926033 ], [ 122.956125340211358, 14.110244811692676 ], [ 122.95613708374465, 14.110256555225961 ], [ 122.956148827277929, 14.110268298759246 ], [ 122.956160570811221, 14.110280042292532 ], [ 122.956178186111146, 14.11029765759246 ], [ 122.956184057877792, 14.11032114465903 ], [ 122.95619580141107, 14.110338759958958 ], [ 122.956201673177716, 14.110362247025529 ], [ 122.956219288477641, 14.110397477625385 ], [ 122.956225160244287, 14.110420964691956 ], [ 122.95623690377758, 14.110456195291812 ], [ 122.956242775544212, 14.110479682358383 ], [ 122.956242775544212, 14.110514912958239 ], [ 122.956248647310858, 14.11053840002481 ], [ 122.956248647310858, 14.110573630624666 ], [ 122.956248647310858, 14.110597117691237 ], [ 122.956248647310858, 14.110620604757807 ], [ 122.956248647310858, 14.11064409182438 ], [ 122.956248647310858, 14.110673450657593 ], [ 122.956248647310858, 14.110708681257449 ], [ 122.956248647310858, 14.11073216832402 ], [ 122.956248647310858, 14.110761527157234 ], [ 122.956248647310858, 14.11079675775709 ], [ 122.956242775544212, 14.110831988356946 ], [ 122.956225160244287, 14.110855475423516 ], [ 122.956225160244287, 14.110873090723445 ], [ 122.956219288477641, 14.11088483425673 ], [ 122.956213416711009, 14.110908321323301 ], [ 122.956207544944363, 14.110931808389871 ], [ 122.95619580141107, 14.110955295456442 ], [ 122.956184057877792, 14.110984654289656 ], [ 122.956172314344499, 14.111014013122869 ], [ 122.956166442577867, 14.11103750018944 ], [ 122.956154699044575, 14.111049243722727 ], [ 122.956142955511297, 14.111072730789298 ], [ 122.95613708374465, 14.111090346089226 ], [ 122.956119468444726, 14.111107961389154 ], [ 122.956107724911433, 14.111131448455724 ], [ 122.956090109611509, 14.111154935522295 ], [ 122.956072494311584, 14.111184294355509 ], [ 122.956054879011646, 14.111201909655437 ], [ 122.956049007245014, 14.111219524955365 ], [ 122.956037263711721, 14.111237140255293 ], [ 122.956019648411797, 14.111266499088506 ], [ 122.955961679011097, 14.111335180138003 ], [ 122.95589046954565, 14.111407421487931 ], [ 122.955872854245726, 14.111425036787859 ], [ 122.955861110712448, 14.111436780321144 ], [ 122.955849367179155, 14.111442652087787 ], [ 122.955843495412509, 14.111454395621072 ], [ 122.955831751879231, 14.111460267387715 ], [ 122.955820008345938, 14.111466139154359 ], [ 122.955802393046014, 14.111472010921002 ], [ 122.955796521279368, 14.111483754454287 ], [ 122.955784777746089, 14.11148962622093 ], [ 122.955773034212797, 14.111495497987573 ], [ 122.955761290679519, 14.111501369754215 ], [ 122.955749547146226, 14.111507241520858 ], [ 122.955737803612948, 14.111513113287501 ], [ 122.95566042591426, 14.111539761521257 ], [ 122.955344395247877, 14.111554215653999 ] ] ] ] } },
{ "type": "Feature", "properties": { "fid": 198, "desc": "blocked drainage", "other desc": "blocked, cemented; jealouscious", "barangay": "Barangay IV", "col": "issues", "etc": null, "layer": "b4_issues" }, "geometry": { "type": "MultiPolygon", "coordinates": [ [ [ [ 122.952250878838441, 14.11567931177292 ], [ 122.952104238708344, 14.115724303631019 ], [ 122.952017587722381, 14.115582662596264 ], [ 122.952032585008411, 14.115462684308001 ], [ 122.952144231471095, 14.115424357910362 ], [ 122.952248281036503, 14.115390662702563 ], [ 122.952320866173267, 14.115416026084787 ], [ 122.952372523491832, 14.115567665310232 ], [ 122.952369190761601, 14.115654316296199 ], [ 122.952250878838441, 14.11567931177292 ] ] ] ] } },
{ "type": "Feature", "properties": { "fid": 199, "desc": "mangrove area", "other desc": null, "barangay": "Barangay Gubat", "col": "etc", "etc": null, "layer": "gubat_etc" }, "geometry": { "type": "MultiPolygon", "coordinates": [ [ [ [ 122.981117417314451, 14.126431154117306 ], [ 122.9803452, 14.125974 ], [ 122.979757659099164, 14.124445241686368 ], [ 122.980228492852305, 14.122954268134762 ], [ 122.982300161366112, 14.123409407429463 ], [ 122.983525592878706, 14.122190858325165 ], [ 122.984293357587731, 14.121683017001288 ], [ 122.985741565524549, 14.123142771293653 ], [ 122.9870927, 14.1244764 ], [ 122.983602801416467, 14.12789802254272 ], [ 122.981117417314451, 14.126431154117306 ] ] ] ] } },
{ "type": "Feature", "properties": { "fid": 200, "desc": "riprap", "other desc": "flood-control", "barangay": "Barangay Gubat", "col": "etc", "etc": "gubat_etc", "layer": null }, "geometry": { "type": "MultiPolygon", "coordinates": [ [ [ [ 122.979247589199943, 14.12199690617004 ], [ 122.979335870528644, 14.121841923392966 ], [ 122.979006286901452, 14.12172029134007 ], [ 122.978919967380037, 14.121653589891709 ], [ 122.978653161586593, 14.121373051447131 ], [ 122.978574689294405, 14.121284770118416 ], [ 122.978447171819596, 14.12118667975318 ], [ 122.978048924936743, 14.121206297826227 ], [ 122.978152900723884, 14.121435829280882 ], [ 122.978353005068968, 14.121327929879122 ], [ 122.978557033028665, 14.121504492536548 ], [ 122.978896425692383, 14.121863503273318 ], [ 122.978992554250325, 14.121916472070545 ], [ 122.979247589199943, 14.12199690617004 ] ] ] ] } },
{ "type": "Feature", "properties": { "fid": 201, "desc": "flood-prone", "other desc": null, "barangay": "Barangay Gubat", "col": "flood-prone", "etc": "gubat_flood-prone", "layer": null }, "geometry": { "type": "MultiPolygon", "coordinates": [ [ [ [ 122.978172518796939, 14.119848727171345 ], [ 122.981562521819541, 14.119503449085709 ], [ 122.982362939199874, 14.121951784602031 ], [ 122.98560017607717, 14.122181813395756 ], [ 122.986212821529477, 14.125907360065158 ], [ 122.980401131895135, 14.126236371755594 ], [ 122.976147933658453, 14.125922482586835 ], [ 122.975916230805595, 14.12344949281273 ], [ 122.978172518796939, 14.119848727171345 ] ] ] ] } },
{ "type": "Feature", "properties": { "fid": 202, "desc": "structure above the waterway", "other desc": null, "barangay": "Barangay Gubat", "col": "issues", "etc": null, "layer": "gubat_issues" }, "geometry": { "type": "MultiPolygon", "coordinates": [ [ [ [ 122.979883214766744, 14.114634243355335 ], [ 122.980099013570268, 14.11463620516264 ], [ 122.980220645623163, 14.114787264325104 ], [ 122.98005585380956, 14.114930476258351 ], [ 122.979889100188657, 14.114883392883037 ], [ 122.979840055006036, 14.114775493481275 ], [ 122.979883214766744, 14.114634243355335 ] ] ] ] } },
{ "type": "Feature", "properties": { "fid": 203, "desc": "\"forest spring\"", "other desc": "papuntang lugui; may dam", "barangay": "Barangay Gubat", "col": "etc", "etc": null, "layer": "gubat_etc" }, "geometry": { "type": "MultiPolygon", "coordinates": [ [ [ [ 122.971729943608196, 14.122111671897368 ], [ 122.973040430887764, 14.122084206595101 ], [ 122.972985500283229, 14.121664379831886 ], [ 122.972173312059084, 14.121793859113998 ], [ 122.971729943608196, 14.122111671897368 ] ] ] ] } },
{ "type": "Feature", "properties": { "fid": 204, "desc": "flood-prone", "other desc": "harap ng cnsc", "barangay": "Barangay II", "col": "flood-prone", "etc": null, "layer": "b2_flood-prone" }, "geometry": { "type": "MultiPolygon", "coordinates": [ [ [ [ 122.956127560412767, 14.109925562771286 ], [ 122.956265038506842, 14.108413303736393 ], [ 122.956132470344699, 14.108324924961627 ], [ 122.956044091569936, 14.110097410388887 ], [ 122.956127560412767, 14.109925562771286 ] ] ] ] } },
{ "type": "Feature", "properties": { "fid": 205, "desc": "flood-prone", "other desc": null, "barangay": "Barangay II", "col": "flood-prone", "etc": null, "layer": "b2_flood-prone" }, "geometry": { "type": "MultiPolygon", "coordinates": [ [ [ [ 122.956234474045445, 14.108103917411604 ], [ 122.956158935535569, 14.108194563623451 ], [ 122.956149870914388, 14.108194563623451 ], [ 122.9561438278336, 14.108194563623451 ], [ 122.956137784752812, 14.108194563623451 ], [ 122.95612872013163, 14.108194563623451 ], [ 122.9560914, 14.108212 ], [ 122.956056203162149, 14.108194563623451 ], [ 122.956050160081361, 14.108191542083055 ], [ 122.956008841668435, 14.108184891264806 ], [ 122.956010880056226, 14.108143197436737 ], [ 122.956007858515832, 14.108137154355948 ], [ 122.956007858515832, 14.108131111275158 ], [ 122.956001815435044, 14.108125068194369 ], [ 122.956001815435044, 14.108119025113579 ], [ 122.955998793894651, 14.10811298203279 ], [ 122.955998793894651, 14.108106938952 ], [ 122.955998793894651, 14.10810089587121 ], [ 122.955992750813863, 14.108097874330815 ], [ 122.955992750813863, 14.10808880970963 ], [ 122.955992750813863, 14.10808276662884 ], [ 122.955992750813863, 14.10807672354805 ], [ 122.955989729273455, 14.108067658926865 ], [ 122.955986707733061, 14.108061615846076 ], [ 122.955986707733061, 14.108055572765286 ], [ 122.955986707733061, 14.108049529684497 ], [ 122.955986707733061, 14.108043486603707 ], [ 122.955986707733061, 14.108037443522917 ], [ 122.955983686192667, 14.108031400442128 ], [ 122.955983686192667, 14.108025357361338 ], [ 122.955980664652273, 14.108016292740153 ], [ 122.955980664652273, 14.108010249659364 ], [ 122.955980664652273, 14.108004206578574 ], [ 122.955980664652273, 14.107998163497784 ], [ 122.955980664652273, 14.107989098876599 ], [ 122.955980664652273, 14.10798305579581 ], [ 122.955977643111879, 14.10797701271502 ], [ 122.955974621571485, 14.107967948093835 ], [ 122.955974621571485, 14.107961905013045 ], [ 122.955974621571485, 14.107955861932256 ], [ 122.955974621571485, 14.107946797311071 ], [ 122.955974621571485, 14.107934711149491 ], [ 122.955974621571485, 14.107928668068702 ], [ 122.955974621571485, 14.107919603447517 ], [ 122.955974621571485, 14.107913560366727 ], [ 122.955974621571485, 14.107907517285938 ], [ 122.955974621571485, 14.107901474205148 ], [ 122.955974621571485, 14.107895431124359 ], [ 122.955974621571485, 14.107886366503173 ], [ 122.955974621571485, 14.107880323422384 ], [ 122.955974621571485, 14.1078712588012 ], [ 122.955974621571485, 14.107865215720411 ], [ 122.955974621571485, 14.107856151099226 ], [ 122.955974621571485, 14.107850108018436 ], [ 122.955974621571485, 14.107844064937646 ], [ 122.955974621571485, 14.107831978776066 ], [ 122.955974621571485, 14.107825935695276 ], [ 122.955974621571485, 14.107819892614486 ], [ 122.955974621571485, 14.107810827993303 ], [ 122.955974621571485, 14.107801763372118 ], [ 122.955974621571485, 14.107792698750933 ], [ 122.955974621571485, 14.107786655670143 ], [ 122.955974621571485, 14.107780612589353 ], [ 122.955974621571485, 14.107774569508564 ], [ 122.955974621571485, 14.107765504887379 ], [ 122.955974621571485, 14.107759461806589 ], [ 122.955974621571485, 14.1077534187258 ], [ 122.955974621571485, 14.10774737564501 ], [ 122.955974621571485, 14.107738311023825 ], [ 122.955974621571485, 14.107732267943035 ], [ 122.955974621571485, 14.107726224862246 ], [ 122.955974621571485, 14.107720181781456 ], [ 122.955974621571485, 14.107714138700667 ], [ 122.955974621571485, 14.107705074079481 ], [ 122.955977643111879, 14.107699030998692 ], [ 122.955977643111879, 14.107692987917902 ], [ 122.955977643111879, 14.107683923296717 ], [ 122.955977643111879, 14.107677880215928 ], [ 122.955977643111879, 14.107662772513955 ], [ 122.955977643111879, 14.107656729433163 ], [ 122.955977643111879, 14.107650686352374 ], [ 122.955977643111879, 14.10764162173119 ], [ 122.955977643111879, 14.107635578650401 ], [ 122.955977643111879, 14.10762349248882 ], [ 122.955977643111879, 14.10761744940803 ], [ 122.955980664652273, 14.107611406327241 ], [ 122.955980664652273, 14.107605363246451 ], [ 122.955983686192667, 14.107593277084872 ], [ 122.955983686192667, 14.107587234004082 ], [ 122.955986707733061, 14.107581190923293 ], [ 122.955986707733061, 14.107572126302108 ], [ 122.955986707733061, 14.107563061680922 ], [ 122.955989729273455, 14.107550975519343 ], [ 122.955989729273455, 14.107544932438554 ], [ 122.955989729273455, 14.107538889357764 ], [ 122.955992750813863, 14.107529824736579 ], [ 122.955992750813863, 14.107520760115396 ], [ 122.955992750813863, 14.107514717034606 ], [ 122.955992750813863, 14.107505652413421 ], [ 122.955992750813863, 14.107499609332631 ], [ 122.955992750813863, 14.107493566251842 ], [ 122.955995772354257, 14.107484501630656 ], [ 122.955998793894651, 14.107475437009471 ], [ 122.955998793894651, 14.107469393928682 ], [ 122.956001815435044, 14.107463350847892 ], [ 122.956001815435044, 14.107457307767103 ], [ 122.956004836975438, 14.107445221605523 ], [ 122.956004836975438, 14.107439178524734 ], [ 122.956004836975438, 14.107430113903549 ], [ 122.956004836975438, 14.107424070822759 ], [ 122.956004836975438, 14.107415006201574 ], [ 122.956004836975438, 14.107405941580391 ], [ 122.956007858515832, 14.107399898499601 ], [ 122.956010880056226, 14.10739385541881 ], [ 122.956010880056226, 14.10738781233802 ], [ 122.956010880056226, 14.107381769257231 ], [ 122.956010880056226, 14.107375726176441 ], [ 122.95601390159662, 14.107369683095651 ], [ 122.956016923137014, 14.107363640014862 ], [ 122.956016923137014, 14.107357596934072 ], [ 122.956016923137014, 14.107348532312887 ], [ 122.956016923137014, 14.107342489232098 ], [ 122.956019944677408, 14.107336446151308 ], [ 122.956022966217802, 14.107330403070518 ], [ 122.956025987758196, 14.107318316908939 ], [ 122.956029009298589, 14.10731227382815 ], [ 122.956032030838983, 14.107306230747358 ], [ 122.956032030838983, 14.107297166126175 ], [ 122.956035052379391, 14.107291123045385 ], [ 122.956038073919785, 14.107285079964596 ], [ 122.956038073919785, 14.107279036883805 ], [ 122.956038073919785, 14.107272993803015 ], [ 122.956044117000573, 14.107266950722225 ], [ 122.956050160081361, 14.107254864560646 ], [ 122.956053181621755, 14.107248821479857 ], [ 122.956059224702543, 14.107239756858672 ], [ 122.956062246242936, 14.107230692237488 ], [ 122.956068289323724, 14.107227670697092 ], [ 122.956074332404512, 14.107218606075907 ], [ 122.956080375485314, 14.107212562995118 ], [ 122.956086418566102, 14.107206519914328 ], [ 122.95609246164689, 14.107203498373934 ], [ 122.956098504727677, 14.107197455293145 ], [ 122.956104547808465, 14.107194433752749 ], [ 122.956113612429647, 14.10718839067196 ], [ 122.956119655510435, 14.107185369131564 ], [ 122.956125698591237, 14.107185369131564 ], [ 122.956134763212418, 14.10718234759117 ], [ 122.9561438278336, 14.107179326050774 ], [ 122.956149870914388, 14.10717630451038 ], [ 122.956155913995175, 14.10717630451038 ], [ 122.956161957075963, 14.10717630451038 ], [ 122.956171021697159, 14.10717630451038 ], [ 122.956180086318341, 14.107173282969985 ], [ 122.956186129399129, 14.107173282969985 ], [ 122.956192172479916, 14.107173282969985 ], [ 122.956198215560704, 14.107173282969985 ], [ 122.956204258641492, 14.107173282969985 ], [ 122.956210301722294, 14.107173282969985 ], [ 122.956219366343475, 14.107173282969985 ], [ 122.956225409424263, 14.107173282969985 ], [ 122.956231452505051, 14.10717630451038 ], [ 122.956234474045445, 14.10718234759117 ], [ 122.956240517126233, 14.10718839067196 ], [ 122.956243538666627, 14.107194433752749 ], [ 122.95624656020702, 14.107203498373934 ], [ 122.95624656020702, 14.107209541454724 ], [ 122.956252603287808, 14.107215584535513 ], [ 122.956252603287808, 14.107221627616303 ], [ 122.95625864636861, 14.107227670697092 ], [ 122.956261667909004, 14.107233713777882 ], [ 122.956267710989792, 14.107239756858672 ], [ 122.95627375407058, 14.107245799939461 ], [ 122.956279797151367, 14.107254864560646 ], [ 122.956234474045445, 14.108103917411604 ] ] ] ] } },
{ "type": "Feature", "properties": { "fid": 206, "desc": "flood-prone", "other desc": null, "barangay": "Barangay II", "col": "flood-prone", "etc": null, "layer": "b2_flood-prone" }, "geometry": { "type": "MultiPolygon", "coordinates": [ [ [ [ 122.956204258641449, 14.106707965749179 ], [ 122.956204258641449, 14.106701922668389 ], [ 122.956244649888006, 14.106703155979726 ], [ 122.956234555370216, 14.106643091380031 ], [ 122.956276775610931, 14.106662642643256 ], [ 122.956314611489603, 14.106650513801696 ], [ 122.956353314116853, 14.106661647434194 ], [ 122.956394615686321, 14.106635448779702 ], [ 122.956406701847911, 14.106632427239306 ], [ 122.95642180954988, 14.106629405698913 ], [ 122.956439938792244, 14.106629405698913 ], [ 122.956455046494227, 14.106629405698913 ], [ 122.956473175736591, 14.106629405698913 ], [ 122.956491304978968, 14.106629405698913 ], [ 122.956509434221331, 14.106629405698913 ], [ 122.956524541923301, 14.106629405698913 ], [ 122.956542671165678, 14.106629405698913 ], [ 122.956557778867648, 14.106629405698913 ], [ 122.956575908110025, 14.106629405698913 ], [ 122.956594037352389, 14.106629405698913 ], [ 122.956612166594752, 14.106629405698913 ], [ 122.956624252756342, 14.106629405698913 ], [ 122.956639360458311, 14.106629405698913 ], [ 122.956660511241083, 14.106629405698913 ], [ 122.95668166202384, 14.106629405698913 ], [ 122.956699791266203, 14.106629405698913 ], [ 122.956720942048975, 14.106629405698913 ], [ 122.956742092831732, 14.106629405698913 ], [ 122.956763243614503, 14.106629405698913 ], [ 122.956778351316473, 14.106629405698913 ], [ 122.956799502099244, 14.106629405698913 ], [ 122.956820652882001, 14.106629405698913 ], [ 122.956835760583985, 14.106632427239306 ], [ 122.956850868285954, 14.106635448779702 ], [ 122.95686295444753, 14.106638470320098 ], [ 122.956875040609106, 14.106638470320098 ], [ 122.956884105230301, 14.106641491860492 ], [ 122.956899212932271, 14.106647534941281 ], [ 122.956908277553453, 14.106653578022071 ], [ 122.956923385255436, 14.106656599562466 ], [ 122.956938492957406, 14.106662642643256 ], [ 122.956957976396083, 14.106704326358772 ], [ 122.956995703497157, 14.106679019500518 ], [ 122.956999594974704, 14.106708832829069 ], [ 122.95704424687122, 14.106704944208785 ], [ 122.957053311492402, 14.106714008829968 ], [ 122.957065397653992, 14.106723073451153 ], [ 122.957071440734779, 14.106729116531943 ], [ 122.957086548436749, 14.106741202693522 ], [ 122.957117189591017, 14.106770888928883 ], [ 122.957156043865837, 14.10679559042063 ], [ 122.957162086946624, 14.106804655041815 ], [ 122.957171151567806, 14.106816741203394 ], [ 122.957180216188988, 14.106834870445763 ], [ 122.957192302350578, 14.106849978147737 ], [ 122.957195323890971, 14.106859042768923 ], [ 122.957201366971759, 14.106871128930502 ], [ 122.957201366971759, 14.106880193551687 ], [ 122.957207410052547, 14.106892279713266 ], [ 122.957207410052547, 14.106901344334451 ], [ 122.957210431592941, 14.106910408955635 ], [ 122.957210431592941, 14.106922495117214 ], [ 122.957210431592941, 14.106931559738399 ], [ 122.957210431592941, 14.106943645899978 ], [ 122.957210431592941, 14.106958753601953 ], [ 122.957210431592941, 14.106967818223138 ], [ 122.957210431592941, 14.106985947465507 ], [ 122.957210431592941, 14.106995012086692 ], [ 122.957210431592941, 14.107004076707875 ], [ 122.957210431592941, 14.107016162869456 ], [ 122.957210431592941, 14.107028249031035 ], [ 122.957210431592941, 14.107037313652219 ], [ 122.957210431592941, 14.107043356733008 ], [ 122.957210431592941, 14.107052421354194 ], [ 122.957210431592941, 14.107061485975379 ], [ 122.957204388512153, 14.107067529056168 ], [ 122.957201366971759, 14.107073572136958 ], [ 122.957195323890971, 14.107082636758143 ], [ 122.957192302350578, 14.107091701379327 ], [ 122.95718625926979, 14.107094722919722 ], [ 122.957183237729382, 14.107100766000512 ], [ 122.957177194648594, 14.107112852162091 ], [ 122.957168130027412, 14.107118895242881 ], [ 122.957159065406231, 14.107127959864066 ], [ 122.957146979244655, 14.107134002944855 ], [ 122.957140936163853, 14.107140046025645 ], [ 122.957131871542671, 14.107143067566041 ], [ 122.957119785381096, 14.107146089106434 ], [ 122.957110720759914, 14.107152132187224 ], [ 122.957101656138732, 14.10715515372762 ], [ 122.95709561305793, 14.10715515372762 ], [ 122.957083526896355, 14.107158175268014 ], [ 122.957074462275173, 14.107158175268014 ], [ 122.957065397653992, 14.107161196808409 ], [ 122.9570216, 14.1071523 ], [ 122.956980794522934, 14.107170261429594 ], [ 122.956962665280557, 14.107170261429594 ], [ 122.956950579118981, 14.107170261429594 ], [ 122.956935471417012, 14.107170261429594 ], [ 122.956923385255436, 14.107173282969988 ], [ 122.956908277553453, 14.107173282969988 ], [ 122.956896191391877, 14.107173282969988 ], [ 122.956881083689908, 14.107173282969988 ], [ 122.95686295444753, 14.107173282969988 ], [ 122.956853889826348, 14.107173282969988 ], [ 122.956841803664773, 14.107173282969988 ], [ 122.956832739043577, 14.107173282969988 ], [ 122.956820652882001, 14.107176304510384 ], [ 122.95681158826082, 14.107176304510384 ], [ 122.956799502099244, 14.107176304510384 ], [ 122.956790437478048, 14.107176304510384 ], [ 122.956775329776079, 14.107176304510384 ], [ 122.956760222074109, 14.107176304510384 ], [ 122.956742092831732, 14.107176304510384 ], [ 122.956726985129762, 14.107176304510384 ], [ 122.956720942048975, 14.107176304510384 ], [ 122.956711877427793, 14.107176304510384 ], [ 122.956699791266203, 14.107176304510384 ], [ 122.956687705104628, 14.107176304510384 ], [ 122.956675618943052, 14.107176304510384 ], [ 122.956660511241083, 14.107176304510384 ], [ 122.956648425079493, 14.107176304510384 ], [ 122.956636338917917, 14.107176304510384 ], [ 122.956621231215948, 14.107176304510384 ], [ 122.95660310197357, 14.107176304510384 ], [ 122.956591015811995, 14.107176304510384 ], [ 122.956575908110025, 14.107176304510384 ], [ 122.956557778867648, 14.107176304510384 ], [ 122.956542671165678, 14.107176304510384 ], [ 122.956524541923301, 14.107176304510384 ], [ 122.956512455761725, 14.107176304510384 ], [ 122.95650036960015, 14.107176304510384 ], [ 122.956491304978968, 14.107176304510384 ], [ 122.956482240357772, 14.107176304510384 ], [ 122.956476197276984, 14.107176304510384 ], [ 122.956464111115409, 14.107176304510384 ], [ 122.956455046494227, 14.107176304510384 ], [ 122.956445981873046, 14.107176304510384 ], [ 122.956433895711456, 14.107176304510384 ], [ 122.956415766469092, 14.107176304510384 ], [ 122.956403680307517, 14.107176304510384 ], [ 122.956394615686321, 14.107176304510384 ], [ 122.956385551065139, 14.107176304510384 ], [ 122.956373464903564, 14.107176304510384 ], [ 122.956364400282382, 14.107176304510384 ], [ 122.956358357201594, 14.107176304510384 ], [ 122.956349292580398, 14.107176304510384 ], [ 122.956337206418823, 14.107176304510384 ], [ 122.956331163338035, 14.107176304510384 ], [ 122.956322098716853, 14.107176304510384 ], [ 122.956313034095672, 14.107176304510384 ], [ 122.95630699101487, 14.107176304510384 ], [ 122.956294904853294, 14.107173282969988 ], [ 122.956288861772506, 14.107173282969988 ], [ 122.956282818691719, 14.107173282969988 ], [ 122.956276775610931, 14.107173282969988 ], [ 122.956270732530143, 14.107167239889199 ], [ 122.956240517126233, 14.10718839067196 ], [ 122.956231452505051, 14.10717630451038 ], [ 122.956225409424263, 14.107173282969985 ], [ 122.956204258641449, 14.106707965749179 ] ] ] ] } },
{ "type": "Feature", "properties": { "fid": 207, "desc": "clogged drainage", "other desc": null, "barangay": "Barangay II", "col": "issues", "etc": null, "layer": "b2_issues" }, "geometry": { "type": "MultiPolygon", "coordinates": [ [ [ [ 122.956134763212361, 14.1080495296845 ], [ 122.956249581747372, 14.108043486603711 ], [ 122.956264689449341, 14.107475437009475 ], [ 122.9561268, 14.1074771 ], [ 122.956134763212361, 14.1080495296845 ] ] ] ] } },
{ "type": "Feature", "properties": { "fid": 208, "desc": "clogged", "other desc": null, "barangay": "Barangay II", "col": "issues", "etc": null, "layer": "b2_issues" }, "geometry": { "type": "MultiPolygon", "coordinates": [ [ [ [ 122.956421225487745, 14.104229778982461 ], [ 122.956325875642406, 14.104239744939125 ], [ 122.956282818691776, 14.104094711000172 ], [ 122.956451647261346, 14.104066384058971 ], [ 122.956421225487745, 14.104229778982461 ] ] ] ] } },
{ "type": "Feature", "properties": { "fid": 209, "desc": "flood-prone", "other desc": "cnsc area", "barangay": "Barangay II", "col": "flood-prone", "etc": null, "layer": "b2_flood-prone" }, "geometry": { "type": "MultiPolygon", "coordinates": [ [ [ [ 122.958748236581201, 14.109868689393069 ], [ 122.956286724039558, 14.109868689393069 ], [ 122.956299817191379, 14.108088020745921 ], [ 122.956600959683172, 14.107538108369598 ], [ 122.958067392686715, 14.10738099054779 ], [ 122.959468359931151, 14.107184593270532 ], [ 122.958748236581201, 14.109868689393069 ] ] ] ] } },
{ "type": "Feature", "properties": { "fid": 210, "desc": "flood-prone", "other desc": null, "barangay": "Mambalite", "col": "flood-prone", "etc": null, "layer": "mambalite_flood-prone" }, "geometry": { "type": "MultiPolygon", "coordinates": [ [ [ [ 122.977576188894417, 14.08978379450539 ], [ 122.982656331799518, 14.090857432954405 ], [ 122.984567931964847, 14.087924566947338 ], [ 122.981373202921432, 14.088500665627297 ], [ 122.977576188894417, 14.08978379450539 ] ] ] ] } },
{ "type": "Feature", "properties": { "fid": 211, "desc": "riceland dati", "other desc": "ecology village", "barangay": "Barangay Gubat", "col": "issues", "etc": null, "layer": "gubat_issues" }, "geometry": { "type": "MultiPolygon", "coordinates": [ [ [ [ 122.969379297116873, 14.114316863223868 ], [ 122.968225265437724, 14.114487830880037 ], [ 122.966703652717655, 14.114269492488756 ], [ 122.966673, 14.1126855 ], [ 122.968748788977393, 14.112292381954612 ], [ 122.969763974343252, 14.112735412404305 ], [ 122.969379297116873, 14.114316863223868 ] ] ] ] } },
{ "type": "Feature", "properties": { "fid": 212, "desc": "catch basin", "other desc": null, "barangay": "Barangay Gubat", "col": "flood-prone", "etc": "gubat_flood-prone", "layer": null }, "geometry": { "type": "MultiPolygon", "coordinates": [ [ [ [ 122.97669350715735, 14.121828754616782 ], [ 122.974107955278896, 14.122047139083831 ], [ 122.972675767237391, 14.120952545378918 ], [ 122.972248348096969, 14.120332787625305 ], [ 122.971692703214416, 14.119627546043608 ], [ 122.971778187042503, 14.118772707762764 ], [ 122.972974960635682, 14.117811014696814 ], [ 122.974235847099919, 14.117340853642348 ], [ 122.976330200888, 14.117169885986181 ], [ 122.977526974481179, 14.117298111728307 ], [ 122.978467296590111, 14.11774690182575 ], [ 122.979193909128824, 14.119713029871692 ], [ 122.97669350715735, 14.121828754616782 ] ] ] ] } }
]
}
