{
"type": "FeatureCollection",
"name": "waterways-fgd",
"crs": { "type": "name", "properties": { "name": "urn:ogc:def:crs:OGC:1.3:CRS84" } },
"features": [
{ "type": "Feature", "properties": { "fid": 1, "desc": "old creek", "other desc": "old creek; dried, dead", "barangay": "Barangay I", "col": "FGD waterways", "layer": "b1_waterways", "etc": null, "name": "Old Creek" }, "geometry": { "type": "MultiLineString", "coordinates": [ [ [ 122.956060882877566, 14.111365112889706 ], [ 122.957080548625669, 14.111530940883343 ], [ 122.957278130915981, 14.111689712366617 ], [ 122.957408676357772, 14.111862596870619 ], [ 122.957444840973409, 14.11199578850381 ], [ 122.957494236545983, 14.112122805690426 ], [ 122.957551570692715, 14.112154559987081 ], [ 122.957655654220645, 14.112120159499039 ], [ 122.957739450281252, 14.112023132481484 ], [ 122.957826774597052, 14.111763805725476 ], [ 122.957853236510928, 14.111594449476655 ], [ 122.957895575573133, 14.111400395441546 ], [ 122.957976725442364, 14.111301604296397 ], [ 122.95823428807077, 14.111283963020478 ], [ 122.958925155766991, 14.111279556366602 ], [ 122.959011924326362, 14.111273657015861 ], [ 122.959333057727548, 14.111107143400432 ], [ 122.959455960634173, 14.110980275883914 ], [ 122.959455960634173, 14.110960452834458 ], [ 122.959670049568302, 14.110960452834458 ], [ 122.959717624886991, 14.110940629785002 ], [ 122.959729518716671, 14.110686894751966 ], [ 122.959800881694704, 14.110520381136537 ], [ 122.959955501480465, 14.110556062625557 ], [ 122.960157696584915, 14.110663107092618 ], [ 122.960240953392628, 14.110678965532184 ], [ 122.96033610403002, 14.110651213262946 ], [ 122.960403502398165, 14.110591744114577 ], [ 122.960415396227845, 14.110552098015665 ], [ 122.960451077716854, 14.110536239576101 ] ] ] } },
{ "type": "Feature", "properties": { "fid": 2, "desc": "drainage", "other desc": "dpwh", "barangay": "Barangay I", "col": "FGD waterways", "layer": "b1_waterways", "etc": null, "name": null }, "geometry": { "type": "MultiLineString", "coordinates": [ [ [ 122.958989334680069, 14.112423589444846 ], [ 122.959896096262312, 14.112178375709574 ] ] ] } },
{ "type": "Feature", "properties": { "fid": 3, "desc": "drainage", "other desc": "dpwh", "barangay": "Barangay I", "col": "FGD waterways", "layer": "b1_waterways", "etc": null, "name": null }, "geometry": { "type": "MultiLineString", "coordinates": [ [ [ 122.959423623012739, 14.112305058141509 ], [ 122.959256452972767, 14.111472525381641 ] ] ] } },
{ "type": "Feature", "properties": { "fid": 4, "desc": "drainage", "other desc": "dpwh", "barangay": "Barangay I", "col": "FGD waterways", "layer": "b1_waterways", "etc": null, "name": null }, "geometry": { "type": "MultiLineString", "coordinates": [ [ [ 122.959827979440817, 14.11214018988286 ], [ 122.959679884456136, 14.11144637018146 ] ] ] } },
{ "type": "Feature", "properties": { "fid": 5, "desc": "drainage", "other desc": "dpwh", "barangay": "Barangay I", "col": "FGD waterways", "layer": "b1_waterways", "etc": null, "name": null }, "geometry": { "type": "MultiLineString", "coordinates": [ ] } },
{ "type": "Feature", "properties": { "fid": 6, "desc": "drainage", "other desc": null, "barangay": "Barangay II", "col": "FGD waterways", "layer": "b2_waterways", "etc": null, "name": null }, "geometry": { "type": "MultiLineString", "coordinates": [ [ [ 122.954910813007857, 14.108119753971382 ], [ 122.956008841668435, 14.108184891264806 ] ] ] } },
{ "type": "Feature", "properties": { "fid": 7, "desc": "drainage", "other desc": null, "barangay": "Barangay II", "col": "FGD waterways", "layer": "b2_waterways", "etc": null, "name": null }, "geometry": { "type": "MultiLineString", "coordinates": [ [ [ 122.954945174692483, 14.107443652573942 ], [ 122.956053385634391, 14.107508655048889 ] ] ] } },
{ "type": "Feature", "properties": { "fid": 8, "desc": "drainage", "other desc": null, "barangay": "Barangay II", "col": "FGD waterways", "layer": "b2_waterways", "etc": null, "name": null }, "geometry": { "type": "MultiLineString", "coordinates": [ [ [ 122.955001903200809, 14.106753190634725 ], [ 122.9560983009154, 14.106816104494557 ] ] ] } },
{ "type": "Feature", "properties": { "fid": 9, "desc": "drainage", "other desc": null, "barangay": "Barangay II", "col": "FGD waterways", "layer": "b2_waterways", "etc": null, "name": null }, "geometry": { "type": "MultiLineString", "coordinates": [ [ [ 122.955001903200809, 14.106753190634725 ], [ 122.952962857934651, 14.106633371542122 ] ] ] } },
{ "type": "Feature", "properties": { "fid": 10, "desc": "drainage", "other desc": null, "barangay": "Barangay II", "col": "FGD waterways", "layer": "b2_waterways", "etc": null, "name": null }, "geometry": { "type": "MultiLineString", "coordinates": [ [ [ 122.956127729762429, 14.106189449816437 ], [ 122.954988472152067, 14.106118396857996 ], [ 122.952528649134109, 14.105982630391894 ] ] ] } },
{ "type": "Feature", "properties": { "fid": 11, "desc": "drainage", "other desc": null, "barangay": "Barangay II", "col": "FGD waterways", "layer": "b2_waterways", "etc": null, "name": null }, "geometry": { "type": "MultiLineString", "coordinates": [ [ [ 122.956255521560593, 14.106257693553747 ], [ 122.957183034824553, 14.106330466048441 ] ] ] } },
{ "type": "Feature", "properties": { "fid": 12, "desc": "drainage", "other desc": null, "barangay": "Barangay II", "col": "FGD waterways", "layer": "b2_waterways", "etc": null, "name": null }, "geometry": { "type": "MultiLineString", "coordinates": [ [ [ 122.956098793168934, 14.110002531928918 ], [ 122.956099361261451, 14.109849400815182 ], [ 122.956127637153457, 14.109177494930131 ], [ 122.956221654494499, 14.106864880408351 ], [ 122.956306128722076, 14.105526723816665 ], [ 122.956370456376504, 14.104168067203233 ] ] ] } },
{ "type": "Feature", "properties": { "fid": 13, "desc": "drainage", "other desc": null, "barangay": "Barangay II", "col": "FGD waterways", "layer": "b2_waterways", "etc": null, "name": null }, "geometry": { "type": "MultiLineString", "coordinates": [ [ [ 122.955914237504231, 14.109997491543124 ], [ 122.956138594061585, 14.106145258955458 ], [ 122.956195145845712, 14.105095516462766 ], [ 122.956181007899715, 14.105052395727375 ], [ 122.956216352764784, 14.104195636197989 ] ] ] } },
{ "type": "Feature", "properties": { "fid": 14, "desc": "drainage", "other desc": null, "barangay": "Barangay II", "col": "FGD waterways", "layer": "b2_waterways", "etc": null, "name": null }, "geometry": { "type": "MultiLineString", "coordinates": [ [ [ 122.955067644649688, 14.105493146194839 ], [ 122.956169344094064, 14.105546693665426 ] ] ] } },
{ "type": "Feature", "properties": { "fid": 15, "desc": "drainage", "other desc": null, "barangay": "Barangay II", "col": "FGD waterways", "layer": "b2_waterways", "etc": null, "name": null }, "geometry": { "type": "MultiLineString", "coordinates": [ [ [ 122.95409388278614, 14.105009835932382 ], [ 122.954654528775976, 14.105063341566265 ], [ 122.955222153761525, 14.105084278553438 ], [ 122.956192234167162, 14.105112194536334 ] ] ] } },
{ "type": "Feature", "properties": { "fid": 16, "desc": "drainage", "other desc": "old drainage", "barangay": "Barangay III", "col": "FGD waterways", "layer": "b3_waterways", "etc": null, "name": null }, "geometry": { "type": "MultiLineString", "coordinates": [ [ [ 122.956207869998849, 14.113206721186565 ], [ 122.956168990647271, 14.112952945055337 ], [ 122.956156973393149, 14.112827470784325 ], [ 122.956126576809183, 14.112830651822181 ], [ 122.956118270765941, 14.112758725021761 ], [ 122.956107490582028, 14.112613280901972 ], [ 122.956100775057649, 14.112489927322864 ], [ 122.95609476643061, 14.112281746067582 ], [ 122.956101835403615, 14.112264780532346 ], [ 122.956098300917134, 14.112153797656017 ], [ 122.956088050906217, 14.111903909459938 ], [ 122.956075326754785, 14.111713047188543 ], [ 122.956069318127732, 14.111638822971884 ], [ 122.956075326754785, 14.111588633263478 ], [ 122.956068611230407, 14.111400598581286 ], [ 122.956053766387072, 14.111282546731941 ], [ 122.956037507749116, 14.110979994686904 ], [ 122.956035387057213, 14.110687339204096 ], [ 122.956041042235555, 14.110288825850384 ] ] ] } },
{ "type": "Feature", "properties": { "fid": 17, "desc": "drainage", "other desc": null, "barangay": "Barangay III", "col": "FGD waterways", "layer": "b3_waterways", "etc": null, "name": null }, "geometry": { "type": "MultiLineString", "coordinates": [ [ [ 122.956049209705952, 14.113293926670623 ], [ 122.955980696158747, 14.113001186968846 ], [ 122.955912182611485, 14.111627801772226 ], [ 122.955912182611499, 14.110005276403891 ] ] ] } },
{ "type": "Feature", "properties": { "fid": 18, "desc": "drainage", "other desc": null, "barangay": "Barangay III", "col": "FGD waterways", "layer": "b3_waterways", "etc": null, "name": null }, "geometry": { "type": "MultiLineString", "coordinates": [ [ [ 122.952639103605492, 14.113212956114815 ], [ 122.955980696158747, 14.113001186968846 ] ] ] } },
{ "type": "Feature", "properties": { "fid": 19, "desc": "drainage", "other desc": null, "barangay": "Barangay III", "col": "FGD waterways", "layer": "b3_waterways", "etc": null, "name": null }, "geometry": { "type": "MultiLineString", "coordinates": [ [ [ 122.954637674920519, 14.113624037398161 ], [ 122.954622103659787, 14.113063472011788 ], [ 122.954503762078218, 14.110251302323473 ] ] ] } },
{ "type": "Feature", "properties": { "fid": 20, "desc": "drainage", "other desc": null, "barangay": "Barangay III", "col": "FGD waterways", "layer": "b3_waterways", "etc": null, "name": null }, "geometry": { "type": "MultiLineString", "coordinates": [ [ [ 122.95190959004016, 14.113198941980166 ], [ 122.95190959004016, 14.110078461329342 ] ] ] } },
{ "type": "Feature", "properties": { "fid": 21, "desc": "old creek", "other desc": null, "barangay": "Barangay III", "col": "FGD waterways", "layer": "b3_waterways", "etc": null, "name": "Old Creek" }, "geometry": { "type": "MultiLineString", "coordinates": [ [ [ 122.951915818544421, 14.110805639205557 ], [ 122.952284857423791, 14.11097380882147 ], [ 122.952292643054165, 14.111037650990474 ], [ 122.952306657188814, 14.111352190457273 ], [ 122.953268961102097, 14.111331947818321 ], [ 122.953666028250794, 14.111317933683658 ], [ 122.953972782087234, 14.111310148053292 ], [ 122.954041295634454, 14.111277448405753 ], [ 122.954154965837802, 14.111207377732457 ], [ 122.954198565367861, 14.111043879494764 ], [ 122.955107926994671, 14.111025193981884 ], [ 122.955575064816657, 14.111305476675073 ], [ 122.956104487681571, 14.111380218726589 ] ] ] } },
{ "type": "Feature", "properties": { "fid": 22, "desc": "drainage", "other desc": null, "barangay": "Barangay IV", "col": "FGD waterways", "layer": "b4_waterways", "etc": null, "name": null }, "geometry": { "type": "MultiLineString", "coordinates": [ [ [ 122.954892996835511, 14.116293609158729 ], [ 122.952610425449009, 14.11773073137263 ], [ 122.951392087949884, 14.118485344241956 ], [ 122.950822505449182, 14.11883967651432 ], [ 122.950314477791437, 14.119131311605422 ] ] ] } },
{ "type": "Feature", "properties": { "fid": 23, "desc": "drainage", "other desc": null, "barangay": "Barangay IV", "col": "FGD waterways", "layer": "b4_waterways", "etc": null, "name": null }, "geometry": { "type": "MultiLineString", "coordinates": [ [ [ 122.950840177881716, 14.118829073054798 ], [ 122.950572263804503, 14.118424727798349 ], [ 122.95049309130674, 14.118319400100429 ], [ 122.950379987738501, 14.118179434434737 ], [ 122.949655241280155, 14.117083920341768 ], [ 122.949095555341742, 14.116152583147077 ], [ 122.948857684399769, 14.115809384507212 ], [ 122.948537459922122, 14.115386659920926 ], [ 122.948389364937441, 14.115143133800567 ], [ 122.948282976893637, 14.114947676696708 ] ] ] } },
{ "type": "Feature", "properties": { "fid": 24, "desc": "drainage", "other desc": null, "barangay": "Barangay IV", "col": "FGD waterways", "layer": "b4_waterways", "etc": null, "name": null }, "geometry": { "type": "MultiLineString", "coordinates": [ [ [ 122.947732393534835, 14.115230585745071 ], [ 122.948284383043344, 14.115072348752626 ] ] ] } },
{ "type": "Feature", "properties": { "fid": 25, "desc": "drainage", "other desc": null, "barangay": "Barangay IV", "col": "FGD waterways", "layer": "b4_waterways", "etc": null, "name": null }, "geometry": { "type": "MultiLineString", "coordinates": [ [ [ 122.949903552268395, 14.115455061478546 ], [ 122.950327970868301, 14.115337303716723 ], [ 122.950708230307512, 14.114909205186766 ] ] ] } },
{ "type": "Feature", "properties": { "fid": 26, "desc": "drainage", "other desc": null, "barangay": "Barangay IV", "col": "FGD waterways", "layer": "b4_waterways", "etc": null, "name": null }, "geometry": { "type": "MultiLineString", "coordinates": [ [ [ 122.949615655031153, 14.117017118546768 ], [ 122.951534987926991, 14.115813241337419 ], [ 122.953122264424877, 14.114842966445741 ], [ 122.953344900193343, 14.114742995012538 ], [ 122.954000541065113, 14.114586597985111 ], [ 122.954706474314463, 14.114478040048436 ] ] ] } },
{ "type": "Feature", "properties": { "fid": 27, "desc": "drainage", "other desc": null, "barangay": "Barangay IV", "col": "FGD waterways", "layer": "b4_waterways", "etc": null, "name": null }, "geometry": { "type": "MultiLineString", "coordinates": [ [ [ 122.954705247671114, 14.114426521027639 ], [ 122.953864996974715, 14.114562678439748 ], [ 122.953365139808639, 14.114690862670058 ], [ 122.953179303340775, 14.114762621306175 ], [ 122.951464898371796, 14.115768384463706 ], [ 122.949567586014652, 14.116932290870592 ] ] ] } },
{ "type": "Feature", "properties": { "fid": 28, "desc": "drainage", "other desc": null, "barangay": "Barangay IV", "col": "FGD waterways", "layer": "b4_waterways", "etc": null, "name": null }, "geometry": { "type": "MultiLineString", "coordinates": [ [ [ 122.954869617880277, 14.116297152139914 ], [ 122.954776392985508, 14.115183359976017 ], [ 122.954673354943949, 14.113991062637572 ] ] ] } },
{ "type": "Feature", "properties": { "fid": 29, "desc": "drainage", "other desc": null, "barangay": "Barangay IV", "col": "FGD waterways", "layer": "b4_waterways", "etc": null, "name": null }, "geometry": { "type": "MultiLineString", "coordinates": [ [ [ 122.954819325502882, 14.115676470603644 ], [ 122.954047766834279, 14.11578073528859 ], [ 122.953622121591067, 14.115117121234993 ] ] ] } },
{ "type": "Feature", "properties": { "fid": 30, "desc": "drainage", "other desc": null, "barangay": "Barangay IV", "col": "FGD waterways", "layer": "b4_waterways", "etc": null, "name": null }, "geometry": { "type": "MultiLineString", "coordinates": [ [ [ 122.951122222439025, 14.116075129693151 ], [ 122.951287819291593, 14.116310645216794 ] ] ] } },
{ "type": "Feature", "properties": { "fid": 31, "desc": "drainage", "other desc": null, "barangay": "Barangay IV", "col": "FGD waterways", "layer": "b4_waterways", "etc": null, "name": null }, "geometry": { "type": "MultiLineString", "coordinates": [ [ [ 122.951804236142976, 14.116286112349748 ], [ 122.951465251820423, 14.115859574215596 ] ] ] } },
{ "type": "Feature", "properties": { "fid": 32, "desc": "drainage", "other desc": null, "barangay": "Barangay IV", "col": "FGD waterways", "layer": "b4_waterways", "etc": null, "name": null }, "geometry": { "type": "MultiLineString", "coordinates": [ [ [ 122.95266043320288, 14.116023610672354 ], [ 122.952258390592675, 14.115381358191154 ], [ 122.952240011262845, 14.115308547769102 ], [ 122.952139631846023, 14.115151616568173 ], [ 122.952002493769541, 14.114934599096625 ], [ 122.951897872968942, 14.114396650250198 ] ] ] } },
{ "type": "Feature", "properties": { "fid": 33, "desc": "drainage", "other desc": null, "barangay": "Barangay IV", "col": "FGD waterways", "layer": "b4_waterways", "etc": null, "name": null }, "geometry": { "type": "MultiLineString", "coordinates": [ [ [ 122.951502481878322, 14.11576110899496 ], [ 122.950707616986023, 14.114900005361639 ], [ 122.950555513210332, 14.114556545222992 ] ] ] } },
{ "type": "Feature", "properties": { "fid": 34, "desc": "drainage", "other desc": null, "barangay": "Barangay IV", "col": "FGD waterways", "layer": "b4_waterways", "etc": null, "name": null }, "geometry": { "type": "MultiLineString", "coordinates": [ [ [ 122.950805748454215, 14.115660524240072 ], [ 122.951065796844901, 14.115277811514151 ] ] ] } },
{ "type": "Feature", "properties": { "fid": 35, "desc": "drainage", "other desc": null, "barangay": "Barangay V", "col": "FGD waterways", "layer": "b5_waterways", "etc": null, "name": null }, "geometry": { "type": "MultiLineString", "coordinates": [ [ [ 122.95774925219942, 14.121973079801746 ], [ 122.957617150766211, 14.122004190646523 ], [ 122.957411340562331, 14.121975951572034 ], [ 122.957157667520292, 14.121986481396421 ], [ 122.956888678370021, 14.122049660342741 ], [ 122.956611722641938, 14.122118920638403 ] ] ] } },
{ "type": "Feature", "properties": { "fid": 36, "desc": "drainage", "other desc": null, "barangay": "Barangay V", "col": "FGD waterways", "layer": "b5_waterways", "etc": null, "name": null }, "geometry": { "type": "MultiLineString", "coordinates": [ [ [ 122.957801202276713, 14.121991084730764 ], [ 122.956916016762875, 14.120185999151838 ], [ 122.956595453966798, 14.119531789363906 ], [ 122.956477696204971, 14.11937914041339 ], [ 122.956270529772127, 14.119187238875597 ], [ 122.956061182639985, 14.118897205869613 ], [ 122.955736258445285, 14.117939878879941 ], [ 122.955574886697633, 14.11756043720294 ], [ 122.954970832993439, 14.116370865738551 ] ] ] } },
{ "type": "Feature", "properties": { "fid": 37, "desc": "drainage", "other desc": null, "barangay": "Barangay V", "col": "FGD waterways", "layer": "b5_waterways", "etc": null, "name": null }, "geometry": { "type": "MultiLineString", "coordinates": [ [ [ 122.954966471594858, 14.116388311332894 ], [ 122.953071443909138, 14.117561527552585 ] ] ] } },
{ "type": "Feature", "properties": { "fid": 38, "desc": "drainage", "other desc": null, "barangay": "Barangay V", "col": "FGD waterways", "layer": "b5_waterways", "etc": null, "name": null }, "geometry": { "type": "MultiLineString", "coordinates": [ [ [ 122.955574886697633, 14.11756043720294 ], [ 122.954469211903017, 14.118218490510626 ] ] ] } },
{ "type": "Feature", "properties": { "fid": 39, "desc": "drainage", "other desc": null, "barangay": "Barangay V", "col": "FGD waterways", "layer": "b5_waterways", "etc": null, "name": null }, "geometry": { "type": "MultiLineString", "coordinates": [ [ [ 122.952736017535983, 14.122934438041215 ], [ 122.952210067688398, 14.12105282712084 ], [ 122.951976809834136, 14.120487159583501 ], [ 122.951758662934708, 14.119868707404686 ] ] ] } },
{ "type": "Feature", "properties": { "fid": 40, "desc": "drainage", "other desc": null, "barangay": "Barangay V", "col": "FGD waterways", "layer": "b5_waterways", "etc": null, "name": null }, "geometry": { "type": "MultiLineString", "coordinates": [ [ [ 122.951147930838928, 14.122405951032222 ], [ 122.950941991049447, 14.122062490893555 ], [ 122.950315040002678, 14.121183669078434 ], [ 122.949765503780782, 14.120337557752711 ], [ 122.949388242803096, 14.119876339852219 ] ] ] } },
{ "type": "Feature", "properties": { "fid": 41, "desc": "drainage", "other desc": null, "barangay": "Barangay V", "col": "FGD waterways", "layer": "b5_waterways", "etc": null, "name": null }, "geometry": { "type": "MultiLineString", "coordinates": [ [ [ 122.950404448673723, 14.121310149637436 ], [ 122.949597589935266, 14.121842240264954 ] ] ] } },
{ "type": "Feature", "properties": { "fid": 42, "desc": "drainage", "other desc": null, "barangay": "Barangay V", "col": "FGD waterways", "layer": "b5_waterways", "etc": null, "name": null }, "geometry": { "type": "MultiLineString", "coordinates": [ [ [ 122.951210061894557, 14.120087998240599 ], [ 122.950528612895923, 14.119127560440322 ] ] ] } },
{ "type": "Feature", "properties": { "fid": 43, "desc": "creek/drainage", "other desc": "aswang creek; drainage", "barangay": "Barangay V", "col": "FGD waterways", "layer": "b5_waterways", "etc": null, "name": "Aswang Creek" }, "geometry": { "type": "MultiLineString", "coordinates": [ [ [ 122.957275014384052, 14.120538590968787 ], [ 122.958537639274766, 14.120149336144966 ], [ 122.959172222769055, 14.12010027041087 ] ] ] } },
{ "type": "Feature", "properties": { "fid": 44, "desc": "creek", "other desc": "aswang creek", "barangay": "Barangay V", "col": "FGD waterways", "layer": "b5_waterways", "etc": null, "name": "Aswang Creek" }, "geometry": { "type": "MultiLineString", "coordinates": [ [ [ 122.957274452172584, 14.120539498173867 ], [ 122.957212506683291, 14.120510058733407 ], [ 122.957078802557888, 14.120445046635734 ], [ 122.957000041832558, 14.120402433556672 ], [ 122.956777814945227, 14.120486254185751 ], [ 122.956388560121397, 14.120512422577269 ], [ 122.955495563760877, 14.120813359079719 ] ] ] } },
{ "type": "Feature", "properties": { "fid": 45, "desc": "creek", "other desc": "aswang creek", "barangay": "Barangay V", "col": "FGD waterways", "layer": "b5_waterways", "etc": null, "name": "Aswang Creek" }, "geometry": { "type": "MultiLineString", "coordinates": [ [ [ 122.949599498047206, 14.121891169705345 ], [ 122.949059774972156, 14.122394911242054 ], [ 122.94860837021848, 14.1227285582339 ] ] ] } },
{ "type": "Feature", "properties": { "fid": 46, "desc": "creek", "other desc": "aswang creek; undetermined connection", "barangay": "Barangay V", "col": "FGD waterways", "layer": "b5_waterways", "etc": null, "name": "Aswang Creek" }, "geometry": { "type": "MultiLineString", "coordinates": [ [ [ 122.950404176086366, 14.121299109847261 ], [ 122.951025675384912, 14.12101125754057 ], [ 122.952167271464873, 14.120785555163735 ], [ 122.952762602371891, 14.120667797401905 ], [ 122.953331764887395, 14.120638357961449 ], [ 122.954244387541564, 14.120952378659657 ], [ 122.954954205161471, 14.121014528589512 ], [ 122.955559349215321, 14.120834620897829 ] ] ] } },
{ "type": "Feature", "properties": { "fid": 47, "desc": "drainage", "other desc": null, "barangay": "Barangay V", "col": "FGD waterways", "layer": "b5_waterways", "etc": null, "name": null }, "geometry": { "type": "MultiLineString", "coordinates": [ [ [ 122.955564313639229, 14.117491446636057 ], [ 122.951210061894557, 14.120087998240599 ] ] ] } },
{ "type": "Feature", "properties": { "fid": 48, "desc": "drainage", "other desc": null, "barangay": "Barangay VI", "col": null, "layer": "b6_waterways", "etc": null, "name": null }, "geometry": { "type": "MultiLineString", "coordinates": [ [ [ 122.957931995486149, 14.121952364537906 ], [ 122.957426832040085, 14.121027919933953 ], [ 122.956878446053167, 14.119851006165566 ], [ 122.956678541801793, 14.119469207054779 ], [ 122.956504751168808, 14.119266601394575 ], [ 122.956430012191959, 14.119168900442871 ], [ 122.956288638464613, 14.119019422489123 ], [ 122.956166174598891, 14.118820418707324 ], [ 122.95611304689244, 14.118698855311203 ], [ 122.955997786783499, 14.118346771697253 ], [ 122.955940156729042, 14.11816307589867 ], [ 122.955708736041586, 14.117496728394009 ], [ 122.955606082507074, 14.117293222264207 ], [ 122.95512523174024, 14.116354932940073 ], [ 122.955022578205757, 14.11617123714149 ], [ 122.954923526549663, 14.11562735350255 ], [ 122.954783953761222, 14.113964748942569 ] ] ] } },
{ "type": "Feature", "properties": { "fid": 49, "desc": "drainage", "other desc": null, "barangay": "Barangay VI", "col": null, "layer": "b6_waterways", "etc": null, "name": null }, "geometry": { "type": "MultiLineString", "coordinates": [ [ [ 122.957801202276713, 14.121991084730764 ], [ 122.957695847333397, 14.121784426957342 ], [ 122.957404545417461, 14.121153648001872 ], [ 122.956916490893775, 14.120167633788816 ], [ 122.95667831668429, 14.119694887248308 ], [ 122.95661573404702, 14.119573774086978 ], [ 122.95648133895908, 14.11938467547078 ], [ 122.956437215948583, 14.119334249173123 ], [ 122.956321955839655, 14.119232496108214 ], [ 122.956226506061952, 14.119133444452109 ], [ 122.956095037500219, 14.118957852879921 ], [ 122.956051814959395, 14.118880412494239 ], [ 122.956005891009752, 14.118779559898931 ], [ 122.955968971756079, 14.118664299790007 ], [ 122.955860014934359, 14.118324822750443 ], [ 122.955777171731071, 14.118065487505365 ], [ 122.955669115378981, 14.11775302455383 ], [ 122.955434993282708, 14.117237055472479 ], [ 122.955239591379268, 14.116849853544062 ], [ 122.95497215190781, 14.116399618743582 ], [ 122.954855991329296, 14.116298766148272 ], [ 122.954869498373299, 14.116025923859182 ], [ 122.954822673954084, 14.115721565134054 ], [ 122.954788456109213, 14.115230809201529 ], [ 122.954708314314743, 14.114493324598339 ], [ 122.954654286138677, 14.114020578057829 ] ] ] } },
{ "type": "Feature", "properties": { "fid": 50, "desc": "drainage", "other desc": null, "barangay": "Barangay VI", "col": null, "layer": "b6_waterways", "etc": null, "name": null }, "geometry": { "type": "MultiLineString", "coordinates": [ [ [ 122.954821773484426, 14.11441633444745 ], [ 122.956255321089159, 14.114128184175142 ] ] ] } },
{ "type": "Feature", "properties": { "fid": 51, "desc": "drainage", "other desc": null, "barangay": "Barangay VI", "col": null, "layer": "b6_waterways", "etc": null, "name": null }, "geometry": { "type": "MultiLineString", "coordinates": [ [ [ 122.954884806356489, 14.115097089465777 ], [ 122.956451623462172, 14.114862967369527 ] ] ] } },
{ "type": "Feature", "properties": { "fid": 52, "desc": "drainage", "other desc": null, "barangay": "Barangay VI", "col": null, "layer": "b6_waterways", "etc": null, "name": null }, "geometry": { "type": "MultiLineString", "coordinates": [ [ [ 122.955540348225966, 14.114286666824913 ], [ 122.955760062808608, 14.115597750563914 ], [ 122.955770868443807, 14.115738223821664 ], [ 122.955817692863064, 14.115889502714627 ], [ 122.956320154900411, 14.117112340432728 ] ] ] } },
{ "type": "Feature", "properties": { "fid": 53, "desc": "drainage", "other desc": null, "barangay": "Barangay VI", "col": null, "layer": "b6_waterways", "etc": null, "name": null }, "geometry": { "type": "MultiLineString", "coordinates": [ [ [ 122.955722243085333, 14.117526556449173 ], [ 122.957132378480466, 14.116689119720281 ] ] ] } },
{ "type": "Feature", "properties": { "fid": 54, "desc": "drainage", "other desc": null, "barangay": "Barangay VI", "col": null, "layer": "b6_waterways", "etc": null, "name": null }, "geometry": { "type": "MultiLineString", "coordinates": [ [ [ 122.955983379269639, 14.118297358427599 ], [ 122.957950004878143, 14.117762479484627 ] ] ] } },
{ "type": "Feature", "properties": { "fid": 55, "desc": "drainage", "other desc": null, "barangay": "Barangay VI", "col": null, "layer": "b6_waterways", "etc": null, "name": null }, "geometry": { "type": "MultiLineString", "coordinates": [ [ [ 122.95596717081682, 14.118230723677128 ], [ 122.957899578580481, 14.117715655065378 ] ] ] } },
{ "type": "Feature", "properties": { "fid": 56, "desc": "drainage", "other desc": null, "barangay": "Barangay VI", "col": null, "layer": "b6_waterways", "etc": null, "name": null }, "geometry": { "type": "MultiLineString", "coordinates": [ [ [ 122.956718162464, 14.118486457043799 ], [ 122.957746498748293, 14.118192903953886 ] ] ] } },
{ "type": "Feature", "properties": { "fid": 57, "desc": "drainage", "other desc": null, "barangay": "Barangay VI", "col": null, "layer": "b6_waterways", "etc": null, "name": null }, "geometry": { "type": "MultiLineString", "coordinates": [ [ [ 122.956874844174564, 14.118954701236307 ], [ 122.957971616148527, 14.118599916213528 ] ] ] } },
{ "type": "Feature", "properties": { "fid": 58, "desc": "drainage", "other desc": null, "barangay": "Barangay VI", "col": null, "layer": "b6_waterways", "etc": null, "name": null }, "geometry": { "type": "MultiLineString", "coordinates": [ [ [ 122.956667736166338, 14.119446357638431 ], [ 122.956972094891469, 14.119325694711902 ], [ 122.958351614320136, 14.118891668364238 ], [ 122.958627158018032, 14.118798019525741 ], [ 122.959113411602559, 14.118524276767049 ], [ 122.959324121489189, 14.118535082402261 ] ] ] } },
{ "type": "Feature", "properties": { "fid": 59, "desc": "drainage", "other desc": null, "barangay": "Barangay VI", "col": null, "layer": "b6_waterways", "etc": null, "name": null }, "geometry": { "type": "MultiLineString", "coordinates": [ [ [ 122.957206216987714, 14.120543129612402 ], [ 122.957597020794537, 14.120379244145028 ], [ 122.958409244374607, 14.120235169008874 ] ] ] } },
{ "type": "Feature", "properties": { "fid": 60, "desc": "drainage", "other desc": null, "barangay": "Barangay VI", "col": null, "layer": "b6_waterways", "etc": null, "name": null }, "geometry": { "type": "MultiLineString", "coordinates": [ [ [ 122.957134179419597, 14.116689119720281 ], [ 122.957296263947768, 14.117359069103397 ], [ 122.957526784165609, 14.117812905782282 ], [ 122.95781493443792, 14.11828835373159 ], [ 122.957971616148455, 14.118590911517508 ], [ 122.958149909129446, 14.118956502175498 ] ] ] } },
{ "type": "Feature", "properties": { "fid": 61, "desc": "canal", "other desc": "made by brgy council", "barangay": "Barangay VI", "col": null, "layer": "b6_waterways", "etc": null, "name": null }, "geometry": { "type": "MultiLineString", "coordinates": [ [ [ 122.957940724861857, 14.121939064665497 ], [ 122.958397320194337, 14.121677283341546 ], [ 122.958555606576269, 14.121509865052971 ], [ 122.958589090233986, 14.12146724948861 ], [ 122.958926970780013, 14.12027096971752 ] ] ] } },
{ "type": "Feature", "properties": { "fid": 62, "desc": "creek", "other desc": "aswan creek?", "barangay": "Barangay VI", "col": null, "layer": "b6_waterways", "etc": null, "name": "Aswan Creek" }, "geometry": { "type": "MultiLineString", "coordinates": [ [ [ 122.956997094508054, 14.120361527791792 ], [ 122.957532833031493, 14.120120293257802 ], [ 122.957943768830717, 14.120111161351153 ], [ 122.957974208519545, 14.120129425164452 ], [ 122.958056395679392, 14.120302931390791 ], [ 122.958123362994826, 14.120461217772716 ], [ 122.958391232256545, 14.120449041897183 ], [ 122.958427759883136, 14.120449041897183 ], [ 122.958674321362679, 14.120476437617132 ], [ 122.958835651713486, 14.120485569523781 ], [ 122.959024377784246, 14.120485569523781 ], [ 122.959365302299162, 14.120412514270585 ] ] ] } },
{ "type": "Feature", "properties": { "fid": 63, "desc": "creek", "other desc": "dogongan creek", "barangay": "Barangay Dogongan", "col": null, "layer": "dogongan_waterways", "etc": null, "name": "Dogongan Creek" }, "geometry": { "type": "MultiLineString", "coordinates": [ [ [ 122.906962814961375, 14.10273841329497 ], [ 122.90754959278199, 14.102244541962559 ], [ 122.908322183579216, 14.102694404958415 ], [ 122.909231689201278, 14.102606388285313 ], [ 122.91001405962885, 14.102156525289457 ], [ 122.910287889278493, 14.101716441923948 ], [ 122.910459032809541, 14.101418163198442 ], [ 122.911055590260574, 14.101594196544646 ], [ 122.911319640279871, 14.101667543772232 ], [ 122.911290301388846, 14.101970712312916 ], [ 122.911309860649524, 14.102161415104636 ], [ 122.911456555104692, 14.102063618801189 ], [ 122.911647257896419, 14.101740890999816 ], [ 122.911974875512968, 14.101736001184644 ], [ 122.912341611650874, 14.101471951165331 ] ] ] } },
{ "type": "Feature", "properties": { "fid": 64, "desc": "creek", "other desc": "dogongan creek", "barangay": "Barangay Dogongan", "col": null, "layer": "dogongan_waterways", "etc": null, "name": "Dogongan Creek" }, "geometry": { "type": "MultiLineString", "coordinates": [ [ [ 122.906969441265673, 14.102755665876069 ], [ 122.906688985311717, 14.102327668820495 ], [ 122.906454274183446, 14.102327668820495 ], [ 122.90596529266621, 14.102180974365325 ], [ 122.905559438006875, 14.102278770668772 ], [ 122.905383404660668, 14.102097847507396 ], [ 122.905398074106188, 14.101608865990162 ], [ 122.905486090779291, 14.101251909482583 ], [ 122.905495870409624, 14.100968300202588 ], [ 122.905530099115836, 14.100714029813625 ], [ 122.905564327822049, 14.100401081642596 ], [ 122.905945733405488, 14.10000989642881 ], [ 122.906107097306176, 14.100049014950189 ] ] ] } },
{ "type": "Feature", "properties": { "fid": 65, "desc": "creek", "other desc": "palale creek", "barangay": "Barangay Dogongan", "col": null, "layer": "dogongan_waterways", "etc": null, "name": "Palale Creek" }, "geometry": { "type": "MultiLineString", "coordinates": [ [ [ 122.900635394128429, 14.114121903016159 ], [ 122.900635394128429, 14.113613362238237 ], [ 122.899716108876021, 14.1129483473748 ], [ 122.899774786658099, 14.112557162161014 ], [ 122.900752749692558, 14.112009502861712 ], [ 122.901261290470487, 14.111442284301722 ], [ 122.90022464965395, 14.110346965703121 ], [ 122.899774786658099, 14.109623273057615 ], [ 122.899109771794656, 14.109721069361061 ], [ 122.89936404218362, 14.108801784108664 ], [ 122.898288282845712, 14.108097650723847 ], [ 122.89805357171744, 14.108567072980392 ], [ 122.89740811611469, 14.108175887766604 ], [ 122.897642827242962, 14.107882498856265 ], [ 122.897838419849847, 14.107765143292129 ], [ 122.89776018280709, 14.107315280296275 ], [ 122.897721064285719, 14.106767620996974 ], [ 122.897916656892605, 14.106513350608013 ], [ 122.897545030939511, 14.106083046872847 ], [ 122.897545030939511, 14.105496269052168 ], [ 122.897877538371233, 14.105163761620449 ], [ 122.897623267982269, 14.10459654306046 ], [ 122.897368997593304, 14.103031802205313 ], [ 122.897564590200204, 14.102777531816352 ] ] ] } },
{ "type": "Feature", "properties": { "fid": 66, "desc": "drainage", "other desc": null, "barangay": "Barangay Dogongan", "col": null, "layer": "dogongan_waterways", "etc": null, "name": null }, "geometry": { "type": "MultiLineString", "coordinates": [ [ [ 122.904933275324709, 14.102627226216462 ], [ 122.906746814615104, 14.10290743099084 ] ] ] } },
{ "type": "Feature", "properties": { "fid": 67, "desc": "drainage", "other desc": null, "barangay": "Barangay Dogongan", "col": null, "layer": "dogongan_waterways", "etc": null, "name": null }, "geometry": { "type": "MultiLineString", "coordinates": [ [ [ 122.905943288497966, 14.103298297132213 ], [ 122.90639559640141, 14.103352085099107 ], [ 122.906674315866198, 14.100337514045361 ] ] ] } },
{ "type": "Feature", "properties": { "fid": 68, "desc": "creek", "other desc": "pininggaanan creek", "barangay": "Barangay Dogongan", "col": null, "layer": "dogongan_waterways", "etc": null, "name": "Pininggaanan Creek" }, "geometry": { "type": "MultiLineString", "coordinates": [ [ [ 122.912514336164634, 14.100524432845834 ], [ 122.912784943374248, 14.099896419887667 ], [ 122.912830895541916, 14.099212243169012 ], [ 122.913030021601827, 14.099018222905514 ], [ 122.913310840404264, 14.098900789588132 ], [ 122.913637611374369, 14.098793567863567 ], [ 122.914132873625931, 14.098650605564146 ], [ 122.914342211278651, 14.098650605564146 ], [ 122.914602606895443, 14.098941635959395 ], [ 122.914903848883512, 14.099018222905514 ], [ 122.91511829233265, 14.09893142436658 ], [ 122.915674824141107, 14.099038646091143 ], [ 122.916057758871688, 14.099064175073183 ], [ 122.916175192189073, 14.098936530162987 ], [ 122.916236461745967, 14.098579124414437 ], [ 122.916313048692089, 14.098665922953369 ] ] ] } },
{ "type": "Feature", "properties": { "fid": 69, "desc": "drainage", "other desc": "man-made", "barangay": "Barangay Dogongan", "col": null, "layer": "dogongan_waterways", "etc": null, "name": null }, "geometry": { "type": "MultiLineString", "coordinates": [ [ [ 122.912240913281934, 14.110134367359317 ], [ 122.910249010045845, 14.109489928077055 ], [ 122.909975611562473, 14.108865017257894 ], [ 122.909637118202085, 14.107602176644169 ], [ 122.910040706439489, 14.106267731665755 ], [ 122.91020995311969, 14.105564706994194 ], [ 122.90997164955354, 14.104721397493103 ], [ 122.908603296116226, 14.104037220774449 ], [ 122.907367693385524, 14.10343473679832 ], [ 122.906744786223769, 14.103261139720452 ], [ 122.906750548561519, 14.102873825473068 ] ] ] } },
{ "type": "Feature", "properties": { "fid": 70, "desc": "creek", "other desc": "kahabaan creek, seasonal (sometimes dry)", "barangay": "Barangay Dogongan", "col": null, "layer": "dogongan_waterways", "etc": null, "name": "Kahabaan Creek" }, "geometry": { "type": "MultiLineString", "coordinates": [ [ [ 122.906548526189553, 14.103118940632692 ], [ 122.906614432581321, 14.104056275982346 ], [ 122.906050566785041, 14.106092051194874 ], [ 122.907317434093528, 14.108904057243839 ] ] ] } },
{ "type": "Feature", "properties": { "fid": 71, "desc": "creek", "other desc": "kahabaan creek, seasonal (sometime dry)", "barangay": "Barangay Dogongan", "col": null, "layer": "dogongan_waterways", "etc": null, "name": "Kahabaan Creek" }, "geometry": { "type": "MultiLineString", "coordinates": [ [ [ 122.906013952122919, 14.106033467735523 ], [ 122.904900866395195, 14.105154715845224 ], [ 122.904769053611659, 14.103016419578825 ] ] ] } },
{ "type": "Feature", "properties": { "fid": 72, "desc": "labog", "other desc": "labog", "barangay": "Barangay Dogongan", "col": null, "layer": "dogongan_waterways", "etc": null, "name": "labog" }, "geometry": { "type": "MultiLineString", "coordinates": [ [ [ 122.908062506765162, 14.096315497787037 ], [ 122.909137720961951, 14.09621096307346 ], [ 122.909735062182392, 14.09679337076339 ], [ 122.909660394529837, 14.099391805072303 ], [ 122.909376657450139, 14.100407285147051 ], [ 122.908122240887209, 14.099989146292744 ], [ 122.907315830239611, 14.098824330912885 ], [ 122.906733422549692, 14.097345911392296 ], [ 122.907569700258307, 14.096629101927768 ], [ 122.908196908539765, 14.096285630726015 ] ] ] } },
{ "type": "Feature", "properties": { "fid": 73, "desc": "creek", "other desc": "aswan creek, to borabod & awitan", "barangay": "Barangay Gahonon", "col": null, "layer": "gahonon_waterways", "etc": null, "name": "Aswan Creek" }, "geometry": { "type": "MultiLineString", "coordinates": [ [ [ 122.955594937622507, 14.13120973112078 ], [ 122.955442024193857, 14.130883141133454 ], [ 122.955434664545137, 14.13086711717102 ], [ 122.95542146178137, 14.130838269578247 ], [ 122.955399828874505, 14.130791379695127 ], [ 122.955380091634751, 14.130748626826669 ], [ 122.955369687767757, 14.13072592900097 ], [ 122.955366487435654, 14.130718995877352 ], [ 122.955366215630448, 14.130718517778959 ], [ 122.955364764957281, 14.130715904267339 ], [ 122.955364036310243, 14.130714591239101 ], [ 122.955360603201342, 14.130708412897642 ], [ 122.955359859918644, 14.130707080006717 ], [ 122.955346656458005, 14.130683342003419 ], [ 122.955342717373298, 14.130676241615062 ], [ 122.955290204607095, 14.130581854120368 ], [ 122.955285588100168, 14.130573223259608 ], [ 122.955264512742517, 14.130503875296997 ], [ 122.955225799317745, 14.130373634604553 ], [ 122.955211723989564, 14.130326629030046 ], [ 122.955210720401041, 14.130323329732972 ], [ 122.955165533830638, 14.130263114425352 ], [ 122.955073354230535, 14.13016942944258 ], [ 122.954969282107243, 14.130057027535024 ], [ 122.954900034503453, 14.129975736869737 ], [ 122.954885181394232, 14.129946833522078 ], [ 122.954872335461943, 14.129923951705182 ], [ 122.954816937378936, 14.129877385200622 ], [ 122.954636993967981, 14.129794990588028 ], [ 122.954551789307715, 14.129712194540046 ], [ 122.954509989848319, 14.129634817869755 ], [ 122.954486628190665, 14.129591944257106 ], [ 122.954486264389857, 14.129591276243536 ], [ 122.954482958820364, 14.129587784069306 ], [ 122.954480855988891, 14.129585569902263 ], [ 122.954455017506362, 14.129558289545351 ], [ 122.9543693612314, 14.129468092032605 ], [ 122.954207080977625, 14.129400249452782 ], [ 122.954122043582217, 14.129364655515438 ], [ 122.954010243827852, 14.129236932157566 ], [ 122.954008704992205, 14.129234791168853 ], [ 122.953967490959457, 14.129160592528795 ], [ 122.953814544078341, 14.129037218054243 ], [ 122.953540631334945, 14.128732260974527 ], [ 122.953437863876758, 14.128634845988115 ], [ 122.953215201050668, 14.128636986976828 ], [ 122.953109222109447, 14.128618253325595 ], [ 122.952982903775421, 14.128580786023129 ], [ 122.952921885597121, 14.128541712979128 ], [ 122.95280573695949, 14.128376321601099 ], [ 122.952680489119786, 14.128057849530135 ], [ 122.952613047975376, 14.127913332792053 ], [ 122.95253061990995, 14.127762928335009 ], [ 122.952486729641336, 14.127678894528044 ], [ 122.952446050855826, 14.127489952274177 ], [ 122.952436416406613, 14.127355069985299 ], [ 122.952335789937152, 14.127319743671546 ], [ 122.952182709244212, 14.127314391199764 ], [ 122.952016782619012, 14.127340083064313 ], [ 122.951814459185698, 14.12738290283856 ], [ 122.951719185187997, 14.127403242231328 ], [ 122.951617488224116, 14.127394678276481 ], [ 122.95154469460789, 14.127331519109466 ], [ 122.951495451867515, 14.127201989292368 ], [ 122.951424799240016, 14.126817681818501 ], [ 122.951393754903677, 14.126606794430334 ], [ 122.951391613914964, 14.126271729696853 ], [ 122.951323102276163, 14.126135776913616 ], [ 122.951100439450073, 14.12535431603361 ], [ 122.951102580438786, 14.12528152241739 ], [ 122.951083311540373, 14.125174472981772 ], [ 122.951040491766136, 14.125110243320403 ], [ 122.950971980127278, 14.125059930085662 ], [ 122.950837097838402, 14.124977502020236 ], [ 122.950771797682677, 14.124956092133113 ], [ 122.950642267865575, 14.124870452584618 ], [ 122.950597307102626, 14.124835126270865 ], [ 122.950548064362238, 14.124768755620783 ], [ 122.950526654475112, 14.124710948925548 ], [ 122.950522907744883, 14.124693285768672 ], [ 122.950518090520291, 14.124639761050863 ], [ 122.95050096261059, 14.124575531389493 ], [ 122.95047205926295, 14.124531105873711 ], [ 122.950446367398399, 14.124495244312779 ], [ 122.950429774735881, 14.124448142561109 ], [ 122.950420140286681, 14.124402646550971 ], [ 122.950369827051958, 14.124120036040939 ], [ 122.950316302334144, 14.123948756943951 ], [ 122.950302385907506, 14.123902725686635 ], [ 122.950269200582468, 14.123681133354907 ], [ 122.950257425144557, 14.123570872436218 ], [ 122.950240297234856, 14.123457400034464 ], [ 122.950187843011406, 14.123209045343833 ], [ 122.949585271689998, 14.122616542855798 ], [ 122.949238840350603, 14.122434666402619 ], [ 122.949050468309821, 14.122462813948944 ], [ 122.948942208516257, 14.122354554155386 ], [ 122.948896739402969, 14.122317745825578 ], [ 122.948558968847024, 14.121551266487188 ], [ 122.94853731688832, 14.121417024343177 ], [ 122.948387918373228, 14.121395372384464 ], [ 122.948211454909725, 14.12142351993079 ] ] ] } },
{ "type": "Feature", "properties": { "fid": 74, "desc": "creek", "other desc": "namo creek, talisay", "barangay": "Barangay Gahonon", "col": null, "layer": "gahonon_waterways", "etc": null, "name": "Namo Creek" }, "geometry": { "type": "MultiLineString", "coordinates": [ [ [ 122.940350981949038, 14.125147656829181 ], [ 122.940581575309324, 14.125413975921333 ], [ 122.94109472673081, 14.126381818475739 ], [ 122.941614373739881, 14.126745571382093 ] ] ] } },
{ "type": "Feature", "properties": { "fid": 75, "desc": "drainage", "other desc": null, "barangay": "Barangay Gahonon", "col": null, "layer": "gahonon_waterways", "etc": null, "name": null }, "geometry": { "type": "MultiLineString", "coordinates": [ [ [ 122.940503628257957, 14.125326285488553 ], [ 122.944454569423897, 14.12285633829854 ], [ 122.947907786188878, 14.120771254674622 ] ] ] } },
{ "type": "Feature", "properties": { "fid": 76, "desc": "drainage", "other desc": "around cathedral; nirehab; to creek", "barangay": "Barangay Gahonon", "col": null, "layer": "gahonon_waterways", "etc": null, "name": null }, "geometry": { "type": "MultiLineString", "coordinates": [ [ [ 122.948587387042906, 14.124201736882988 ], [ 122.94856343456361, 14.124386455155742 ], [ 122.948378310316627, 14.124508247423494 ], [ 122.947962592709374, 14.124630039691247 ], [ 122.947645932813217, 14.124659269835508 ], [ 122.947470551947646, 14.12458294668105 ], [ 122.947390980999387, 14.124318251485802 ], [ 122.947475423638352, 14.124087658125523 ], [ 122.947740118833607, 14.123894414394023 ], [ 122.947938234255815, 14.123719033528459 ], [ 122.948042163657632, 14.123590745673093 ], [ 122.948399420976372, 14.123563139425736 ], [ 122.948483863615351, 14.123681683899681 ], [ 122.948567900280068, 14.124127037625433 ] ] ] } },
{ "type": "Feature", "properties": { "fid": 77, "desc": "drainage", "other desc": "on-going project", "barangay": "Barangay Gahonon", "col": null, "layer": "gahonon_waterways", "etc": null, "name": null }, "geometry": { "type": "MultiLineString", "coordinates": [ [ [ 122.948595912501659, 14.124100649300752 ], [ 122.949255214644424, 14.123935011816608 ] ] ] } },
{ "type": "Feature", "properties": { "fid": 78, "desc": "drainage", "other desc": "on-going; exit to daet river", "barangay": "Barangay Lag-on", "col": null, "layer": "lag-on_waterways", "etc": null, "name": null }, "geometry": { "type": "MultiLineString", "coordinates": [ [ [ 122.943232631514732, 14.116856000438368 ], [ 122.943641658384308, 14.116000273171727 ], [ 122.943676640945526, 14.11590878031932 ], [ 122.943948428536501, 14.115677357222051 ] ] ] } },
{ "type": "Feature", "properties": { "fid": 79, "desc": "old creek", "other desc": "part of aswang creek; dead creek", "barangay": "Barangay Lag-on", "col": null, "layer": "lag-on_waterways", "etc": null, "name": "Aswang Creek" }, "geometry": { "type": "MultiLineString", "coordinates": [ [ [ 122.943525781860586, 14.119590146868822 ], [ 122.943535365217556, 14.118953608628141 ], [ 122.943640312901209, 14.118649529442196 ], [ 122.943599948407496, 14.118337377357509 ], [ 122.943540747150053, 14.118011770441585 ], [ 122.943406198837693, 14.117758819614339 ], [ 122.943141104634208, 14.117367567338626 ], [ 122.942799169321873, 14.117282083510542 ] ] ] } },
{ "type": "Feature", "properties": { "fid": 80, "desc": "creek", "other desc": "part of aswang creek; encroached creek", "barangay": "Barangay Lag-on", "col": null, "layer": "lag-on_waterways", "etc": null, "name": "Aswang Creek" }, "geometry": { "type": "MultiLineString", "coordinates": [ [ [ 122.947192388347645, 14.120538587747808 ], [ 122.94741842951241, 14.120907250123688 ], [ 122.94748570366859, 14.121066017132279 ] ] ] } },
{ "type": "Feature", "properties": { "fid": 81, "desc": "drainage", "other desc": "exit to nia canal", "barangay": "Barangay Lag-on", "col": null, "layer": "lag-on_waterways", "etc": null, "name": null }, "geometry": { "type": "MultiLineString", "coordinates": [ [ [ 122.947600069734108, 14.121733376761606 ], [ 122.947573160071641, 14.121231511556484 ], [ 122.947484358185477, 14.121009506841082 ], [ 122.947203152212623, 14.120518405500952 ] ] ] } },
{ "type": "Feature", "properties": { "fid": 82, "desc": "old creek", "other desc": "aswang creek; dead creek", "barangay": "Barangay Lag-on", "col": null, "layer": "lag-on_waterways", "etc": null, "name": "Aswang Creek" }, "geometry": { "type": "MultiLineString", "coordinates": [ [ [ 122.941995459782547, 14.124262212292507 ], [ 122.941531268104882, 14.123721328076799 ], [ 122.940982637975068, 14.123159096691348 ], [ 122.940683444576777, 14.122688935636884 ] ] ] } },
{ "type": "Feature", "properties": { "fid": 83, "desc": "old creek", "other desc": "dried old creek; culvert only", "barangay": "Barangay Lag-on", "col": null, "layer": "lag-on_waterways", "etc": null, "name": "creek" }, "geometry": { "type": "MultiLineString", "coordinates": [ [ [ 122.940768928404864, 14.1195687759118 ], [ 122.940533847877632, 14.119226840599463 ], [ 122.939920724805873, 14.118876579719322 ], [ 122.938800610105432, 14.118487062355024 ], [ 122.937670139636793, 14.118136921791386 ] ] ] } },
{ "type": "Feature", "properties": { "fid": 84, "desc": "drainage", "other desc": "closed drainage; closed by binanuaan", "barangay": "Barangay Lag-on", "col": null, "layer": "lag-on_waterways", "etc": null, "name": null }, "geometry": { "type": "MultiLineString", "coordinates": [ [ [ 122.940857181059897, 14.123661790448573 ], [ 122.940332442641676, 14.124214784012391 ], [ 122.9400216360401, 14.124824287867405 ], [ 122.940433353875946, 14.125203714108274 ] ] ] } },
{ "type": "Feature", "properties": { "fid": 85, "desc": "canal", "other desc": "dead waterway; closed nia canal", "barangay": "Barangay Lag-on", "col": null, "layer": "lag-on_waterways", "etc": null, "name": null }, "geometry": { "type": "MultiLineString", "coordinates": [ [ [ 122.940994420338512, 14.12507051127904 ], [ 122.941654379810657, 14.125726434301818 ] ] ] } },
{ "type": "Feature", "properties": { "fid": 86, "desc": "creek", "other desc": "from alawihao", "barangay": "Barangay Lag-on", "col": null, "layer": "lag-on_waterways", "etc": null, "name": "creek" }, "geometry": { "type": "MultiLineString", "coordinates": [ [ [ 122.932895284675595, 14.1113768567881 ], [ 122.933145544536558, 14.10852308708284 ] ] ] } },
{ "type": "Feature", "properties": { "fid": 87, "desc": "seasonal 'pond'", "other desc": null, "barangay": "Barangay Lag-on", "col": null, "layer": "lag-on_waterways", "etc": null, "name": "pond" }, "geometry": { "type": "MultiLineString", "coordinates": [ [ [ 122.932659152387345, 14.111252735969948 ], [ 122.932449257020053, 14.111056968175458 ], [ 122.932551177366662, 14.110957066053526 ], [ 122.932693462206998, 14.11103274947923 ], [ 122.932813546575773, 14.111143751836932 ], [ 122.9328942755632, 14.111240626621836 ], [ 122.932780245868472, 14.111306218924113 ], [ 122.932659152387345, 14.111257781531661 ] ] ] } },
{ "type": "Feature", "properties": { "fid": 88, "desc": "seasonal canal", "other desc": null, "barangay": "Barangay Lag-on", "col": null, "layer": "lag-on_waterways", "etc": null, "name": null }, "geometry": { "type": "MultiLineString", "coordinates": [ [ [ 122.933403877296286, 14.112771450045768 ], [ 122.933609736214208, 14.113082256647331 ], [ 122.933734866144704, 14.113611031514926 ], [ 122.933855959625831, 14.114260899863648 ] ] ] } },
{ "type": "Feature", "properties": { "fid": 89, "desc": "drainage", "other desc": "to daet river; new drainage", "barangay": "Barangay Lag-on", "col": null, "layer": "lag-on_waterways", "etc": null, "name": null }, "geometry": { "type": "MultiLineString", "coordinates": [ [ [ 122.935559341260401, 14.112601919172189 ], [ 122.937642149135812, 14.113522229628765 ], [ 122.940225476733218, 14.115096444883434 ], [ 122.941000475012444, 14.115532381415498 ], [ 122.941202297480999, 14.115056080389728 ], [ 122.941597869519356, 14.114386029794151 ], [ 122.942146826633802, 14.113691760502347 ], [ 122.942703856646986, 14.113231605274059 ] ] ] } },
{ "type": "Feature", "properties": { "fid": 90, "desc": "river", "other desc": "old daet river; changed due to quarrying", "barangay": "Barangay Lag-on", "col": null, "layer": "lag-on_waterways", "etc": null, "name": null }, "geometry": { "type": "MultiLineString", "coordinates": [ [ [ 122.937384825488394, 14.104779280291282 ], [ 122.939265810895265, 14.105877194520179 ], [ 122.940379870921646, 14.107152712521399 ], [ 122.941461639353008, 14.111726009658685 ], [ 122.941830974470477, 14.112293130795303 ], [ 122.941963168187385, 14.112452570545456 ], [ 122.942193245801519, 14.112687693721313 ] ] ] } },
{ "type": "Feature", "properties": { "fid": 91, "desc": "drainage", "other desc": "to daet river", "barangay": "Barangay Lag-on", "col": null, "layer": "lag-on_waterways", "etc": null, "name": null }, "geometry": { "type": "MultiLineString", "coordinates": [ [ [ 122.941409165511189, 14.110373799119415 ], [ 122.941401092612438, 14.111205307689831 ], [ 122.941663461821548, 14.112016634013392 ], [ 122.941804737549532, 14.112242675178164 ] ] ] } },
{ "type": "Feature", "properties": { "fid": 92, "desc": "drainage", "other desc": "to daet river", "barangay": "Barangay Lag-on", "col": null, "layer": "lag-on_waterways", "etc": null, "name": null }, "geometry": { "type": "MultiLineString", "coordinates": [ [ [ 122.941530258992316, 14.111984342418424 ], [ 122.941715935663382, 14.111943977924714 ] ] ] } },
{ "type": "Feature", "properties": { "fid": 93, "desc": "drainage", "other desc": "to daet river", "barangay": "Barangay Lag-on", "col": null, "layer": "lag-on_waterways", "etc": null, "name": null }, "geometry": { "type": "MultiLineString", "coordinates": [ [ [ 122.941292108479431, 14.110519111296769 ], [ 122.941429347758046, 14.110507001948656 ] ] ] } },
{ "type": "Feature", "properties": { "fid": 94, "desc": "drainage", "other desc": "to daet river", "barangay": "Barangay Lag-on", "col": null, "layer": "lag-on_waterways", "etc": null, "name": null }, "geometry": { "type": "MultiLineString", "coordinates": [ [ [ 122.941380910365595, 14.111399057259636 ], [ 122.941469712251745, 14.111350619867185 ] ] ] } },
{ "type": "Feature", "properties": { "fid": 95, "desc": "creek", "other desc": "aswang creek", "barangay": "Barangay VII", "col": "FGD waterways", "layer": "b7_waterways", "etc": null, "name": "Aswang Creek" }, "geometry": { "type": "MultiLineString", "coordinates": [ [ [ 122.963261738570154, 14.118661472805208 ], [ 122.96286861403982, 14.118718654555073 ], [ 122.96256483599366, 14.118600717195976 ], [ 122.961932262885782, 14.11858642175851 ], [ 122.961557007652289, 14.118550683164845 ], [ 122.961274672762329, 14.118475632118146 ], [ 122.961038798044129, 14.11816828021262 ], [ 122.960738593857343, 14.118100376884655 ], [ 122.960768971661949, 14.118107524603387 ] ] ] } },
{ "type": "Feature", "properties": { "fid": 96, "desc": "drainage", "other desc": "to aswang creek", "barangay": "Barangay VII", "col": "FGD waterways", "layer": "b7_waterways", "etc": null, "name": null }, "geometry": { "type": "MultiLineString", "coordinates": [ [ [ 122.959250081431165, 14.117453508339302 ], [ 122.959446643696324, 14.117907388478859 ], [ 122.959494890797771, 14.117971717947457 ], [ 122.959561007196058, 14.118000308822388 ], [ 122.960611721849816, 14.11812539390022 ] ] ] } },
{ "type": "Feature", "properties": { "fid": 97, "desc": "drainage", "other desc": "new", "barangay": "Barangay VII", "col": "FGD waterways", "layer": "b7_waterways", "etc": null, "name": null }, "geometry": { "type": "MultiLineString", "coordinates": [ [ [ 122.958056412402698, 14.117789451119762 ], [ 122.958331599573924, 14.118171854071987 ], [ 122.958578195870217, 14.118388072563665 ], [ 122.95881585751809, 14.118321956165383 ] ] ] } },
{ "type": "Feature", "properties": { "fid": 98, "desc": "drainage", "other desc": "new", "barangay": "Barangay VII", "col": "FGD waterways", "layer": "b7_waterways", "etc": null, "name": null }, "geometry": { "type": "MultiLineString", "coordinates": [ [ [ 122.958494210175104, 14.118313021516967 ], [ 122.95879084050253, 14.118134328548637 ] ] ] } },
{ "type": "Feature", "properties": { "fid": 99, "desc": "drainage", "other desc": "plan t reverse flow; to bagasbas road", "barangay": "Barangay VII", "col": "FGD waterways", "layer": "b7_waterways", "etc": null, "name": null }, "geometry": { "type": "MultiLineString", "coordinates": [ [ [ 122.958008165301237, 14.117750138666727 ], [ 122.958898056283516, 14.117514263948532 ], [ 122.960592959088132, 14.117049662230881 ] ] ] } },
{ "type": "Feature", "properties": { "fid": 100, "desc": "creek", "other desc": "calasgasan creek", "barangay": "Barangay Mancruz", "col": null, "layer": "mancruz_waterways", "etc": null, "name": "Calasgasan Creek" }, "geometry": { "type": "MultiLineString", "coordinates": [ [ [ 122.949262062871284, 14.092992822227838 ], [ 122.949294858786672, 14.093043046670886 ], [ 122.949483003775015, 14.093131776493257 ], [ 122.949605556932525, 14.093194557007116 ], [ 122.94962109183983, 14.093234736526922 ], [ 122.949467468867709, 14.093418892568845 ], [ 122.949496812581501, 14.093522689545184 ], [ 122.949639215898344, 14.093535245627825 ], [ 122.949747960249383, 14.093443167672381 ], [ 122.949969764203516, 14.093393780390068 ], [ 122.950021547227806, 14.093420566714007 ], [ 122.949957275204056, 14.09350109181082 ], [ 122.949816857333587, 14.093717264182722 ], [ 122.950139785133274, 14.093793063705425 ], [ 122.950215733568953, 14.093616441612262 ], [ 122.950340875877671, 14.093414707205914 ], [ 122.950419844989753, 14.093371179426796 ], [ 122.950513917483917, 14.093294587256853 ], [ 122.950694726543759, 14.093249385308427 ], [ 122.950685043655227, 14.093334323131829 ], [ 122.950683075363287, 14.093485858365437 ], [ 122.950620072683662, 14.093593003599098 ], [ 122.950585550667483, 14.093855844037366 ], [ 122.950706377724202, 14.094061763404904 ], [ 122.950807354621588, 14.09420825064675 ], [ 122.9509659401335, 14.094462928956219 ], [ 122.951003914351304, 14.094595604314607 ], [ 122.951031531964219, 14.094670521911937 ], [ 122.951097986845426, 14.094738324408974 ], [ 122.951181702734729, 14.094804452750882 ], [ 122.951324969102018, 14.094826216504785 ], [ 122.951376752126279, 14.094809475155815 ], [ 122.951482044275707, 14.09462532023605 ], [ 122.951482044275707, 14.09462532023605 ], [ 122.951533827300025, 14.094591837507398 ], [ 122.951601145231635, 14.09462532023605 ], [ 122.951640845550244, 14.094628668508646 ], [ 122.951758220405324, 14.094616112486159 ], [ 122.951891345930335, 14.094587233631824 ], [ 122.952033533484567, 14.094582839023234 ], [ 122.952110776495843, 14.094669475576945 ], [ 122.95210473514301, 14.094771597849228 ], [ 122.952099988365731, 14.094806754686488 ], [ 122.95197225690579, 14.09495742678482 ], [ 122.951806551228017, 14.095117306513702 ], [ 122.951714204834687, 14.095190131274547 ], [ 122.95171506788509, 14.095261281880504 ], [ 122.951900623722182, 14.095323224742925 ], [ 122.951884225764474, 14.095448784547587 ], [ 122.951817770883267, 14.095490219267958 ], [ 122.951707731956631, 14.095508006898138 ], [ 122.951712262971242, 14.09556095124799 ], [ 122.951884873052293, 14.09566976963599 ], [ 122.951897818808305, 14.095709111655799 ], [ 122.952127821741257, 14.095830485929493 ], [ 122.952229230163908, 14.095920051731438 ], [ 122.952338837565321, 14.095935746669747 ], [ 122.952425900435856, 14.096013408204543 ], [ 122.952445424290374, 14.096080349317244 ], [ 122.952417375152152, 14.096218464640287 ], [ 122.952308199275947, 14.096364950497602 ], [ 122.952455780895249, 14.096495113566199 ], [ 122.952699161109521, 14.096624439499722 ], [ 122.952841564426322, 14.096653318096225 ], [ 122.952984399268388, 14.096691613620729 ], [ 122.953039421352415, 14.096600651038749 ], [ 122.953131549362453, 14.096612511382707 ], [ 122.953210086949326, 14.096666083271771 ], [ 122.953304590968656, 14.09690297131794 ], [ 122.953317105199545, 14.096945452098797 ], [ 122.953387443807571, 14.096962193291056 ], [ 122.953404704815654, 14.09686425729894 ], [ 122.953498777309832, 14.09680733721583 ], [ 122.953612699963315, 14.096765484204484 ], [ 122.953711087709465, 14.0968784873175 ], [ 122.953725759566353, 14.09702329863236 ], [ 122.953664051462411, 14.097261860424613 ], [ 122.953666640613633, 14.09737360770467 ], [ 122.953786415465018, 14.097472930890861 ], [ 122.954308279952144, 14.09733594146299 ] ] ] } },
{ "type": "Feature", "properties": { "fid": 101, "desc": "drainage", "other desc": null, "barangay": "Barangay Mancruz", "col": null, "layer": "mancruz_waterways", "etc": null, "name": null }, "geometry": { "type": "MultiLineString", "coordinates": [ [ [ 122.956521311542957, 14.098286713325496 ], [ 122.95703991437702, 14.087966843092588 ] ] ] } },
{ "type": "Feature", "properties": { "fid": 102, "desc": "old creek", "other desc": null, "barangay": "Barangay Mancruz", "col": null, "layer": "mancruz_waterways", "etc": null, "name": null }, "geometry": { "type": "MultiLineString", "coordinates": [ [ [ 122.956353336411112, 14.088154388142634 ], [ 122.957214412814864, 14.088330517407037 ], [ 122.957843911852464, 14.088291377570503 ] ] ] } },
{ "type": "Feature", "properties": { "fid": 103, "desc": "old creek", "other desc": "open ang exit", "barangay": "Barangay Mancruz", "col": null, "layer": "mancruz_waterways", "etc": null, "name": null }, "geometry": { "type": "MultiLineString", "coordinates": [ [ [ 122.956248963513687, 14.088173958060901 ], [ 122.955952153086628, 14.088200051285256 ] ] ] } },
{ "type": "Feature", "properties": { "fid": 104, "desc": "creek", "other desc": "linawan creek; to verify the path; basud", "barangay": "Barangay Mancruz", "col": null, "layer": "mancruz_waterways", "etc": null, "name": "Linawan Creek" }, "geometry": { "type": "MultiLineString", "coordinates": [ [ [ 122.949849600240313, 14.086960623128332 ], [ 122.95058021052229, 14.08684972692482 ], [ 122.951473903456488, 14.08677797055784 ], [ 122.952426306145497, 14.086569224762989 ], [ 122.952752471449955, 14.086549654844722 ], [ 122.953483081731918, 14.086914959985709 ], [ 122.954233261932174, 14.087306358351054 ], [ 122.955172618008987, 14.08747596430937 ], [ 122.955446596864732, 14.087665140185953 ], [ 122.955577062986521, 14.087776036389467 ], [ 122.955831471923986, 14.087978258878229 ] ] ] } },
{ "type": "Feature", "properties": { "fid": 105, "desc": "drainage", "other desc": null, "barangay": "Barangay Mancruz", "col": null, "layer": "mancruz_waterways", "etc": null, "name": null }, "geometry": { "type": "MultiLineString", "coordinates": [ [ [ 122.952964478897869, 14.090845251904375 ], [ 122.954001684566023, 14.091148585637516 ], [ 122.9544974558288, 14.0917846079812 ], [ 122.954787742949762, 14.091833532776869 ] ] ] } },
{ "type": "Feature", "properties": { "fid": 106, "desc": "creek", "other desc": "sapa; footbridge over; to verify", "barangay": "Barangay Mancruz", "col": null, "layer": "mancruz_waterways", "etc": null, "name": "creek" }, "geometry": { "type": "MultiLineString", "coordinates": [ [ [ 122.956255486819799, 14.088193527979172 ], [ 122.955717314067456, 14.088255499387017 ], [ 122.955182402968148, 14.088604496262782 ] ] ] } },
{ "type": "Feature", "properties": { "fid": 107, "desc": "drainage", "other desc": null, "barangay": "Barangay Mancruz", "col": null, "layer": "mancruz_waterways", "etc": null, "name": null }, "geometry": { "type": "MultiLineString", "coordinates": [ [ [ 122.957111435373221, 14.088228307601687 ], [ 122.956805075357806, 14.095364272197592 ], [ 122.956677870889095, 14.098263881754185 ] ] ] } },
{ "type": "Feature", "properties": { "fid": 108, "desc": "drainage", "other desc": "madumi, clogged", "barangay": "Barangay Mancruz", "col": null, "layer": "mancruz_waterways", "etc": null, "name": null }, "geometry": { "type": "MultiLineString", "coordinates": [ [ [ 122.952936754847016, 14.090837097771775 ], [ 122.951690803383997, 14.090099964183711 ], [ 122.949857754372971, 14.09003473112282 ], [ 122.949531589068513, 14.089617239533119 ] ] ] } },
{ "type": "Feature", "properties": { "fid": 109, "desc": "drainage", "other desc": "new", "barangay": "Barangay Mancruz", "col": null, "layer": "mancruz_waterways", "etc": null, "name": null }, "geometry": { "type": "MultiLineString", "coordinates": [ [ [ 122.955966015112153, 14.096863001771558 ], [ 122.955995369989552, 14.096452033487946 ], [ 122.955969276765202, 14.096380277120966 ], [ 122.955603971624214, 14.096200886203517 ], [ 122.955603971624214, 14.096210671162652 ] ] ] } },
{ "type": "Feature", "properties": { "fid": 110, "desc": "drainage", "other desc": "new", "barangay": "Barangay Mancruz", "col": null, "layer": "mancruz_waterways", "etc": null, "name": null }, "geometry": { "type": "MultiLineString", "coordinates": [ [ [ 122.955969276765188, 14.096869525077651 ], [ 122.956187807519186, 14.096954328056809 ], [ 122.956562897619307, 14.096983682934209 ] ] ] } },
{ "type": "Feature", "properties": { "fid": 111, "desc": "drainage", "other desc": "new", "barangay": "Barangay Mancruz", "col": null, "layer": "mancruz_waterways", "etc": null, "name": null }, "geometry": { "type": "MultiLineString", "coordinates": [ [ [ 122.953454542267849, 14.095062569290977 ], [ 122.953278413003446, 14.095003859536176 ] ] ] } },
{ "type": "Feature", "properties": { "fid": 112, "desc": "drainage", "other desc": "drainage, canal", "barangay": "Barangay Mancruz", "col": null, "layer": "mancruz_waterways", "etc": null, "name": null }, "geometry": { "type": "MultiLineString", "coordinates": [ [ [ 122.956380245048777, 14.091539984002882 ], [ 122.9558616422147, 14.091800916246445 ], [ 122.955952968499943, 14.091960737245627 ], [ 122.955933398581678, 14.092029231959561 ], [ 122.956001893295621, 14.09207815675523 ], [ 122.956031248173019, 14.092091203367408 ], [ 122.956050818091285, 14.092169483040477 ] ] ] } },
{ "type": "Feature", "properties": { "fid": 113, "desc": "creek", "other desc": "calasgasan creek", "barangay": "Barangay Pamorangon", "col": null, "layer": "pamorangon_waterways", "etc": null, "name": "Calasgasan Creek" }, "geometry": { "type": "MultiLineString", "coordinates": [ [ [ 122.954308279952144, 14.09733594146299 ], [ 122.954308279952144, 14.09733594146299 ], [ 122.954381560184814, 14.097293560271725 ], [ 122.95445374258307, 14.09722251867254 ], [ 122.954603913353566, 14.097144253677493 ], [ 122.954624195038079, 14.097268556892368 ], [ 122.954585252118918, 14.097353666088347 ], [ 122.954558826895024, 14.097450127423013 ], [ 122.95461168080719, 14.097538508085369 ], [ 122.954682882465633, 14.097578686840274 ], [ 122.954737254641117, 14.09763476967383 ], [ 122.954820107479989, 14.097703826875319 ], [ 122.954866712201948, 14.097760328206443 ], [ 122.954898213541739, 14.097810970128371 ], [ 122.954949133515598, 14.097846963553655 ], [ 122.955079022601623, 14.097857426757612 ], [ 122.955169614224971, 14.097837851833356 ], [ 122.955270835554117, 14.097787532546059 ], [ 122.955270835554117, 14.097787532546059 ], [ 122.955360377033671, 14.097833152123686 ], [ 122.955393341431289, 14.097881261589805 ], [ 122.955426831914821, 14.097930878435884 ], [ 122.955500838487083, 14.098034464095822 ], [ 122.955550032360151, 14.098061249874981 ], [ 122.955600520808844, 14.098061249874981 ], [ 122.955681647546911, 14.098051623735959 ], [ 122.955738608873659, 14.098059994291654 ], [ 122.955784350545088, 14.098099335899313 ], [ 122.955807403723568, 14.098181790672914 ], [ 122.955841743397031, 14.098252098460467 ], [ 122.955884895917308, 14.098349615329578 ], [ 122.955919849458709, 14.098391886577485 ], [ 122.955981042749372, 14.098445588423644 ], [ 122.956037809353958, 14.098505694240266 ], [ 122.956094185640538, 14.098538789566236 ], [ 122.956153736118509, 14.098587338681323 ], [ 122.956193436437104, 14.098608265020841 ], [ 122.956249534713464, 14.098573945823018 ], [ 122.956281467578449, 14.098467639982358 ], [ 122.956294928680606, 14.098405517879229 ], [ 122.956302180788171, 14.098311947874347 ], [ 122.956335839753962, 14.098265072810261 ], [ 122.956449762407445, 14.098260887536217 ], [ 122.956548708795239, 14.098215182793259 ], [ 122.956667251109508, 14.098196434306194 ], [ 122.95682648633796, 14.098160364531177 ], [ 122.957092438770886, 14.098223686539015 ], [ 122.957220897944438, 14.098421183477388 ], [ 122.957302887732894, 14.098489821913837 ], [ 122.957497937124444, 14.09844378394045 ], [ 122.957789648161366, 14.09835087091132 ], [ 122.95790918064246, 14.098271769248587 ], [ 122.958024829396763, 14.098211082769174 ], [ 122.958210816759021, 14.098233683253046 ], [ 122.958310499080795, 14.098283069487797 ], [ 122.958338116693739, 14.098315296092851 ], [ 122.958320424160434, 14.098438761615524 ], [ 122.958383426840001, 14.098689877726656 ], [ 122.958507706098359, 14.098708292897259 ], [ 122.958720016498006, 14.098678158980956 ], [ 122.958769210371102, 14.098629609885197 ], [ 122.958896941831043, 14.098476429049818 ], [ 122.959029851593456, 14.0983692861093 ], [ 122.959213399998788, 14.098208504369191 ], [ 122.959333611632033, 14.098148398552569 ], [ 122.959555449290065, 14.098068155583178 ], [ 122.959591697407092, 14.097997842908303 ], [ 122.959620609595646, 14.09778523064054 ], [ 122.959673255670381, 14.097675576204518 ], [ 122.959851907104223, 14.097517372383344 ], [ 122.959929581640665, 14.097503142404634 ], [ 122.960267034349101, 14.097626189838261 ], [ 122.960355928540793, 14.097595218721755 ], [ 122.960400807161861, 14.097468823040558 ], [ 122.960453453236596, 14.097443711307481 ], [ 122.960632104670438, 14.097365864917373 ], [ 122.960749437534673, 14.097153313366274 ], [ 122.960933309261804, 14.097122699409447 ], [ 122.96110138832816, 14.097195732794907 ], [ 122.9611441093232, 14.097247421165337 ], [ 122.961178847102047, 14.097401858412876 ], [ 122.961279823999433, 14.097612587659226 ], [ 122.96128284467585, 14.097663857406706 ], [ 122.961279823999433, 14.097799251337529 ], [ 122.961550848422974, 14.097867904741667 ], [ 122.961652230249285, 14.097838174461964 ], [ 122.961748891894658, 14.097959547603056 ], [ 122.961748891894658, 14.097959547603056 ], [ 122.96186756132532, 14.097837546669691 ], [ 122.961923228076429, 14.097782719470839 ], [ 122.962105331711939, 14.097806575581881 ], [ 122.962277577814902, 14.097749575614605 ] ] ] } },
{ "type": "Feature", "properties": { "fid": 114, "desc": "creek", "other desc": "magang creek", "barangay": "Barangay Pamorangon", "col": null, "layer": "pamorangon_waterways", "etc": null, "name": "Magang Creek" }, "geometry": { "type": "MultiLineString", "coordinates": [ [ [ 122.95671883892463, 14.101928023997573 ], [ 122.956984791357556, 14.1018393731866 ], [ 122.957174907340288, 14.101472074626077 ], [ 122.957113646465956, 14.101129734445932 ], [ 122.957192925244513, 14.101050455667371 ], [ 122.957358689963314, 14.10098919479303 ], [ 122.957553283328878, 14.100866673044347 ], [ 122.957855984119746, 14.100881087367721 ], [ 122.958263188755069, 14.100935141080376 ], [ 122.958374899761225, 14.100866673044347 ], [ 122.958731654264739, 14.100664872517104 ], [ 122.958825347366684, 14.10065045819373 ], [ 122.959041562217294, 14.100686494002165 ], [ 122.959473991918529, 14.100625233127824 ], [ 122.959798314194458, 14.100434243343111 ], [ 122.960328040578503, 14.100264875043459 ], [ 122.960839749058295, 14.099850463246442 ], [ 122.960890199190104, 14.099688302108477 ], [ 122.960890199190104, 14.099688302108477 ], [ 122.961081188974816, 14.099677491365947 ], [ 122.961142449849163, 14.099778391629568 ], [ 122.961380286184848, 14.099565780359795 ], [ 122.961715419203301, 14.099591005425699 ], [ 122.961776680077648, 14.099389204898456 ], [ 122.961798301562709, 14.099345961928334 ], [ 122.961881183922102, 14.099010828909876 ], [ 122.961960462700674, 14.09862884934045 ], [ 122.962075777287666, 14.098412634489833 ], [ 122.962201902617196, 14.097991015531129 ], [ 122.962276228139118, 14.097703985362866 ], [ 122.962276228139118, 14.097703985362866 ] ] ] } },
{ "type": "Feature", "properties": { "fid": 115, "desc": "creek", "other desc": "casitas creek; from basud to pamorangon; smaller than linawan", "barangay": "Barangay Pamorangon", "col": null, "layer": "pamorangon_waterways", "etc": null, "name": "Casitas Creek" }, "geometry": { "type": "MultiLineString", "coordinates": [ [ [ 122.966198143498048, 14.09189148575515 ], [ 122.965267309982821, 14.091581207916741 ], [ 122.964836720329515, 14.091454563901065 ], [ 122.964596096699736, 14.09139757409401 ], [ 122.964501113687973, 14.09095432003914 ], [ 122.964507445888756, 14.090682035405434 ], [ 122.964494781487204, 14.090447743976434 ], [ 122.964121181640962, 14.090251445752134 ], [ 122.963899554613519, 14.090105805134106 ], [ 122.963551283570411, 14.089972828917645 ], [ 122.963285331137484, 14.089909506909805 ], [ 122.963222009129652, 14.089776530693346 ], [ 122.962873738086543, 14.089238293626718 ], [ 122.96259512125205, 14.088605073548331 ], [ 122.962411487429321, 14.088244138103651 ], [ 122.962044219783849, 14.088225141501299 ], [ 122.961809928354853, 14.087946524666808 ], [ 122.961752938547804, 14.087807216249564 ], [ 122.961354009898415, 14.087781887446429 ], [ 122.961005738855306, 14.087743894241726 ] ] ] } },
{ "type": "Feature", "properties": { "fid": 116, "desc": "creek", "other desc": "not mabulao", "barangay": "Barangay Pamorangon", "col": null, "layer": "pamorangon_waterways", "etc": null, "name": null }, "geometry": { "type": "MultiLineString", "coordinates": [ [ [ 122.962301244153934, 14.097632886295322 ], [ 122.962318073636794, 14.097544576751936 ], [ 122.962591660615232, 14.097501886818232 ], [ 122.962798361187282, 14.097383024607792 ], [ 122.96291098926514, 14.09737883931756 ], [ 122.962963203814596, 14.09721079985146 ], [ 122.962989526851985, 14.097057618063442 ], [ 122.963071516640468, 14.096983538309393 ], [ 122.963206584028853, 14.097116630731659 ], [ 122.963371210893598, 14.097228378082843 ], [ 122.963371210893598, 14.097228378082843 ], [ 122.963505199468969, 14.096884137471669 ], [ 122.963903712993513, 14.096895228514651 ], [ 122.964120554407813, 14.096914690154813 ], [ 122.964535034364857, 14.096783271735225 ], [ 122.964721021727186, 14.096798548084058 ], [ 122.964905637700411, 14.096983247167179 ], [ 122.965006475648678, 14.09716350603169 ], [ 122.965054806471358, 14.097297435407324 ], [ 122.965266253820602, 14.097421320009794 ], [ 122.965351264285516, 14.097051340119098 ], [ 122.965427644246375, 14.09679896661415 ], [ 122.965287830080783, 14.096649969853308 ], [ 122.965296676347435, 14.096611046526158 ], [ 122.965472307104889, 14.096469164664528 ], [ 122.965611905507899, 14.096543035320309 ], [ 122.965720002571118, 14.096667548127909 ], [ 122.965837377426183, 14.096656666339028 ], [ 122.965953691871817, 14.096349425128611 ], [ 122.966125204736358, 14.096212605204004 ], [ 122.966052276977123, 14.095941815378913 ], [ 122.966066948833955, 14.09591628494605 ], [ 122.966339672761947, 14.095899543677055 ], [ 122.966639151252608, 14.095667258442973 ], [ 122.966820176075046, 14.095481430085446 ], [ 122.96712591168108, 14.095382447126026 ], [ 122.967184167583397, 14.095309622426573 ], [ 122.967184167583397, 14.095309622426573 ], [ 122.967696172236145, 14.094869325472702 ], [ 122.968065126284372, 14.094625320236014 ], [ 122.968119498459885, 14.094738742942807 ], [ 122.9681704184338, 14.094771807116096 ], [ 122.968705941210118, 14.094870581073577 ], [ 122.968965955337168, 14.094784566517577 ], [ 122.969098629144426, 14.09448218153663 ], [ 122.968970034634026, 14.094253870939962 ], [ 122.968823652234263, 14.094134665687042 ], [ 122.969104670497259, 14.094185231229211 ], [ 122.969368763921224, 14.094019072819536 ], [ 122.969584526522496, 14.093819849982451 ], [ 122.969917663978862, 14.093411358915457 ], [ 122.970128248277717, 14.093282449697456 ], [ 122.970468290137276, 14.093106664282837 ], [ 122.970510579607122, 14.093310910180426 ], [ 122.970782656865566, 14.093474535951113 ], [ 122.970883972078099, 14.093005953093108 ] ] ] } },
{ "type": "Feature", "properties": { "fid": 117, "desc": "creek", "other desc": "linawan creek", "barangay": "Barangay Pamorangon", "col": null, "layer": "pamorangon_waterways", "etc": null, "name": "Linawan Creek" }, "geometry": { "type": "MultiLineString", "coordinates": [ [ [ 122.960898091441933, 14.087731229840143 ], [ 122.959713969895347, 14.087560260418979 ], [ 122.957890296069593, 14.087826212851901 ], [ 122.957010120160646, 14.087667907832303 ], [ 122.956826486337917, 14.087699568836223 ] ] ] } },
{ "type": "Feature", "properties": { "fid": 118, "desc": "drainage", "other desc": null, "barangay": "Barangay Pamorangon", "col": null, "layer": "pamorangon_waterways", "etc": null, "name": null }, "geometry": { "type": "MultiLineString", "coordinates": [ [ [ 122.956371870171111, 14.104158877538314 ], [ 122.956458427167448, 14.102553328824916 ], [ 122.956581905082743, 14.100368719554487 ], [ 122.95712330824972, 14.088252053354566 ] ] ] } },
{ "type": "Feature", "properties": { "fid": 119, "desc": "drainage", "other desc": "to irrig", "barangay": "Barangay Pamorangon", "col": null, "layer": "pamorangon_waterways", "etc": null, "name": null }, "geometry": { "type": "MultiLineString", "coordinates": [ [ [ 122.956955504928942, 14.09272258710797 ], [ 122.958073138367297, 14.092700424405225 ], [ 122.958377084004923, 14.092830234521294 ], [ 122.958703192345283, 14.093070858151082 ], [ 122.958991307480957, 14.093017034444419 ] ] ] } },
{ "type": "Feature", "properties": { "fid": 120, "desc": "drainage", "other desc": null, "barangay": "Barangay Pamorangon", "col": null, "layer": "pamorangon_waterways", "etc": null, "name": null }, "geometry": { "type": "MultiLineString", "coordinates": [ [ [ 122.958085802768863, 14.090427164323815 ], [ 122.958361253502972, 14.090392337219505 ], [ 122.959963300301283, 14.089167056367828 ] ] ] } },
{ "type": "Feature", "properties": { "fid": 121, "desc": "drainage", "other desc": null, "barangay": "Barangay Pamorangon", "col": null, "layer": "pamorangon_waterways", "etc": null, "name": null }, "geometry": { "type": "MultiLineString", "coordinates": [ [ [ 122.958845666862928, 14.090047232276785 ], [ 122.959089456593105, 14.090262527103436 ] ] ] } },
{ "type": "Feature", "properties": { "fid": 122, "desc": "drainage", "other desc": null, "barangay": "Barangay Pamorangon", "col": null, "layer": "pamorangon_waterways", "etc": null, "name": null }, "geometry": { "type": "MultiLineString", "coordinates": [ [ [ 122.95919077180568, 14.089812940847782 ], [ 122.959390236130361, 14.090066228879136 ] ] ] } },
{ "type": "Feature", "properties": { "fid": 123, "desc": "drainage", "other desc": null, "barangay": "Barangay Pamorangon", "col": null, "layer": "pamorangon_waterways", "etc": null, "name": null }, "geometry": { "type": "MultiLineString", "coordinates": [ [ [ 122.959379154779, 14.089624557874462 ], [ 122.959664103814262, 14.089955415365418 ] ] ] } },
{ "type": "Feature", "properties": { "fid": 124, "desc": "drainage", "other desc": null, "barangay": "Barangay Pamorangon", "col": null, "layer": "pamorangon_waterways", "etc": null, "name": null }, "geometry": { "type": "MultiLineString", "coordinates": [ [ [ 122.959591283505247, 14.089488415557609 ], [ 122.95985090373739, 14.089836686600721 ] ] ] } },
{ "type": "Feature", "properties": { "fid": 125, "desc": "drainage", "other desc": null, "barangay": "Barangay Pamorangon", "col": null, "layer": "pamorangon_waterways", "etc": null, "name": null }, "geometry": { "type": "MultiLineString", "coordinates": [ [ [ 122.958826670260606, 14.090032984825021 ], [ 122.958590795781404, 14.089702127334064 ] ] ] } },
{ "type": "Feature", "properties": { "fid": 126, "desc": "drainage", "other desc": null, "barangay": "Barangay Pamorangon", "col": null, "layer": "pamorangon_waterways", "etc": null, "name": null }, "geometry": { "type": "MultiLineString", "coordinates": [ [ [ 122.959029300685685, 14.089869930654837 ], [ 122.958793426206483, 14.089591313820346 ] ] ] } },
{ "type": "Feature", "properties": { "fid": 127, "desc": "drainage", "other desc": "to creek", "barangay": "Barangay Pamorangon", "col": null, "layer": "pamorangon_waterways", "etc": null, "name": null }, "geometry": { "type": "MultiLineString", "coordinates": [ [ [ 122.956699050797198, 14.098128703527188 ], [ 122.957186630257553, 14.098188859434634 ], [ 122.957652047015173, 14.098195191635417 ], [ 122.958016148560247, 14.097967232407198 ], [ 122.959529544547578, 14.098059049318564 ] ] ] } },
{ "type": "Feature", "properties": { "fid": 128, "desc": "drainage", "other desc": "to irrig", "barangay": "Barangay Pamorangon", "col": null, "layer": "pamorangon_waterways", "etc": null, "name": null }, "geometry": { "type": "MultiLineString", "coordinates": [ [ [ 122.956759206704646, 14.096992073486483 ], [ 122.958579714430002, 14.097137714104512 ], [ 122.95853222292412, 14.09800205951151 ] ] ] } },
{ "type": "Feature", "properties": { "fid": 129, "desc": "drainage", "other desc": null, "barangay": "Barangay Pamorangon", "col": null, "layer": "pamorangon_waterways", "etc": null, "name": null }, "geometry": { "type": "MultiLineString", "coordinates": [ [ [ 122.958085802768863, 14.097112385301378 ], [ 122.958035145162597, 14.097964066306806 ] ] ] } },
{ "type": "Feature", "properties": { "fid": 130, "desc": "drainage", "other desc": null, "barangay": "Barangay Pamorangon", "col": null, "layer": "pamorangon_waterways", "etc": null, "name": null }, "geometry": { "type": "MultiLineString", "coordinates": [ [ [ 122.95762671821204, 14.097090222598634 ], [ 122.957569728404977, 14.098207856036986 ] ] ] } },
{ "type": "Feature", "properties": { "fid": 131, "desc": "drainage", "other desc": null, "barangay": "Barangay Pamorangon", "col": null, "layer": "pamorangon_waterways", "etc": null, "name": null }, "geometry": { "type": "MultiLineString", "coordinates": [ [ [ 122.957145470952455, 14.097049063293538 ], [ 122.957091647245804, 14.098166696731889 ] ] ] } },
{ "type": "Feature", "properties": { "fid": 132, "desc": "drainage", "other desc": "to creek", "barangay": "Barangay Pamorangon", "col": null, "layer": "pamorangon_waterways", "etc": null, "name": null }, "geometry": { "type": "MultiLineString", "coordinates": [ [ [ 122.958088968869262, 14.10094969897639 ], [ 122.95890898887076, 14.099021543837704 ] ] ] } },
{ "type": "Feature", "properties": { "fid": 133, "desc": "drainage", "other desc": null, "barangay": "Barangay Pamorangon", "col": null, "layer": "pamorangon_waterways", "etc": null, "name": null }, "geometry": { "type": "MultiLineString", "coordinates": [ [ [ 122.958364419603356, 14.100351306002317 ], [ 122.958858331264494, 14.100541272025831 ], [ 122.959231931110736, 14.100560268628183 ], [ 122.959586534354628, 14.100332309399965 ], [ 122.959941137598534, 14.099965041754501 ], [ 122.959947469799317, 14.099819401136472 ], [ 122.959865151189121, 14.099692757120794 ], [ 122.958833002461361, 14.099312825073763 ] ] ] } },
{ "type": "Feature", "properties": { "fid": 134, "desc": "drainage", "other desc": null, "barangay": "Barangay Pamorangon", "col": null, "layer": "pamorangon_waterways", "etc": null, "name": null }, "geometry": { "type": "MultiLineString", "coordinates": [ [ [ 122.959497883543662, 14.100370302604668 ], [ 122.958440406012755, 14.099984038356853 ], [ 122.958111131571997, 14.099933380750581 ], [ 122.956971335430907, 14.099920716349013 ] ] ] } },
{ "type": "Feature", "properties": { "fid": 135, "desc": "drainage", "other desc": null, "barangay": "Barangay Pamorangon", "col": null, "layer": "pamorangon_waterways", "etc": null, "name": null }, "geometry": { "type": "MultiLineString", "coordinates": [ [ [ 122.958605043233135, 14.098920228625163 ], [ 122.957902168946134, 14.100712241446995 ] ] ] } },
{ "type": "Feature", "properties": { "fid": 136, "desc": "drainage", "other desc": null, "barangay": "Barangay Pamorangon", "col": null, "layer": "pamorangon_waterways", "etc": null, "name": null }, "geometry": { "type": "MultiLineString", "coordinates": [ [ [ 122.95696500323011, 14.100864214265808 ], [ 122.95709164724579, 14.099173516656517 ] ] ] } },
{ "type": "Feature", "properties": { "fid": 137, "desc": "drainage", "other desc": null, "barangay": "Barangay Pamorangon", "col": null, "layer": "pamorangon_waterways", "etc": null, "name": null }, "geometry": { "type": "MultiLineString", "coordinates": [ [ [ 122.956990332033257, 14.100496946620344 ], [ 122.957959158753184, 14.100534939825048 ] ] ] } },
{ "type": "Feature", "properties": { "fid": 138, "desc": "drainage", "other desc": null, "barangay": "Barangay Pamorangon", "col": null, "layer": "pamorangon_waterways", "etc": null, "name": null }, "geometry": { "type": "MultiLineString", "coordinates": [ [ [ 122.957028325237957, 14.100174004380367 ], [ 122.958104799371213, 14.10024365858899 ] ] ] } },
{ "type": "Feature", "properties": { "fid": 139, "desc": "drainage", "other desc": null, "barangay": "Barangay Pamorangon", "col": null, "layer": "pamorangon_waterways", "etc": null, "name": null }, "geometry": { "type": "MultiLineString", "coordinates": [ [ [ 122.95707265064344, 14.099597774109036 ], [ 122.958301097595509, 14.099635767313739 ] ] ] } },
{ "type": "Feature", "properties": { "fid": 140, "desc": "drainage", "other desc": null, "barangay": "Barangay Pamorangon", "col": null, "layer": "pamorangon_waterways", "etc": null, "name": null }, "geometry": { "type": "MultiLineString", "coordinates": [ [ [ 122.9572879454701, 14.099262167467492 ], [ 122.958434073811972, 14.099344486077682 ] ] ] } },
{ "type": "Feature", "properties": { "fid": 141, "desc": "drainage", "other desc": null, "barangay": "Barangay Pamorangon", "col": null, "layer": "pamorangon_waterways", "etc": null, "name": null }, "geometry": { "type": "MultiLineString", "coordinates": [ [ [ 122.958674697441765, 14.099730750325497 ], [ 122.959763835976588, 14.100148675577232 ] ] ] } },
{ "type": "Feature", "properties": { "fid": 142, "desc": "drainage", "other desc": "new", "barangay": "Barangay VIII", "col": "FGD waterways", "layer": "b8_waterways", "etc": null, "name": null }, "geometry": { "type": "MultiLineString", "coordinates": [ [ [ 122.956376999175518, 14.114139960442657 ], [ 122.957726589781814, 14.113869427473739 ], [ 122.958461332731488, 14.113737235227564 ], [ 122.959903150486284, 14.113478999211775 ], [ 122.960647116150795, 14.113429811399245 ], [ 122.960992199398191, 14.113411365969547 ], [ 122.961255046771399, 14.113388309182424 ], [ 122.961610121293106, 14.113374475110151 ], [ 122.961872968666313, 14.113365252395301 ], [ 122.962274156762263, 14.113392920539848 ] ] ] } },
{ "type": "Feature", "properties": { "fid": 143, "desc": "drainage", "other desc": null, "barangay": "Barangay VIII", "col": "FGD waterways", "layer": "b8_waterways", "etc": null, "name": null }, "geometry": { "type": "MultiLineString", "coordinates": [ [ [ 122.963639118559911, 14.113376780788858 ], [ 122.963792830474077, 14.114016222351756 ], [ 122.963872760669432, 14.114667960867786 ], [ 122.963912725767116, 14.114984607410952 ] ] ] } },
{ "type": "Feature", "properties": { "fid": 144, "desc": "drainage", "other desc": null, "barangay": "Barangay VIII", "col": "FGD waterways", "layer": "b8_waterways", "etc": null, "name": null }, "geometry": { "type": "MultiLineString", "coordinates": [ [ [ 122.964388464141521, 14.114935419598428 ], [ 122.9630688473584, 14.11498307029181 ], [ 122.95839754228713, 14.115364275838919 ], [ 122.957888755851272, 14.115395018221751 ], [ 122.956616021202066, 14.115511839276516 ] ] ] } },
{ "type": "Feature", "properties": { "fid": 145, "desc": "drainage", "other desc": null, "barangay": "Barangay VIII", "col": "FGD waterways", "layer": "b8_waterways", "etc": null, "name": null }, "geometry": { "type": "MultiLineString", "coordinates": [ [ [ 122.957884144493875, 14.11464182984238 ], [ 122.957731969698855, 14.113871733152449 ] ] ] } },
{ "type": "Feature", "properties": { "fid": 146, "desc": "drainage", "other desc": null, "barangay": "Barangay VIII", "col": "FGD waterways", "layer": "b8_waterways", "etc": null, "name": null }, "geometry": { "type": "MultiLineString", "coordinates": [ [ [ 122.958987796037519, 14.115313550907249 ], [ 122.958480546720807, 14.113736466667987 ] ] ] } },
{ "type": "Feature", "properties": { "fid": 147, "desc": "drainage", "other desc": null, "barangay": "Barangay VIII", "col": "FGD waterways", "layer": "b8_waterways", "etc": null, "name": null }, "geometry": { "type": "MultiLineString", "coordinates": [ [ [ 122.960574102991671, 14.115187507137641 ], [ 122.960666330140171, 14.113422894363108 ] ] ] } },
{ "type": "Feature", "properties": { "fid": 148, "desc": "drainage", "other desc": "new", "barangay": "Barangay VIII", "col": "FGD waterways", "layer": "b8_waterways", "etc": null, "name": null }, "geometry": { "type": "MultiLineString", "coordinates": [ [ [ 122.958732634260059, 14.114529620145046 ], [ 122.960644810472189, 14.113988554207209 ] ] ] } },
{ "type": "Feature", "properties": { "fid": 149, "desc": "drainage", "other desc": null, "barangay": "Barangay VIII", "col": "FGD waterways", "layer": "b8_waterways", "etc": null, "name": null }, "geometry": { "type": "MultiLineString", "coordinates": [ [ [ 122.960650958948762, 14.114348240086343 ], [ 122.962080479750426, 14.113988554207213 ] ] ] } },
{ "type": "Feature", "properties": { "fid": 150, "desc": "drainage", "other desc": "exit to daet river", "barangay": "Barangay VIII", "col": "FGD waterways", "layer": "b8_waterways", "etc": null, "name": null }, "geometry": { "type": "MultiLineString", "coordinates": [ [ [ 122.959965403811637, 14.113475156413926 ], [ 122.959945421262788, 14.113063208483982 ] ] ] } },
{ "type": "Feature", "properties": { "fid": 151, "desc": "drainage", "other desc": "closed drainage; exit to daet river", "barangay": "Barangay VIII", "col": "FGD waterways", "layer": "b8_waterways", "etc": null, "name": null }, "geometry": { "type": "MultiLineString", "coordinates": [ [ [ 122.960660181663613, 14.113427505720541 ], [ 122.960640199114778, 14.112892588259271 ] ] ] } },
{ "type": "Feature", "properties": { "fid": 152, "desc": "drainage", "other desc": "blocked/clogged drainage; at the back of doctors hospital", "barangay": "Barangay VIII", "col": "FGD waterways", "layer": "b8_waterways", "etc": null, "name": null }, "geometry": { "type": "MultiLineString", "coordinates": [ [ [ 122.964024166904935, 14.11511065118057 ], [ 122.964003415796526, 14.115331996336957 ], [ 122.963657563989671, 14.115913027372475 ], [ 122.963489249443697, 14.116346494970399 ] ] ] } },
{ "type": "Feature", "properties": { "fid": 153, "desc": "drainage", "other desc": null, "barangay": "Barangay Camambugan", "col": "FGD waterways", "layer": "camambugan_waterways", "etc": null, "name": null }, "geometry": { "type": "MultiLineString", "coordinates": [ [ [ 122.954627661522466, 14.112987985715991 ], [ 122.954518718203317, 14.110196961634671 ] ] ] } },
{ "type": "Feature", "properties": { "fid": 154, "desc": "drainage", "other desc": "open canal", "barangay": "Barangay Camambugan", "col": "FGD waterways", "layer": "camambugan_waterways", "etc": null, "name": null }, "geometry": { "type": "MultiLineString", "coordinates": [ [ [ 122.954508342649106, 14.110176210526259 ], [ 122.951841825218253, 14.110108769423922 ] ] ] } },
{ "type": "Feature", "properties": { "fid": 155, "desc": "drainage", "other desc": null, "barangay": "Barangay Camambugan", "col": "FGD waterways", "layer": "camambugan_waterways", "etc": null, "name": null }, "geometry": { "type": "MultiLineString", "coordinates": [ [ [ 122.951898890766358, 14.110077642761306 ], [ 122.951618750802808, 14.109859756122987 ], [ 122.950731640918221, 14.109574428382333 ], [ 122.950145422105606, 14.109055650672049 ], [ 122.949341316654667, 14.108293047437934 ], [ 122.948526835649517, 14.107888400823914 ] ] ] } },
{ "type": "Feature", "properties": { "fid": 156, "desc": "drainage", "other desc": "exit to daet river", "barangay": "Barangay Camambugan", "col": "FGD waterways", "layer": "camambugan_waterways", "etc": null, "name": null }, "geometry": { "type": "MultiLineString", "coordinates": [ [ [ 122.94511846609295, 14.111244892609442 ], [ 122.946078204856974, 14.112279854141457 ], [ 122.94731030191889, 14.111901146412949 ], [ 122.947642319653468, 14.113592361748472 ], [ 122.947611192990877, 14.114495034964364 ] ] ] } },
{ "type": "Feature", "properties": { "fid": 157, "desc": "creek", "other desc": "dead creek", "barangay": "Barangay Camambugan", "col": "FGD waterways", "layer": "camambugan_waterways", "etc": null, "name": "dead creek" }, "geometry": { "type": "MultiLineString", "coordinates": [ [ [ 122.952846957031909, 14.107280133958598 ], [ 122.951996161587047, 14.107521365593879 ], [ 122.951620047747099, 14.107306072844112 ], [ 122.951256903349901, 14.107106343425654 ], [ 122.950852256735885, 14.10676913791397 ], [ 122.950706998976997, 14.106626474043642 ], [ 122.950406107905039, 14.106416369070978 ], [ 122.950131155718594, 14.106359303522845 ], [ 122.949830264646621, 14.106141416884528 ], [ 122.949659068002234, 14.106006534679855 ], [ 122.94982507686953, 14.105565573626114 ] ] ] } },
{ "type": "Feature", "properties": { "fid": 158, "desc": "drainage", "other desc": null, "barangay": "Barangay Camambugan", "col": "FGD waterways", "layer": "camambugan_waterways", "etc": null, "name": null }, "geometry": { "type": "MultiLineString", "coordinates": [ [ [ 122.942078428710701, 14.109394153127999 ], [ 122.943396124094804, 14.108657488779398 ], [ 122.943645137395748, 14.109077698724727 ], [ 122.943816334040136, 14.10924889536912 ], [ 122.943971967353221, 14.109295585363045 ], [ 122.944309172864905, 14.109145139827064 ], [ 122.944677505039209, 14.10893762874295 ] ] ] } },
{ "type": "Feature", "properties": { "fid": 159, "desc": "dead creek", "other desc": null, "barangay": "Barangay Magang", "col": "FGD waterways", "layer": "magang_waterways", "etc": null, "name": "" }, "geometry": { "type": "MultiLineString", "coordinates": [ [ [ 122.94663848478406, 14.100696844815118 ], [ 122.945606117140599, 14.09976304493661 ], [ 122.944848701683583, 14.099628162731937 ], [ 122.944137976220503, 14.099275393888945 ], [ 122.943728141829368, 14.098974502816983 ], [ 122.943650325172825, 14.098875935052028 ] ] ] } },
{ "type": "Feature", "properties": { "fid": 160, "desc": "creek", "other desc": "still existing part of creek", "barangay": "Barangay Magang", "col": "FGD waterways", "layer": "magang_waterways", "etc": null, "name": null }, "geometry": { "type": "MultiLineString", "coordinates": [ [ [ 122.946726676994771, 14.100785037025865 ], [ 122.947032755843836, 14.10147501138054 ], [ 122.947862800180289, 14.10211829574129 ], [ 122.948371202336375, 14.102481440138487 ] ] ] } },
{ "type": "Feature", "properties": { "fid": 161, "desc": "creek", "other desc": "magang creek", "barangay": "Barangay Magang", "col": "FGD waterways", "layer": "magang_waterways", "etc": null, "name": "Magang creek" }, "geometry": { "type": "MultiLineString", "coordinates": [ [ [ 122.948908137266542, 14.099223516117913 ], [ 122.948544992869344, 14.098964127262771 ], [ 122.947668258538968, 14.098227462914172 ] ] ] } },
{ "type": "Feature", "properties": { "fid": 162, "desc": "creek", "other desc": "dead part o magang creek; natabunan na", "barangay": "Barangay Magang", "col": "FGD waterways", "layer": "magang_waterways", "etc": null, "name": null }, "geometry": { "type": "MultiLineString", "coordinates": [ [ [ 122.947642319653426, 14.098196336251554 ], [ 122.947476310786143, 14.097744999643609 ], [ 122.947341428581467, 14.097278099704356 ], [ 122.946887498084905, 14.096359863157149 ], [ 122.945180719418076, 14.09584627322397 ] ] ] } },
{ "type": "Feature", "properties": { "fid": 163, "desc": "creek", "other desc": "magang creek", "barangay": "Barangay Magang", "col": "FGD aterways", "layer": "magang_waterways", "etc": null, "name": "Magang Creek" }, "geometry": { "type": "MultiLineString", "coordinates": [ [ [ 122.95671883892463, 14.101928023997573 ], [ 122.956596532614896, 14.101893693584787 ], [ 122.95651531667491, 14.101901672879407 ], [ 122.956356894488778, 14.101963963411237 ], [ 122.95621478759179, 14.101948421847892 ], [ 122.956119058153106, 14.101940540135754 ], [ 122.955902843302496, 14.101972972363349 ], [ 122.955819960943089, 14.101890090003945 ], [ 122.955819960943089, 14.101890090003945 ], [ 122.955603746092464, 14.101828829129603 ], [ 122.955358702595106, 14.101832432710447 ], [ 122.955108253726465, 14.101781982578636 ], [ 122.954985731977786, 14.101744144979778 ], [ 122.954782129660117, 14.101706307380919 ], [ 122.954782129660117, 14.101706307380919 ], [ 122.954701049091142, 14.101421624494273 ], [ 122.954611965815204, 14.101320649985396 ], [ 122.954493843192608, 14.101228832919142 ], [ 122.954331682054644, 14.101054059248225 ], [ 122.954204581946996, 14.101020120902287 ], [ 122.954117268994437, 14.100969375098401 ], [ 122.953861414754542, 14.101091896847084 ], [ 122.953711866149533, 14.101003609116415 ], [ 122.953623559052986, 14.100946658237527 ], [ 122.953526281736075, 14.100733340553145 ], [ 122.953526281736075, 14.100733340553145 ], [ 122.95335511164599, 14.100726133391458 ], [ 122.953225382735624, 14.100661268936273 ], [ 122.953124482472006, 14.10049910779831 ], [ 122.952848861861, 14.100358956919443 ], [ 122.952596332654778, 14.100303613537546 ], [ 122.952397460036778, 14.100235145501507 ], [ 122.952325163196335, 14.100218929387713 ], [ 122.952270208588459, 14.100155866722947 ], [ 122.952277640973747, 14.10005406556412 ], [ 122.952302866039645, 14.099841454294346 ], [ 122.952236199794044, 14.099736950449881 ], [ 122.952074038656079, 14.099637851976681 ], [ 122.951820384554352, 14.099731185056948 ], [ 122.95171352976925, 14.099858075114261 ], [ 122.951573282863791, 14.100098498380749 ], [ 122.951513177047175, 14.100185317893647 ], [ 122.951270440127942, 14.100234244606302 ], [ 122.951088459295349, 14.100209019540396 ], [ 122.950917289205265, 14.100135146133102 ], [ 122.950751836703304, 14.100085141532611 ], [ 122.950495445022824, 14.100153164037307 ], [ 122.950371166531355, 14.10038567061572 ], [ 122.94984499868049, 14.100411720962855 ], [ 122.949539820427731, 14.10034055024119 ], [ 122.949447028221016, 14.100250460720098 ], [ 122.949341623481374, 14.100030642288635 ], [ 122.949223606208747, 14.09979821132422 ], [ 122.949074146133768, 14.099550346075393 ], [ 122.948928888374894, 14.099259830557635 ] ] ] } },
{ "type": "Feature", "properties": { "fid": 164, "desc": "creek", "other desc": "calasgasan creek; aka mantapis creek", "barangay": "Barangay Magang", "col": "FGD waterways", "layer": "magang_waterways", "etc": null, "name": "Calasgasan/Mantapis Creek" }, "geometry": { "type": "MultiLineString", "coordinates": [ [ [ 122.949276469440733, 14.092911288328049 ], [ 122.94937633414996, 14.092795860287511 ], [ 122.949349367648722, 14.092728857420489 ], [ 122.949321181824061, 14.092709890992168 ], [ 122.949267556953885, 14.092673760421919 ], [ 122.949245347209327, 14.092656964423051 ], [ 122.949197015082589, 14.09267291243313 ], [ 122.949179575655378, 14.092735254643635 ], [ 122.949087894095356, 14.092727522277368 ], [ 122.949043049854041, 14.09270045899336 ], [ 122.948977278300148, 14.09271399063576 ], [ 122.948939409829705, 14.092681128074245 ], [ 122.948938413291003, 14.092640533138773 ], [ 122.948898790244925, 14.092614204567804 ], [ 122.948869652121004, 14.092590272732487 ], [ 122.948851825055584, 14.092566905636813 ], [ 122.948830787111874, 14.092529380302338 ], [ 122.948816763329219, 14.092490103760019 ], [ 122.948808863260581, 14.09246945440284 ], [ 122.948835769805328, 14.092400829563115 ], [ 122.948885596740155, 14.092367966956509 ], [ 122.948943395984486, 14.092371833145762 ], [ 122.948995215996661, 14.09237086659846 ], [ 122.949006177922342, 14.092345736366996 ], [ 122.948971299067949, 14.092291609705235 ], [ 122.948952364832763, 14.092263579821772 ], [ 122.948885596740155, 14.092198821112346 ], [ 122.948795058450997, 14.092169539404702 ], [ 122.94871825657421, 14.092134477678337 ], [ 122.948691271694457, 14.092124396901193 ], [ 122.948661375533575, 14.092086701512267 ], [ 122.94865539630139, 14.092026775496535 ], [ 122.94871120246836, 14.091937852992583 ], [ 122.948814842492709, 14.09183926495858 ], [ 122.948826800957079, 14.091813168118923 ], [ 122.948764019019265, 14.091764840630187 ], [ 122.948675327075335, 14.091751308931512 ], [ 122.948618524369692, 14.09175807478095 ], [ 122.948571687050986, 14.091752275481449 ], [ 122.948594607441009, 14.091694282478269 ], [ 122.948692268233174, 14.091644021863594 ], [ 122.948847728269698, 14.091604393294226 ], [ 122.94892645482669, 14.091554132659761 ], [ 122.948983257532319, 14.091485990820361 ], [ 122.949015146770577, 14.091428481025176 ], [ 122.949008170999704, 14.091325060012508 ], [ 122.949012157154485, 14.091237103787284 ], [ 122.948949375216657, 14.09116171271012 ], [ 122.948922468671853, 14.091097920240763 ], [ 122.948869652121004, 14.091081488844251 ], [ 122.948838759421392, 14.091045726388934 ], [ 122.948795058450997, 14.090885612377422 ], [ 122.948674846817781, 14.090177699426095 ], [ 122.948568697434908, 14.089885859935574 ], [ 122.948730136703574, 14.089733143746813 ], [ 122.949031091389728, 14.089545631324674 ], [ 122.94906497370539, 14.089476039046339 ], [ 122.94870323015877, 14.089246964313627 ], [ 122.948905527514029, 14.088955062844359 ], [ 122.949040060237948, 14.088875804765092 ], [ 122.949162634497554, 14.088567471243776 ], [ 122.94919153411972, 14.088188578070508 ], [ 122.949504447270172, 14.088031994483634 ], [ 122.949554274204985, 14.087952736083912 ], [ 122.949506440347562, 14.087782620401352 ], [ 122.949245347209299, 14.087656966690796 ], [ 122.949235381822348, 14.087519714097166 ], [ 122.949460599567573, 14.087223944143085 ], [ 122.949695782699777, 14.08717948196 ], [ 122.949747602711938, 14.087119554656052 ] ] ] } },
{ "type": "Feature", "properties": { "fid": 165, "desc": "drainage", "other desc": "dpwh", "barangay": "Barangay Magang", "col": "FGD waterways", "layer": "magang_waterways", "etc": null, "name": null }, "geometry": { "type": "MultiLineString", "coordinates": [ [ [ 122.9563837240716, 14.098830542002364 ], [ 122.956155461879078, 14.099219625285075 ], [ 122.954769028448311, 14.100729268422004 ], [ 122.950873007844123, 14.098431083165455 ], [ 122.948590385918877, 14.096853998926198 ], [ 122.942676320021661, 14.092143497316838 ], [ 122.941887777902025, 14.091375706305621 ] ] ] } },
{ "type": "Feature", "properties": { "fid": 166, "desc": "drainage", "other desc": "closed drainage", "barangay": "Barangay Magang", "col": "FGD waterways", "layer": "magang_waterways", "etc": null, "name": null }, "geometry": { "type": "MultiLineString", "coordinates": [ [ [ 122.955408421976273, 14.100049669621527 ], [ 122.955797505258985, 14.100376499579005 ], [ 122.9563837240716, 14.100532132892088 ] ] ] } },
{ "type": "Feature", "properties": { "fid": 167, "desc": "drainage", "other desc": "clogged drainage", "barangay": "Barangay Magang", "col": "FGD waterways", "layer": "magang_waterways", "etc": null, "name": null }, "geometry": { "type": "MultiLineString", "coordinates": [ [ [ 122.956311095192163, 14.101554124981345 ], [ 122.955014150916455, 14.100708517313585 ], [ 122.955315041988428, 14.100402438464519 ] ] ] } },
{ "type": "Feature", "properties": { "fid": 168, "desc": "drainage", "other desc": null, "barangay": "Barangay Calasgasan", "col": "FGD waterways", "layer": "calasgasan_waterways", "etc": null, "name": null }, "geometry": { "type": "MultiLineString", "coordinates": [ [ [ 122.936246227426096, 14.085553130906279 ], [ 122.936534053995985, 14.085244371494946 ], [ 122.93681141414514, 14.084928634469799 ] ] ] } },
{ "type": "Feature", "properties": { "fid": 169, "desc": "drainage", "other desc": null, "barangay": "Barangay Calasgasan", "col": "FGD waterways", "layer": "calasgasan_waterways", "etc": null, "name": null }, "geometry": { "type": "MultiLineString", "coordinates": [ [ [ 122.935763027669353, 14.08413318649484 ], [ 122.936820136162382, 14.08492514566289 ], [ 122.937524875157763, 14.08549382118885 ] ] ] } },
{ "type": "Feature", "properties": { "fid": 170, "desc": "drainage", "other desc": null, "barangay": "Barangay Calasgasan", "col": "FGD waterways", "layer": "calasgasan_waterways", "etc": null, "name": null }, "geometry": { "type": "MultiLineString", "coordinates": [ [ [ 122.936841069003847, 14.084907701628355 ], [ 122.936942244404179, 14.084750705317507 ], [ 122.937158550432457, 14.084230873088259 ], [ 122.937336479584744, 14.083958746149458 ], [ 122.937803979710381, 14.083613354265596 ] ] ] } },
{ "type": "Feature", "properties": { "fid": 171, "desc": "creek", "other desc": "Sapang Calasgasan", "barangay": "Barangay Calasgasan", "col": "FGD waterways", "layer": "calasgasan_waterways", "etc": null, "name": "Calasgasan Creek" }, "geometry": { "type": "MultiLineString", "coordinates": [ [ [ 122.935438568626907, 14.082924314901327 ], [ 122.936387524105797, 14.083154576157236 ], [ 122.937603373312925, 14.082871982797693 ], [ 122.938273224239197, 14.082833605921708 ], [ 122.940258355369664, 14.083765117366063 ], [ 122.940966583171928, 14.083950024132172 ], [ 122.941263131759086, 14.084065154760125 ], [ 122.941524792277164, 14.084065154760125 ], [ 122.941741098305442, 14.084100042829203 ], [ 122.942142311099829, 14.083970956973618 ] ] ] } },
{ "type": "Feature", "properties": { "fid": 172, "desc": "creek", "other desc": null, "barangay": "Barangay Calasgasan", "col": "FGD waterways", "layer": "calasgasan_waterways", "etc": null, "name": null }, "geometry": { "type": "MultiLineString", "coordinates": [ [ [ 122.931513660855643, 14.082195154257606 ], [ 122.931702056428662, 14.081483437648433 ], [ 122.931974183367473, 14.08116944502674 ], [ 122.933851161483815, 14.082069557208929 ], [ 122.935302505157424, 14.082885938025331 ] ] ] } },
{ "type": "Feature", "properties": { "fid": 173, "desc": "drainage", "other desc": null, "barangay": "Barangay Calasgasan", "col": "FGD waterways", "layer": "calasgasan_waterways", "etc": null, "name": null }, "geometry": { "type": "MultiLineString", "coordinates": [ [ [ 122.937859800620771, 14.089919372751272 ], [ 122.939290211452942, 14.08853780521582 ], [ 122.938536629160865, 14.087819110992831 ], [ 122.938784334451313, 14.087669092295799 ], [ 122.939173336421518, 14.087283579132498 ], [ 122.939731545526783, 14.087074250718038 ] ] ] } },
{ "type": "Feature", "properties": { "fid": 174, "desc": "creek", "other desc": null, "barangay": "Barangay Calasgasan", "col": "FGD waterways", "layer": "calasgasan_waterways", "etc": null, "name": null }, "geometry": { "type": "MultiLineString", "coordinates": [ [ [ 122.938817478116917, 14.091503291087369 ], [ 122.937708037520267, 14.090456649015056 ], [ 122.936591619309809, 14.089514671149976 ], [ 122.935956656452603, 14.089305342735514 ], [ 122.932495759999853, 14.085572319344246 ] ] ] } },
{ "type": "Feature", "properties": { "fid": 176, "desc": "drainage", "other desc": "gk village; new drainage; exit to river", "barangay": "Barangay Bibirao", "col": "FGD waterways", "layer": "bibirao_waterways", "etc": null, "name": null }, "geometry": { "type": "MultiLineString", "coordinates": [ [ [ 122.910759934210702, 14.09754214328126 ], [ 122.911497816871631, 14.097408696417048 ], [ 122.913397472232759, 14.097283099368379 ], [ 122.913513161615043, 14.096975484722069 ], [ 122.913610848208464, 14.095900932194496 ], [ 122.914113236403168, 14.095838133670156 ], [ 122.914336520045268, 14.093821603277503 ], [ 122.91434349765909, 14.093800670436057 ], [ 122.914357452886719, 14.093786715208426 ], [ 122.914357452886719, 14.09376578236698 ], [ 122.914364430500527, 14.093751827139348 ], [ 122.914371408114349, 14.093737871911717 ], [ 122.914378385728156, 14.093723916684086 ], [ 122.914378385728156, 14.093709961456456 ], [ 122.914392340955786, 14.093696006228825 ], [ 122.914406296183415, 14.093682051001194 ], [ 122.914413273797237, 14.093668095773562 ], [ 122.914427229024867, 14.093661118159748 ], [ 122.914441184252496, 14.093654140545933 ], [ 122.914455139480125, 14.093647162932117 ], [ 122.914469094707755, 14.093633207704485 ], [ 122.914483049935384, 14.093626230090671 ], [ 122.914503982776836, 14.093619252476856 ], [ 122.914517938004465, 14.093612274863039 ], [ 122.914531893232095, 14.093612274863039 ], [ 122.914545848459724, 14.093605297249225 ], [ 122.914566781301176, 14.09359831963541 ], [ 122.914580736528805, 14.09359831963541 ], [ 122.914594691756434, 14.09359831963541 ], [ 122.914615624597886, 14.093584364407779 ], [ 122.914629579825515, 14.093584364407779 ], [ 122.914650512666967, 14.093584364407779 ], [ 122.914664467894596, 14.093577386793962 ], [ 122.914678423122226, 14.093577386793962 ], [ 122.914692378349855, 14.093577386793962 ], [ 122.914706333577485, 14.093570409180147 ], [ 122.914720288805114, 14.093570409180147 ], [ 122.914734244032744, 14.093556453952516 ], [ 122.914762154488002, 14.093556453952516 ], [ 122.914783087329454, 14.093556453952516 ], [ 122.914797042557083, 14.093556453952516 ], [ 122.914810997784713, 14.093556453952516 ], [ 122.914824953012342, 14.093549476338701 ], [ 122.914838908239972, 14.093549476338701 ], [ 122.914859841081423, 14.093549476338701 ], [ 122.914873796309053, 14.093549476338701 ], [ 122.914894729150504, 14.093549476338701 ], [ 122.914915661991941, 14.093542498724887 ], [ 122.914929617219585, 14.093542498724887 ], [ 122.914957527674844, 14.09353552111107 ], [ 122.914978460516281, 14.09353552111107 ], [ 122.91499241574391, 14.09353552111107 ], [ 122.915006370971554, 14.09353552111107 ], [ 122.915034281426813, 14.09353552111107 ], [ 122.915048236654442, 14.09353552111107 ], [ 122.915062191882072, 14.09353552111107 ], [ 122.915076147109701, 14.09353552111107 ], [ 122.915090102337331, 14.09353552111107 ], [ 122.91510405756496, 14.09353552111107 ], [ 122.915124990406412, 14.09353552111107 ], [ 122.915138945634041, 14.09353552111107 ], [ 122.915152900861671, 14.09353552111107 ], [ 122.9151668560893, 14.09353552111107 ], [ 122.91518081131693, 14.09353552111107 ], [ 122.915201744158381, 14.09353552111107 ], [ 122.91521569938601, 14.09353552111107 ], [ 122.91522965461364, 14.093542498724887 ], [ 122.915243609841269, 14.093542498724887 ], [ 122.915257565068899, 14.093549476338701 ], [ 122.915271520296528, 14.093556453952516 ], [ 122.915299430751801, 14.093563431566333 ], [ 122.915320363593239, 14.093563431566333 ], [ 122.91534129643469, 14.093570409180147 ], [ 122.915355251662319, 14.093577386793962 ], [ 122.915369206889949, 14.093584364407779 ], [ 122.9153901397314, 14.093591342021593 ], [ 122.91540409495903, 14.09359831963541 ], [ 122.915418050186659, 14.093605297249225 ], [ 122.915432005414289, 14.093605297249225 ], [ 122.915445960641918, 14.093612274863039 ], [ 122.915466893483369, 14.093626230090671 ], [ 122.915487826324807, 14.093633207704485 ], [ 122.915501781552436, 14.093633207704485 ], [ 122.915522714393887, 14.093640185318302 ], [ 122.915536669621517, 14.093640185318302 ], [ 122.915557602462968, 14.093654140545933 ], [ 122.915571557690598, 14.093654140545933 ], [ 122.915585512918227, 14.093654140545933 ], [ 122.915599468145857, 14.093661118159748 ], [ 122.915613423373486, 14.093661118159748 ], [ 122.915627378601116, 14.093661118159748 ], [ 122.915641333828745, 14.093661118159748 ], [ 122.915662266670196, 14.093661118159748 ], [ 122.915676221897826, 14.093661118159748 ], [ 122.915697154739277, 14.093661118159748 ], [ 122.915725065194536, 14.093661118159748 ], [ 122.915739020422166, 14.093661118159748 ], [ 122.915752975649795, 14.093661118159748 ], [ 122.915780886105054, 14.093661118159748 ], [ 122.915794841332684, 14.093661118159748 ], [ 122.915808796560327, 14.093661118159748 ], [ 122.915822751787957, 14.093661118159748 ], [ 122.915843684629394, 14.093661118159748 ], [ 122.915864617470845, 14.093661118159748 ], [ 122.915878572698475, 14.093661118159748 ], [ 122.915892527926104, 14.093661118159748 ], [ 122.915906483153734, 14.093661118159748 ], [ 122.915927415995185, 14.093661118159748 ], [ 122.915955326450444, 14.093668095773562 ], [ 122.915969281678073, 14.093668095773562 ], [ 122.915983236905703, 14.093668095773562 ], [ 122.916004169747154, 14.093668095773562 ], [ 122.916018124974784, 14.093668095773562 ], [ 122.916032080202413, 14.093675073387379 ], [ 122.916046035430043, 14.093675073387379 ], [ 122.916066968271494, 14.093675073387379 ], [ 122.916094878726753, 14.093675073387379 ], [ 122.916108833954382, 14.093675073387379 ], [ 122.916122789182012, 14.093675073387379 ], [ 122.916136744409641, 14.093675073387379 ], [ 122.916157677251093, 14.093675073387379 ], [ 122.916171632478722, 14.093682051001194 ], [ 122.916206520547803, 14.093682051001194 ], [ 122.91622745338924, 14.093682051001194 ], [ 122.91624140861687, 14.093682051001194 ], [ 122.916255363844513, 14.093682051001194 ], [ 122.91627629668595, 14.093682051001194 ], [ 122.916304207141209, 14.093682051001194 ], [ 122.916318162368839, 14.093682051001194 ], [ 122.91633909521029, 14.093682051001194 ], [ 122.91635305043792, 14.093682051001194 ], [ 122.916367005665549, 14.093682051001194 ], [ 122.916387938507, 14.093682051001194 ], [ 122.916408871348452, 14.093682051001194 ], [ 122.916422826576081, 14.093682051001194 ], [ 122.916436781803711, 14.093682051001194 ], [ 122.91645073703134, 14.093682051001194 ], [ 122.91646469225897, 14.093682051001194 ], [ 122.916485625100421, 14.093682051001194 ], [ 122.916506557941858, 14.093682051001194 ], [ 122.916520513169488, 14.093682051001194 ], [ 122.916534468397117, 14.093682051001194 ], [ 122.916548423624761, 14.093682051001194 ], [ 122.91656237885239, 14.093682051001194 ], [ 122.91657633408002, 14.093682051001194 ], [ 122.916597266921457, 14.093682051001194 ], [ 122.916611222149086, 14.093682051001194 ], [ 122.916639132604359, 14.093682051001194 ], [ 122.916653087831989, 14.093682051001194 ], [ 122.916667043059618, 14.093682051001194 ], [ 122.916680998287248, 14.093682051001194 ], [ 122.916694953514877, 14.093682051001194 ], [ 122.916715886356329, 14.093682051001194 ], [ 122.916729841583958, 14.093689028615008 ], [ 122.916743796811588, 14.093696006228825 ], [ 122.916757752039217, 14.093696006228825 ], [ 122.916771707266847, 14.093696006228825 ], [ 122.916792640108298, 14.09370298384264 ], [ 122.916806595335927, 14.09370298384264 ], [ 122.916820550563557, 14.09370298384264 ], [ 122.916841483405008, 14.09370298384264 ], [ 122.916855438632638, 14.093709961456456 ], [ 122.916869393860267, 14.093709961456456 ], [ 122.916883349087897, 14.093709961456456 ], [ 122.916897304315526, 14.093709961456456 ], [ 122.916911259543156, 14.093716939070271 ], [ 122.916925214770785, 14.093716939070271 ], [ 122.916939169998415, 14.093716939070271 ], [ 122.916953125226044, 14.093716939070271 ], [ 122.916967080453674, 14.093716939070271 ], [ 122.916981035681303, 14.093716939070271 ], [ 122.916994990908947, 14.093716939070271 ], [ 122.917008946136576, 14.093716939070271 ], [ 122.917022901364206, 14.093716939070271 ], [ 122.917036856591835, 14.093716939070271 ], [ 122.917050811819465, 14.093716939070271 ], [ 122.917036856591835, 14.093619252476859 ], [ 122.917005457329665, 14.093493655428182 ], [ 122.917012434943487, 14.093354103151874 ], [ 122.917546222400361, 14.09285869257098 ], [ 122.91756017762799, 14.092551677563101 ], [ 122.917431091772414, 14.092276061817392 ], [ 122.917239207392484, 14.092000446071683 ], [ 122.917218274551033, 14.091864382602283 ], [ 122.917291539496105, 14.091724830325974 ] ] ] } },
{ "type": "Feature", "properties": { "fid": 177, "desc": "creek", "other desc": null, "barangay": "Barangay Bibirao", "col": "FGD waterways", "layer": "bibirao_waterways", "etc": null, "name": null }, "geometry": { "type": "MultiLineString", "coordinates": [ [ [ 122.911158216952273, 14.096602182382941 ], [ 122.911186127407547, 14.096602182382941 ], [ 122.911255903545694, 14.096546361472418 ], [ 122.911353590139115, 14.096532406244789 ], [ 122.911395455822003, 14.096504495789526 ], [ 122.91147918718778, 14.096490540561895 ], [ 122.9115768737812, 14.096448674879003 ], [ 122.911674560374621, 14.096420764423742 ], [ 122.911744336512768, 14.096406809196111 ], [ 122.911772246968027, 14.096364943513217 ], [ 122.91181411265093, 14.096350988285588 ], [ 122.911842023106189, 14.096350988285588 ], [ 122.911869933561448, 14.096323077830325 ], [ 122.911897844016707, 14.096309122602694 ], [ 122.91192575447198, 14.096295167375064 ], [ 122.911981575382498, 14.096281212147433 ], [ 122.912023441065386, 14.096267256919802 ], [ 122.912065306748275, 14.096253301692171 ], [ 122.912093217203548, 14.096253301692171 ], [ 122.912135082886437, 14.096239346464541 ], [ 122.912162993341695, 14.096239346464541 ], [ 122.912190903796954, 14.096211436009279 ], [ 122.912218814252228, 14.096183525554018 ], [ 122.912246724707487, 14.096169570326387 ], [ 122.912302545618005, 14.096155615098755 ], [ 122.912344411300893, 14.096127704643495 ], [ 122.912386276983796, 14.096113749415863 ], [ 122.912442097894314, 14.096071883732971 ], [ 122.912470008349572, 14.096071883732971 ], [ 122.912497918804831, 14.09605792850534 ], [ 122.912525829260105, 14.096030018050078 ], [ 122.912553739715364, 14.096016062822448 ], [ 122.912581650170623, 14.095988152367186 ], [ 122.912609560625881, 14.095974197139554 ], [ 122.91263747108114, 14.095974197139554 ], [ 122.912665381536414, 14.095960241911925 ], [ 122.912693291991673, 14.095946286684294 ], [ 122.912721202446932, 14.095932331456662 ], [ 122.912749112902191, 14.095918376229031 ], [ 122.912777023357449, 14.0959044210014 ], [ 122.912804933812708, 14.09589046577377 ], [ 122.912860754723241, 14.095848600090877 ], [ 122.912902620406129, 14.095848600090877 ], [ 122.912930530861388, 14.095834644863247 ], [ 122.912958441316661, 14.095820689635616 ], [ 122.91298635177192, 14.095792779180353 ], [ 122.913014262227179, 14.095764868725093 ], [ 122.913042172682438, 14.09573695826983 ], [ 122.913056127910068, 14.095709047814569 ], [ 122.913070083137697, 14.095667182131677 ], [ 122.913097993592956, 14.095625316448784 ], [ 122.913097993592956, 14.095597405993523 ], [ 122.9131119488206, 14.09556949553826 ], [ 122.913125904048229, 14.095541585083 ], [ 122.913125904048229, 14.095499719400106 ], [ 122.913139859275859, 14.095471808944845 ], [ 122.913153814503488, 14.095429943261953 ], [ 122.913153814503488, 14.095388077579059 ], [ 122.913167769731118, 14.095360167123799 ], [ 122.913167769731118, 14.095332256668536 ], [ 122.913167769731118, 14.095304346213275 ], [ 122.913167769731118, 14.095248525302752 ], [ 122.913167769731118, 14.09522061484749 ], [ 122.913167769731118, 14.095178749164598 ], [ 122.913167769731118, 14.095150838709337 ], [ 122.913167769731118, 14.095122928254074 ], [ 122.913167769731118, 14.095095017798812 ], [ 122.913167769731118, 14.095067107343551 ], [ 122.913167769731118, 14.095025241660659 ], [ 122.913167769731118, 14.094983375977765 ], [ 122.913167769731118, 14.094913599839613 ], [ 122.913167769731118, 14.09488568938435 ], [ 122.913167769731118, 14.094857778929089 ], [ 122.913167769731118, 14.094815913246196 ], [ 122.913181724958747, 14.094760092335672 ], [ 122.913181724958747, 14.094732181880412 ], [ 122.913181724958747, 14.094704271425149 ], [ 122.913181724958747, 14.094662405742257 ], [ 122.913181724958747, 14.094592629604103 ], [ 122.913181724958747, 14.094564719148842 ], [ 122.913195680186377, 14.094522853465948 ], [ 122.913195680186377, 14.094480987783056 ], [ 122.913195680186377, 14.094453077327795 ], [ 122.913209635414006, 14.094411211644902 ], [ 122.913209635414006, 14.094383301189641 ], [ 122.913223590641635, 14.094313525051486 ], [ 122.913223590641635, 14.094285614596226 ], [ 122.913223590641635, 14.094257704140963 ], [ 122.913237545869265, 14.09420188323044 ], [ 122.913237545869265, 14.094173972775177 ], [ 122.913237545869265, 14.094132107092285 ], [ 122.913251501096909, 14.094104196637025 ], [ 122.913251501096909, 14.094048375726501 ], [ 122.913265456324538, 14.094020465271239 ], [ 122.913265456324538, 14.093978599588347 ], [ 122.913265456324538, 14.093922778677824 ], [ 122.913279411552168, 14.093894868222561 ], [ 122.913307322007427, 14.093825092084407 ], [ 122.913307322007427, 14.093797181629146 ], [ 122.913307322007427, 14.093755315946254 ], [ 122.913335232462686, 14.093727405490991 ], [ 122.913335232462686, 14.093699495035731 ], [ 122.913363142917945, 14.093643674125207 ], [ 122.913391053373203, 14.093601808442314 ], [ 122.913391053373203, 14.093573897987053 ], [ 122.913432919056106, 14.093532032304161 ], [ 122.913446874283736, 14.093504121848898 ], [ 122.913460829511365, 14.093476211393638 ], [ 122.913502695194254, 14.093420390483113 ], [ 122.913516650421883, 14.093392480027852 ], [ 122.913530605649512, 14.093364569572589 ], [ 122.913544560877156, 14.093336659117329 ], [ 122.913558516104786, 14.093308748662066 ], [ 122.913586426560045, 14.093252927751543 ], [ 122.913600381787674, 14.093225017296282 ], [ 122.913614337015304, 14.09319710684102 ], [ 122.913628292242933, 14.093169196385759 ], [ 122.913656202698192, 14.093141285930496 ], [ 122.913670157925822, 14.093113375475236 ], [ 122.913698068381095, 14.093085465019973 ], [ 122.913739934063983, 14.093057554564712 ], [ 122.913767844519242, 14.09301568888182 ], [ 122.913795754974501, 14.092987778426558 ], [ 122.913837620657404, 14.092959867971295 ], [ 122.913851575885033, 14.092904047060772 ], [ 122.913879486340292, 14.092876136605511 ], [ 122.913907396795551, 14.092834270922619 ], [ 122.91394926247844, 14.092806360467357 ], [ 122.913977172933699, 14.092778450012096 ], [ 122.914005083388972, 14.092750539556834 ], [ 122.91404694907186, 14.09269471864631 ], [ 122.91406090429949, 14.09266680819105 ], [ 122.914088814754749, 14.092610987280526 ], [ 122.914116725210008, 14.092597032052895 ], [ 122.91415859089291, 14.092569121597633 ], [ 122.91417254612054, 14.092541211142372 ], [ 122.914200456575799, 14.092513300687109 ], [ 122.914242322258687, 14.092485390231849 ], [ 122.914270232713946, 14.092471435004217 ], [ 122.914298143169219, 14.092471435004217 ], [ 122.914326053624478, 14.092443524548955 ], [ 122.914353964079737, 14.092443524548955 ], [ 122.914381874534996, 14.092429569321325 ], [ 122.914409784990255, 14.092415614093694 ], [ 122.914437695445528, 14.092401658866063 ], [ 122.914465605900787, 14.092387703638432 ], [ 122.914507471583676, 14.092373748410802 ], [ 122.914535382038935, 14.09234583795554 ], [ 122.914563292494194, 14.092331882727908 ], [ 122.914591202949467, 14.092331882727908 ], [ 122.914619113404726, 14.092317927500279 ], [ 122.914647023859985, 14.092303972272648 ], [ 122.914674934315244, 14.092290017045016 ], [ 122.914716799998132, 14.092290017045016 ], [ 122.914744710453405, 14.092262106589756 ], [ 122.914772620908664, 14.092248151362124 ], [ 122.914828441819182, 14.092234196134493 ], [ 122.914870307502085, 14.092220240906862 ], [ 122.914912173184973, 14.092206285679232 ], [ 122.914954038867862, 14.092206285679232 ], [ 122.914981949323121, 14.092192330451601 ], [ 122.91500985977838, 14.09217837522397 ], [ 122.915037770233653, 14.092164419996339 ], [ 122.915065680688912, 14.092150464768707 ], [ 122.915093591144171, 14.092150464768707 ], [ 122.91512150159943, 14.092122554313447 ], [ 122.915149412054689, 14.092122554313447 ], [ 122.915177322509962, 14.092122554313447 ], [ 122.91523314342048, 14.092122554313447 ], [ 122.915261053875739, 14.092108599085815 ], [ 122.915302919558627, 14.092094643858184 ], [ 122.9153308300139, 14.092094643858184 ], [ 122.915358740469159, 14.092094643858184 ], [ 122.915400606152048, 14.092094643858184 ], [ 122.915442471834936, 14.092094643858184 ] ] ] } },
{ "type": "Feature", "properties": { "fid": 178, "desc": "creek", "other desc": "don caranceja school to inc to river", "barangay": "Barangay Bibirao", "col": "FGD waterways", "layer": "bibirao_waterways", "etc": null, "name": "creek" }, "geometry": { "type": "MultiLineString", "coordinates": [ [ [ 122.92183013657862, 14.093917490954812 ], [ 122.921834061486393, 14.093933190585895 ], [ 122.921849761117471, 14.093960664940292 ], [ 122.92186153584079, 14.093988139294687 ], [ 122.921873310564095, 14.094019538556855 ], [ 122.921881160379641, 14.09403916309571 ], [ 122.921885085287414, 14.094054862726793 ], [ 122.921900784918492, 14.094078412173419 ], [ 122.921924334365116, 14.094121586158899 ], [ 122.921951808719513, 14.094164760144379 ], [ 122.921983207981683, 14.094215783945401 ], [ 122.922014607243852, 14.094258957930881 ], [ 122.922042081598249, 14.094302131916361 ], [ 122.922073480860419, 14.094337456086301 ], [ 122.922112729938121, 14.094380630071781 ], [ 122.922144129200291, 14.094423804057261 ], [ 122.922171603554688, 14.094466978042741 ], [ 122.922203002816858, 14.094502302212678 ], [ 122.922234402079027, 14.094541551290389 ], [ 122.922257951525651, 14.094576875460326 ], [ 122.922277576064502, 14.094604349814723 ], [ 122.92229327569558, 14.094616124538035 ], [ 122.922316825142218, 14.094647523800203 ], [ 122.922344299496615, 14.0946749981546 ], [ 122.922367848943239, 14.094702472508995 ], [ 122.922403173113167, 14.094726021955621 ], [ 122.922414947836486, 14.094741721586706 ], [ 122.92243849728311, 14.09476134612556 ], [ 122.922458121821961, 14.094777045756643 ], [ 122.922477746360826, 14.094792745387727 ], [ 122.922505220715223, 14.094808445018812 ], [ 122.922520920346301, 14.094816294834352 ], [ 122.922544469792925, 14.094831994465437 ], [ 122.922564094331776, 14.094843769188749 ], [ 122.922575869055095, 14.094855543912063 ], [ 122.922599418501719, 14.094871243543146 ], [ 122.922626892856115, 14.094894792989772 ], [ 122.922654367210512, 14.094910492620855 ], [ 122.922673991749363, 14.094926192251938 ], [ 122.922709315919306, 14.094949741698564 ], [ 122.922736790273703, 14.094961516421877 ], [ 122.922760339720327, 14.094965441329649 ], [ 122.922783889166951, 14.094981140960732 ], [ 122.92279566389027, 14.094981140960732 ], [ 122.922819213336894, 14.094988990776274 ], [ 122.922827063152425, 14.094992915684044 ], [ 122.922854537506822, 14.095008615315129 ], [ 122.922862387322368, 14.095008615315129 ], [ 122.922874162045687, 14.095016465130669 ], [ 122.922882011861219, 14.095020390038441 ], [ 122.922897711492311, 14.095032164761754 ], [ 122.922909486215616, 14.095036089669525 ], [ 122.922921260938935, 14.095043939485066 ], [ 122.922933035662254, 14.095047864392837 ], [ 122.922940885477786, 14.095059639116151 ], [ 122.922948735293332, 14.095067488931692 ], [ 122.922956585108878, 14.095075338747234 ], [ 122.92296443492441, 14.095075338747234 ], [ 122.922972284739956, 14.095083188562775 ], [ 122.922976209647729, 14.095091038378317 ], [ 122.922984059463275, 14.095094963286089 ], [ 122.922991909278807, 14.095102813101631 ], [ 122.922999759094353, 14.095110662917172 ], [ 122.923019383633203, 14.095134212363797 ], [ 122.923039008172069, 14.095153836902652 ], [ 122.923062557618692, 14.095181311257049 ], [ 122.923097881788621, 14.095204860703674 ], [ 122.923129281050791, 14.095240184873612 ], [ 122.923160680312961, 14.095279433951323 ], [ 122.923180304851812, 14.095299058490177 ], [ 122.923188154667358, 14.095310833213489 ], [ 122.923211704113982, 14.095338307567886 ], [ 122.923235253560605, 14.095373631737823 ], [ 122.923258803007229, 14.095408955907763 ], [ 122.923278427546094, 14.09543643026216 ], [ 122.923301976992718, 14.095463904616555 ], [ 122.923305901900491, 14.09547960424764 ], [ 122.923325526439342, 14.095503153694265 ], [ 122.923349075885966, 14.09553062804866 ], [ 122.92337262533259, 14.095562027310828 ], [ 122.92340402459476, 14.095597351480766 ], [ 122.923423649133611, 14.095624825835163 ], [ 122.92343542385693, 14.095636600558477 ], [ 122.923451123488007, 14.095664074912872 ], [ 122.923474672934631, 14.095707248898353 ], [ 122.923498222381255, 14.095742573068291 ], [ 122.923513922012347, 14.095777897238229 ], [ 122.923533546551198, 14.095813221408168 ], [ 122.923541396366744, 14.095844620670334 ], [ 122.923553171090049, 14.095879944840274 ], [ 122.923564945813368, 14.09591134410244 ], [ 122.923576720536673, 14.095938818456837 ], [ 122.923584570352219, 14.095958442995691 ], [ 122.923592420167765, 14.095970217719005 ], [ 122.923600269983311, 14.095989842257859 ], [ 122.923608119798843, 14.096009466796714 ], [ 122.923612044706616, 14.096025166427797 ], [ 122.923627744337708, 14.096048715874423 ], [ 122.923631669245466, 14.096060490597736 ], [ 122.923643443968786, 14.096091889859903 ], [ 122.92365521869209, 14.096111514398759 ], [ 122.92365521869209, 14.096123289122071 ], [ 122.923663068507636, 14.096150763476468 ], [ 122.923670918323182, 14.096162538199779 ], [ 122.923682693046487, 14.096186087646405 ], [ 122.92368661795426, 14.096201787277488 ], [ 122.923698392677579, 14.096213562000802 ], [ 122.923706242493125, 14.096233186539656 ], [ 122.923710167400884, 14.096241036355199 ], [ 122.923714092308657, 14.096256735986282 ], [ 122.923721942124203, 14.096268510709594 ], [ 122.923725867031976, 14.096280285432908 ], [ 122.923725867031976, 14.09629206015622 ], [ 122.923729791939749, 14.096299909971762 ], [ 122.923737641755281, 14.096311684695076 ], [ 122.923741566663054, 14.096319534510616 ], [ 122.923741566663054, 14.096327384326159 ], [ 122.923745491570827, 14.096335234141701 ], [ 122.9237494164786, 14.096343083957242 ], [ 122.9237494164786, 14.096350933772785 ], [ 122.923757266294146, 14.096362708496097 ], [ 122.923761191201919, 14.096370558311639 ], [ 122.923765116109678, 14.096378408127181 ], [ 122.923772965925224, 14.096386257942722 ], [ 122.923772965925224, 14.096401957573807 ], [ 122.923776890832997, 14.096409807389348 ], [ 122.923784740648543, 14.096429431928202 ], [ 122.923788665556302, 14.096441206651516 ], [ 122.923792590464075, 14.096452981374828 ], [ 122.923796515371848, 14.09646083119037 ], [ 122.923796515371848, 14.096472605913682 ], [ 122.923796515371848, 14.096480455729225 ], [ 122.923796515371848, 14.096488305544767 ], [ 122.923796515371848, 14.096496155360308 ], [ 122.924298903566552, 14.096872946506318 ], [ 122.924424500615217, 14.097061342079323 ], [ 122.924455899877387, 14.097077041710406 ], [ 122.924471599508465, 14.097092741341489 ], [ 122.924495148955089, 14.097100591157032 ], [ 122.924510848586181, 14.097108440972574 ], [ 122.924526548217258, 14.097116290788115 ], [ 122.924542247848336, 14.097124140603658 ], [ 122.924565797294974, 14.0971319904192 ], [ 122.924589346741598, 14.097139840234741 ], [ 122.924612896188222, 14.097155539865826 ], [ 122.9246285958193, 14.097171239496909 ], [ 122.92465999508147, 14.097194788943535 ], [ 122.924683544528094, 14.097210488574618 ], [ 122.924714943790264, 14.097226188205703 ], [ 122.924730643421341, 14.097234038021243 ], [ 122.924746343052433, 14.097249737652326 ], [ 122.924762042683511, 14.097257587467869 ], [ 122.924777742314603, 14.097273287098952 ], [ 122.924801291761227, 14.097288986730037 ], [ 122.924816991392305, 14.09730468636112 ], [ 122.924832691023397, 14.097312536176663 ], [ 122.924840540838929, 14.097328235807746 ], [ 122.924864090285553, 14.097351785254371 ], [ 122.924879789916645, 14.097367484885455 ], [ 122.924895489547723, 14.09738318451654 ], [ 122.924911189178815, 14.097398884147623 ], [ 122.924926888809892, 14.097414583778706 ], [ 122.92494258844097, 14.097414583778706 ], [ 122.924958288072062, 14.097430283409789 ], [ 122.92497398770314, 14.097445983040874 ], [ 122.924989687334232, 14.097461682671957 ], [ 122.925021086596402, 14.097485232118583 ], [ 122.92503678622748, 14.097493081934125 ], [ 122.925052485858558, 14.097508781565208 ], [ 122.925076035305182, 14.097532331011834 ], [ 122.92509958475182, 14.097532331011834 ], [ 122.925115284382898, 14.09755588045846 ], [ 122.925130984013975, 14.097563730274 ], [ 122.925146683645067, 14.097579429905085 ], [ 122.925162383276145, 14.097587279720626 ], [ 122.925178082907237, 14.097595129536169 ], [ 122.925193782538315, 14.097610829167252 ], [ 122.925217331984939, 14.097626528798337 ], [ 122.925233031616031, 14.09764222842942 ], [ 122.925256581062655, 14.097665777876045 ], [ 122.925272280693733, 14.097681477507129 ], [ 122.925287980324825, 14.097689327322671 ], [ 122.925303679955903, 14.097697177138212 ], [ 122.925327229402527, 14.097720726584837 ], [ 122.925342929033604, 14.097736426215922 ], [ 122.925358628664696, 14.097752125847006 ], [ 122.92538217811132, 14.097767825478089 ], [ 122.925397877742398, 14.097775675293631 ], [ 122.925429277004568, 14.097791374924714 ], [ 122.925476375897816, 14.097838473817966 ], [ 122.925499925344454, 14.097854173449049 ], [ 122.925515624975532, 14.097862023264591 ], [ 122.925531324606609, 14.097869873080134 ], [ 122.925547024237702, 14.097885572711217 ], [ 122.925578423499871, 14.097893422526759 ], [ 122.925594123130949, 14.097916971973385 ], [ 122.925601972946495, 14.097932671604468 ], [ 122.925625522393119, 14.097940521420011 ], [ 122.925649071839743, 14.097964070866636 ], [ 122.925672621286367, 14.097979770497719 ], [ 122.925688320917459, 14.098003319944345 ], [ 122.925711870364083, 14.098011169759886 ], [ 122.925735419810707, 14.098034719206511 ], [ 122.925751119441784, 14.098050418837596 ], [ 122.925774668888408, 14.09806611846868 ], [ 122.925798218335032, 14.098105367546388 ], [ 122.925829617597202, 14.098144616624097 ], [ 122.925861016859372, 14.098191715517348 ], [ 122.925876716490464, 14.098207415148433 ], [ 122.925900265937088, 14.098230964595059 ], [ 122.925915965568166, 14.098262363857225 ], [ 122.925923815383712, 14.09827806348831 ], [ 122.925947364830336, 14.098301612934934 ], [ 122.925955214645882, 14.098317312566019 ], [ 122.925970914276959, 14.098333012197102 ], [ 122.925978764092505, 14.098348711828185 ], [ 122.925986613908037, 14.09836441145927 ], [ 122.925994463723583, 14.098380111090353 ], [ 122.926018013170207, 14.098395810721437 ], [ 122.926025862985753, 14.098411510352522 ], [ 122.926025862985753, 14.098427209983605 ], [ 122.926041562616831, 14.09845075943023 ], [ 122.926049412432377, 14.098466459061314 ], [ 122.926049412432377, 14.098490008507939 ], [ 122.926065112063455, 14.098505708139022 ], [ 122.926065112063455, 14.098521407770107 ], [ 122.926072961879001, 14.09853710740119 ], [ 122.926096511325625, 14.098568506663359 ], [ 122.926104361141171, 14.098599905925525 ], [ 122.926120060772249, 14.098615605556608 ], [ 122.926120060772249, 14.098639155003234 ], [ 122.926120060772249, 14.098694103712027 ], [ 122.926135760403341, 14.098709803343111 ], [ 122.926135760403341, 14.098733352789736 ], [ 122.926151460034419, 14.098764752051904 ], [ 122.926159309849965, 14.098780451682988 ], [ 122.926159309849965, 14.098796151314071 ], [ 122.926175009481042, 14.098827550576239 ], [ 122.926182859296588, 14.098843250207322 ], [ 122.926190709112134, 14.098866799653948 ], [ 122.926198558927666, 14.098890349100573 ], [ 122.926206408743212, 14.098906048731656 ], [ 122.926206408743212, 14.098921748362741 ] ] ] } },
{ "type": "Feature", "properties": { "fid": 179, "desc": "creek", "other desc": "libho creek; from \"boro-boro\" to pamorangon creek", "barangay": "Barangay Cobangbang", "col": "FGD waterways", "layer": "cobangbang_waterways", "etc": null, "name": "Libjo Creek" }, "geometry": { "type": "MultiLineString", "coordinates": [ [ [ 122.963151015467858, 14.106772006787002 ], [ 122.963588966517563, 14.106152618873844 ], [ 122.964152046438613, 14.105489435855716 ], [ 122.964790203682469, 14.105245434556595 ], [ 122.965300452595514, 14.105152539449092 ], [ 122.965320077134365, 14.105152539449092 ], [ 122.96533970167323, 14.105144689633551 ], [ 122.9653711009354, 14.105125065094697 ], [ 122.965390725474251, 14.105117215279154 ], [ 122.965418199828648, 14.1050975907403 ], [ 122.965453523998576, 14.105081891109217 ], [ 122.965473148537441, 14.105077966201446 ], [ 122.965480998352973, 14.105070116385903 ], [ 122.965488848168519, 14.105062266570361 ], [ 122.965496697984065, 14.10505441675482 ], [ 122.965504547799611, 14.105046566939277 ], [ 122.965512397615143, 14.105042642031506 ], [ 122.965520247430689, 14.105034792215966 ], [ 122.965532022154008, 14.105030867308194 ], [ 122.96553987196954, 14.105023017492652 ], [ 122.965547721785086, 14.105015167677111 ], [ 122.965563421416164, 14.105003392953797 ], [ 122.96557127123171, 14.104999468046026 ], [ 122.965579121047256, 14.104995543138255 ], [ 122.965586970862802, 14.104987693322714 ], [ 122.965594820678334, 14.104975918599401 ], [ 122.965606595401653, 14.10496806878386 ], [ 122.965614445217184, 14.104960218968317 ], [ 122.96562229503273, 14.104952369152775 ], [ 122.965637994663822, 14.104932744613921 ], [ 122.965645844479354, 14.10492489479838 ], [ 122.9656536942949, 14.104909195167295 ], [ 122.965665469018219, 14.104893495536212 ], [ 122.965673318833751, 14.104881720812898 ], [ 122.965677243741524, 14.104873870997357 ], [ 122.96568509355707, 14.104862096274044 ], [ 122.965689018464843, 14.104850321550732 ], [ 122.965696868280375, 14.104838546827418 ], [ 122.965704718095921, 14.104826772104106 ], [ 122.965708643003694, 14.104814997380792 ], [ 122.96571649281924, 14.104807147565252 ], [ 122.965724342634772, 14.104795372841938 ], [ 122.965728267542545, 14.104787523026397 ], [ 122.965732192450318, 14.104779673210855 ], [ 122.965740042265864, 14.104767898487543 ], [ 122.965743967173637, 14.104756123764229 ], [ 122.965751816989169, 14.104740424133146 ], [ 122.965755741896942, 14.104732574317604 ], [ 122.965759666804715, 14.104724724502063 ], [ 122.965771441528034, 14.104697250147666 ], [ 122.965775366435793, 14.104685475424352 ], [ 122.965783216251339, 14.104677625608812 ], [ 122.965791066066885, 14.104661925977727 ], [ 122.965794990974658, 14.104650151254415 ], [ 122.965798915882431, 14.104642301438872 ], [ 122.965810690605736, 14.10463052671556 ], [ 122.965810690605736, 14.104622676900018 ], [ 122.965814615513509, 14.104610902176706 ], [ 122.965818540421282, 14.104599127453392 ], [ 122.965818540421282, 14.10458735273008 ], [ 122.965826390236828, 14.104579502914538 ], [ 122.965830315144586, 14.104571653098995 ], [ 122.965830315144586, 14.104563803283455 ], [ 122.965830315144586, 14.10454810365237 ], [ 122.965842089867905, 14.104532404021286 ], [ 122.965846014775678, 14.104524554205744 ], [ 122.965846014775678, 14.104516704390203 ], [ 122.965849939683451, 14.104497079851349 ], [ 122.965853864591224, 14.104485305128035 ], [ 122.965857789498983, 14.104477455312495 ], [ 122.965857789498983, 14.104465680589181 ], [ 122.965865639314529, 14.104446056050326 ], [ 122.965869564222302, 14.104434281327013 ], [ 122.965869564222302, 14.104422506603701 ], [ 122.965873489130075, 14.104414656788158 ], [ 122.965877414037848, 14.104406806972618 ], [ 122.965881338945607, 14.104391107341533 ], [ 122.965881338945607, 14.104371482802678 ], [ 122.965889188761153, 14.104359708079366 ], [ 122.965893113668926, 14.104351858263824 ], [ 122.965897038576699, 14.104344008448283 ], [ 122.965897038576699, 14.104336158632741 ], [ 122.965897038576699, 14.104324383909427 ], [ 122.965904888392245, 14.104316534093886 ], [ 122.965908813300004, 14.104308684278344 ], [ 122.965908813300004, 14.104292984647261 ], [ 122.96591666311555, 14.104273360108406 ], [ 122.96591666311555, 14.104261585385093 ], [ 122.965920588023323, 14.104249810661781 ], [ 122.965928437838869, 14.104234111030696 ], [ 122.965932362746642, 14.104226261215155 ], [ 122.965932362746642, 14.10421056158407 ], [ 122.965940212562174, 14.104202711768529 ], [ 122.965940212562174, 14.104194861952987 ], [ 122.965944137469947, 14.104187012137446 ], [ 122.965944137469947, 14.104179162321904 ], [ 122.965951987285493, 14.104163462690821 ], [ 122.965955912193266, 14.104147763059736 ], [ 122.965959837101039, 14.104135988336424 ], [ 122.965959837101039, 14.104128138520881 ], [ 122.965967686916571, 14.104120288705341 ], [ 122.965967686916571, 14.104108513982027 ], [ 122.965975536732117, 14.104088889443172 ], [ 122.965983386547663, 14.104077114719859 ], [ 122.965983386547663, 14.104069264904318 ], [ 122.965991236363195, 14.104049640365464 ], [ 122.965995161270968, 14.104041790549921 ], [ 122.965995161270968, 14.104030015826609 ], [ 122.966003011086514, 14.104014316195524 ], [ 122.966003011086514, 14.104006466379984 ], [ 122.96601086090206, 14.103990766748899 ], [ 122.966014785809818, 14.103978992025587 ], [ 122.966022635625365, 14.103963292394504 ], [ 122.966026560533138, 14.103955442578961 ], [ 122.966034410348684, 14.103943667855647 ], [ 122.966042260164215, 14.103927968224564 ], [ 122.966050109979761, 14.103916193501252 ], [ 122.966057959795307, 14.103896568962398 ], [ 122.96606188470308, 14.103888719146855 ], [ 122.966065809610853, 14.103880869331313 ], [ 122.966069734518612, 14.10386516970023 ], [ 122.966069734518612, 14.103857319884687 ], [ 122.966069734518612, 14.103849470069147 ], [ 122.966073659426385, 14.103837695345833 ], [ 122.966077584334158, 14.10382984553029 ], [ 122.966085434149704, 14.103818070806978 ], [ 122.966085434149704, 14.103806296083667 ], [ 122.966089359057477, 14.103798446268124 ], [ 122.966097208873009, 14.103782746637041 ], [ 122.966097208873009, 14.103774896821498 ], [ 122.966101133780782, 14.103767047005956 ], [ 122.966101133780782, 14.103759197190415 ], [ 122.966105058688555, 14.103747422467102 ], [ 122.966105058688555, 14.103739572651561 ], [ 122.966105058688555, 14.103731722836018 ], [ 122.966105058688555, 14.103723873020476 ], [ 122.966105058688555, 14.10370032357385 ], [ 122.966105058688555, 14.10369247375831 ], [ 122.966105058688555, 14.103684623942767 ], [ 122.966105058688555, 14.103672849219455 ], [ 122.966105058688555, 14.103664999403913 ], [ 122.966105058688555, 14.103653224680599 ], [ 122.966105058688555, 14.103641449957287 ], [ 122.966105058688555, 14.103625750326204 ], [ 122.966105058688555, 14.103617900510661 ], [ 122.966105058688555, 14.103610050695119 ], [ 122.966105058688555, 14.103598275971807 ], [ 122.966105058688555, 14.103590426156265 ], [ 122.966097208873009, 14.103582576340724 ], [ 122.966097208873009, 14.10357080161741 ], [ 122.96609328396525, 14.103562951801868 ], [ 122.966089359057477, 14.103555101986327 ], [ 122.966089359057477, 14.103539402355242 ], [ 122.966085434149704, 14.103531552539701 ], [ 122.966081509241931, 14.103523702724159 ], [ 122.966081509241931, 14.103515852908618 ], [ 122.966077584334158, 14.103504078185304 ], [ 122.966077584334158, 14.103492303461993 ], [ 122.966077584334158, 14.103476603830908 ], [ 122.966073659426385, 14.103464829107596 ], [ 122.966073659426385, 14.103456979292053 ], [ 122.966069734518612, 14.103449129476511 ], [ 122.966065809610853, 14.103437354753199 ], [ 122.966065809610853, 14.103421655122116 ], [ 122.966065809610853, 14.103413805306573 ], [ 122.966065809610853, 14.103405955491031 ], [ 122.96606188470308, 14.103394180767719 ], [ 122.96606188470308, 14.103386330952176 ], [ 122.96606188470308, 14.103374556228864 ], [ 122.966057959795307, 14.103362781505551 ], [ 122.966057959795307, 14.103351006782239 ], [ 122.966057959795307, 14.103339232058925 ], [ 122.966057959795307, 14.103327457335613 ], [ 122.966054034887534, 14.103319607520071 ], [ 122.966054034887534, 14.103303907888987 ], [ 122.966054034887534, 14.103292133165676 ], [ 122.966054034887534, 14.103284283350133 ], [ 122.966054034887534, 14.103276433534591 ], [ 122.966054034887534, 14.103264658811279 ], [ 122.966054034887534, 14.103248959180194 ], [ 122.966054034887534, 14.103229334641339 ], [ 122.966054034887534, 14.103221484825799 ], [ 122.966054034887534, 14.103213635010256 ], [ 122.966054034887534, 14.103205785194714 ], [ 122.966054034887534, 14.103194010471402 ], [ 122.966054034887534, 14.103186160655859 ], [ 122.966054034887534, 14.103174385932547 ], [ 122.966054034887534, 14.103166536117005 ], [ 122.965789103613005, 14.102917304473552 ], [ 122.965653694294915, 14.102789744970998 ], [ 122.965637994663822, 14.102554250504742 ], [ 122.965630144848291, 14.102554250504742 ], [ 122.965626219940518, 14.10254247578143 ], [ 122.965626219940518, 14.102534625965887 ], [ 122.965626219940518, 14.102526776150345 ], [ 122.965626219940518, 14.102518926334804 ], [ 122.965626219940518, 14.102511076519262 ], [ 122.965626219940518, 14.102499301795948 ], [ 122.965626219940518, 14.102491451980407 ], [ 122.965626219940518, 14.102475752349322 ], [ 122.965626219940518, 14.102467902533782 ], [ 122.965626219940518, 14.102456127810468 ], [ 122.965630144848291, 14.102448277994927 ], [ 122.965630144848291, 14.102436503271614 ], [ 122.965630144848291, 14.102428653456073 ], [ 122.965630144848291, 14.102420803640531 ], [ 122.965630144848291, 14.102412953824988 ], [ 122.965630144848291, 14.102405104009447 ], [ 122.965630144848291, 14.102397254193905 ], [ 122.965630144848291, 14.102389404378362 ], [ 122.965630144848291, 14.102381554562822 ], [ 122.965626219940518, 14.102369779839508 ], [ 122.965626219940518, 14.102361930023967 ], [ 122.965622295032745, 14.102346230392882 ], [ 122.965618370124972, 14.102338380577342 ], [ 122.965614445217199, 14.102330530761799 ], [ 122.965614445217199, 14.102322680946257 ], [ 122.965614445217199, 14.102314831130716 ], [ 122.965614445217199, 14.102306981315174 ], [ 122.965610520309426, 14.102299131499631 ], [ 122.965606595401667, 14.10229128168409 ], [ 122.965602670493894, 14.102283431868548 ], [ 122.965602670493894, 14.102275582053005 ], [ 122.965598745586121, 14.102267732237465 ], [ 122.965594820678348, 14.10225203260638 ], [ 122.965590895770575, 14.102244182790839 ], [ 122.965586970862802, 14.102228483159756 ], [ 122.965583045955043, 14.102220633344213 ], [ 122.96557912104727, 14.102212783528671 ], [ 122.96557912104727, 14.102201008805359 ], [ 122.965575196139497, 14.102185309174274 ], [ 122.965571271231724, 14.102173534450962 ], [ 122.965567346323951, 14.10216175972765 ], [ 122.965567346323951, 14.102146060096565 ], [ 122.965567346323951, 14.102130360465482 ], [ 122.965563421416178, 14.102118585742168 ], [ 122.965559496508405, 14.102102886111085 ], [ 122.965555571600646, 14.102091111387773 ], [ 122.965555571600646, 14.102083261572231 ], [ 122.965555571600646, 14.102075411756688 ], [ 122.965555571600646, 14.102067561941148 ], [ 122.965551646692873, 14.102055787217834 ], [ 122.965551646692873, 14.102047937402293 ], [ 122.965551646692873, 14.10203616267898 ], [ 122.9655477217851, 14.102028312863437 ], [ 122.9655477217851, 14.102016538140125 ], [ 122.9655477217851, 14.102000838509042 ], [ 122.9655477217851, 14.101989063785728 ], [ 122.9655477217851, 14.101981213970188 ], [ 122.965543796877327, 14.101973364154645 ], [ 122.965543796877327, 14.101965514339103 ], [ 122.965543796877327, 14.101957664523562 ], [ 122.965543796877327, 14.10194981470802 ], [ 122.965543796877327, 14.101941964892477 ], [ 122.965535947061781, 14.101934115076936 ], [ 122.965532022154008, 14.101922340353623 ], [ 122.965532022154008, 14.10190664072254 ], [ 122.965528097246249, 14.101894865999226 ], [ 122.965528097246249, 14.101879166368143 ], [ 122.965524172338476, 14.101867391644831 ], [ 122.965524172338476, 14.101851692013746 ], [ 122.965520247430703, 14.10182814256712 ], [ 122.965520247430703, 14.101816367843808 ], [ 122.965520247430703, 14.101804593120495 ], [ 122.96551632252293, 14.10178496858164 ], [ 122.96551632252293, 14.101777118766099 ], [ 122.96551632252293, 14.101761419135014 ], [ 122.96551632252293, 14.101753569319474 ], [ 122.96551632252293, 14.101745719503931 ], [ 122.96551632252293, 14.101733944780619 ], [ 122.96551632252293, 14.101726094965077 ], [ 122.96551632252293, 14.101718245149534 ], [ 122.96551632252293, 14.101706470426222 ], [ 122.96551632252293, 14.10169862061068 ], [ 122.96551632252293, 14.101690770795139 ], [ 122.96551632252293, 14.101682920979597 ], [ 122.96551632252293, 14.101671146256283 ], [ 122.96551632252293, 14.101647596809658 ], [ 122.96551632252293, 14.101631897178574 ], [ 122.96551632252293, 14.101620122455262 ], [ 122.96551632252293, 14.10161227263972 ], [ 122.96551632252293, 14.101596573008637 ], [ 122.96551632252293, 14.101584798285323 ], [ 122.96551632252293, 14.10156909865424 ], [ 122.96551632252293, 14.101557323930928 ], [ 122.96551632252293, 14.101545549207614 ], [ 122.96551632252293, 14.101533774484302 ], [ 122.96551632252293, 14.101521999760989 ], [ 122.965520247430703, 14.101514149945446 ], [ 122.965520247430703, 14.101506300129905 ], [ 122.965520247430703, 14.101498450314363 ], [ 122.965520247430703, 14.101490600498821 ], [ 122.965524172338476, 14.10148275068328 ], [ 122.965524172338476, 14.101474900867737 ], [ 122.965524172338476, 14.101467051052197 ], [ 122.965528097246249, 14.101455276328883 ], [ 122.965532022154008, 14.10144742651334 ], [ 122.965532022154008, 14.101431726882257 ], [ 122.965532022154008, 14.101423877066715 ], [ 122.965532022154008, 14.101412102343403 ], [ 122.965532022154008, 14.101400327620091 ], [ 122.965535947061781, 14.101388552896777 ], [ 122.965535947061781, 14.101372853265694 ], [ 122.965539871969554, 14.101357153634609 ], [ 122.965539871969554, 14.101349303819068 ], [ 122.965539871969554, 14.101325754372443 ], [ 122.965543796877327, 14.101313979649129 ], [ 122.965551646692873, 14.101298280018046 ], [ 122.965551646692873, 14.101286505294734 ], [ 122.965559496508405, 14.10127473057142 ], [ 122.965559496508405, 14.101259030940337 ], [ 122.965559496508405, 14.101251181124795 ], [ 122.965563421416178, 14.101243331309254 ], [ 122.965563421416178, 14.101235481493712 ], [ 122.965563421416178, 14.101227631678169 ], [ 122.965563421416178, 14.101219781862628 ], [ 122.965563421416178, 14.101208007139315 ], [ 122.965563421416178, 14.101192307508231 ], [ 122.965563421416178, 14.101180532784918 ], [ 122.965567346323951, 14.101168758061606 ], [ 122.965571271231724, 14.101156983338292 ], [ 122.965571271231724, 14.101141283707209 ], [ 122.965571271231724, 14.101129508983897 ], [ 122.965571271231724, 14.101117734260583 ], [ 122.965575196139497, 14.101105959537271 ], [ 122.96557912104727, 14.101086334998417 ], [ 122.965583045955043, 14.101070635367332 ], [ 122.965583045955043, 14.10105886064402 ], [ 122.965583045955043, 14.101047085920706 ], [ 122.965586970862802, 14.101035311197395 ], [ 122.965594820678348, 14.101019611566311 ], [ 122.965594820678348, 14.101011761750769 ], [ 122.965602670493894, 14.100999987027455 ], [ 122.965606595401667, 14.100992137211914 ], [ 122.965606595401667, 14.100980362488601 ], [ 122.965610520309426, 14.10097251267306 ], [ 122.965610520309426, 14.100964662857518 ], [ 122.965610520309426, 14.100956813041975 ], [ 122.965610520309426, 14.100945038318663 ], [ 122.965614445217199, 14.100933263595349 ], [ 122.965614445217199, 14.100921488872038 ], [ 122.965618370124972, 14.100913639056495 ], [ 122.965618370124972, 14.100905789240954 ], [ 122.965622295032745, 14.100897939425412 ], [ 122.965626219940518, 14.1008861647021 ], [ 122.965626219940518, 14.100878314886558 ], [ 122.965626219940518, 14.100870465071015 ], [ 122.965630144848291, 14.100858690347703 ], [ 122.965630144848291, 14.100850840532161 ], [ 122.965634069756064, 14.100835140901077 ], [ 122.965634069756064, 14.100827291085535 ], [ 122.965637994663822, 14.100819441269993 ], [ 122.965641919571596, 14.100811591454452 ], [ 122.965641919571596, 14.100799816731138 ], [ 122.965641919571596, 14.100791966915597 ], [ 122.965649769387142, 14.100780192192284 ], [ 122.965653694294915, 14.100772342376743 ], [ 122.965653694294915, 14.100760567653429 ], [ 122.965661544110461, 14.100748792930117 ], [ 122.965661544110461, 14.100740943114575 ], [ 122.965665469018219, 14.100729168391263 ], [ 122.965669393925992, 14.100717393667949 ], [ 122.965669393925992, 14.100709543852407 ], [ 122.965673318833765, 14.100701694036866 ], [ 122.965677243741538, 14.100689919313552 ], [ 122.965681168649311, 14.100682069498012 ], [ 122.965689018464857, 14.100670294774698 ], [ 122.965692943372616, 14.100658520051386 ], [ 122.965696868280389, 14.100650670235844 ], [ 122.965696868280389, 14.100638895512532 ], [ 122.965700793188162, 14.100631045696989 ], [ 122.965708643003708, 14.100627120789218 ], [ 122.965712567911481, 14.100619270973676 ], [ 122.965716492819254, 14.100611421158135 ], [ 122.965720417727013, 14.100603571342592 ], [ 122.965728267542559, 14.10059572152705 ], [ 122.965732192450332, 14.100583946803738 ], [ 122.965740042265878, 14.100576096988195 ], [ 122.965743967173637, 14.100568247172655 ], [ 122.965751816989183, 14.100560397357112 ], [ 122.965755741896956, 14.10055254754157 ], [ 122.965763591712502, 14.1005486226338 ], [ 122.965771441528034, 14.100540772818258 ], [ 122.965775366435807, 14.100532923002715 ], [ 122.965775366435807, 14.100525073187175 ], [ 122.965979461639918, 14.100269954182064 ], [ 122.965995161270996, 14.100254254550981 ], [ 122.966010860902074, 14.100238554919896 ], [ 122.966026560533166, 14.100230705104355 ], [ 122.966034410348698, 14.10020715565773 ], [ 122.966057959795336, 14.100191456026646 ], [ 122.966073659426414, 14.100175756395561 ], [ 122.966089359057491, 14.100160056764478 ], [ 122.966105058688584, 14.100152206948936 ], [ 122.96611290850413, 14.100136507317853 ], [ 122.966136457950753, 14.100120807686769 ], [ 122.966160007397377, 14.100097258240144 ], [ 122.966175707028455, 14.100089408424601 ], [ 122.966191406659547, 14.100081558609059 ], [ 122.966214956106171, 14.100065858977976 ], [ 122.966230655737249, 14.100050159346893 ], [ 122.966238505552795, 14.100034459715809 ], [ 122.966262054999419, 14.100026609900267 ], [ 122.966277754630497, 14.100010910269184 ], [ 122.966293454261589, 14.100003060453641 ], [ 122.966309153892666, 14.099987360822558 ], [ 122.96633270333929, 14.099963811375932 ], [ 122.966348402970382, 14.09995596156039 ], [ 122.96636410260146, 14.099940261929307 ], [ 122.966379802232552, 14.099924562298222 ], [ 122.96639550186363, 14.099908862667139 ], [ 122.966419051310254, 14.099885313220513 ], [ 122.966434750941346, 14.09986961358943 ], [ 122.96645830038797, 14.099846064142804 ], [ 122.966466150203502, 14.099830364511721 ], [ 122.966481849834594, 14.099814664880636 ], [ 122.966489699650126, 14.099798965249553 ], [ 122.966505399281218, 14.099791115434011 ], [ 122.966521098912295, 14.099775415802927 ], [ 122.966528948727841, 14.099759716171844 ], [ 122.966536798543387, 14.099744016540761 ], [ 122.966552498174465, 14.099728316909676 ], [ 122.966568197805557, 14.09970476746305 ], [ 122.966576047621089, 14.099681218016425 ], [ 122.966599597067713, 14.099665518385342 ], [ 122.966607446883259, 14.099649818754258 ], [ 122.966623146514337, 14.099626269307633 ], [ 122.966638846145429, 14.099602719861007 ], [ 122.966646695960975, 14.099587020229924 ], [ 122.966654545776507, 14.099571320598839 ], [ 122.966670245407599, 14.099539921336673 ], [ 122.966670245407599, 14.099524221705588 ], [ 122.966685945038677, 14.099500672258962 ], [ 122.966693794854223, 14.099477122812337 ], [ 122.966709494485301, 14.099453573365711 ], [ 122.966717344300847, 14.099422174103545 ], [ 122.966725194116393, 14.099406474472461 ], [ 122.966725194116393, 14.099390774841376 ], [ 122.966733043931924, 14.099375075210293 ], [ 122.96674089374747, 14.099351525763668 ], [ 122.966748743563016, 14.0993201265015 ], [ 122.966756593378548, 14.099304426870416 ], [ 122.966764443194094, 14.099288727239333 ], [ 122.966764443194094, 14.09927302760825 ], [ 122.96677229300964, 14.099257327977165 ], [ 122.96677229300964, 14.099241628346082 ], [ 122.966780142825186, 14.099218078899456 ], [ 122.966787992640718, 14.099202379268373 ], [ 122.966787992640718, 14.099186679637288 ], [ 122.966795842456264, 14.099170980006205 ], [ 122.966795842456264, 14.099155280375122 ], [ 122.966795842456264, 14.099139580744039 ], [ 122.96680369227181, 14.099116031297413 ], [ 122.966811542087342, 14.099092481850787 ], [ 122.966811542087342, 14.099061082588619 ], [ 122.966811542087342, 14.099045382957536 ], [ 122.966811542087342, 14.099029683326451 ], [ 122.966811542087342, 14.099006133879826 ], [ 122.966811542087342, 14.098982584433202 ], [ 122.966819391902888, 14.098966884802117 ], [ 122.966819391902888, 14.098951185171034 ], [ 122.966827241718434, 14.098927635724408 ], [ 122.966827241718434, 14.098911936093325 ], [ 122.96683509153398, 14.09889623646224 ], [ 122.96683509153398, 14.098880536831157 ], [ 122.96683509153398, 14.098864837200074 ], [ 122.96683509153398, 14.098849137568989 ], [ 122.966842941349512, 14.098833437937905 ], [ 122.966842941349512, 14.098817738306822 ], [ 122.966850791165058, 14.098802038675739 ], [ 122.966850791165058, 14.098770639413571 ], [ 122.966850791165058, 14.098754939782488 ], [ 122.966858640980604, 14.09872354052032 ], [ 122.966858640980604, 14.098707840889237 ], [ 122.966866490796136, 14.098684291442611 ], [ 122.966874340611682, 14.098668591811528 ], [ 122.966874340611682, 14.098652892180443 ], [ 122.966874340611682, 14.09863719254936 ], [ 122.966874340611682, 14.098621492918276 ], [ 122.966882190427228, 14.098605793287192 ], [ 122.96689004024276, 14.098574394025025 ], [ 122.966897890058306, 14.0985508445784 ], [ 122.966897890058306, 14.098535144947316 ], [ 122.966897890058306, 14.098519445316231 ], [ 122.966921439504929, 14.098503745685148 ], [ 122.966921439504929, 14.098488046054065 ], [ 122.966921439504929, 14.09846449660744 ], [ 122.966937139136022, 14.098440947160814 ], [ 122.966937139136022, 14.098425247529729 ], [ 122.966944988951553, 14.098409547898646 ], [ 122.966944988951553, 14.098393848267563 ], [ 122.966944988951553, 14.098370298820937 ], [ 122.966944988951553, 14.098354599189854 ], [ 122.966952838767099, 14.098338899558769 ], [ 122.966960688582645, 14.098315350112143 ], [ 122.966960688582645, 14.09829965048106 ], [ 122.966960688582645, 14.098283950849977 ], [ 122.966960688582645, 14.098268251218892 ], [ 122.966960688582645, 14.098244701772266 ], [ 122.966968538398191, 14.098229002141183 ], [ 122.966968538398191, 14.098205452694557 ], [ 122.966968538398191, 14.098181903247932 ], [ 122.966968538398191, 14.098166203616849 ], [ 122.966968538398191, 14.098150503985766 ], [ 122.966968538398191, 14.098134804354681 ], [ 122.966968538398191, 14.098119104723597 ], [ 122.966968538398191, 14.098103405092514 ], [ 122.966968538398191, 14.098087705461431 ], [ 122.966968538398191, 14.098072005830346 ], [ 122.966968538398191, 14.098056306199263 ], [ 122.966968538398191, 14.09804060656818 ], [ 122.966968538398191, 14.098024906937095 ], [ 122.966968538398191, 14.098001357490469 ], [ 122.966968538398191, 14.097985657859386 ], [ 122.966968538398191, 14.097954258597218 ], [ 122.966968538398191, 14.097938558966135 ], [ 122.966968538398191, 14.097922859335052 ], [ 122.966968538398191, 14.097899309888426 ], [ 122.966952838767099, 14.0978757604418 ], [ 122.966952838767099, 14.097860060810717 ], [ 122.966952838767099, 14.097828661548549 ], [ 122.966944988951553, 14.097805112101923 ], [ 122.966944988951553, 14.09778941247084 ], [ 122.966944988951553, 14.097773712839757 ], [ 122.966937139136022, 14.097758013208672 ], [ 122.966929289320476, 14.097734463762047 ], [ 122.966921439504929, 14.097710914315421 ], [ 122.966905739873852, 14.09770306449988 ], [ 122.966897890058306, 14.097679515053255 ], [ 122.96689004024276, 14.09766381542217 ], [ 122.966882190427228, 14.097632416160003 ], [ 122.966866490796136, 14.09761671652892 ], [ 122.966866490796136, 14.097601016897835 ], [ 122.966858640980604, 14.097585317266752 ], [ 122.966842941349512, 14.097561767820126 ], [ 122.966827241718434, 14.097538218373501 ], [ 122.966819391902888, 14.097514668926875 ], [ 122.966811542087342, 14.097498969295792 ], [ 122.96680369227181, 14.097475419849166 ], [ 122.966787992640718, 14.097444020586998 ], [ 122.966780142825186, 14.097428320955915 ], [ 122.966780142825186, 14.097412621324832 ], [ 122.96677229300964, 14.097381222062664 ], [ 122.966764443194094, 14.097365522431581 ], [ 122.966756593378548, 14.097349822800496 ], [ 122.966748743563016, 14.097334123169412 ], [ 122.966733043931924, 14.097310573722787 ], [ 122.966725194116393, 14.097294874091704 ], [ 122.966709494485301, 14.097263474829536 ], [ 122.966709494485301, 14.097247775198452 ], [ 122.966701644669769, 14.097232075567369 ], [ 122.966693794854223, 14.097216375936284 ], [ 122.966693794854223, 14.097200676305201 ], [ 122.966685945038677, 14.097184976674118 ], [ 122.966685945038677, 14.097169277043035 ], [ 122.966678095223131, 14.09715357741195 ], [ 122.966670245407599, 14.097137877780867 ], [ 122.966670245407599, 14.097122178149784 ], [ 122.966662395592053, 14.097106478518699 ], [ 122.966662395592053, 14.097090778887615 ], [ 122.966662395592053, 14.09706722944099 ], [ 122.966662395592053, 14.097043679994364 ], [ 122.966662395592053, 14.097027980363281 ], [ 122.966662395592053, 14.097004430916655 ], [ 122.966662395592053, 14.09698088147003 ], [ 122.966662395592053, 14.096965181838947 ], [ 122.966662395592053, 14.096941632392321 ], [ 122.966662395592053, 14.096925932761236 ], [ 122.966662395592053, 14.09690238331461 ], [ 122.966670245407599, 14.096870984052444 ], [ 122.966678095223131, 14.096855284421361 ], [ 122.966693794854223, 14.096831734974735 ], [ 122.966701644669769, 14.09681603534365 ], [ 122.966709494485301, 14.096800335712567 ], [ 122.966733043931924, 14.096776786265941 ], [ 122.96674089374747, 14.096761086634858 ], [ 122.966756593378548, 14.096745387003773 ], [ 122.966764443194094, 14.09672968737269 ], [ 122.966780142825186, 14.096721837557149 ], [ 122.966787992640718, 14.096706137926065 ], [ 122.966795842456264, 14.096690438294981 ], [ 122.96680369227181, 14.096674738663898 ], [ 122.96680369227181, 14.096659039032813 ], [ 122.96680369227181, 14.09664333940173 ], [ 122.966787992640718, 14.096635489586188 ], [ 122.966764443194094, 14.096627639770647 ], [ 122.966733043931924, 14.096627639770647 ], [ 122.966725194116393, 14.096611940139562 ], [ 122.966709494485301, 14.096611940139562 ], [ 122.966685945038677, 14.096611940139562 ], [ 122.966670245407599, 14.096604090324021 ], [ 122.966654545776507, 14.096604090324021 ], [ 122.966623146514337, 14.096604090324021 ], [ 122.966607446883259, 14.096596240508479 ], [ 122.966583897436635, 14.096596240508479 ], [ 122.966568197805557, 14.096588390692936 ], [ 122.966552498174465, 14.096588390692936 ], [ 122.966536798543387, 14.096580540877396 ], [ 122.966521098912295, 14.096572691061853 ], [ 122.966505399281218, 14.09655699143077 ], [ 122.966489699650126, 14.096549141615228 ], [ 122.966474000019048, 14.096533441984144 ], [ 122.96645830038797, 14.096525592168602 ], [ 122.966442600756878, 14.096517742353061 ], [ 122.9664269011258, 14.096509892537519 ], [ 122.966411201494708, 14.096486343090893 ], [ 122.96639550186363, 14.09647064345981 ], [ 122.966371952417006, 14.096447094013184 ], [ 122.966356252785914, 14.096439244197642 ], [ 122.966340553154836, 14.096431394382101 ], [ 122.96633270333929, 14.096415694751016 ], [ 122.966317003708212, 14.096407844935475 ], [ 122.966293454261589, 14.09638429548885 ], [ 122.966269904814965, 14.096360746042224 ], [ 122.966269904814965, 14.096345046411139 ], [ 122.966254205183873, 14.096337196595599 ], [ 122.966238505552795, 14.096321496964514 ], [ 122.966230655737249, 14.096297947517888 ], [ 122.966222805921703, 14.096282247886805 ] ] ] } },
{ "type": "Feature", "properties": { "fid": 180, "desc": "drainage", "other desc": "teachers village", "barangay": "Barangay Alawihao", "col": "FGD waterways", "layer": "alawihao_waterways", "etc": null, "name": null }, "geometry": { "type": "MultiLineString", "coordinates": [ [ [ 122.922844973711136, 14.109440874523775 ], [ 122.92237796607634, 14.106273713655074 ] ] ] } },
{ "type": "Feature", "properties": { "fid": 181, "desc": "drainage", "other desc": "teachers village", "barangay": "Barangay Alawihao", "col": "FGD waterways", "layer": "alawihao_wateraways", "etc": null, "name": null }, "geometry": { "type": "MultiLineString", "coordinates": [ [ [ 122.921380267947498, 14.109668010055241 ], [ 122.920930242408502, 14.107485810743563 ], [ 122.920454743725813, 14.107222588258496 ], [ 122.920327378007229, 14.106560286521878 ] ] ] } },
{ "type": "Feature", "properties": { "fid": 182, "desc": "drainage", "other desc": "teachers village", "barangay": "Barangay Alawihao", "col": "FGD waterways", "layer": "alawihao_waterways", "etc": null, "name": null }, "geometry": { "type": "MultiLineString", "coordinates": [ [ [ 122.9212359201331, 14.108997217270717 ], [ 122.923893618127479, 14.108615120114976 ], [ 122.924088912229308, 14.108462281252679 ], [ 122.923961546510725, 14.106908419485999 ] ] ] } },
{ "type": "Feature", "properties": { "fid": 183, "desc": "drainage", "other desc": "teachers village", "barangay": "Barangay Alawihao", "col": "FGD waterways", "layer": "alawihao_waterways", "etc": null, "name": null }, "geometry": { "type": "MultiLineString", "coordinates": [ [ [ 122.921100063366609, 14.108317933438288 ], [ 122.921915203965526, 14.108190567719708 ], [ 122.922704871420734, 14.108071693049034 ], [ 122.924012492798155, 14.107808470563967 ] ] ] } },
{ "type": "Feature", "properties": { "fid": 184, "desc": "drainage", "other desc": "teachers village", "barangay": "Barangay Alawihao", "col": "FGD waterways", "layer": "alawihao_waterways", "etc": null, "name": null }, "geometry": { "type": "MultiLineString", "coordinates": [ [ [ 122.920921751360595, 14.107613176462143 ], [ 122.921940677109248, 14.107511283887279 ], [ 122.922569014654243, 14.10740090026451 ], [ 122.923987019654433, 14.107214097210592 ] ] ] } },
{ "type": "Feature", "properties": { "fid": 185, "desc": "drainage", "other desc": "teachers village", "barangay": "Barangay Alawihao", "col": "FGD waterways", "layer": "alawihao_waterways", "etc": null, "name": null }, "geometry": { "type": "MultiLineString", "coordinates": [ [ [ 122.920378324294632, 14.106857473198568 ], [ 122.921376022423516, 14.106738598527892 ], [ 122.922445894459585, 14.106556040997928 ], [ 122.923868144983743, 14.106309800608672 ] ] ] } },
{ "type": "Feature", "properties": { "fid": 186, "desc": "drainage", "other desc": "dpwh", "barangay": "Barangay Alawihao", "col": "FGD waterways", "layer": "alawihao_waterways", "etc": null, "name": null }, "geometry": { "type": "MultiLineString", "coordinates": [ [ [ 122.934529717009795, 14.112191974045087 ], [ 122.931918719778878, 14.111045682577871 ], [ 122.931044141844623, 14.110629621230508 ], [ 122.930290561343043, 14.110253892360697 ], [ 122.929730152181278, 14.109899391110648 ], [ 122.929488157315973, 14.109714710818706 ], [ 122.929360791597404, 14.10960220443396 ], [ 122.928794014149744, 14.108978112412919 ], [ 122.928369461754471, 14.10850685925417 ], [ 122.927910945167582, 14.108048342667281 ], [ 122.927363272577679, 14.107623790272013 ], [ 122.92626049773105, 14.106870209770419 ], [ 122.926252006683143, 14.106865964246465 ], [ 122.926239270111282, 14.106853227674607 ], [ 122.926226533539435, 14.10684049110275 ], [ 122.926218042491527, 14.106823509006938 ], [ 122.926205305919666, 14.106815017959033 ], [ 122.926196814871759, 14.106806526911129 ], [ 122.926188323823851, 14.106802281387175 ], [ 122.926179832775944, 14.106793790339269 ], [ 122.92617134172805, 14.106789544815317 ], [ 122.926162850680143, 14.106785299291365 ], [ 122.926158605156189, 14.10677680824346 ], [ 122.926150114108282, 14.106772562719506 ], [ 122.926145868584328, 14.1067640716716 ], [ 122.925746789332777, 14.106471130518866 ], [ 122.92573829828487, 14.106471130518866 ], [ 122.925729807236962, 14.106458393947008 ], [ 122.925717070665101, 14.106454148423055 ], [ 122.925708579617208, 14.106445657375151 ], [ 122.9257000885693, 14.106445657375151 ], [ 122.925691597521393, 14.106437166327245 ], [ 122.925678860949532, 14.106432920803291 ], [ 122.92566612437767, 14.106424429755387 ], [ 122.925657633329763, 14.106420184231434 ], [ 122.92564914228187, 14.106420184231434 ], [ 122.925636405710009, 14.106407447659576 ], [ 122.925619423614194, 14.106403202135624 ], [ 122.925598195994425, 14.106390465563765 ], [ 122.925589704946532, 14.106386220039813 ], [ 122.925581213898624, 14.106381974515861 ], [ 122.925572722850717, 14.106377728991907 ], [ 122.925564231802809, 14.106377728991907 ], [ 122.925555740754902, 14.106373483467955 ], [ 122.925547249706995, 14.106364992420049 ], [ 122.925530267611194, 14.106360746896096 ], [ 122.925521776563286, 14.106352255848192 ], [ 122.925513285515379, 14.106348010324238 ], [ 122.925504794467471, 14.106343764800286 ], [ 122.925496303419564, 14.106339519276332 ], [ 122.925479321323763, 14.106339519276332 ], [ 122.925470830275856, 14.106331028228428 ], [ 122.925462339227948, 14.106326782704475 ], [ 122.925453848180041, 14.106326782704475 ], [ 122.92544111160818, 14.106322537180523 ], [ 122.925432620560272, 14.106318291656569 ], [ 122.925424129512365, 14.106309800608665 ], [ 122.925415638464472, 14.106305555084711 ], [ 122.925407147416564, 14.106301309560759 ], [ 122.925398656368657, 14.106297064036806 ], [ 122.925381674272842, 14.106292818512854 ], [ 122.925373183224934, 14.1062885729889 ], [ 122.925360446653087, 14.106284327464948 ], [ 122.925343464557272, 14.106284327464948 ], [ 122.925334973509365, 14.106280081940996 ], [ 122.925326482461458, 14.106275836417042 ], [ 122.925016559212921, 14.106173943842178 ], [ 122.92500382264106, 14.106169698318226 ], [ 122.924991086069198, 14.106165452794274 ], [ 122.924978349497337, 14.10616120727032 ], [ 122.924961367401536, 14.10616120727032 ], [ 122.924952876353629, 14.10616120727032 ], [ 122.924944385305722, 14.106156961746368 ], [ 122.924935894257814, 14.106152716222415 ], [ 122.924927403209907, 14.106152716222415 ], [ 122.924918912161999, 14.106148470698463 ], [ 122.924910421114092, 14.106148470698463 ], [ 122.924897684542245, 14.106144225174511 ], [ 122.924889193494337, 14.106144225174511 ], [ 122.92488070244643, 14.106139979650557 ], [ 122.924863720350615, 14.106135734126605 ], [ 122.924855229302707, 14.106135734126605 ], [ 122.924838247206907, 14.106127243078699 ], [ 122.924829756158999, 14.106122997554746 ], [ 122.924821265111092, 14.106122997554746 ], [ 122.924812774063184, 14.106118752030794 ], [ 122.924804283015277, 14.106118752030794 ], [ 122.924787300919476, 14.106114506506842 ], [ 122.924774564347615, 14.106110260982888 ], [ 122.924766073299708, 14.106110260982888 ], [ 122.924749091203893, 14.106106015458936 ], [ 122.923746086169913, 14.10597440421639 ], [ 122.922723976278448, 14.106122997554742 ], [ 122.920957838314138, 14.106522076806295 ], [ 122.920100242475698, 14.106598496237442 ], [ 122.918690728523401, 14.106691897764401 ], [ 122.916873644271632, 14.106691897764406 ], [ 122.916304744061975, 14.106683406716501 ], [ 122.915438657175628, 14.106403202135624 ] ] ] } },
{ "type": "Feature", "properties": { "fid": 187, "desc": "drainage", "other desc": null, "barangay": "Barangay Alawihao", "col": "FGD waterways", "layer": "alawihao_waterways", "etc": null, "name": null }, "geometry": { "type": "MultiLineString", "coordinates": [ [ [ 122.928734576814449, 14.110275119980466 ], [ 122.928852390104126, 14.110298470362205 ], [ 122.929108182922278, 14.110339864220743 ], [ 122.92915382230477, 14.110298470362208 ], [ 122.929480727649121, 14.109712588056738 ] ] ] } },
{ "type": "Feature", "properties": { "fid": 188, "desc": "drainage", "other desc": null, "barangay": "Barangay Alawihao", "col": "FGD waterways", "layer": "alawihao_waterways", "etc": null, "name": null }, "geometry": { "type": "MultiLineString", "coordinates": [ [ [ 122.929282249404295, 14.110079825878639 ], [ 122.929698310751661, 14.110357907697539 ], [ 122.929843719947073, 14.110406731223001 ], [ 122.930098451384239, 14.110143508737934 ] ] ] } },
{ "type": "Feature", "properties": { "fid": 189, "desc": "drainage", "other desc": null, "barangay": "Barangay Alawihao", "col": "FGD waterways", "layer": "alawihao_waterways", "etc": null, "name": null }, "geometry": { "type": "MultiLineString", "coordinates": [ [ [ 122.919619436887785, 14.111230362869792 ], [ 122.919318004687199, 14.111557268214149 ], [ 122.918982608294925, 14.111281309157224 ], [ 122.918647211902666, 14.111043559815874 ], [ 122.918328797606222, 14.110861002285908 ], [ 122.917874526543287, 14.110686935803848 ], [ 122.917730178728888, 14.110568061133174 ], [ 122.917416009956398, 14.110393994651114 ], [ 122.917314117381522, 14.110215682645102 ], [ 122.917140050899462, 14.11013501769 ], [ 122.917042403848555, 14.110020388543278 ], [ 122.917063631468324, 14.1091840203246 ], [ 122.917097595659939, 14.108717012689805 ], [ 122.917093350135957, 14.108436808108928 ], [ 122.917106086707818, 14.108309442390347 ], [ 122.918715140285883, 14.108211795339436 ], [ 122.918940153055374, 14.109396296522235 ], [ 122.919177902396726, 14.11032606626787 ], [ 122.919262812875772, 14.110623252944558 ], [ 122.91895713515116, 14.110869493333814 ], [ 122.919610945839878, 14.111255836013507 ], [ 122.920430331962748, 14.111833227271072 ] ] ] } },
{ "type": "Feature", "properties": { "fid": 190, "desc": "drainage", "other desc": null, "barangay": "Barangay Alawihao", "col": "FGD waterways", "layer": "alawihao_waterways", "etc": null, "name": null }, "geometry": { "type": "MultiLineString", "coordinates": [ [ [ 122.920863375405915, 14.11171859812435 ], [ 122.920468541678318, 14.111578495833912 ], [ 122.919610945839878, 14.110890720953577 ], [ 122.919262812875758, 14.110606270848747 ], [ 122.919695856318924, 14.110253892360674 ], [ 122.919797748893799, 14.109693483198921 ], [ 122.91955150850454, 14.109540644336624 ], [ 122.919330741259003, 14.109285912899464 ], [ 122.918146240076197, 14.109587345100104 ], [ 122.91706787699222, 14.109837831013316 ] ] ] } },
{ "type": "Feature", "properties": { "fid": 191, "desc": "drainage", "other desc": null, "barangay": "Barangay Alawihao", "col": "FGD waterways", "layer": "alawihao_waterways", "etc": null, "name": null }, "geometry": { "type": "MultiLineString", "coordinates": [ [ [ 122.918929539245468, 14.11089708923951 ], [ 122.91869603542807, 14.11105841914971 ] ] ] } },
{ "type": "Feature", "properties": { "fid": 192, "desc": "drainage", "other desc": null, "barangay": "Barangay Alawihao", "col": "FGD waterways", "layer": "alawihao_waterways", "etc": null, "name": null }, "geometry": { "type": "MultiLineString", "coordinates": [ [ [ 122.919014449724529, 14.110824915332314 ], [ 122.918687544380163, 14.109445120047692 ] ] ] } },
{ "type": "Feature", "properties": { "fid": 193, "desc": "drainage", "other desc": null, "barangay": "Barangay Alawihao", "col": "FGD waterways", "layer": "alawihao_waterways", "etc": null, "name": null }, "geometry": { "type": "MultiLineString", "coordinates": [ [ [ 122.91834790246395, 14.110175350167554 ], [ 122.917812966445936, 14.10798890533192 ], [ 122.917456342433908, 14.106715248146116 ] ] ] } },
{ "type": "Feature", "properties": { "fid": 194, "desc": "drainage", "other desc": null, "barangay": "Barangay Alawihao", "col": "FGD waterways", "layer": "alawihao_waterways", "etc": null, "name": null }, "geometry": { "type": "MultiLineString", "coordinates": [ [ [ 122.919570613362282, 14.106579391379624 ], [ 122.919443247643699, 14.105186859523144 ] ] ] } },
{ "type": "Feature", "properties": { "fid": 195, "desc": "drainage", "other desc": null, "barangay": "Barangay Alawihao", "col": "FGD waterways", "layer": "alawihao_waterways", "etc": null, "name": null }, "geometry": { "type": "MultiLineString", "coordinates": [ [ [ 122.920878234739718, 14.105993509074153 ], [ 122.919494193931143, 14.106214276319694 ], [ 122.91765163653568, 14.106180312128071 ], [ 122.917736547014727, 14.105755759732803 ], [ 122.919485702883236, 14.105450082008211 ], [ 122.920377262913291, 14.105339698385441 ], [ 122.920810306356472, 14.105713304493277 ], [ 122.920861252643903, 14.105968035930438 ] ] ] } },
{ "type": "Feature", "properties": { "fid": 196, "desc": "drainage", "other desc": null, "barangay": "Barangay Alawihao", "col": "FGD waterways", "layer": "alawihao_waterways", "etc": null, "name": null }, "geometry": { "type": "MultiLineString", "coordinates": [ [ [ 122.920716904829504, 14.105696322397467 ], [ 122.919485702883236, 14.105874634403479 ], [ 122.917745038062634, 14.105815197068141 ] ] ] } },
{ "type": "Feature", "properties": { "fid": 197, "desc": "drainage", "other desc": "exit to river", "barangay": "Barangay Alawihao", "col": "FGD waterways", "layer": "alawihao_waterways", "etc": null, "name": null }, "geometry": { "type": "MultiLineString", "coordinates": [ [ [ 122.919918746326402, 14.106494480900571 ], [ 122.919672505937143, 14.105373662577062 ], [ 122.919748925368296, 14.104728342936255 ], [ 122.920496137583967, 14.103174481169575 ] ] ] } },
{ "type": "Feature", "properties": { "fid": 198, "desc": "creek", "other desc": "aswag creek; boundary", "barangay": "Barangay Alawihao", "col": "FGD waterways", "layer": "alawihao_waterways", "etc": null, "name": "Aswang Creek" }, "geometry": { "type": "MultiLineString", "coordinates": [ [ [ 122.932434550938893, 14.113660925332701 ], [ 122.932740228663491, 14.11212404566183 ], [ 122.933147798962935, 14.111512690212644 ], [ 122.934650714442185, 14.112132536709735 ], [ 122.934837517496106, 14.110909825811362 ], [ 122.934328054621787, 14.109967319493867 ] ] ] } },
{ "type": "Feature", "properties": { "fid": 199, "desc": "creek", "other desc": "creek/canal", "barangay": "Barangay Bagasbas", "col": "FGD waterways", "layer": "bagasbas_waterways", "etc": null, "name": null }, "geometry": { "type": "MultiLineString", "coordinates": [ [ [ 122.979043213939008, 14.128912634378475 ], [ 122.975996544662706, 14.12732306779953 ], [ 122.975499805106779, 14.126909118169596 ], [ 122.975574316040166, 14.126660748391636 ], [ 122.97582268581813, 14.126230240776506 ], [ 122.976369099329645, 14.126255077754301 ], [ 122.97855475337569, 14.127712180451667 ] ] ] } },
{ "type": "Feature", "properties": { "fid": 200, "desc": "drainage", "other desc": "exit to avenue drainage", "barangay": "Barangay Bagasbas", "col": "FGD waterways", "layer": "bagasbas_waterways", "etc": null, "name": null }, "geometry": { "type": "MultiLineString", "coordinates": [ [ [ 122.979897288503381, 14.13607884167337 ], [ 122.980404397008783, 14.135195841857884 ], [ 122.980623961563225, 14.135311682174835 ], [ 122.980891587602969, 14.134882562134441 ], [ 122.981239094479093, 14.134324926453724 ], [ 122.982023540820791, 14.133893843668325 ] ] ] } },
{ "type": "Feature", "properties": { "fid": 201, "desc": "drainage", "other desc": null, "barangay": "Barangay Bagasbas", "col": "FGD waterways", "layer": "bagasbas_waterways", "etc": null, "name": null }, "geometry": { "type": "MultiLineString", "coordinates": [ [ [ 122.982057400327804, 14.134271289782845 ], [ 122.981645348972208, 14.134412306628388 ], [ 122.981467801030107, 14.134543182511505 ], [ 122.981266140564273, 14.134925004394059 ], [ 122.981063808256721, 14.135260875320926 ], [ 122.98137595360167, 14.135370793918772 ], [ 122.982145827765279, 14.135476537256801 ] ] ] } },
{ "type": "Feature", "properties": { "fid": 202, "desc": "drainage", "other desc": null, "barangay": "Barangay Bagasbas", "col": "FGD waterways", "layer": "bagasbas_waterways", "etc": null, "name": null }, "geometry": { "type": "MultiLineString", "coordinates": [ [ [ 122.982106269918859, 14.134620082284169 ], [ 122.981869050988919, 14.134648535389088 ], [ 122.981724068131896, 14.134711252536192 ], [ 122.981603994496894, 14.134889952450237 ], [ 122.981368240588353, 14.135356549772869 ] ] ] } },
{ "type": "Feature", "properties": { "fid": 203, "desc": "drainage", "other desc": "exit to mangrove area", "barangay": "Barangay Bagasbas", "col": "FGD waterways", "layer": "bagasbas_waterways", "etc": null, "name": null }, "geometry": { "type": "MultiLineString", "coordinates": [ [ [ 122.977744330221725, 14.141917692518815 ], [ 122.977961448382302, 14.141336978467118 ], [ 122.978186273370156, 14.1414236551319 ] ] ] } },
{ "type": "Feature", "properties": { "fid": 204, "desc": "drainage", "other desc": "exit to mangrove area", "barangay": "Barangay Bagasbas", "col": "FGD waterways", "layer": "bagasbas_waterways", "etc": null, "name": null }, "geometry": { "type": "MultiLineString", "coordinates": [ [ [ 122.978187200259669, 14.140855797559045 ], [ 122.97836205379744, 14.140591646844495 ], [ 122.978585915006221, 14.140293590880068 ], [ 122.978819085292272, 14.140115754519309 ], [ 122.978942685216751, 14.140184613246527 ] ] ] } },
{ "type": "Feature", "properties": { "fid": 205, "desc": "dead creek", "other desc": null, "barangay": "Barangay Bagasbas", "col": "FGD waterways", "layer": "bagasbas_waterways", "etc": null, "name": null }, "geometry": { "type": "MultiLineString", "coordinates": [ [ [ 122.981326561894534, 14.139263448375162 ], [ 122.981163083067301, 14.139463639425038 ], [ 122.98097690388542, 14.139562112248262 ], [ 122.980768709053677, 14.139578421547593 ], [ 122.980369487601394, 14.139510785735022 ], [ 122.980308749428474, 14.139516432234634 ] ] ] } },
{ "type": "Feature", "properties": { "fid": 206, "desc": "drainage", "other desc": null, "barangay": "Barangay Bagasbas", "col": "FGD waterways", "layer": "bagasbas_waterways", "etc": null, "name": null }, "geometry": { "type": "MultiLineString", "coordinates": [ [ [ 122.980237789843642, 14.139506597705179 ], [ 122.979797196109459, 14.139601879630229 ], [ 122.979542836062407, 14.139644223747847 ], [ 122.979294405732603, 14.139510372124203 ], [ 122.978598757987641, 14.139226090964591 ] ] ] } },
{ "type": "Feature", "properties": { "fid": 207, "desc": "drainage", "other desc": null, "barangay": "Barangay Bagasbas", "col": "FGD waterways", "layer": "bagasbas_waterways", "etc": null, "name": null }, "geometry": { "type": "MultiLineString", "coordinates": [ [ [ 122.980612919100508, 14.137994043890446 ], [ 122.980292957404885, 14.138556530062223 ], [ 122.979842896073407, 14.138871468679705 ], [ 122.979504685320336, 14.139025861446463 ], [ 122.979284783878512, 14.139995776268798 ] ] ] } },
{ "type": "Feature", "properties": { "fid": 208, "desc": "old creek", "other desc": null, "barangay": "Barangay Bagasbas", "col": "FGD waterways", "layer": "bagasbas_waterways", "etc": null, "name": null }, "geometry": { "type": "MultiLineString", "coordinates": [ [ [ 122.979551186826143, 14.139675389222427 ], [ 122.979715346444848, 14.138860095879229 ], [ 122.97995837893771, 14.138588483906418 ], [ 122.980234556563914, 14.138383906755948 ], [ 122.980432704190818, 14.138024112481778 ], [ 122.980608394780205, 14.137450179053978 ], [ 122.980837584266538, 14.13682091598152 ], [ 122.980861917298043, 14.136787066193119 ] ] ] } },
{ "type": "Feature", "properties": { "fid": 209, "desc": "drainage", "other desc": null, "barangay": "Barangay Bagasbas", "col": "FGD waterways", "layer": "bagasbas_waterways", "etc": null, "name": null }, "geometry": { "type": "MultiLineString", "coordinates": [ [ [ 122.980480745400072, 14.137750088721454 ], [ 122.979293064483826, 14.137442778743262 ], [ 122.979036167601734, 14.138285957602656 ] ] ] } },
{ "type": "Feature", "properties": { "fid": 210, "desc": "drainage", "other desc": null, "barangay": "Barangay Bagasbas", "col": "FGD waterways", "layer": "bagasbas_waterways", "etc": null, "name": null }, "geometry": { "type": "MultiLineString", "coordinates": [ [ [ 122.98021804384824, 14.138163619864017 ], [ 122.979171726357819, 14.137885237780003 ] ] ] } },
{ "type": "Feature", "properties": { "fid": 212, "desc": "closed canal", "other desc": "canal or imburnal, sarado na", "barangay": "Barangay Bagasbas", "col": "FGD waterways", "layer": "bagasbas_waterways", "etc": null, "name": null }, "geometry": { "type": "MultiLineString", "coordinates": [ [ [ 122.981280112413089, 14.137157837126285 ], [ 122.981456571421674, 14.136989089422958 ], [ 122.98164591620575, 14.13693076303757 ], [ 122.981830616967557, 14.136702110777245 ] ] ] } },
{ "type": "Feature", "properties": { "fid": 213, "desc": "old creek", "other desc": "", "barangay": "Barangay Bagasbas", "col": "FGD waterways", "layer": "bagasbas_waterways", "etc": null, "name": null }, "geometry": { "type": "MultiLineString", "coordinates": [ [ [ 122.980487503387621, 14.137792309223915 ], [ 122.9804850224902, 14.137771717488842 ], [ 122.980481023272091, 14.137745459303845 ], [ 122.980473987412623, 14.137707868219001 ], [ 122.980474136323764, 14.1376744252634 ], [ 122.980473729490967, 14.137650241143026 ], [ 122.980482174660594, 14.137602428646215 ], [ 122.980491175574159, 14.137545357314179 ], [ 122.980502806296286, 14.137475434761615 ], [ 122.980508770568491, 14.137407030529731 ], [ 122.980519845546681, 14.137346366812393 ], [ 122.980536031230841, 14.1372934436096 ], [ 122.98055014285039, 14.137244112792109 ], [ 122.980567291111299, 14.137206114874465 ], [ 122.980578772922286, 14.1371696352775 ], [ 122.980582921051536, 14.137162450506896 ], [ 122.980583476795474, 14.13715319167167 ], [ 122.980580440154114, 14.137141858771823 ], [ 122.980580995898052, 14.137132599936598 ], [ 122.980583625706615, 14.137119748716069 ], [ 122.980586255515178, 14.13710689749554 ], [ 122.980589441067679, 14.137084787439788 ], [ 122.980593589196914, 14.137077602669182 ], [ 122.980602441199352, 14.137053974292748 ], [ 122.98060921913715, 14.137033938301615 ], [ 122.980613367266386, 14.137026753531011 ], [ 122.980625811654122, 14.137005199219196 ], [ 122.980625404821325, 14.13698101509882 ], [ 122.98063370107981, 14.136966645557612 ], [ 122.980641997338296, 14.136952276016403 ], [ 122.980644627146859, 14.136939424795875 ], [ 122.980648775276094, 14.136932240025271 ], [ 122.980652923405344, 14.136925055254666 ], [ 122.98064988676397, 14.136913722354819 ], [ 122.980650442507923, 14.136904463519592 ], [ 122.980650998251861, 14.136895204684366 ], [ 122.980645887545876, 14.136887464169822 ], [ 122.980648517354439, 14.136874612949294 ], [ 122.980649073098377, 14.136865354114068 ], [ 122.98065170290694, 14.136852502893539 ], [ 122.980655851036175, 14.136845318122935 ], [ 122.980656406780113, 14.13683605928771 ], [ 122.980660554909363, 14.136828874517105 ], [ 122.980664703038599, 14.136821689746501 ], [ 122.980665258782551, 14.136812430911274 ], [ 122.980665814526489, 14.136803172076048 ], [ 122.980669962655725, 14.136795987305444 ], [ 122.980674110784975, 14.13678880253484 ], [ 122.980680332978835, 14.136778025378932 ], [ 122.980684481108071, 14.136770840608328 ] ] ] } },
{ "type": "Feature", "properties": { "fid": 214, "desc": "canal", "other desc": null, "barangay": "Barangay Awitan", "col": "FGD waterways", "layer": "awitan_waterways", "etc": null, "name": null }, "geometry": { "type": "MultiLineString", "coordinates": [ [ [ 122.966911418315703, 14.142731301714246 ], [ 122.967321048280169, 14.143512554739274 ], [ 122.967827806999111, 14.144137557159297 ], [ 122.968452809419134, 14.14480901246189 ] ] ] } },
{ "type": "Feature", "properties": { "fid": 215, "desc": "canal", "other desc": null, "barangay": "Barangay Awitan", "col": "FGD waterways", "layer": "awitan_waterways", "etc": null, "name": null }, "geometry": { "type": "MultiLineString", "coordinates": [ [ [ 122.963226686032201, 14.143018831040237 ], [ 122.963886891934052, 14.143304780093271 ], [ 122.964071917791898, 14.143569703480638 ], [ 122.96446299517325, 14.14415001185297 ], [ 122.96498022654859, 14.144478012237332 ], [ 122.965434380926936, 14.14468406376084 ], [ 122.965653047849841, 14.144890115284349 ], [ 122.966111407361325, 14.145087756541592 ] ] ] } },
{ "type": "Feature", "properties": { "fid": 216, "desc": "canal", "other desc": null, "barangay": "Barangay Awitan", "col": "FGD waterways", "layer": "awitan_waterways", "etc": null, "name": null }, "geometry": { "type": "MultiLineString", "coordinates": [ [ [ 122.964046686993115, 14.141008777402751 ], [ 122.964147610188306, 14.140886828541898 ], [ 122.964067712658789, 14.140743854015382 ], [ 122.964214892318438, 14.140600879488865 ], [ 122.964248533383497, 14.140491546027413 ], [ 122.964315815513629, 14.140256058571973 ], [ 122.964332636046151, 14.140041596782199 ], [ 122.964467200306402, 14.139982724918339 ], [ 122.964812021223295, 14.139574827004454 ], [ 122.965064329211273, 14.139873391456884 ], [ 122.965425970660689, 14.139759852862298 ], [ 122.965270380734779, 14.139579032137586 ], [ 122.965169457539588, 14.139461288409867 ], [ 122.965034893279338, 14.139175339356834 ], [ 122.96523673966972, 14.138944057034529 ], [ 122.96550586819022, 14.138893595436935 ], [ 122.965728740246249, 14.139187954756233 ] ] ] } },
{ "type": "Feature", "properties": { "fid": 217, "desc": "canal", "other desc": "new canal", "barangay": "Barangay Awitan", "col": "FGD waterways", "layer": "awitan_waterways", "etc": null, "name": null }, "geometry": { "type": "MultiLineString", "coordinates": [ [ [ 122.96179694076703, 14.139850263224654 ], [ 122.96184424851478, 14.13982608370914 ], [ 122.961915735778035, 14.139787186227661 ], [ 122.961976710208461, 14.139710442547987 ], [ 122.962006146140396, 14.139609519352799 ], [ 122.962007197423674, 14.139548544922373 ] ] ] } },
{ "type": "Feature", "properties": { "fid": 218, "desc": "drainage", "other desc": null, "barangay": "Barangay Awitan", "col": "FGD waterways", "layer": "awitan_waterways", "etc": null, "name": null }, "geometry": { "type": "MultiLineString", "coordinates": [ [ [ 122.962202736114421, 14.137312465378988 ], [ 122.961439504450809, 14.138410005126657 ] ] ] } },
{ "type": "Feature", "properties": { "fid": 219, "desc": "canal", "other desc": null, "barangay": "Barangay Awitan", "col": "FGD waterways", "layer": "awitan_waterways", "etc": null, "name": null }, "geometry": { "type": "MultiLineString", "coordinates": [ [ [ 122.961156709247646, 14.138886236453949 ], [ 122.961349094088462, 14.139070211028512 ] ] ] } },
{ "type": "Feature", "properties": { "fid": 220, "desc": "canal", "other desc": null, "barangay": "Barangay Awitan", "col": "FGD waterways", "layer": "awitan_waterways", "etc": null, "name": null }, "geometry": { "type": "MultiLineString", "coordinates": [ [ [ 122.961832684398743, 14.139361416497959 ], [ 122.962004043573913, 14.139528570539989 ] ] ] } },
{ "type": "Feature", "properties": { "fid": 221, "desc": "creek", "other desc": "malagtong creek", "barangay": "Barangay Awitan", "col": "FGD waterways", "layer": "awitan_waterways", "etc": null, "name": "Malagtong Creek" }, "geometry": { "type": "MultiLineString", "coordinates": [ [ [ 122.964457657120988, 14.135361043719538 ], [ 122.964447288220654, 14.135480259896621 ], [ 122.96450242621016, 14.135703639443888 ], [ 122.964386495052722, 14.135910053455918 ], [ 122.964420426123198, 14.136168777868258 ], [ 122.964903417305649, 14.136652852522955 ], [ 122.964973540758379, 14.136709619127542 ], [ 122.965022518293409, 14.136781286143059 ], [ 122.965030033000218, 14.136826374383897 ], [ 122.965037547707027, 14.136901521451962 ], [ 122.96505257712063, 14.136976668520028 ], [ 122.965090150654675, 14.137066845001705 ], [ 122.965165297722734, 14.137126962656158 ], [ 122.965232930083985, 14.137157021483384 ], [ 122.965308077152059, 14.137179565603804 ], [ 122.965420797754149, 14.137179565603804 ], [ 122.965526003649444, 14.137111933242545 ], [ 122.965578606597091, 14.137074359708512 ], [ 122.965646238958357, 14.1370593302949 ], [ 122.965766474267255, 14.13703678617448 ], [ 122.965819077214903, 14.137074359708512 ], [ 122.965879194869359, 14.137149506776577 ], [ 122.965931797816992, 14.137202109724223 ], [ 122.965991915471449, 14.137269742085481 ], [ 122.966052033125905, 14.13735991856716 ], [ 122.966128908122329, 14.13739749680666 ], [ 122.966284989036907, 14.137450095048838 ], [ 122.966322562570937, 14.137420036221613 ], [ 122.966330077277746, 14.137344889153548 ], [ 122.966292503743716, 14.137254712671869 ], [ 122.966355884920048, 14.137192728527605 ], [ 122.966574897009039, 14.137148926109807 ], [ 122.966646573692714, 14.137049375160265 ], [ 122.966722232414355, 14.137033447008339 ], [ 122.96682974743986, 14.136953806248707 ], [ 122.967060705642794, 14.137049375160265 ] ] ] } },
{ "type": "Feature", "properties": { "fid": 222, "desc": "canal", "other desc": null, "barangay": "Barangay Awitan", "col": "FGD waterways", "layer": "awitan_waterways", "etc": null, "name": null }, "geometry": { "type": "MultiLineString", "coordinates": [ [ [ 122.961891024833164, 14.138283806934583 ], [ 122.961799437959584, 14.138540648384398 ], [ 122.961765590636745, 14.138853238365957 ], [ 122.961711833123985, 14.139247460126139 ], [ 122.961843240377391, 14.13937090330357 ] ] ] } },
{ "type": "Feature", "properties": { "fid": 223, "desc": "canal", "other desc": null, "barangay": "Barangay Awitan", "col": "FGD waterways", "layer": "awitan_waterways", "etc": null, "name": null }, "geometry": { "type": "MultiLineString", "coordinates": [ [ [ 122.960501293577622, 14.139420678778345 ], [ 122.960493329501659, 14.139476427310088 ], [ 122.960477401349735, 14.13948439138605 ], [ 122.96046147319781, 14.139500319537976 ], [ 122.960453509121848, 14.139516247689905 ], [ 122.960437580969923, 14.139540139917793 ], [ 122.960421652817999, 14.139548103993757 ], [ 122.96040572466606, 14.139564032145683 ], [ 122.960389796514136, 14.13957996029761 ], [ 122.960373868362211, 14.139595888449536 ], [ 122.960357940210287, 14.139611816601464 ], [ 122.960342012058362, 14.139619780677426 ], [ 122.960326083906438, 14.139635708829353 ], [ 122.960310155754513, 14.139651636981279 ], [ 122.960294227602574, 14.139651636981279 ], [ 122.96027829945065, 14.139667565133207 ], [ 122.960262371298725, 14.139675529209169 ], [ 122.960238479070838, 14.139691457361096 ], [ 122.960222550918914, 14.139707385513022 ], [ 122.960206622766989, 14.139707385513022 ], [ 122.960198658691027, 14.13972331366495 ], [ 122.960182730539088, 14.139739241816876 ], [ 122.960166802387164, 14.139755169968803 ], [ 122.960150874235239, 14.139763134044767 ], [ 122.960142910159277, 14.139779062196693 ], [ 122.96011901793139, 14.139794990348619 ], [ 122.960103089779466, 14.139810918500546 ], [ 122.960087161627541, 14.13981888257651 ], [ 122.960079197551565, 14.139834810728436 ], [ 122.96006326939964, 14.139850738880362 ], [ 122.960055305323678, 14.139866667032289 ], [ 122.960039377171753, 14.139882595184215 ], [ 122.960023449019829, 14.139898523336141 ], [ 122.960007520867904, 14.139914451488067 ], [ 122.95999159271598, 14.139930379639996 ], [ 122.959975664564055, 14.139954271867884 ], [ 122.959959736412117, 14.139970200019812 ], [ 122.959951772336154, 14.139986128171738 ], [ 122.95993584418423, 14.140002056323665 ], [ 122.959927880108268, 14.140017984475591 ], [ 122.959927880108268, 14.140041876703481 ], [ 122.959911951956343, 14.140049840779444 ], [ 122.959911951956343, 14.14006576893137 ], [ 122.959896023804419, 14.140081697083298 ], [ 122.959888059728456, 14.140105589311187 ], [ 122.959880095652494, 14.140121517463113 ], [ 122.959864167500569, 14.140137445615041 ], [ 122.959864167500569, 14.140153373766967 ], [ 122.959848239348631, 14.140177265994858 ], [ 122.959840275272668, 14.140193194146784 ], [ 122.959840275272668, 14.14020912229871 ], [ 122.959832311196706, 14.140225050450637 ], [ 122.959824347120744, 14.140248942678527 ], [ 122.959816383044782, 14.140264870830453 ], [ 122.959816383044782, 14.14028079898238 ], [ 122.959800454892857, 14.140296727134306 ], [ 122.959800454892857, 14.140312655286232 ], [ 122.959800454892857, 14.140336547514123 ], [ 122.959800454892857, 14.140352475666049 ], [ 122.959800454892857, 14.140368403817975 ], [ 122.959800454892857, 14.140384331969901 ], [ 122.959800454892857, 14.140400260121829 ], [ 122.959800454892857, 14.140424152349718 ], [ 122.959800454892857, 14.140448044577608 ], [ 122.959800454892857, 14.140463972729535 ], [ 122.959800454892857, 14.140479900881461 ], [ 122.959800454892857, 14.140495829033389 ], [ 122.959800454892857, 14.140511757185315 ], [ 122.959800454892857, 14.140527685337242 ], [ 122.959800454892857, 14.140551577565132 ], [ 122.959800454892857, 14.140575469793021 ], [ 122.959800454892857, 14.140591397944947 ], [ 122.959800454892857, 14.140615290172837 ], [ 122.959800454892857, 14.140631218324764 ], [ 122.959816383044782, 14.140647146476692 ], [ 122.959816383044782, 14.140663074628618 ], [ 122.959816383044782, 14.140686966856507 ], [ 122.959824347120744, 14.140702895008435 ], [ 122.959832311196706, 14.140718823160361 ], [ 122.959840275272668, 14.140734751312287 ], [ 122.959856203424593, 14.14076660761614 ], [ 122.959856203424593, 14.140782535768066 ], [ 122.959864167500569, 14.140798463919992 ], [ 122.959888059728456, 14.14081439207192 ], [ 122.959888059728456, 14.140846248375773 ], [ 122.959903987880381, 14.140862176527699 ], [ 122.959927880108268, 14.140894032831552 ], [ 122.959943808260192, 14.140917925059442 ], [ 122.959951772336154, 14.140933853211369 ], [ 122.959967700488079, 14.140949781363295 ], [ 122.959983628640018, 14.140981637667149 ], [ 122.95999159271598, 14.141005529895038 ], [ 122.959999556791942, 14.141021458046966 ], [ 122.960007520867904, 14.141037386198892 ], [ 122.960023449019829, 14.141053314350819 ], [ 122.960031413095791, 14.141069242502745 ], [ 122.960039377171753, 14.141085170654671 ], [ 122.960047341247716, 14.141101098806597 ], [ 122.96006326939964, 14.141124991034488 ], [ 122.960079197551565, 14.141140919186414 ], [ 122.960087161627541, 14.14115684733834 ], [ 122.960095125703504, 14.141188703642195 ], [ 122.96011901793139, 14.141204631794121 ], [ 122.960126982007353, 14.141220559946047 ], [ 122.960142910159277, 14.141244452173938 ], [ 122.960142910159277, 14.141260380325864 ], [ 122.960150874235239, 14.14127630847779 ], [ 122.960166802387164, 14.141300200705681 ], [ 122.960174766463126, 14.141324092933571 ], [ 122.960174766463126, 14.141340021085497 ] ] ] } },
{ "type": "Feature", "properties": { "fid": 224, "desc": "canal", "other desc": "to river; boundary of san nicolas and awitan", "barangay": "Barangay Awitan", "col": "FGD waterways", "layer": "awitan_waterways", "etc": null, "name": null }, "geometry": { "type": "MultiLineString", "coordinates": [ [ [ 122.959136465987584, 14.138644957869337 ], [ 122.959311500449104, 14.138374450065168 ], [ 122.959303544337217, 14.137944820023252 ], [ 122.959263763777784, 14.137570882764548 ], [ 122.959733174379139, 14.137093516051308 ], [ 122.960918635050348, 14.138438098960266 ], [ 122.960894766714688, 14.13869269454066 ], [ 122.96058447835108, 14.138788167883309 ], [ 122.960111053855442, 14.138974690524401 ], [ 122.960095125703518, 14.138974690524401 ], [ 122.960079197551593, 14.138982654600365 ], [ 122.960055305323692, 14.138990618676329 ], [ 122.960031413095805, 14.139006546828256 ], [ 122.960015484943881, 14.139014510904218 ], [ 122.959999556791956, 14.139022474980182 ], [ 122.959983628640032, 14.139030439056146 ], [ 122.959967700488107, 14.139046367208072 ], [ 122.959951772336169, 14.139054331284035 ], [ 122.959927880108282, 14.139070259435961 ], [ 122.95991991603232, 14.139086187587889 ], [ 122.959911951956357, 14.139102115739815 ], [ 122.959896023804433, 14.139118043891742 ], [ 122.959880095652508, 14.139126007967704 ], [ 122.959872131576546, 14.139141936119632 ], [ 122.959864167500584, 14.139157864271558 ], [ 122.959848239348645, 14.139165828347521 ], [ 122.959840275272683, 14.139181756499447 ], [ 122.959824347120758, 14.139197684651375 ], [ 122.959808418968834, 14.139229540955228 ], [ 122.959800454892871, 14.139253433183118 ], [ 122.959792490816909, 14.139269361335044 ], [ 122.959776562664985, 14.139293253562935 ], [ 122.95976063451306, 14.139301217638897 ], [ 122.95976063451306, 14.139317145790823 ], [ 122.95976063451306, 14.139333073942749 ], [ 122.959752670437098, 14.13935696617064 ], [ 122.959752670437098, 14.139372894322566 ], [ 122.959744706361136, 14.139388822474492 ], [ 122.959744706361136, 14.13940475062642 ], [ 122.959744706361136, 14.139420678778347 ], [ 122.959736742285159, 14.139436606930273 ], [ 122.959728778209197, 14.139460499158163 ], [ 122.959728778209197, 14.13947642731009 ], [ 122.959728778209197, 14.139492355462016 ], [ 122.959728778209197, 14.139508283613942 ], [ 122.959720814133235, 14.139524211765869 ], [ 122.959720814133235, 14.139548103993759 ], [ 122.959720814133235, 14.139564032145685 ], [ 122.959720814133235, 14.139579960297612 ], [ 122.959712850057272, 14.139595888449538 ], [ 122.959712850057272, 14.139611816601466 ], [ 122.95970488598131, 14.139627744753392 ], [ 122.95970488598131, 14.139643672905319 ], [ 122.95970488598131, 14.139667565133209 ], [ 122.959696921905348, 14.139691457361097 ], [ 122.959696921905348, 14.139707385513026 ], [ 122.959696921905348, 14.139723313664952 ], [ 122.959696921905348, 14.139739241816878 ], [ 122.959696921905348, 14.139755169968804 ], [ 122.959696921905348, 14.139771098120731 ], [ 122.959688957829385, 14.139787026272657 ], [ 122.959688957829385, 14.139802954424583 ], [ 122.959680993753423, 14.139834810728438 ], [ 122.959680993753423, 14.139850738880364 ], [ 122.959680993753423, 14.13986666703229 ], [ 122.959680993753423, 14.139890559260181 ], [ 122.959673029677461, 14.139914451488071 ], [ 122.959673029677461, 14.139930379639997 ], [ 122.959665065601499, 14.139946307791924 ], [ 122.959657101525536, 14.139970200019814 ], [ 122.959649137449574, 14.140002056323667 ], [ 122.95963320929765, 14.140025948551557 ], [ 122.959625245221673, 14.140049840779445 ], [ 122.959617281145711, 14.140065768931372 ], [ 122.959609317069749, 14.1400816970833 ], [ 122.959601352993786, 14.140113553387152 ], [ 122.959585424841862, 14.140137445615043 ], [ 122.959569496689937, 14.140153373766969 ], [ 122.959553568538013, 14.140177265994859 ], [ 122.959537640386088, 14.140193194146786 ], [ 122.959521712234164, 14.140209122298712 ], [ 122.959513748158187, 14.140225050450638 ], [ 122.959497820006263, 14.140240978602565 ], [ 122.959473927778376, 14.140264870830455 ], [ 122.959457999626451, 14.140288763058345 ], [ 122.959434107398565, 14.140312655286234 ], [ 122.959410215170678, 14.140336547514124 ], [ 122.959394287018739, 14.140344511590088 ], [ 122.959378358866815, 14.140360439742015 ], [ 122.95936243071489, 14.140376367893941 ], [ 122.959338538487003, 14.140384331969905 ], [ 122.959322610335079, 14.140400260121831 ], [ 122.959306682183154, 14.140408224197794 ], [ 122.959290754031215, 14.14042415234972 ], [ 122.959274825879291, 14.140440080501648 ], [ 122.959258897727366, 14.14044804457761 ], [ 122.959242969575442, 14.140463972729536 ], [ 122.959219077347555, 14.140479900881463 ], [ 122.959195185119668, 14.140495829033391 ], [ 122.959195185119668, 14.140511757185317 ], [ 122.95917925696773, 14.140527685337243 ], [ 122.959171292891767, 14.140559541641096 ], [ 122.959155364739843, 14.140575469793022 ], [ 122.959155364739843, 14.14059139794495 ], [ 122.95914740066388, 14.140607326096877 ], [ 122.959139436587918, 14.140631218324765 ], [ 122.959131472511956, 14.140647146476693 ], [ 122.959131472511956, 14.140671038704582 ], [ 122.959131472511956, 14.140686966856508 ], [ 122.959131472511956, 14.140702895008436 ], [ 122.959131472511956, 14.140718823160363 ], [ 122.959131472511956, 14.140734751312289 ], [ 122.959131472511956, 14.140750679464215 ], [ 122.959131472511956, 14.140774571692106 ], [ 122.959131472511956, 14.140790499844032 ], [ 122.959131472511956, 14.140806427995958 ], [ 122.959139436587918, 14.140822356147885 ], [ 122.95914740066388, 14.140846248375775 ], [ 122.959155364739843, 14.140862176527701 ], [ 122.959171292891767, 14.140886068755592 ], [ 122.959187221043692, 14.140909960983482 ], [ 122.959195185119668, 14.14093385321137 ], [ 122.959211113271593, 14.140949781363297 ], [ 122.959219077347555, 14.140965709515225 ], [ 122.959227041423517, 14.140981637667151 ], [ 122.95923500549948, 14.140997565819077 ], [ 122.959250933651404, 14.141005529895041 ], [ 122.959250933651404, 14.141021458046968 ], [ 122.959250933651404, 14.141037386198894 ], [ 122.959266861803329, 14.141061278426784 ], [ 122.959274825879291, 14.141077206578711 ], [ 122.959290754031215, 14.141093134730637 ], [ 122.959298718107178, 14.141109062882563 ], [ 122.959306682183154, 14.14112499103449 ], [ 122.959306682183154, 14.141140919186416 ], [ 122.959306682183154, 14.141156847338342 ], [ 122.959306682183154, 14.14117277549027 ], [ 122.959314646259116, 14.141188703642197 ], [ 122.959314646259116, 14.141204631794123 ], [ 122.959314646259116, 14.141220559946049 ], [ 122.959314646259116, 14.14124445217394 ], [ 122.959322610335079, 14.141260380325866 ], [ 122.959338538487003, 14.141276308477792 ], [ 122.959346502562965, 14.141300200705682 ], [ 122.959354466638928, 14.141316128857609 ], [ 122.95936243071489, 14.141332057009535 ], [ 122.959370394790852, 14.141347985161461 ], [ 122.959386322942777, 14.141379841465316 ], [ 122.959394287018739, 14.141395769617242 ], [ 122.959410215170678, 14.141419661845131 ], [ 122.959426143322602, 14.141443554073021 ], [ 122.959426143322602, 14.141459482224947 ], [ 122.959442071474527, 14.141475410376875 ], [ 122.959450035550489, 14.141499302604764 ], [ 122.959457999626451, 14.141523194832654 ], [ 122.959465963702414, 14.141539122984581 ], [ 122.959465963702414, 14.141555051136507 ], [ 122.959473927778376, 14.141586907440361 ], [ 122.959481891854338, 14.141602835592288 ], [ 122.9594898559303, 14.141618763744214 ], [ 122.9594898559303, 14.141650620048067 ], [ 122.959505784082225, 14.141674512275957 ], [ 122.959513748158187, 14.141698404503847 ], [ 122.959513748158187, 14.141714332655773 ], [ 122.959513748158187, 14.1417302608077 ], [ 122.959513748158187, 14.141746188959626 ], [ 122.959513748158187, 14.141762117111552 ], [ 122.959521712234164, 14.141778045263479 ], [ 122.959529676310126, 14.141817865643295 ], [ 122.959529676310126, 14.141833793795222 ], [ 122.959537640386088, 14.14184972194715 ], [ 122.959537640386088, 14.141873614175038 ], [ 122.959545604462051, 14.141897506402929 ], [ 122.959553568538013, 14.141921398630819 ], [ 122.959553568538013, 14.141945290858709 ], [ 122.959561532613975, 14.141969183086598 ], [ 122.959561532613975, 14.141985111238524 ], [ 122.959561532613975, 14.142016967542379 ], [ 122.959569496689937, 14.142040859770267 ], [ 122.9595774607659, 14.142072716074122 ], [ 122.9595774607659, 14.142088644226048 ], [ 122.959585424841862, 14.142104572377974 ], [ 122.959593388917824, 14.142128464605864 ], [ 122.959609317069749, 14.142144392757791 ], [ 122.959609317069749, 14.142168284985681 ], [ 122.959617281145711, 14.14219217721357 ], [ 122.95963320929765, 14.142200141289534 ], [ 122.95963320929765, 14.14221606944146 ], [ 122.959641173373612, 14.142231997593386 ], [ 122.959649137449574, 14.142247925745313 ], [ 122.959657101525536, 14.142263853897241 ], [ 122.959673029677461, 14.142287746125129 ], [ 122.959680993753423, 14.142303674277056 ], [ 122.959688957829385, 14.142319602428984 ], [ 122.959696921905348, 14.142343494656872 ], [ 122.95970488598131, 14.142367386884763 ], [ 122.959712850057272, 14.142383315036689 ], [ 122.959720814133235, 14.142407207264579 ], [ 122.959736742285159, 14.142423135416506 ], [ 122.959736742285159, 14.142447027644396 ], [ 122.959744706361136, 14.142462955796322 ], [ 122.959752670437098, 14.142478883948248 ], [ 122.95976063451306, 14.142510740252101 ], [ 122.959768598589022, 14.142526668404029 ], [ 122.959776562664985, 14.142542596555955 ], [ 122.959792490816909, 14.142566488783846 ], [ 122.959800454892871, 14.142582416935772 ], [ 122.959800454892871, 14.142598345087698 ], [ 122.959816383044796, 14.142614273239625 ], [ 122.959824347120758, 14.142638165467515 ], [ 122.95983231119672, 14.142654093619441 ], [ 122.95983231119672, 14.142677985847332 ], [ 122.959848239348645, 14.142693913999258 ], [ 122.959848239348645, 14.142709842151184 ], [ 122.959864167500584, 14.142725770303111 ], [ 122.959872131576546, 14.142741698455037 ], [ 122.959880095652508, 14.142757626606963 ], [ 122.959880095652508, 14.142773554758891 ], [ 122.95988805972847, 14.142789482910818 ], [ 122.959896023804433, 14.142805411062744 ], [ 122.959911951956357, 14.142813375138706 ], [ 122.95991991603232, 14.142829303290634 ], [ 122.959935844184244, 14.142845231442561 ], [ 122.959959736412131, 14.142869123670449 ], [ 122.95997566456407, 14.142885051822377 ], [ 122.959991592715994, 14.142900979974304 ], [ 122.960007520867919, 14.14291690812623 ], [ 122.960007520867919, 14.142932836278156 ], [ 122.960031413095805, 14.142948764430082 ], [ 122.96004734124773, 14.142956728506046 ], [ 122.960063269399654, 14.142964692582009 ], [ 122.960079197551593, 14.142972656657973 ], [ 122.960095125703518, 14.142980620733937 ], [ 122.960119017931405, 14.142996548885863 ], [ 122.960142910159291, 14.143004512961825 ], [ 122.960166802387178, 14.143020441113752 ], [ 122.960182730539103, 14.143028405189716 ], [ 122.960198658691041, 14.143044333341642 ], [ 122.960214586842966, 14.143044333341642 ], [ 122.96023051499489, 14.143052297417606 ], [ 122.960246443146815, 14.143060261493568 ], [ 122.960270335374702, 14.143076189645495 ], [ 122.960294227602603, 14.143084153721459 ], [ 122.96031811983049, 14.143100081873385 ], [ 122.960334047982414, 14.143108045949349 ], [ 122.960357940210301, 14.143116010025311 ], [ 122.960373868362225, 14.143139902253202 ], [ 122.960405724666089, 14.143155830405128 ], [ 122.960421652818013, 14.143155830405128 ], [ 122.960437580969938, 14.143163794481092 ], [ 122.960453509121862, 14.143179722633018 ], [ 122.960469437273787, 14.143187686708981 ], [ 122.960501293577636, 14.143203614860909 ], [ 122.960517221729575, 14.143211578936871 ], [ 122.960541113957461, 14.143219543012835 ], [ 122.96057297026131, 14.143227507088797 ], [ 122.960612790641122, 14.143259363392652 ], [ 122.960652611020947, 14.143267327468614 ], [ 122.960660575096909, 14.14328325562054 ], [ 122.960684467324796, 14.143299183772468 ], [ 122.960700395476721, 14.14330714784843 ], [ 122.960716323628645, 14.14330714784843 ], [ 122.96073225178057, 14.143315111924395 ], [ 122.960748179932509, 14.143331040076321 ], [ 122.960764108084433, 14.143346968228247 ], [ 122.960780036236358, 14.143354932304211 ], [ 122.960803928464244, 14.143362896380173 ], [ 122.960819856616169, 14.143370860456137 ], [ 122.960827820692131, 14.143386788608064 ], [ 122.960843748844056, 14.14340271675999 ], [ 122.960859676995995, 14.143410680835954 ], [ 122.960875605147919, 14.14342660898788 ], [ 122.960891533299844, 14.14342660898788 ], [ 122.960899497375806, 14.143442537139807 ], [ 122.960923389603693, 14.143458465291733 ], [ 122.960947281831579, 14.143474393443659 ], [ 122.960963209983518, 14.143482357519623 ], [ 122.960979138135443, 14.14349828567155 ], [ 122.961003030363329, 14.143506249747514 ], [ 122.961018958515254, 14.143514213823476 ], [ 122.961034886667179, 14.143530141975402 ], [ 122.965883248868039, 14.148216160469788 ] ] ] } },
{ "type": "Feature", "properties": { "fid": 225, "desc": "creek", "other desc": "aswang creek", "barangay": "Barangay Awitan", "col": "FGD waterways", "layer": "awitan_waterways", "etc": null, "name": "Aswang Creek" }, "geometry": { "type": "MultiLineString", "coordinates": [ [ [ 122.955858547890003, 14.131406885079841 ], [ 122.95646321239343, 14.13179673456232 ], [ 122.957059920784985, 14.132305925723109 ] ] ] } },
{ "type": "Feature", "properties": { "fid": 226, "desc": "canal", "other desc": "tinabunan; to relocate the canal after road construction", "barangay": "Barangay San Isidro", "col": "FGD waterways", "layer": "san isidro_waterways", "etc": null, "name": null }, "geometry": { "type": "MultiLineString", "coordinates": [ [ [ 122.981139093412082, 14.106583815991383 ], [ 122.981051576181315, 14.104499314676904 ] ] ] } },
{ "type": "Feature", "properties": { "fid": 227, "desc": "old creek", "other desc": null, "barangay": "Barangay Mambalite", "col": "FGD waterways", "layer": "mambalite_waterways", "etc": null, "name": null }, "geometry": { "type": "MultiLineString", "coordinates": [ [ [ 122.986175439789562, 14.093746151137802 ], [ 122.986159495677569, 14.093746151137802 ], [ 122.986135579509579, 14.093730207025803 ], [ 122.986119635397571, 14.093714262913805 ], [ 122.986103691285578, 14.093706290857805 ], [ 122.986087747173571, 14.093698318801806 ], [ 122.98606383100558, 14.093682374689807 ], [ 122.986039914837576, 14.093666430577809 ], [ 122.986015998669586, 14.093666430577809 ], [ 122.985992082501582, 14.09365048646581 ], [ 122.985976138389589, 14.093634542353811 ], [ 122.985960194277581, 14.093626570297811 ], [ 122.985944250165588, 14.093610626185813 ], [ 122.985928306053594, 14.093610626185813 ], [ 122.985920333997583, 14.093594682073814 ], [ 122.98590438988559, 14.093586710017815 ], [ 122.9858804737176, 14.093570765905817 ], [ 122.985864529605593, 14.093554821793818 ], [ 122.985840613437603, 14.093546849737818 ], [ 122.985824669325595, 14.093530905625819 ], [ 122.985808725213602, 14.09351496151382 ], [ 122.985792781101594, 14.093506989457822 ], [ 122.985776836989601, 14.093491045345823 ], [ 122.985760892877607, 14.093475101233825 ], [ 122.9857449487656, 14.093459157121826 ], [ 122.985713060541613, 14.093435240953829 ], [ 122.985689144373609, 14.09341132478583 ], [ 122.985673200261616, 14.093395380673831 ], [ 122.985657256149608, 14.093379436561833 ], [ 122.985641312037615, 14.093363492449834 ], [ 122.985641312037615, 14.093347548337835 ], [ 122.985625367925621, 14.093331604225837 ], [ 122.985609423813614, 14.093307688057839 ], [ 122.98559347970162, 14.093299716001839 ], [ 122.985585507645624, 14.09328377188984 ], [ 122.985569563533616, 14.093259855721843 ], [ 122.985561591477619, 14.093243911609845 ], [ 122.985545647365626, 14.093235939553844 ], [ 122.985529703253619, 14.093219995441846 ], [ 122.985513759141625, 14.093188107217848 ], [ 122.985505787085629, 14.09317216310585 ], [ 122.985489842973621, 14.093156218993851 ], [ 122.985473898861628, 14.093140274881852 ], [ 122.985457954749634, 14.093124330769854 ], [ 122.985442010637627, 14.093100414601857 ], [ 122.985426066525633, 14.093076498433858 ], [ 122.985418094469637, 14.093060554321859 ], [ 122.985394178301632, 14.093036638153862 ], [ 122.985386206245636, 14.093020694041863 ], [ 122.985370262133642, 14.093004749929865 ], [ 122.985354318021635, 14.092980833761867 ], [ 122.985346345965638, 14.092964889649869 ], [ 122.985330401853645, 14.092956917593868 ], [ 122.985322429797648, 14.09294097348187 ], [ 122.985306485685641, 14.092933001425871 ], [ 122.985290541573647, 14.092909085257872 ], [ 122.985290541573647, 14.092893141145874 ], [ 122.98527459746164, 14.092885169089875 ], [ 122.985266625405643, 14.092869224977877 ], [ 122.98525068129365, 14.092853280865878 ], [ 122.985234737181642, 14.092821392641881 ], [ 122.985218793069649, 14.092797476473882 ], [ 122.985210821013652, 14.092781532361883 ], [ 122.985194876901659, 14.092757616193886 ], [ 122.985178932789651, 14.092741672081887 ], [ 122.985162988677658, 14.09270978385789 ], [ 122.985155016621661, 14.092693839745891 ], [ 122.98514704456565, 14.092677895633893 ], [ 122.985139072509654, 14.092661951521894 ], [ 122.985131100453657, 14.092646007409895 ], [ 122.985115156341664, 14.092630063297896 ], [ 122.985115156341664, 14.092614119185898 ], [ 122.985099212229656, 14.092598175073899 ], [ 122.985099212229656, 14.0925822309619 ], [ 122.985091240173659, 14.092566286849902 ], [ 122.985091240173659, 14.092550342737903 ], [ 122.985083268117663, 14.092534398625904 ], [ 122.985083268117663, 14.092518454513906 ], [ 122.985075296061666, 14.092502510401907 ], [ 122.985075296061666, 14.092486566289908 ], [ 122.985067324005669, 14.09247062217791 ], [ 122.985067324005669, 14.092446706009913 ], [ 122.985067324005669, 14.092430761897914 ], [ 122.985067324005669, 14.092406845729915 ], [ 122.985067324005669, 14.092390901617916 ], [ 122.985067324005669, 14.092374957505918 ], [ 122.985067324005669, 14.092359013393919 ], [ 122.985067324005669, 14.09234306928192 ], [ 122.985067324005669, 14.092327125169922 ], [ 122.985067324005669, 14.092303209001924 ], [ 122.985067324005669, 14.092279292833926 ], [ 122.985075296061666, 14.092255376665928 ], [ 122.985083268117663, 14.09223146049793 ], [ 122.985099212229656, 14.092207544329932 ], [ 122.985099212229656, 14.092191600217934 ], [ 122.985115156341664, 14.092167684049935 ], [ 122.985115156341664, 14.092151739937936 ], [ 122.98512312839766, 14.092135795825939 ], [ 122.985139072509654, 14.092119851713941 ], [ 122.98514704456565, 14.092095935545942 ], [ 122.985155016621661, 14.092079991433943 ], [ 122.985162988677658, 14.092064047321944 ], [ 122.985162988677658, 14.092040131153947 ], [ 122.985170960733655, 14.092024187041948 ], [ 122.985170960733655, 14.09200824292995 ], [ 122.985170960733655, 14.091992298817951 ], [ 122.985178932789651, 14.091960410593954 ], [ 122.985178932789651, 14.091944466481955 ], [ 122.985178932789651, 14.091928522369956 ], [ 122.985178932789651, 14.091912578257958 ], [ 122.985178932789651, 14.091896634145959 ], [ 122.985178932789651, 14.09188069003396 ], [ 122.985178932789651, 14.091864745921962 ], [ 122.985170960733655, 14.091840829753963 ], [ 122.985162988677658, 14.091824885641964 ], [ 122.98514704456565, 14.091808941529965 ], [ 122.985131100453657, 14.091792997417967 ], [ 122.985115156341664, 14.091785025361968 ], [ 122.985099212229656, 14.091777053305968 ], [ 122.985083268117663, 14.09176908124997 ], [ 122.985067324005669, 14.091761109193969 ], [ 122.985035435781668, 14.091753137137971 ], [ 122.985011519613664, 14.091745165081971 ], [ 122.984995575501671, 14.091745165081971 ], [ 122.984971659333667, 14.091729220969972 ], [ 122.984955715221673, 14.091729220969972 ], [ 122.98493977110968, 14.091729220969972 ], [ 122.984907882885679, 14.091729220969972 ], [ 122.984875994661678, 14.091721248913974 ], [ 122.984852078493688, 14.091721248913974 ], [ 122.984820190269687, 14.091705304801975 ], [ 122.984796274101683, 14.091705304801975 ], [ 122.98478032998969, 14.091705304801975 ], [ 122.984756413821685, 14.091697332745976 ], [ 122.984724525597699, 14.091697332745976 ], [ 122.984708581485691, 14.091689360689976 ], [ 122.98467669326169, 14.091681388633978 ], [ 122.9846527770937, 14.091681388633978 ], [ 122.984620888869699, 14.091681388633978 ], [ 122.984604944757706, 14.091673416577978 ], [ 122.984581028589702, 14.091665444521979 ], [ 122.984565084477708, 14.091665444521979 ], [ 122.984549140365701, 14.091665444521979 ], [ 122.984533196253707, 14.091657472465979 ], [ 122.984517252141714, 14.091657472465979 ], [ 122.984501308029706, 14.09164950040998 ], [ 122.984477391861716, 14.09164152835398 ], [ 122.984461447749709, 14.091633556297982 ], [ 122.984445503637716, 14.091633556297982 ], [ 122.984421587469711, 14.091633556297982 ], [ 122.984405643357718, 14.091625584241982 ], [ 122.984389699245725, 14.091617612185983 ], [ 122.98436578307772, 14.091609640129983 ], [ 122.98434186690973, 14.091593696017984 ], [ 122.984325922797723, 14.091585723961986 ], [ 122.984302006629733, 14.091577751905985 ], [ 122.984286062517725, 14.091561807793987 ], [ 122.984270118405732, 14.091545863681988 ], [ 122.984246202237728, 14.091529919569989 ], [ 122.984230258125734, 14.091513975457991 ], [ 122.984222286069738, 14.091490059289994 ], [ 122.984214314013741, 14.091466143121995 ], [ 122.984214314013741, 14.091442226953998 ], [ 122.984214314013741, 14.091426282841999 ], [ 122.984214314013741, 14.091402366674 ], [ 122.984214314013741, 14.091378450506003 ], [ 122.984214314013741, 14.091362506394004 ], [ 122.984222286069738, 14.091346562282006 ], [ 122.984230258125734, 14.091330618170007 ], [ 122.984238230181731, 14.091314674058008 ], [ 122.984246202237728, 14.09129872994601 ], [ 122.984262146349735, 14.091282785834011 ], [ 122.984278090461729, 14.091266841722012 ], [ 122.984309978685729, 14.091250897610013 ], [ 122.98434186690973, 14.091234953498015 ], [ 122.984357811021724, 14.091219009386016 ], [ 122.984373755133717, 14.091219009386016 ], [ 122.984389699245725, 14.091211037330018 ], [ 122.984405643357718, 14.091195093218019 ], [ 122.984429559525722, 14.091195093218019 ], [ 122.984453475693712, 14.09117914910602 ], [ 122.98446941980572, 14.09117914910602 ], [ 122.984485363917713, 14.09117914910602 ], [ 122.984509280085703, 14.091155232938021 ], [ 122.984525224197711, 14.091147260882023 ], [ 122.984541168309704, 14.091139288826023 ], [ 122.984557112421712, 14.091139288826023 ], [ 122.984573056533705, 14.091131316770024 ], [ 122.984589000645698, 14.091131316770024 ], [ 122.984612916813703, 14.091123344714024 ], [ 122.984628860925696, 14.091115372658026 ], [ 122.984644805037703, 14.091099428546027 ], [ 122.984660749149697, 14.091083484434028 ], [ 122.98467669326169, 14.091075512378028 ], [ 122.984692637373698, 14.091059568266029 ], [ 122.984708581485691, 14.091043624154031 ], [ 122.984724525597699, 14.091027680042032 ], [ 122.984740469709692, 14.091011735930033 ], [ 122.984756413821685, 14.091003763874035 ], [ 122.984764385877682, 14.090987819762036 ], [ 122.984772357933693, 14.090971875650038 ], [ 122.984788302045686, 14.090955931538039 ], [ 122.984796274101683, 14.09093998742604 ], [ 122.98481221821369, 14.09093201537004 ], [ 122.984828162325684, 14.090916071258041 ], [ 122.98483613438168, 14.090900127146043 ], [ 122.984852078493688, 14.090884183034044 ], [ 122.984868022605681, 14.090868238922045 ], [ 122.984875994661678, 14.090844322754048 ], [ 122.984875994661678, 14.090820406586051 ], [ 122.984891938773671, 14.090812434530051 ], [ 122.984899910829682, 14.090796490418052 ], [ 122.984899910829682, 14.090780546306053 ], [ 122.984907882885679, 14.090764602194055 ], [ 122.984915854941676, 14.090748658082056 ], [ 122.984923826997672, 14.090732713970057 ], [ 122.984923826997672, 14.090716769858059 ], [ 122.984923826997672, 14.090692853690062 ], [ 122.984923826997672, 14.090676909578063 ], [ 122.984923826997672, 14.090660965466064 ], [ 122.984923826997672, 14.090645021354065 ], [ 122.984915854941676, 14.090621105186067 ], [ 122.984899910829682, 14.090613133130068 ], [ 122.984883966717675, 14.090597189018069 ], [ 122.984868022605681, 14.090581244906071 ], [ 122.984852078493688, 14.090581244906071 ], [ 122.98483613438168, 14.090573272850071 ], [ 122.98481221821369, 14.090565300794072 ], [ 122.984788302045686, 14.090557328738072 ], [ 122.984772357933693, 14.090549356682073 ], [ 122.984756413821685, 14.090541384626073 ], [ 122.984732497653695, 14.090533412570075 ], [ 122.984708581485691, 14.090525440514075 ], [ 122.984692637373698, 14.090517468458076 ], [ 122.98467669326169, 14.090509496402076 ], [ 122.984660749149697, 14.090509496402076 ], [ 122.984636832981693, 14.090501524346077 ], [ 122.984612916813703, 14.090501524346077 ], [ 122.984596972701709, 14.090485580234079 ], [ 122.984581028589702, 14.090485580234079 ], [ 122.984565084477708, 14.090485580234079 ], [ 122.984549140365701, 14.090477608178078 ], [ 122.984533196253707, 14.090477608178078 ], [ 122.984517252141714, 14.090477608178078 ], [ 122.98449333597371, 14.09046963612208 ], [ 122.984477391861716, 14.09046963612208 ], [ 122.984461447749709, 14.090453692010081 ], [ 122.984437531581719, 14.090453692010081 ], [ 122.984421587469711, 14.090453692010081 ], [ 122.984397671301721, 14.090445719954081 ], [ 122.984373755133717, 14.090445719954081 ], [ 122.984357811021724, 14.090445719954081 ], [ 122.98434186690973, 14.090437747898083 ], [ 122.984325922797723, 14.090429775842082 ], [ 122.984309978685729, 14.090429775842082 ], [ 122.984294034573722, 14.090429775842082 ], [ 122.984278090461729, 14.090429775842082 ], [ 122.984262146349735, 14.090429775842082 ], [ 122.984246202237728, 14.090429775842082 ], [ 122.984230258125734, 14.090429775842082 ], [ 122.984214314013741, 14.090429775842082 ], [ 122.983680186261779, 14.090676909578061 ], [ 122.983261653321819, 14.091211037330014 ] ] ] } },
{ "type": "Feature", "properties": { "fid": 228, "desc": "creek", "other desc": null, "barangay": "Barangay Mambalite", "col": "FGD waterways", "layer": "mambalite_waterways", "etc": null, "name": null }, "geometry": { "type": "MultiLineString", "coordinates": [ [ [ 122.982994589445809, 14.088038159042284 ], [ 122.982994589445809, 14.088046131098285 ], [ 122.982994589445809, 14.088054103154283 ], [ 122.982994589445809, 14.088062075210283 ], [ 122.982994589445809, 14.088070047266282 ], [ 122.982994589445809, 14.088078019322282 ], [ 122.982994589445809, 14.08808599137828 ], [ 122.982994589445809, 14.088093963434281 ], [ 122.982994589445809, 14.088101935490279 ], [ 122.982994589445809, 14.088109907546279 ], [ 122.982994589445809, 14.088117879602278 ], [ 122.982998575473815, 14.088125851658278 ], [ 122.982998575473815, 14.088133823714276 ], [ 122.982998575473815, 14.088141795770277 ], [ 122.982998575473815, 14.088149767826275 ], [ 122.982998575473815, 14.088161725910274 ], [ 122.983002561501806, 14.088169697966274 ], [ 122.983006547529811, 14.088185642078273 ], [ 122.983006547529811, 14.088197600162271 ], [ 122.983006547529811, 14.088205572218271 ], [ 122.983006547529811, 14.08821354427427 ], [ 122.983010533557803, 14.088221516330268 ], [ 122.983014519585808, 14.088233474414269 ], [ 122.983018505613813, 14.088249418526267 ], [ 122.983018505613813, 14.088261376610266 ], [ 122.98302647766981, 14.088273334694264 ], [ 122.983030463697801, 14.088281306750265 ], [ 122.983030463697801, 14.088289278806263 ], [ 122.983034449725807, 14.088301236890262 ], [ 122.983034449725807, 14.088309208946262 ], [ 122.983038435753812, 14.08831718100226 ], [ 122.983042421781803, 14.088333125114259 ], [ 122.983046407809809, 14.088345083198259 ], [ 122.983054379865806, 14.088353055254258 ], [ 122.983054379865806, 14.088361027310258 ], [ 122.983066337949808, 14.088372985394257 ], [ 122.983066337949808, 14.088380957450255 ], [ 122.983074310005804, 14.088392915534255 ], [ 122.98307829603381, 14.088400887590254 ], [ 122.983082282061801, 14.088408859646254 ], [ 122.983086268089806, 14.088416831702252 ], [ 122.983090254117798, 14.088424803758253 ], [ 122.983094240145803, 14.088436761842251 ], [ 122.983098226173794, 14.08844473389825 ], [ 122.983106198229805, 14.08845270595425 ], [ 122.983110184257797, 14.088464664038248 ], [ 122.983114170285802, 14.088480608150247 ], [ 122.983122142341799, 14.088488580206246 ], [ 122.983122142341799, 14.088496552262246 ], [ 122.983122142341799, 14.088504524318244 ], [ 122.983130114397795, 14.088512496374245 ], [ 122.983134100425801, 14.088520468430243 ], [ 122.983134100425801, 14.088528440486243 ], [ 122.983134100425801, 14.088536412542242 ], [ 122.983142072481797, 14.088544384598242 ], [ 122.983142072481797, 14.08855235665424 ], [ 122.983150044537794, 14.08855634268224 ], [ 122.9831540305658, 14.088564314738241 ], [ 122.983162002621796, 14.088572286794239 ], [ 122.983165988649802, 14.088584244878238 ], [ 122.983173960705798, 14.088592216934238 ], [ 122.98317794673379, 14.088600188990236 ], [ 122.983181932761795, 14.088608161046237 ], [ 122.9831859187898, 14.088616133102235 ], [ 122.983193890845797, 14.088624105158235 ], [ 122.983197876873788, 14.088632077214234 ], [ 122.983205848929785, 14.088640049270234 ], [ 122.98320983495779, 14.088648021326232 ], [ 122.983217807013787, 14.088659979410231 ], [ 122.983221793041793, 14.088671937494231 ], [ 122.983233751125795, 14.08867990955023 ], [ 122.983237737153786, 14.088691867634228 ], [ 122.983245709209783, 14.088699839690229 ], [ 122.983253681265793, 14.088707811746227 ], [ 122.98326165332179, 14.088719769830227 ], [ 122.983269625377787, 14.088731727914226 ], [ 122.983277597433784, 14.088739699970224 ], [ 122.98328556948978, 14.088751658054225 ], [ 122.983289555517786, 14.088759630110223 ], [ 122.983297527573782, 14.088771588194222 ], [ 122.983305499629779, 14.088779560250222 ], [ 122.983309485657784, 14.08878753230622 ], [ 122.98331347168579, 14.088795504362221 ], [ 122.983321443741787, 14.088803476418219 ], [ 122.983325429769778, 14.088811448474219 ], [ 122.983333401825774, 14.088819420530218 ], [ 122.98333738785378, 14.088827392586218 ], [ 122.983345359909777, 14.088835364642216 ], [ 122.983353331965773, 14.088847322726217 ], [ 122.983361304021784, 14.088859280810215 ], [ 122.983365290049775, 14.088867252866214 ], [ 122.983369276077781, 14.088875224922214 ], [ 122.983377248133777, 14.088883196978212 ], [ 122.983381234161783, 14.088895155062211 ], [ 122.983385220189774, 14.088903127118211 ], [ 122.983393192245771, 14.08891508520221 ], [ 122.983397178273776, 14.08892305725821 ], [ 122.983401164301782, 14.088931029314208 ], [ 122.983405150329773, 14.088942987398207 ], [ 122.983409136357778, 14.088950959454207 ], [ 122.98341312238577, 14.088958931510206 ], [ 122.983417108413775, 14.088970889594206 ], [ 122.98342109444178, 14.088978861650205 ], [ 122.983425080469772, 14.088986833706205 ], [ 122.983429066497777, 14.088998791790203 ], [ 122.983433052525768, 14.089006763846202 ], [ 122.983437038553774, 14.089014735902202 ], [ 122.983441024581765, 14.0890227079582 ], [ 122.983445010609771, 14.089030680014201 ], [ 122.983448996637776, 14.089038652070199 ], [ 122.983452982665767, 14.089046624126199 ], [ 122.983460954721764, 14.089058582210198 ], [ 122.983464940749769, 14.089070540294196 ], [ 122.983468926777775, 14.089078512350197 ], [ 122.983480884861763, 14.089098442490194 ], [ 122.983484870889768, 14.089106414546194 ], [ 122.983484870889768, 14.089118372630193 ], [ 122.983488856917774, 14.089130330714191 ], [ 122.98349682897377, 14.089142288798191 ], [ 122.98349682897377, 14.08915823291019 ], [ 122.983500815001761, 14.089166204966189 ], [ 122.983504801029767, 14.089174177022189 ], [ 122.983508787057772, 14.089186135106187 ], [ 122.983508787057772, 14.089198093190186 ], [ 122.983512773085764, 14.089214037302185 ], [ 122.983516759113769, 14.089233967442183 ], [ 122.98352074514176, 14.089241939498182 ], [ 122.98352074514176, 14.089253897582182 ], [ 122.98352074514176, 14.089265855666181 ], [ 122.983524731169766, 14.089273827722179 ], [ 122.983524731169766, 14.089281799778179 ], [ 122.983528717197771, 14.089289771834178 ], [ 122.983528717197771, 14.089301729918178 ], [ 122.983532703225762, 14.089317674030175 ], [ 122.983536689253768, 14.089329632114175 ], [ 122.983536689253768, 14.089337604170174 ], [ 122.983540675281759, 14.089353548282173 ], [ 122.983540675281759, 14.089361520338173 ], [ 122.983540675281759, 14.089369492394171 ], [ 122.983544661309764, 14.089377464450171 ], [ 122.983544661309764, 14.08938543650617 ], [ 122.983544661309764, 14.089397394590168 ], [ 122.983544661309764, 14.089405366646169 ], [ 122.983544661309764, 14.089413338702167 ], [ 122.983544661309764, 14.089421310758167 ], [ 122.98354864733777, 14.089433268842166 ], [ 122.983552633365761, 14.089441240898166 ], [ 122.983556619393767, 14.089453198982165 ], [ 122.983556619393767, 14.089461171038163 ], [ 122.983556619393767, 14.089473129122164 ], [ 122.983560605421758, 14.089485087206162 ], [ 122.983560605421758, 14.089493059262161 ], [ 122.983564591449763, 14.089501031318161 ], [ 122.983564591449763, 14.089509003374159 ], [ 122.983564591449763, 14.08952096145816 ], [ 122.983568577477755, 14.089532919542158 ], [ 122.983568577477755, 14.089540891598157 ], [ 122.983568577477755, 14.089548863654157 ], [ 122.983568577477755, 14.089564807766155 ], [ 122.98357256350576, 14.089576765850154 ], [ 122.98357256350576, 14.089584737906153 ], [ 122.98357256350576, 14.089592709962153 ], [ 122.983576549533765, 14.089600682018151 ], [ 122.983580535561757, 14.089608654074151 ], [ 122.983580535561757, 14.08962061215815 ], [ 122.983580535561757, 14.08962858421415 ], [ 122.983584521589762, 14.089640542298149 ], [ 122.983584521589762, 14.089648514354147 ], [ 122.983584521589762, 14.089656486410147 ], [ 122.983588507617753, 14.089668444494146 ], [ 122.983588507617753, 14.089676416550146 ], [ 122.983588507617753, 14.089684388606145 ], [ 122.983592493645759, 14.089692360662145 ], [ 122.983592493645759, 14.089700332718143 ], [ 122.983592493645759, 14.089708304774144 ], [ 122.983596479673764, 14.089716276830142 ], [ 122.983600465701755, 14.089724248886142 ], [ 122.983600465701755, 14.089732220942141 ], [ 122.983604451729761, 14.089740192998141 ], [ 122.983604451729761, 14.089748165054139 ], [ 122.983604451729761, 14.089756137110138 ], [ 122.983604451729761, 14.089764109166138 ], [ 122.983604451729761, 14.089772081222137 ], [ 122.983604451729761, 14.089780053278137 ], [ 122.983608437757752, 14.089788025334135 ], [ 122.983608437757752, 14.089795997390135 ], [ 122.983608437757752, 14.089803969446134 ] ] ] } },
{ "type": "Feature", "properties": { "fid": 229, "desc": "creek", "other desc": null, "barangay": "Barangay Mambalite", "col": "FGD waterways", "layer": "mambalite_waterways", "etc": null, "name": null }, "geometry": { "type": "MultiLineString", "coordinates": [ [ [ 122.987173939803469, 14.084560349612582 ], [ 122.987169953775478, 14.084564335640582 ], [ 122.987169953775478, 14.084570314682582 ], [ 122.987167960761482, 14.084578286738582 ], [ 122.987163974733477, 14.08459024482258 ], [ 122.987163974733477, 14.084606188934579 ], [ 122.987163974733477, 14.084618147018578 ], [ 122.987163974733477, 14.084634091130576 ], [ 122.987163974733477, 14.084640070172576 ], [ 122.987163974733477, 14.084652028256574 ], [ 122.987163974733477, 14.084661993326574 ], [ 122.987167960761482, 14.084673951410572 ], [ 122.987167960761482, 14.084683916480571 ], [ 122.987169953775478, 14.084689895522571 ], [ 122.987173939803469, 14.08469986059257 ], [ 122.987177925831475, 14.084705839634569 ], [ 122.987191876929472, 14.084729755802568 ], [ 122.987195862957478, 14.084739720872568 ], [ 122.987199848985469, 14.084743706900566 ], [ 122.98720582802747, 14.084749685942567 ], [ 122.987215793097477, 14.084759651012565 ], [ 122.987219779125468, 14.084767623068565 ], [ 122.987227751181464, 14.084777588138564 ], [ 122.987229744195474, 14.084783567180564 ], [ 122.987241702279462, 14.084791539236562 ], [ 122.987247681321463, 14.084801504306562 ], [ 122.987251667349469, 14.084807483348561 ], [ 122.98725764639147, 14.084813462390562 ], [ 122.987269604475472, 14.08482542047456 ], [ 122.987275583517473, 14.08483139951656 ], [ 122.98728355557347, 14.084839371572558 ], [ 122.987289534615471, 14.084845350614557 ], [ 122.987293520643462, 14.084849336642558 ], [ 122.987301492699459, 14.084857308698558 ], [ 122.987305478727464, 14.084861294726556 ], [ 122.987309464755469, 14.084865280754556 ], [ 122.987315443797456, 14.084869266782556 ], [ 122.987321422839457, 14.084875245824556 ], [ 122.987325408867463, 14.084879231852556 ], [ 122.987331387909464, 14.084887203908554 ], [ 122.987335373937455, 14.084893182950553 ], [ 122.987339359965461, 14.084899161992555 ], [ 122.987343345993466, 14.084901155006554 ], [ 122.987345339007462, 14.084905141034554 ], [ 122.987349325035467, 14.084911120076553 ], [ 122.987353311063458, 14.084915106104553 ], [ 122.987355304077454, 14.084921085146552 ], [ 122.987359290105459, 14.084927064188552 ], [ 122.987363276133465, 14.084931050216552 ], [ 122.987367262161456, 14.08493902227255 ], [ 122.987367262161456, 14.08494500131455 ], [ 122.987371248189461, 14.08494898734255 ], [ 122.987373241203457, 14.08495297337055 ], [ 122.987375234217453, 14.084958952412549 ], [ 122.987377227231462, 14.084964931454548 ], [ 122.987383206273464, 14.084974896524548 ], [ 122.987385199287459, 14.084980875566547 ], [ 122.987387192301455, 14.084984861594547 ], [ 122.987387192301455, 14.084988847622546 ], [ 122.987387192301455, 14.084992833650546 ], [ 122.98738918531545, 14.084996819678546 ], [ 122.98738918531545, 14.085000805706546 ], [ 122.98738918531545, 14.085006784748545 ], [ 122.98738918531545, 14.085010770776544 ], [ 122.98738918531545, 14.085016749818545 ], [ 122.98738918531545, 14.085022728860544 ], [ 122.98738918531545, 14.085026714888542 ], [ 122.98738918531545, 14.085030700916542 ], [ 122.987387192301455, 14.085034686944542 ], [ 122.987385199287459, 14.085040665986542 ], [ 122.987381213259454, 14.085042659000541 ], [ 122.987379220245458, 14.085046645028541 ], [ 122.987377227231462, 14.085050631056541 ], [ 122.987375234217453, 14.085054617084541 ], [ 122.987371248189461, 14.08505860311254 ], [ 122.987369255175452, 14.08506258914054 ], [ 122.98736526914746, 14.08506657516854 ], [ 122.987363276133465, 14.08507056119654 ], [ 122.987355304077454, 14.085076540238539 ], [ 122.987351318049463, 14.085080526266538 ], [ 122.987347332021457, 14.085084512294538 ], [ 122.987343345993466, 14.085090491336537 ], [ 122.987335373937455, 14.085096470378536 ], [ 122.987331387909464, 14.085100456406536 ], [ 122.987327401881458, 14.085104442434536 ], [ 122.987323415853467, 14.085108428462537 ], [ 122.987317436811466, 14.085114407504536 ], [ 122.987311457769465, 14.085118393532536 ], [ 122.987305478727464, 14.085122379560534 ], [ 122.987299499685463, 14.085124372574535 ], [ 122.987291527629466, 14.085128358602534 ], [ 122.987287541601461, 14.085128358602534 ], [ 122.98728156255946, 14.085132344630534 ], [ 122.987275583517473, 14.085134337644535 ], [ 122.987269604475472, 14.085136330658534 ], [ 122.987261632419461, 14.085136330658534 ], [ 122.98725764639147, 14.085136330658534 ], [ 122.987251667349469, 14.085136330658534 ], [ 122.987241702279462, 14.085136330658534 ], [ 122.987235723237475, 14.085138323672533 ], [ 122.987225758167469, 14.085138323672533 ], [ 122.987217786111472, 14.085138323672533 ], [ 122.987211807069471, 14.085138323672533 ], [ 122.987201841999479, 14.085142309700533 ], [ 122.987195862957478, 14.085142309700533 ], [ 122.987187890901467, 14.085144302714532 ], [ 122.987177925831475, 14.085146295728533 ], [ 122.987169953775478, 14.085150281756533 ], [ 122.987165967747472, 14.085150281756533 ], [ 122.987161981719481, 14.085154267784532 ], [ 122.98715600267748, 14.085158253812532 ], [ 122.987152016649475, 14.085164232854531 ], [ 122.987148030621483, 14.08517021189653 ], [ 122.987144044593478, 14.08517419792453 ], [ 122.987138065551477, 14.085178183952531 ], [ 122.987136072537481, 14.085182169980529 ], [ 122.987136072537481, 14.085186156008529 ], [ 122.987132086509476, 14.085192135050528 ], [ 122.987132086509476, 14.085196121078528 ], [ 122.987132086509476, 14.085204093134529 ], [ 122.987132086509476, 14.085208079162527 ], [ 122.987132086509476, 14.085216051218527 ], [ 122.987134079523472, 14.085220037246527 ], [ 122.987138065551477, 14.085224023274526 ], [ 122.987146037607474, 14.085231995330526 ], [ 122.987150023635479, 14.085237974372525 ], [ 122.987157995691476, 14.085243953414524 ], [ 122.987163974733477, 14.085251925470525 ], [ 122.987169953775478, 14.085255911498523 ], [ 122.987177925831475, 14.085263883554523 ], [ 122.987187890901467, 14.085271855610522 ], [ 122.987197855971473, 14.085277834652521 ], [ 122.987209814055475, 14.085285806708521 ], [ 122.987215793097477, 14.08529377876452 ], [ 122.987223765153473, 14.08529776479252 ], [ 122.987227751181464, 14.08530175082052 ], [ 122.98723173720947, 14.085303743834519 ], [ 122.987235723237475, 14.08530573684852 ], [ 122.987239709265467, 14.085307729862519 ], [ 122.987245688307468, 14.085309722876518 ], [ 122.987249674335473, 14.085311715890519 ], [ 122.987253660363464, 14.085313708904518 ], [ 122.987261632419461, 14.085315701918518 ], [ 122.987267611461462, 14.085315701918518 ], [ 122.987271597489467, 14.085317694932519 ], [ 122.987279569545464, 14.085319687946518 ], [ 122.987285548587465, 14.085319687946518 ], [ 122.987289534615471, 14.085319687946518 ], [ 122.987295513657472, 14.085319687946518 ], [ 122.987305478727464, 14.085319687946518 ], [ 122.987309464755469, 14.085319687946518 ], [ 122.987313450783461, 14.085319687946518 ], [ 122.987317436811466, 14.085319687946518 ], [ 122.987321422839457, 14.085319687946518 ], [ 122.987327401881458, 14.085319687946518 ], [ 122.987335373937455, 14.085317694932519 ], [ 122.987339359965461, 14.085313708904518 ], [ 122.987345339007462, 14.085311715890519 ], [ 122.987353311063458, 14.085309722876518 ], [ 122.987357297091464, 14.085307729862519 ], [ 122.987361283119455, 14.08530573684852 ], [ 122.987367262161456, 14.08530175082052 ], [ 122.987377227231462, 14.08529776479252 ], [ 122.987381213259454, 14.085295771778521 ], [ 122.98738918531545, 14.08529178575052 ], [ 122.987395164357451, 14.08528779972252 ], [ 122.987399150385457, 14.08528779972252 ], [ 122.987403136413462, 14.08528779972252 ], [ 122.987409115455449, 14.085285806708521 ], [ 122.987413101483455, 14.085285806708521 ], [ 122.987419080525456, 14.08528381369452 ], [ 122.987427052581452, 14.085281820680521 ], [ 122.987435024637449, 14.085279827666522 ], [ 122.987439010665454, 14.085279827666522 ], [ 122.987444989707456, 14.085279827666522 ], [ 122.987452961763452, 14.085273848624523 ], [ 122.987458940805453, 14.085273848624523 ], [ 122.987462926833444, 14.085273848624523 ], [ 122.98746691286145, 14.085273848624523 ], [ 122.987474884917447, 14.085273848624523 ], [ 122.987480863959448, 14.085273848624523 ], [ 122.987486843001449, 14.085269862596522 ], [ 122.987498801085451, 14.085269862596522 ], [ 122.987506773141448, 14.085269862596522 ], [ 122.987512752183449, 14.085269862596522 ], [ 122.98751673821144, 14.085267869582523 ], [ 122.987524710267451, 14.085267869582523 ], [ 122.987532682323447, 14.085267869582523 ], [ 122.987536668351439, 14.085267869582523 ], [ 122.98754264739344, 14.085267869582523 ], [ 122.987548626435441, 14.085267869582523 ], [ 122.987556598491437, 14.085267869582523 ], [ 122.987562577533438, 14.085267869582523 ], [ 122.98756855657544, 14.085267869582523 ], [ 122.987578521645446, 14.085269862596522 ], [ 122.987584500687447, 14.085269862596522 ], [ 122.987594465757439, 14.085269862596522 ], [ 122.987598451785445, 14.085269862596522 ], [ 122.987606423841441, 14.085269862596522 ], [ 122.987612402883443, 14.085271855610522 ], [ 122.987616388911434, 14.085271855610522 ], [ 122.987620374939439, 14.085273848624523 ], [ 122.987628346995436, 14.085275841638522 ], [ 122.987634326037437, 14.085275841638522 ], [ 122.987638312065442, 14.085279827666522 ], [ 122.987644291107429, 14.085281820680521 ], [ 122.987648277135435, 14.08528381369452 ], [ 122.987654256177436, 14.085285806708521 ], [ 122.987664221247428, 14.085285806708521 ], [ 122.987674186317435, 14.085289792736521 ], [ 122.987682158373431, 14.085289792736521 ], [ 122.987692123443438, 14.085289792736521 ], [ 122.987700095499434, 14.08529178575052 ], [ 122.987708067555431, 14.08529377876452 ], [ 122.987714046597432, 14.085295771778521 ], [ 122.987718032625423, 14.085295771778521 ], [ 122.987729990709425, 14.085295771778521 ], [ 122.987735969751427, 14.085295771778521 ], [ 122.987741948793428, 14.085295771778521 ], [ 122.987747927835429, 14.085295771778521 ], [ 122.987755899891425, 14.085295771778521 ], [ 122.987763871947422, 14.085295771778521 ], [ 122.987773837017428, 14.085299757806519 ], [ 122.987785795101416, 14.085299757806519 ], [ 122.987791774143417, 14.085299757806519 ], [ 122.987801739213424, 14.08530175082052 ], [ 122.987809711269421, 14.08530175082052 ], [ 122.987819676339427, 14.085303743834519 ], [ 122.987827648395424, 14.085303743834519 ], [ 122.987833627437425, 14.085303743834519 ], [ 122.987841599493422, 14.085303743834519 ], [ 122.987847578535423, 14.085303743834519 ], [ 122.987851564563414, 14.085303743834519 ], [ 122.987855550591419, 14.085303743834519 ], [ 122.987859536619411, 14.08530573684852 ], [ 122.987865515661412, 14.085307729862519 ], [ 122.987869501689417, 14.085309722876518 ], [ 122.987875480731418, 14.085311715890519 ], [ 122.987879466759409, 14.085311715890519 ], [ 122.987883452787415, 14.085315701918518 ], [ 122.98788743881542, 14.085315701918518 ], [ 122.987891424843411, 14.085317694932519 ], [ 122.987897403885412, 14.085321680960519 ], [ 122.987901389913418, 14.085325666988517 ], [ 122.987907368955419, 14.085327660002518 ], [ 122.987913347997406, 14.085335632058516 ], [ 122.987915341011416, 14.085341611100516 ], [ 122.987917334025411, 14.085349583156516 ], [ 122.987917334025411, 14.085353569184516 ], [ 122.987917334025411, 14.085357555212514 ], [ 122.987919327039407, 14.085361541240514 ], [ 122.987919327039407, 14.085367520282514 ], [ 122.987919327039407, 14.085371506310514 ], [ 122.987919327039407, 14.085377485352513 ], [ 122.987919327039407, 14.085385457408513 ], [ 122.987919327039407, 14.085389443436512 ], [ 122.987915341011416, 14.085397415492512 ], [ 122.98791135498341, 14.08540140152051 ], [ 122.987909361969415, 14.085407380562511 ], [ 122.987907368955419, 14.08541136659051 ], [ 122.987903382927414, 14.08541535261851 ], [ 122.987899396899408, 14.085421331660509 ], [ 122.987895410871417, 14.085425317688509 ], [ 122.987891424843411, 14.085429303716509 ], [ 122.987889431829416, 14.085433289744508 ], [ 122.98788544580141, 14.085437275772508 ], [ 122.987881459773419, 14.085441261800508 ], [ 122.987877473745414, 14.085443254814507 ], [ 122.987871494703413, 14.085443254814507 ], [ 122.987865515661412, 14.085449233856506 ], [ 122.987859536619411, 14.085451226870507 ], [ 122.987849571549418, 14.085451226870507 ], [ 122.987843592507417, 14.085451226870507 ], [ 122.987837613465416, 14.085453219884506 ], [ 122.987825655381414, 14.085453219884506 ], [ 122.987819676339427, 14.085453219884506 ], [ 122.987811704283416, 14.085453219884506 ], [ 122.987805725241415, 14.085455212898507 ], [ 122.987797753185419, 14.085455212898507 ], [ 122.987787788115426, 14.085455212898507 ], [ 122.987783802087421, 14.085455212898507 ], [ 122.987771844003419, 14.085457205912506 ], [ 122.987763871947422, 14.085457205912506 ], [ 122.987749920849424, 14.085459198926506 ], [ 122.987743941807423, 14.085463184954506 ], [ 122.987731983723421, 14.085465177968505 ], [ 122.987722018653429, 14.085465177968505 ], [ 122.987716039611428, 14.085467170982506 ], [ 122.987708067555431, 14.085469163996505 ], [ 122.987694116457433, 14.085471157010506 ], [ 122.987688137415432, 14.085471157010506 ], [ 122.98767617933143, 14.085475143038504 ], [ 122.987666214261438, 14.085479129066504 ], [ 122.987656249191431, 14.085479129066504 ], [ 122.98765027014943, 14.085483115094505 ], [ 122.987644291107429, 14.085485108108504 ], [ 122.987638312065442, 14.085487101122505 ], [ 122.987638312065442, 14.085491087150503 ], [ 122.987634326037437, 14.085495073178503 ], [ 122.987632333023441, 14.085499059206503 ], [ 122.987632333023441, 14.085505038248503 ], [ 122.987628346995436, 14.085513010304501 ], [ 122.987628346995436, 14.085516996332501 ], [ 122.98762635398144, 14.0855229753745 ], [ 122.98762635398144, 14.0855269614025 ], [ 122.98762635398144, 14.0855329404445 ], [ 122.98762635398144, 14.085538919486499 ], [ 122.98762635398144, 14.085548884556498 ], [ 122.98762635398144, 14.085554863598498 ], [ 122.98762635398144, 14.085560842640497 ], [ 122.98762635398144, 14.085566821682496 ], [ 122.98762635398144, 14.085570807710496 ], [ 122.98762635398144, 14.085580772780496 ], [ 122.987628346995436, 14.085588744836496 ], [ 122.987630340009432, 14.085592730864494 ], [ 122.987634326037437, 14.085602695934494 ], [ 122.987636319051433, 14.085610667990494 ], [ 122.987638312065442, 14.085614654018492 ], [ 122.987644291107429, 14.085620633060492 ], [ 122.987648277135435, 14.085624619088492 ], [ 122.987656249191431, 14.085634584158491 ], [ 122.987660235219437, 14.085638570186491 ], [ 122.987670200289429, 14.085652521284489 ], [ 122.98767617933143, 14.08565850032649 ], [ 122.987688137415432, 14.085670458410489 ], [ 122.987692123443438, 14.085674444438489 ], [ 122.987698102485425, 14.085680423480488 ], [ 122.987704081527426, 14.085684409508486 ], [ 122.987710060569427, 14.085692381564487 ], [ 122.987714046597432, 14.085696367592487 ], [ 122.987716039611428, 14.085700353620485 ], [ 122.987724011667424, 14.085706332662486 ], [ 122.98772799769543, 14.085716297732484 ], [ 122.987731983723421, 14.085722276774483 ], [ 122.987737962765422, 14.085730248830483 ], [ 122.987739955779432, 14.085734234858483 ], [ 122.987745934821433, 14.085740213900483 ], [ 122.987749920849424, 14.085744199928483 ], [ 122.98775390687743, 14.085748185956481 ], [ 122.987755899891425, 14.085752171984481 ], [ 122.987759885919431, 14.085756158012481 ], [ 122.987761878933426, 14.08576413006848 ], [ 122.987765864961418, 14.08576811609648 ], [ 122.987769850989423, 14.085774095138479 ], [ 122.987773837017428, 14.085782067194479 ], [ 122.987775830031424, 14.085788046236479 ], [ 122.98777782304542, 14.085794025278478 ], [ 122.987781809073425, 14.085801997334476 ], [ 122.987783802087421, 14.085805983362476 ], [ 122.987785795101416, 14.085811962404476 ], [ 122.987785795101416, 14.085815948432476 ], [ 122.987787788115426, 14.085819934460476 ], [ 122.987787788115426, 14.085823920488476 ], [ 122.987791774143417, 14.085829899530475 ], [ 122.987791774143417, 14.085835878572475 ], [ 122.987791774143417, 14.085839864600473 ], [ 122.987791774143417, 14.085843850628473 ], [ 122.987793767157427, 14.085851822684473 ], [ 122.987793767157427, 14.085855808712472 ], [ 122.987795760171423, 14.085861787754473 ], [ 122.987795760171423, 14.08587175282447 ], [ 122.987795760171423, 14.085877731866471 ], [ 122.987795760171423, 14.08588570392247 ], [ 122.987795760171423, 14.085895668992469 ], [ 122.987795760171423, 14.085899655020469 ], [ 122.987795760171423, 14.085905634062469 ], [ 122.987795760171423, 14.085909620090469 ], [ 122.987795760171423, 14.085913606118467 ], [ 122.987795760171423, 14.085919585160466 ], [ 122.987793767157427, 14.085923571188466 ], [ 122.987791774143417, 14.085927557216467 ], [ 122.987787788115426, 14.085931543244467 ], [ 122.987785795101416, 14.085937522286466 ], [ 122.98777981605943, 14.085941508314464 ], [ 122.987775830031424, 14.085947487356465 ], [ 122.987771844003419, 14.085949480370465 ], [ 122.987769850989423, 14.085953466398465 ], [ 122.987765864961418, 14.085959445440464 ], [ 122.987761878933426, 14.085963431468464 ], [ 122.987755899891425, 14.085969410510463 ], [ 122.98775191386342, 14.085973396538462 ], [ 122.987747927835429, 14.085977382566462 ], [ 122.987743941807423, 14.085979375580463 ], [ 122.987739955779432, 14.085981368594462 ], [ 122.987735969751427, 14.085983361608461 ], [ 122.987729990709425, 14.085985354622462 ], [ 122.987726004681434, 14.085987347636461 ], [ 122.987722018653429, 14.085987347636461 ], [ 122.987718032625423, 14.085987347636461 ], [ 122.987714046597432, 14.085987347636461 ], [ 122.987708067555431, 14.085987347636461 ], [ 122.987704081527426, 14.085987347636461 ], [ 122.987700095499434, 14.085987347636461 ], [ 122.987696109471429, 14.085987347636461 ], [ 122.987692123443438, 14.085987347636461 ], [ 122.987688137415432, 14.085987347636461 ], [ 122.987684151387427, 14.085987347636461 ], [ 122.987680165359436, 14.085987347636461 ], [ 122.98767617933143, 14.085987347636461 ], [ 122.987664221247428, 14.085987347636461 ], [ 122.987660235219437, 14.085987347636461 ], [ 122.987654256177436, 14.085987347636461 ], [ 122.987648277135435, 14.085985354622462 ], [ 122.987638312065442, 14.085979375580463 ], [ 122.987630340009432, 14.085977382566462 ], [ 122.98762436096743, 14.085975389552463 ], [ 122.987618381925444, 14.085971403524463 ], [ 122.987610409869433, 14.085967417496462 ], [ 122.987606423841441, 14.085965424482463 ], [ 122.98760044479944, 14.085961438454463 ], [ 122.987596458771435, 14.085959445440464 ], [ 122.987590479729434, 14.085955459412464 ], [ 122.987586493701443, 14.085953466398465 ], [ 122.987580514659442, 14.085951473384464 ], [ 122.987574535617441, 14.085947487356465 ], [ 122.987570549589435, 14.085943501328465 ], [ 122.987566563561444, 14.085941508314464 ], [ 122.987562577533438, 14.085941508314464 ], [ 122.987558591505447, 14.085937522286466 ], [ 122.987552612463446, 14.085933536258466 ], [ 122.987550619449436, 14.085929550230466 ], [ 122.987546633421445, 14.085927557216467 ], [ 122.98754264739344, 14.085925564202467 ], [ 122.987538661365448, 14.085923571188466 ], [ 122.987530689309438, 14.085921578174467 ], [ 122.987526703281446, 14.085919585160466 ], [ 122.987522717253441, 14.085917592146467 ], [ 122.98751873122545, 14.085917592146467 ], [ 122.987514745197444, 14.085917592146467 ], [ 122.987512752183449, 14.085921578174467 ], [ 122.987508766155443, 14.085927557216467 ], [ 122.987508766155443, 14.085933536258466 ], [ 122.987508766155443, 14.085939515300465 ], [ 122.987506773141448, 14.085943501328465 ], [ 122.987506773141448, 14.085947487356465 ], [ 122.987506773141448, 14.085951473384464 ], [ 122.987506773141448, 14.085955459412464 ], [ 122.987506773141448, 14.085961438454463 ], [ 122.987506773141448, 14.085965424482463 ], [ 122.987506773141448, 14.085969410510463 ], [ 122.987506773141448, 14.085973396538462 ], [ 122.987506773141448, 14.085977382566462 ], [ 122.987409115455421, 14.086429796744429 ] ] ] } },
{ "type": "Feature", "properties": { "fid": 230, "desc": "creek", "other desc": null, "barangay": "Barangay Mambalite", "col": "FGD waterways", "layer": "mambalite_waterways", "etc": null, "name": null }, "geometry": { "type": "MultiLineString", "coordinates": [ [ [ 122.992144516718938, 14.083350590114678 ], [ 122.992148502746943, 14.083366534226677 ], [ 122.992148502746943, 14.083378492310676 ], [ 122.992152488774948, 14.083390450394674 ], [ 122.992152488774948, 14.083402408478674 ], [ 122.992152488774948, 14.083422338618671 ], [ 122.99215647480294, 14.083434296702672 ], [ 122.99215647480294, 14.08344625478667 ], [ 122.992160460830945, 14.083458212870669 ], [ 122.992164446858936, 14.083466184926669 ], [ 122.992168432886942, 14.083478143010668 ], [ 122.992168432886942, 14.083486115066666 ], [ 122.992180390970944, 14.083502059178665 ], [ 122.992180390970944, 14.083514017262665 ], [ 122.992180390970944, 14.083521989318664 ], [ 122.992180390970944, 14.083533947402662 ], [ 122.992180390970944, 14.083545905486661 ], [ 122.992180390970944, 14.08356583562666 ], [ 122.992180390970944, 14.083577793710658 ], [ 122.992180390970944, 14.083597723850657 ], [ 122.992180390970944, 14.083609681934655 ], [ 122.992184376998935, 14.083621640018656 ], [ 122.992184376998935, 14.083633598102654 ], [ 122.992184376998935, 14.083649542214653 ], [ 122.992188363026941, 14.083665486326652 ], [ 122.992188363026941, 14.08367744441065 ], [ 122.992188363026941, 14.083693388522649 ], [ 122.992192349054932, 14.083705346606648 ], [ 122.992192349054932, 14.083717304690648 ], [ 122.992192349054932, 14.083725276746646 ], [ 122.992192349054932, 14.083737234830645 ], [ 122.992200321110943, 14.083753178942644 ], [ 122.992204307138934, 14.083765137026642 ], [ 122.992204307138934, 14.083781081138641 ], [ 122.992204307138934, 14.083797025250639 ], [ 122.992208293166939, 14.083812969362638 ], [ 122.992208293166939, 14.083824927446638 ], [ 122.992208293166939, 14.083840871558637 ], [ 122.992208293166939, 14.083852829642636 ], [ 122.992208293166939, 14.083864787726634 ], [ 122.992208293166939, 14.083872759782635 ], [ 122.992212279194931, 14.083880731838633 ], [ 122.992212279194931, 14.083888703894633 ], [ 122.992212279194931, 14.083900661978632 ], [ 122.992212279194931, 14.08390863403463 ], [ 122.992212279194931, 14.083920592118631 ], [ 122.992212279194931, 14.083928564174629 ], [ 122.992212279194931, 14.083936536230629 ], [ 122.992212279194931, 14.083948494314628 ], [ 122.992212279194931, 14.083960452398626 ], [ 122.992212279194931, 14.083976396510625 ], [ 122.992212279194931, 14.083988354594624 ], [ 122.992212279194931, 14.084000312678622 ], [ 122.992212279194931, 14.084012270762623 ], [ 122.992204307138934, 14.084028214874621 ], [ 122.992200321110943, 14.08403618693062 ], [ 122.992196335082937, 14.08404415898662 ], [ 122.992192349054932, 14.084052131042618 ], [ 122.992188363026941, 14.084064089126617 ], [ 122.992184376998935, 14.084072061182617 ], [ 122.992176404942938, 14.084084019266616 ], [ 122.992172418914947, 14.084099963378614 ], [ 122.992164446858936, 14.084111921462613 ], [ 122.992160460830945, 14.084123879546613 ], [ 122.992152488774948, 14.084131851602612 ], [ 122.992140530690946, 14.084151781742611 ], [ 122.99213255863495, 14.084167725854609 ], [ 122.992124586578939, 14.084179683938608 ], [ 122.992120600550948, 14.084187655994606 ], [ 122.992112628494951, 14.084195628050606 ], [ 122.992108642466945, 14.084203600106605 ], [ 122.992100670410949, 14.084207586134605 ], [ 122.992092698354952, 14.084207586134605 ], [ 122.99208074027095, 14.084207586134605 ], [ 122.992072768214953, 14.084207586134605 ], [ 122.992060810130951, 14.084207586134605 ], [ 122.992036893962947, 14.084207586134605 ], [ 122.992016963822948, 14.084207586134605 ], [ 122.992001019710955, 14.084207586134605 ], [ 122.991973117514959, 14.084195628050606 ], [ 122.991957173402952, 14.084191642022606 ], [ 122.991941229290958, 14.084183669966608 ], [ 122.991917313122968, 14.084171711882609 ], [ 122.991905355038966, 14.084167725854609 ], [ 122.991885424898967, 14.084163739826609 ], [ 122.991877452842971, 14.084155767770611 ], [ 122.991865494758969, 14.084151781742611 ], [ 122.991853536674967, 14.084139823658612 ], [ 122.99184556461897, 14.084131851602612 ], [ 122.991837592562973, 14.084127865574612 ], [ 122.991829620506977, 14.084115907490613 ], [ 122.991821648450966, 14.084107935434615 ], [ 122.991817662422974, 14.084099963378614 ], [ 122.991805704338972, 14.084088005294616 ], [ 122.99179374625497, 14.084072061182617 ], [ 122.991781788170968, 14.084060103098619 ], [ 122.99176983008698, 14.084048145014618 ], [ 122.991765844058975, 14.08404017295862 ], [ 122.991757872002978, 14.084028214874621 ], [ 122.991745913918976, 14.084016256790621 ], [ 122.991737941862979, 14.084004298706622 ], [ 122.991737941862979, 14.083992340622624 ], [ 122.991733955834974, 14.083984368566624 ], [ 122.991725983778977, 14.083976396510625 ], [ 122.991710039666984, 14.083968424454625 ], [ 122.991702067610987, 14.083964438426626 ], [ 122.991690109526985, 14.083964438426626 ], [ 122.991678151442983, 14.083964438426626 ], [ 122.991658221302984, 14.083960452398626 ], [ 122.991638291162985, 14.083960452398626 ], [ 122.991626333078983, 14.083956466370626 ], [ 122.991614374994981, 14.083956466370626 ], [ 122.991606402938984, 14.083956466370626 ], [ 122.991598430882988, 14.083956466370626 ], [ 122.991590458826991, 14.083956466370626 ], [ 122.991582486770994, 14.083956466370626 ], [ 122.991570528686992, 14.083960452398626 ], [ 122.991562556630996, 14.083968424454625 ], [ 122.991554584574999, 14.083976396510625 ], [ 122.991546612518988, 14.083988354594624 ], [ 122.991534654435, 14.084000312678622 ], [ 122.991522696350998, 14.084008284734622 ], [ 122.991510738266996, 14.084024228846621 ], [ 122.991490808126997, 14.08404017295862 ], [ 122.991478850042995, 14.084048145014618 ], [ 122.991466891959007, 14.084064089126617 ], [ 122.991454933875005, 14.084072061182617 ], [ 122.991446961819008, 14.084080033238616 ], [ 122.991442975791003, 14.084091991322616 ], [ 122.991438989762997, 14.084103949406614 ], [ 122.991435003735006, 14.084115907490613 ], [ 122.991431017707001, 14.084123879546613 ], [ 122.991431017707001, 14.08414779571461 ], [ 122.991423045651004, 14.084159753798609 ], [ 122.991419059622999, 14.084175697910608 ], [ 122.991415073595007, 14.084191642022606 ], [ 122.991407101539011, 14.084207586134605 ], [ 122.991403115511005, 14.084215558190605 ], [ 122.991403115511005, 14.084227516274604 ], [ 122.991399129483, 14.084239474358602 ], [ 122.991399129483, 14.084247446414603 ], [ 122.991399129483, 14.084255418470601 ], [ 122.991399129483, 14.0842673765546 ], [ 122.991399129483, 14.0842753486106 ], [ 122.991399129483, 14.084283320666598 ], [ 122.991411087567002, 14.084295278750599 ], [ 122.991419059622999, 14.084299264778597 ], [ 122.991427031679009, 14.084307236834597 ], [ 122.991438989762997, 14.084315208890596 ], [ 122.991446961819008, 14.084319194918596 ], [ 122.991458919902996, 14.084323180946596 ], [ 122.991470877986998, 14.084327166974596 ], [ 122.991478850042995, 14.084327166974596 ], [ 122.991494794155003, 14.084331153002594 ], [ 122.991502766210999, 14.084331153002594 ], [ 122.991514724295001, 14.084331153002594 ], [ 122.991530668406995, 14.084331153002594 ], [ 122.991538640462991, 14.084331153002594 ], [ 122.991546612518988, 14.084331153002594 ], [ 122.991562556630996, 14.084331153002594 ], [ 122.991570528686992, 14.084331153002594 ], [ 122.991578500742989, 14.084331153002594 ], [ 122.991594444854996, 14.084331153002594 ], [ 122.991606402938984, 14.084331153002594 ], [ 122.991614374994981, 14.084331153002594 ], [ 122.991626333078983, 14.084331153002594 ], [ 122.991638291162985, 14.084331153002594 ], [ 122.991650249246987, 14.084331153002594 ], [ 122.991670179386986, 14.084331153002594 ], [ 122.991682137470988, 14.084331153002594 ], [ 122.991694095554976, 14.084331153002594 ], [ 122.991706053638978, 14.084331153002594 ], [ 122.991721997750972, 14.084331153002594 ], [ 122.991729969806983, 14.084331153002594 ], [ 122.991737941862979, 14.084335139030594 ], [ 122.991749899946981, 14.084339125058595 ], [ 122.991757872002978, 14.084339125058595 ], [ 122.991765844058975, 14.084339125058595 ], [ 122.991777802142977, 14.084343111086595 ], [ 122.991789760226979, 14.084347097114593 ], [ 122.991805704338972, 14.084351083142593 ], [ 122.991821648450966, 14.084355069170593 ], [ 122.991829620506977, 14.084359055198593 ], [ 122.99184556461897, 14.084363041226592 ], [ 122.991857522702972, 14.084363041226592 ], [ 122.991865494758969, 14.084367027254592 ], [ 122.991877452842971, 14.084371013282592 ], [ 122.991893396954964, 14.08437898533859 ], [ 122.991901369010961, 14.08437898533859 ], [ 122.991909341066957, 14.08438297136659 ], [ 122.991917313122968, 14.08438297136659 ], [ 122.991933257234962, 14.084386957394591 ], [ 122.991941229290958, 14.084386957394591 ], [ 122.991953187374961, 14.084386957394591 ], [ 122.991961159430957, 14.084390943422591 ], [ 122.991969131486954, 14.084394929450589 ], [ 122.991985075598961, 14.084402901506589 ], [ 122.991993047654958, 14.084402901506589 ], [ 122.99200500573896, 14.084402901506589 ], [ 122.992016963822948, 14.084410873562588 ], [ 122.992024935878959, 14.084414859590588 ], [ 122.992036893962947, 14.084422831646586 ], [ 122.992044866018958, 14.084422831646586 ], [ 122.992052838074954, 14.084430803702586 ], [ 122.992056824102946, 14.084438775758585 ], [ 122.992060810130951, 14.084446747814585 ], [ 122.992060810130951, 14.084454719870584 ], [ 122.992068782186948, 14.084462691926584 ], [ 122.992068782186948, 14.084470663982582 ], [ 122.992072768214953, 14.084482622066583 ], [ 122.992072768214953, 14.084490594122581 ], [ 122.992072768214953, 14.08450653823458 ], [ 122.992072768214953, 14.084522482346578 ], [ 122.992072768214953, 14.084534440430577 ], [ 122.992072768214953, 14.084550384542576 ], [ 122.992072768214953, 14.084570314682574 ], [ 122.992072768214953, 14.084582272766573 ], [ 122.992072768214953, 14.084594230850573 ], [ 122.992068782186948, 14.08461416099057 ], [ 122.992060810130951, 14.084634091130569 ], [ 122.992056824102946, 14.084646049214568 ], [ 122.992048852046949, 14.084665979354567 ], [ 122.992044866018958, 14.084677937438565 ], [ 122.992040879990952, 14.084685909494565 ], [ 122.992036893962947, 14.084693881550564 ], [ 122.992032907934956, 14.084705839634562 ], [ 122.99202892190695, 14.084713811690563 ], [ 122.992020949850954, 14.084733741830561 ], [ 122.992020949850954, 14.08474171388656 ], [ 122.992008991766951, 14.084761644026559 ], [ 122.992001019710955, 14.084773602110557 ], [ 122.991993047654958, 14.084789546222556 ], [ 122.991985075598961, 14.084801504306554 ], [ 122.991977103542951, 14.084805490334555 ], [ 122.991973117514959, 14.084813462390555 ], [ 122.991969131486954, 14.084821434446553 ], [ 122.991961159430957, 14.084829406502553 ], [ 122.991945215318964, 14.084841364586552 ], [ 122.991937243262967, 14.084853322670551 ], [ 122.991925285178965, 14.084857308698551 ], [ 122.991917313122968, 14.084865280754549 ], [ 122.991909341066957, 14.084869266782549 ], [ 122.991901369010961, 14.084869266782549 ], [ 122.991893396954964, 14.084869266782549 ], [ 122.991885424898967, 14.084873252810549 ], [ 122.991877452842971, 14.084873252810549 ], [ 122.991865494758969, 14.084873252810549 ], [ 122.991857522702972, 14.084873252810549 ], [ 122.991849550646961, 14.084873252810549 ], [ 122.991841578590964, 14.084873252810549 ], [ 122.991829620506977, 14.084873252810549 ], [ 122.991813676394969, 14.084873252810549 ], [ 122.99179374625497, 14.084873252810549 ], [ 122.991777802142977, 14.084873252810549 ], [ 122.991753885974973, 14.084873252810549 ], [ 122.991745913918976, 14.084873252810549 ], [ 122.991721997750972, 14.084873252810549 ], [ 122.991706053638978, 14.084873252810549 ], [ 122.991694095554976, 14.084861294726549 ], [ 122.991674165414977, 14.084857308698551 ], [ 122.991666193358981, 14.08484933664255 ], [ 122.991658221302984, 14.08484933664255 ], [ 122.991646263218982, 14.084841364586552 ], [ 122.991638291162985, 14.084837378558552 ], [ 122.99163430513498, 14.084829406502553 ], [ 122.991622347050992, 14.084821434446553 ], [ 122.99161038896699, 14.084813462390555 ], [ 122.991602416910993, 14.084805490334555 ], [ 122.991590458826991, 14.084801504306554 ], [ 122.991578500742989, 14.084793532250556 ], [ 122.991570528686992, 14.084789546222556 ], [ 122.99155857060299, 14.084781574166557 ], [ 122.991550598546993, 14.084781574166557 ], [ 122.991542626490997, 14.084777588138557 ], [ 122.991534654435, 14.084777588138557 ], [ 122.991522696350998, 14.084773602110557 ], [ 122.991510738266996, 14.084773602110557 ], [ 122.991498780182994, 14.084773602110557 ], [ 122.991490808126997, 14.084773602110557 ], [ 122.991478850042995, 14.084773602110557 ], [ 122.991470877986998, 14.084773602110557 ], [ 122.991462905931002, 14.084773602110557 ], [ 122.991450947846999, 14.084773602110557 ], [ 122.991442975791003, 14.084777588138557 ], [ 122.991435003735006, 14.084781574166557 ], [ 122.991423045651004, 14.084785560194556 ], [ 122.991411087567002, 14.084793532250556 ], [ 122.991395143455009, 14.084801504306554 ], [ 122.991387171399012, 14.084801504306554 ], [ 122.991383185371006, 14.084809476362555 ], [ 122.99137521331501, 14.084813462390555 ], [ 122.99137521331501, 14.084821434446553 ], [ 122.99137521331501, 14.084829406502553 ], [ 122.99137521331501, 14.084837378558552 ], [ 122.99137521331501, 14.08484535061455 ], [ 122.99137521331501, 14.084853322670551 ], [ 122.99137521331501, 14.084865280754549 ], [ 122.99137521331501, 14.084873252810549 ], [ 122.99137521331501, 14.084881224866548 ], [ 122.99137521331501, 14.084893182950546 ], [ 122.99137521331501, 14.084901155006547 ], [ 122.991379199343001, 14.084917099118545 ], [ 122.991383185371006, 14.084929057202544 ], [ 122.991387171399012, 14.084937029258544 ], [ 122.991387171399012, 14.084948987342543 ], [ 122.991391157427003, 14.084964931454541 ], [ 122.991391157427003, 14.08497290351054 ], [ 122.991391157427003, 14.08498486159454 ], [ 122.991391157427003, 14.085000805706539 ], [ 122.991391157427003, 14.085008777762537 ], [ 122.991391157427003, 14.085016749818537 ], [ 122.991391157427003, 14.085024721874536 ], [ 122.991391157427003, 14.085036679958534 ], [ 122.991391157427003, 14.085048638042535 ], [ 122.991391157427003, 14.085056610098533 ], [ 122.991387171399012, 14.085064582154532 ], [ 122.991379199343001, 14.085072554210532 ], [ 122.991371227287004, 14.08508052626653 ], [ 122.991363255231008, 14.085088498322531 ], [ 122.991355283175011, 14.085092484350531 ], [ 122.991347311119014, 14.085092484350531 ], [ 122.991339339063018, 14.085092484350531 ], [ 122.99132339495101, 14.085096470378529 ], [ 122.991315422895013, 14.085096470378529 ], [ 122.991307450839017, 14.085096470378529 ], [ 122.99129947878302, 14.085096470378529 ], [ 122.991291506727009, 14.085096470378529 ], [ 122.991283534671012, 14.085096470378529 ], [ 122.99127157658701, 14.085092484350531 ], [ 122.991263604531014, 14.085088498322531 ], [ 122.991255632475017, 14.085084512294531 ], [ 122.99124766041902, 14.08508052626653 ], [ 122.991239688363024, 14.085072554210532 ], [ 122.991223744251016, 14.085064582154532 ], [ 122.991215772195019, 14.085056610098533 ], [ 122.991207800139023, 14.085052624070533 ], [ 122.991199828083026, 14.085044652014535 ], [ 122.991191856027029, 14.085040665986535 ], [ 122.991183883971019, 14.085032693930536 ], [ 122.991175911915022, 14.085032693930536 ], [ 122.991167939859025, 14.085024721874536 ], [ 122.991159967803029, 14.085020735846536 ], [ 122.991151995747032, 14.085016749818537 ], [ 122.991144023691021, 14.085008777762537 ], [ 122.991132065607033, 14.085004791734537 ], [ 122.991120107523031, 14.085000805706539 ], [ 122.991108149439029, 14.084996819678539 ], [ 122.991096191355027, 14.084996819678539 ], [ 122.991084233271039, 14.084992833650539 ], [ 122.991072275187037, 14.084988847622538 ], [ 122.99106430313104, 14.084988847622538 ], [ 122.991052345047038, 14.08498486159454 ], [ 122.991044372991041, 14.08498486159454 ], [ 122.99103640093503, 14.08498486159454 ], [ 122.991028428879034, 14.08498087556654 ], [ 122.991020456823037, 14.08498087556654 ], [ 122.991008498739035, 14.08497688953854 ], [ 122.991000526683038, 14.08497688953854 ], [ 122.990984582571045, 14.08497688953854 ], [ 122.990976610515048, 14.08497688953854 ], [ 122.990956680375049, 14.08497290351054 ], [ 122.990948708319038, 14.08497290351054 ], [ 122.990940736263042, 14.08497290351054 ], [ 122.990932764207045, 14.08497290351054 ], [ 122.990924792151048, 14.08497290351054 ], [ 122.990916820095052, 14.08497688953854 ], [ 122.99090486201105, 14.08498087556654 ], [ 122.990900875983044, 14.084988847622538 ], [ 122.990892903927048, 14.084988847622538 ], [ 122.990884931871051, 14.084992833650539 ], [ 122.990876959815054, 14.085000805706539 ], [ 122.990872973787049, 14.085008777762537 ], [ 122.990872973787049, 14.085016749818537 ], [ 122.990861015703047, 14.085028707902536 ], [ 122.990857029675055, 14.085036679958534 ], [ 122.990849057619059, 14.085044652014535 ], [ 122.990849057619059, 14.085060596126533 ], [ 122.990849057619059, 14.085068568182532 ], [ 122.990845071591053, 14.085076540238532 ], [ 122.990845071591053, 14.085088498322531 ], [ 122.990845071591053, 14.085096470378529 ], [ 122.990845071591053, 14.085104442434529 ], [ 122.990845071591053, 14.085112414490528 ], [ 122.990845071591053, 14.085124372574528 ], [ 122.990849057619059, 14.085132344630527 ], [ 122.990857029675055, 14.085140316686527 ], [ 122.990865001731052, 14.085148288742525 ], [ 122.990868987759058, 14.085156260798525 ], [ 122.990872973787049, 14.085164232854524 ], [ 122.990876959815054, 14.085172204910524 ], [ 122.990884931871051, 14.085176190938522 ], [ 122.990892903927048, 14.085188149022523 ], [ 122.990896889955053, 14.085196121078521 ], [ 122.99090486201105, 14.085204093134521 ], [ 122.990912834067046, 14.08520807916252 ], [ 122.990920806123043, 14.08521605121852 ], [ 122.990924792151048, 14.085224023274519 ], [ 122.990932764207045, 14.085231995330519 ], [ 122.990944722291047, 14.085235981358519 ], [ 122.990948708319038, 14.085243953414517 ], [ 122.990956680375049, 14.085247939442517 ], [ 122.990964652431046, 14.085251925470518 ], [ 122.990976610515048, 14.085263883554516 ], [ 122.990984582571045, 14.085271855610515 ], [ 122.990992554627041, 14.085279827666515 ], [ 122.990996540655047, 14.085287799722513 ], [ 122.991000526683038, 14.085295771778513 ], [ 122.991000526683038, 14.085303743834512 ], [ 122.991000526683038, 14.085311715890512 ], [ 122.991000526683038, 14.085319687946511 ], [ 122.990996540655047, 14.085327660002511 ], [ 122.990988568599036, 14.085335632058509 ], [ 122.990980596543039, 14.085343604114509 ], [ 122.990976610515048, 14.085351576170508 ], [ 122.990968638459037, 14.085359548226508 ], [ 122.990952694347044, 14.085363534254506 ], [ 122.990944722291047, 14.085371506310507 ], [ 122.990932764207045, 14.085375492338507 ], [ 122.990924792151048, 14.085379478366505 ], [ 122.990916820095052, 14.085387450422505 ], [ 122.990900875983044, 14.085391436450506 ], [ 122.990888917899056, 14.085403394534504 ], [ 122.990880945843045, 14.085415352618503 ], [ 122.990865001731052, 14.085419338646503 ], [ 122.990857029675055, 14.085423324674503 ], [ 122.990849057619059, 14.085431296730501 ], [ 122.990833113507051, 14.0854432548145 ], [ 122.990825141451054, 14.0854472408425 ], [ 122.990817169395058, 14.0854512268705 ], [ 122.990805211311056, 14.085459198926499 ], [ 122.990797239255059, 14.085467170982499 ], [ 122.990785281171057, 14.085475143038497 ], [ 122.99077730911506, 14.085483115094497 ], [ 122.990769337059064, 14.085487101122498 ], [ 122.990761365003067, 14.085495073178496 ], [ 122.990753392947056, 14.085499059206496 ], [ 122.990745420891059, 14.085507031262495 ], [ 122.990737448835063, 14.085507031262495 ], [ 122.990725490751061, 14.085518989346493 ], [ 122.990717518695064, 14.085526961402493 ], [ 122.990713532667058, 14.085534933458492 ], [ 122.990705560611062, 14.085546891542492 ], [ 122.990701574583071, 14.085558849626491 ], [ 122.990701574583071, 14.085566821682489 ], [ 122.990697588555065, 14.085574793738489 ], [ 122.990697588555065, 14.085582765794488 ], [ 122.990697588555065, 14.085590737850488 ], [ 122.990697588555065, 14.085602695934487 ], [ 122.990697588555065, 14.085610667990487 ], [ 122.990697588555065, 14.085618640046485 ], [ 122.990697588555065, 14.085626612102486 ], [ 122.990697588555065, 14.085634584158484 ], [ 122.990697588555065, 14.085642556214484 ] ] ] } },
{ "type": "Feature", "properties": { "fid": 231, "desc": "creek", "other desc": "magtagsit creek/river", "barangay": "Barangay Mambalite", "col": "FGD waterways", "layer": "mambalite_waterways", "etc": null, "name": "Magtagsit Creek/River" }, "geometry": { "type": "MultiLineString", "coordinates": [ [ [ 122.994209279222758, 14.082027228818795 ], [ 122.994193335110765, 14.082043172930794 ], [ 122.994177390998772, 14.082059117042792 ], [ 122.994177390998772, 14.082075061154789 ], [ 122.994161446886764, 14.082091005266788 ], [ 122.994145502774771, 14.082106949378787 ], [ 122.994129558662777, 14.082114921434787 ], [ 122.994097670438777, 14.082130865546786 ], [ 122.994081726326769, 14.082138837602784 ], [ 122.994065782214776, 14.082146809658784 ], [ 122.994049838102782, 14.082154781714783 ], [ 122.994033893990775, 14.082154781714783 ], [ 122.994017949878781, 14.082162753770783 ], [ 122.994002005766788, 14.082170725826781 ], [ 122.99398606165478, 14.082178697882782 ], [ 122.993970117542787, 14.08218666993878 ], [ 122.99395417343078, 14.08219464199478 ], [ 122.993930257262789, 14.082202614050779 ], [ 122.993914313150782, 14.082210586106779 ], [ 122.993890396982792, 14.082218558162777 ], [ 122.993866480814788, 14.082226530218778 ], [ 122.993842564646798, 14.082226530218778 ], [ 122.993818648478793, 14.082242474330776 ], [ 122.9938027043668, 14.082242474330776 ], [ 122.993778788198796, 14.082242474330776 ], [ 122.993762844086802, 14.082250446386775 ], [ 122.993738927918798, 14.082274362554774 ], [ 122.993722983806805, 14.082274362554774 ], [ 122.993707039694812, 14.082282334610772 ], [ 122.993691095582804, 14.082290306666772 ], [ 122.993675151470811, 14.082298278722771 ], [ 122.993659207358817, 14.082306250778771 ], [ 122.99364326324681, 14.08231422283477 ], [ 122.99361934707882, 14.08232219489077 ], [ 122.993587458854819, 14.082338139002768 ], [ 122.993563542686815, 14.082346111058767 ], [ 122.993555570630818, 14.082362055170766 ], [ 122.993539626518825, 14.082370027226766 ], [ 122.993523682406817, 14.082377999282764 ], [ 122.993499766238827, 14.082401915450763 ], [ 122.993483822126819, 14.082409887506762 ], [ 122.993467878014826, 14.082417859562762 ], [ 122.993443961846822, 14.08243380367476 ], [ 122.993428017734828, 14.082441775730759 ], [ 122.993420045678832, 14.082457719842758 ], [ 122.993404101566838, 14.082473663954756 ], [ 122.993380185398834, 14.082489608066755 ], [ 122.993364241286841, 14.082497580122755 ], [ 122.993340325118837, 14.082513524234752 ], [ 122.99333235306284, 14.082529468346751 ], [ 122.993308436894836, 14.082537440402751 ], [ 122.993292492782842, 14.08255338451475 ], [ 122.993276548670849, 14.082569328626748 ], [ 122.993252632502845, 14.082585272738747 ], [ 122.993236688390851, 14.082593244794746 ], [ 122.993220744278844, 14.082609188906744 ], [ 122.993204800166851, 14.082625133018743 ], [ 122.993188856054857, 14.082625133018743 ], [ 122.99317291194285, 14.082641077130742 ], [ 122.993164939886853, 14.08265702124274 ], [ 122.99314899577486, 14.08266499329874 ], [ 122.993125079606855, 14.082672965354739 ], [ 122.993109135494862, 14.082688909466738 ], [ 122.993085219326858, 14.082704853578736 ], [ 122.993069275214864, 14.082712825634736 ], [ 122.993053331102857, 14.082720797690735 ], [ 122.993037386990864, 14.082736741802734 ], [ 122.993013470822859, 14.082752685914732 ], [ 122.992997526710866, 14.082768630026731 ], [ 122.992981582598873, 14.082776602082731 ], [ 122.992957666430868, 14.082800518250728 ], [ 122.992941722318875, 14.082816462362727 ], [ 122.992909834094874, 14.082824434418727 ], [ 122.992893889982881, 14.082840378530726 ], [ 122.992869973814877, 14.082864294698723 ], [ 122.992854029702883, 14.082872266754723 ], [ 122.992838085590876, 14.082880238810722 ], [ 122.992830113534879, 14.08289618292272 ], [ 122.992814169422886, 14.082904154978721 ], [ 122.992798225310878, 14.082920099090719 ], [ 122.992774309142888, 14.082936043202718 ], [ 122.992750392974884, 14.082959959370715 ], [ 122.99273444886289, 14.082975903482714 ], [ 122.992718504750897, 14.082999819650711 ], [ 122.99270256063889, 14.082999819650711 ], [ 122.992686616526896, 14.08301576376271 ], [ 122.992670672414889, 14.08302373581871 ], [ 122.992646756246899, 14.083047651986707 ], [ 122.992622840078894, 14.083071568154706 ], [ 122.992606895966901, 14.083071568154706 ], [ 122.992590951854908, 14.083079540210704 ], [ 122.9925750077429, 14.083087512266705 ], [ 122.992559063630907, 14.083103456378703 ], [ 122.992543119518899, 14.083111428434702 ], [ 122.992527175406906, 14.083119400490702 ], [ 122.992511231294912, 14.083135344602701 ], [ 122.992495287182905, 14.083159260770698 ], [ 122.992479343070912, 14.083167232826698 ], [ 122.992455426902907, 14.083183176938697 ], [ 122.992431510734917, 14.083207093106694 ], [ 122.99241556662291, 14.083215065162694 ], [ 122.992399622510916, 14.083223037218692 ], [ 122.992367734286915, 14.083231009274693 ], [ 122.992351790174922, 14.083246953386691 ], [ 122.992343818118925, 14.08326289749869 ], [ 122.992327874006918, 14.083270869554688 ], [ 122.992295985782931, 14.083286813666687 ], [ 122.99226409755893, 14.083310729834686 ], [ 122.992248153446937, 14.083326673946685 ], [ 122.992216265222936, 14.083342618058683 ], [ 122.992200321110928, 14.083350590114682 ], [ 122.992168432886942, 14.08336653422668 ], [ 122.992152488774934, 14.083374506282681 ], [ 122.992128572606944, 14.083382478338679 ], [ 122.992112628494937, 14.083390450394678 ], [ 122.992088712326947, 14.083406394506676 ], [ 122.992064796158942, 14.083430310674675 ], [ 122.992024935878945, 14.083430310674675 ], [ 122.992008991766951, 14.083438282730674 ], [ 122.991993047654958, 14.083446254786674 ], [ 122.991977103542951, 14.083454226842672 ], [ 122.991953187374961, 14.083462198898673 ], [ 122.991937243262953, 14.083470170954671 ], [ 122.991905355038966, 14.08348611506667 ], [ 122.991889410926959, 14.08348611506667 ], [ 122.991873466814965, 14.083502059178668 ], [ 122.991849550646961, 14.083510031234669 ], [ 122.991825634478971, 14.083510031234669 ], [ 122.991809690366964, 14.083510031234669 ], [ 122.991777802142977, 14.083518003290667 ], [ 122.991761858030969, 14.083525975346667 ], [ 122.991737941862979, 14.083525975346667 ], [ 122.991721997750972, 14.083525975346667 ], [ 122.991690109526971, 14.083533947402666 ], [ 122.991666193358981, 14.083533947402666 ], [ 122.991642277190977, 14.083533947402666 ], [ 122.991626333078983, 14.083533947402666 ], [ 122.99161038896699, 14.083541919458666 ], [ 122.991594444854982, 14.083541919458666 ], [ 122.991570528686992, 14.083549891514664 ], [ 122.991530668406995, 14.083557863570665 ], [ 122.991514724294987, 14.083557863570665 ], [ 122.991498780182994, 14.083557863570665 ], [ 122.991482836071, 14.083557863570665 ], [ 122.991466891958993, 14.083557863570665 ], [ 122.991450947846999, 14.083557863570665 ] ] ] } },
{ "type": "Feature", "properties": { "fid": 232, "desc": "creek", "other desc": "nabat-os creek", "barangay": "Barangay Mambalite", "col": "FGD waterways", "layer": "mambalite_waterways", "etc": null, "name": "Nabat-os Creek" }, "geometry": { "type": "MultiLineString", "coordinates": [ [ [ 122.99532451606504, 14.092501366304571 ], [ 122.99450867924935, 14.092618350018485 ], [ 122.994468022929652, 14.092745849054118 ], [ 122.994477509404248, 14.092829972090174 ], [ 122.994573729360908, 14.093006104596489 ], [ 122.994740420271768, 14.09312834573365 ], [ 122.994718736901248, 14.093293962653746 ], [ 122.994482930246875, 14.093391229677779 ], [ 122.993954398090551, 14.093514785026912 ], [ 122.993775510283783, 14.093684344918417 ], [ 122.993805324918256, 14.093943284974769 ], [ 122.993924583456092, 14.094316578752091 ], [ 122.993789062390348, 14.094500596586633 ], [ 122.993469232675267, 14.094616264863818 ], [ 122.992666947966171, 14.094842343599941 ], [ 122.99245011426099, 14.094826570672128 ], [ 122.992265805611609, 14.094705644856033 ], [ 122.992210658521117, 14.094389280604682 ], [ 122.992130284545894, 14.094179879693227 ], [ 122.991989342637552, 14.094095757154772 ], [ 122.991734563033972, 14.094064211194848 ], [ 122.9914960459583, 14.094143076086466 ], [ 122.991355104049958, 14.094321836406564 ], [ 122.991108718549711, 14.094689809687791 ], [ 122.990932764207045, 14.094830350753703 ], [ 122.990916820095052, 14.094830350753703 ], [ 122.990900875983044, 14.094830350753703 ], [ 122.990884931871051, 14.094830350753703 ], [ 122.990868987759058, 14.094830350753703 ], [ 122.990845071591053, 14.094830350753703 ], [ 122.990821155423049, 14.094830350753703 ], [ 122.990805211311056, 14.094830350753703 ], [ 122.990781295143051, 14.094830350753703 ], [ 122.990757378975061, 14.094830350753703 ], [ 122.990741434863068, 14.094830350753703 ], [ 122.990725490751061, 14.094838322809702 ], [ 122.990709546639067, 14.094838322809702 ], [ 122.99069360252706, 14.094846294865702 ], [ 122.990677658415066, 14.094846294865702 ], [ 122.990661714303073, 14.094854266921701 ], [ 122.990645770191065, 14.094854266921701 ], [ 122.990629826079072, 14.094854266921701 ], [ 122.990613881967079, 14.094870211033699 ], [ 122.990589965799074, 14.094878183089699 ], [ 122.990574021687081, 14.094894127201698 ], [ 122.990558077575074, 14.094910071313697 ], [ 122.99054213346308, 14.094918043369695 ], [ 122.990526189351087, 14.094918043369695 ], [ 122.990510245239079, 14.094918043369695 ], [ 122.990486329071089, 14.094926015425695 ], [ 122.990454440847088, 14.094933987481694 ], [ 122.990430524679084, 14.094933987481694 ], [ 122.990414580567091, 14.094933987481694 ], [ 122.990390664399087, 14.094941959537692 ], [ 122.990366748231096, 14.094941959537692 ], [ 122.990350804119089, 14.094941959537692 ], [ 122.990326887951099, 14.094941959537692 ], [ 122.990302971783095, 14.094941959537692 ], [ 122.990279055615105, 14.094949931593693 ], [ 122.990263111503097, 14.094949931593693 ], [ 122.990239195335107, 14.094949931593693 ], [ 122.9902232512231, 14.094949931593693 ], [ 122.990207307111106, 14.094957903649691 ], [ 122.990191362999113, 14.094957903649691 ], [ 122.990175418887105, 14.094957903649691 ], [ 122.990151502719115, 14.094957903649691 ], [ 122.990135558607108, 14.094957903649691 ], [ 122.990119614495114, 14.094957903649691 ], [ 122.99009569832711, 14.094957903649691 ], [ 122.99007178215912, 14.094965875705691 ], [ 122.990047865991116, 14.094965875705691 ], [ 122.990023949823126, 14.094965875705691 ], [ 122.990008005711118, 14.09497384776169 ], [ 122.989992061599125, 14.09497384776169 ], [ 122.989976117487132, 14.09497384776169 ], [ 122.989960173375124, 14.09497384776169 ], [ 122.989944229263131, 14.09497384776169 ], [ 122.989928285151137, 14.09497384776169 ], [ 122.98991234103913, 14.09497384776169 ], [ 122.989896396927136, 14.09497384776169 ], [ 122.989872480759132, 14.09497384776169 ], [ 122.989848564591142, 14.09498181981769 ], [ 122.989832620479135, 14.09498181981769 ], [ 122.989816676367141, 14.09498181981769 ], [ 122.989792760199137, 14.09498181981769 ], [ 122.989776816087144, 14.09498181981769 ], [ 122.989752899919139, 14.09498181981769 ], [ 122.989728983751149, 14.09498181981769 ], [ 122.989713039639156, 14.09498181981769 ], [ 122.989689123471152, 14.09498181981769 ], [ 122.989673179359158, 14.09498181981769 ], [ 122.989657235247151, 14.09498181981769 ], [ 122.989641291135158, 14.094965875705691 ], [ 122.989617374967153, 14.094965875705691 ], [ 122.989585486743167, 14.094949931593693 ], [ 122.989561570575162, 14.094941959537692 ], [ 122.989545626463169, 14.094933987481694 ], [ 122.989529682351161, 14.094918043369695 ], [ 122.989513738239168, 14.094902099257697 ], [ 122.989497794127161, 14.094894127201698 ], [ 122.989473877959171, 14.094886155145698 ], [ 122.989457933847177, 14.094870211033699 ], [ 122.989449961791166, 14.094854266921701 ], [ 122.989434017679173, 14.094846294865702 ], [ 122.98941807356718, 14.094830350753703 ], [ 122.989410101511169, 14.094814406641705 ], [ 122.989394157399175, 14.094798462529706 ], [ 122.989386185343179, 14.094782518417707 ], [ 122.98935074748789, 14.094541343372784 ], [ 122.989373786069052, 14.094191709422716 ], [ 122.989257237952501, 14.093949857053595 ], [ 122.988950960344013, 14.094291604891685 ], [ 122.988761230851978, 14.094391500316918 ], [ 122.988482057456579, 14.094433561535523 ], [ 122.988362798918743, 14.094338923782777 ], [ 122.988189331954644, 14.093713262096653 ], [ 122.988194752797256, 14.093192752327976 ], [ 122.9880538108889, 14.09281419902328 ], [ 122.987858660554252, 14.092777395196277 ], [ 122.987517147468623, 14.092950898900185 ], [ 122.987527989153847, 14.093355740363011 ], [ 122.987424993143918, 14.093560789661096 ], [ 122.987273209550295, 14.093739550437315 ], [ 122.987056375845142, 14.09386573443034 ], [ 122.98679075455631, 14.09391831107351 ], [ 122.986601025064303, 14.09391831107351 ], [ 122.986175439789562, 14.093746151137802 ] ] ] } },
{ "type": "Feature", "properties": { "fid": 233, "desc": "drainage", "other desc": "dpwh", "barangay": "Barangay Bagasbas", "col": "FGD waterways", "layer": "bagasbas_waterways", "etc": null, "name": null }, "geometry": { "type": "MultiLineString", "coordinates": [ [ [ 122.970329981983667, 14.130686665624619 ], [ 122.973807791413307, 14.132710571341438 ], [ 122.976466472089072, 14.134185401701316 ], [ 122.978784347370905, 14.135478867787199 ], [ 122.979772882314819, 14.136018974581154 ], [ 122.980942781532733, 14.136675672694107 ], [ 122.981181943212704, 14.136783295450098 ], [ 122.981337398304689, 14.136803225590096 ], [ 122.981558622858671, 14.136735463114102 ], [ 122.981682189726698, 14.136613889260113 ], [ 122.981923344420679, 14.136113642746155 ], [ 122.982017016078657, 14.135916334360171 ] ] ] } },
{ "type": "Feature", "properties": { "fid": 234, "desc": "drainage", "other desc": null, "barangay": "Barangay Bagasbas", "col": "FGD waterways", "layer": "bagasbas_waterways", "etc": null, "name": null }, "geometry": { "type": "MultiLineString", "coordinates": [ [ [ 122.975735035951203, 14.133975138724338 ], [ 122.973299572843402, 14.132599959064455 ], [ 122.971406209543588, 14.131483871224551 ], [ 122.970806312329628, 14.131117156648582 ] ] ] } },
{ "type": "Feature", "properties": { "fid": 235, "desc": "drainage", "other desc": null, "barangay": "Barangay Borabod", "col": "FGD waterways", "layer": "borabod_waterways", "etc": null, "name": null }, "geometry": { "type": "MultiLineString", "coordinates": [ [ [ 122.970790005195894, 14.131130974369414 ], [ 122.970346000004298, 14.130869968002647 ], [ 122.970038385357753, 14.130686969177829 ], [ 122.969929959780586, 14.13061877390531 ], [ 122.969480557840825, 14.130375429623513 ], [ 122.969175396261633, 14.130231189262931 ], [ 122.96861119076955, 14.129978032711708 ], [ 122.968005773745872, 14.129697401806085 ], [ 122.967503385551197, 14.129473682063143 ], [ 122.966478984622995, 14.129003674357575 ], [ 122.965613542459508, 14.128607258672712 ], [ 122.964940420776799, 14.12829719095881 ], [ 122.964282998725167, 14.127991048152676 ], [ 122.96380808488486, 14.127775178225276 ], [ 122.963269391293295, 14.127521040447109 ], [ 122.962808214630215, 14.127317926469964 ], [ 122.962282276988915, 14.127071638507338 ], [ 122.96173867726263, 14.126820444410001 ], [ 122.961349130166369, 14.126639898652538 ], [ 122.960840854610041, 14.126413725842237 ], [ 122.96061615364016, 14.126307753332423 ], [ 122.960172639062037, 14.126091392791549 ], [ 122.96005783550973, 14.126037425309699 ], [ 122.959825284724303, 14.12586571059472 ], [ 122.959682025590666, 14.125715582872482 ], [ 122.958936293114206, 14.124312428344378 ] ] ] } },
{ "type": "Feature", "properties": { "fid": 236, "desc": "drainage", "other desc": null, "barangay": "Barangay Borabod", "col": "FGD waterways", "layer": "borabod_waterways", "etc": null, "name": null }, "geometry": { "type": "MultiLineString", "coordinates": [ [ [ 122.957929554270962, 14.12194227466421 ], [ 122.95812040291132, 14.122342124643373 ], [ 122.958350500629379, 14.122787601675373 ], [ 122.958783221711116, 14.123657949973577 ], [ 122.959313084260188, 14.124700012986755 ], [ 122.959725199576141, 14.125486956994825 ], [ 122.959842946809275, 14.125636103490121 ], [ 122.959937144595756, 14.125746000907709 ], [ 122.960147127161491, 14.12591477194186 ], [ 122.960526861988328, 14.126103167514863 ], [ 122.961346186485528, 14.126457390441187 ], [ 122.962474597469665, 14.127000990167462 ], [ 122.963840465373949, 14.12761425700667 ], [ 122.966427960821932, 14.128814297557629 ], [ 122.96710696986635, 14.129119459136819 ], [ 122.969102785467854, 14.130027094058844 ], [ 122.969671897094642, 14.13030183760281 ], [ 122.970415667117237, 14.130731615003725 ] ] ] } },
{ "type": "Feature", "properties": { "fid": 237, "desc": "creek", "other desc": "malagtong creek", "barangay": "Barangay Borabod", "col": "FGD waterways", "layer": "borabod_waterways", "etc": null, "name": "Malagtong Creek" }, "geometry": { "type": "MultiLineString", "coordinates": [ [ [ 122.968782905484531, 14.136856433580256 ], [ 122.968547411018278, 14.136589539851833 ], [ 122.968241268212154, 14.136432543540996 ], [ 122.967785988804934, 14.13648881504408 ], [ 122.967427224471493, 14.13645063904357 ], [ 122.96719426856049, 14.136525786111637 ], [ 122.967179239146887, 14.136548330232056 ], [ 122.967164209733269, 14.136638506713734 ], [ 122.967164209733269, 14.136698624368186 ], [ 122.96719426856049, 14.136803830263478 ], [ 122.967209297974108, 14.136909036158769 ], [ 122.967179239146887, 14.13699169793364 ], [ 122.967141665612843, 14.137044300881286 ], [ 122.967081547958401, 14.137051815588093 ] ] ] } },
{ "type": "Feature", "properties": { "fid": 238, "desc": "creek", "other desc": "aswang creek", "barangay": "Barangay Borabod", "col": "FGD waterways", "layer": "borabod_waterways", "etc": null, "name": "Aswang Creek" }, "geometry": { "type": "MultiLineString", "coordinates": [ [ [ 122.957059920784985, 14.132305925723109 ], [ 122.957087995262142, 14.132347367948505 ], [ 122.957242880556194, 14.132543527552544 ], [ 122.957399458585684, 14.132689621206357 ], [ 122.957589044956464, 14.13286033726725 ], [ 122.957848033480914, 14.133033515448169 ], [ 122.95808078460577, 14.133178788038563 ], [ 122.95830084021479, 14.133305183324245 ], [ 122.958411714387012, 14.133368380940757 ], [ 122.958624999054223, 14.133452917984759 ], [ 122.958949602248111, 14.133569090209045 ], [ 122.959143276546115, 14.133669266570081 ], [ 122.959450484053292, 14.133816191899601 ], [ 122.959747767795875, 14.133936302198688 ], [ 122.96002251133983, 14.133999100723022 ], [ 122.960085309864169, 14.133967701460856 ], [ 122.960485650456803, 14.134156097033859 ], [ 122.960658346398731, 14.134313093344696 ], [ 122.960917390311607, 14.134462239839992 ], [ 122.961231382933278, 14.13445439002445 ] ] ] } },
{ "type": "Feature", "properties": { "fid": 239, "desc": "creek", "other desc": "aswang creek", "barangay": "Barangay Awitan", "col": "FGD waterways", "layer": "awitan_waterways", "etc": null, "name": "Aswang Creek" }, "geometry": { "type": "MultiLineString", "coordinates": [ [ [ 122.964457657120988, 14.135361043719538 ], [ 122.964343834795628, 14.135172648146535 ], [ 122.9641711388537, 14.135117699437741 ], [ 122.963988854523706, 14.135016847633382 ], [ 122.96377810895973, 14.1350349039612 ], [ 122.96373494420564, 14.134967603095687 ], [ 122.963745100618382, 14.134788681185684 ], [ 122.963626609136568, 14.134732049909626 ], [ 122.963400628953508, 14.134568311575642 ], [ 122.963272404242844, 14.13451455284881 ], [ 122.963079009217239, 14.134531378100558 ], [ 122.962874611411181, 14.134578981245109 ], [ 122.962693488717619, 14.134615914712461 ], [ 122.962451427547691, 14.134604424301035 ], [ 122.962376100820009, 14.134535481820306 ], [ 122.962339707007757, 14.134526453636763 ], [ 122.962174665301006, 14.1344230398724 ], [ 122.962163662520595, 14.134343427656704 ], [ 122.962002852652475, 14.134358201059662 ], [ 122.961840350048874, 14.134368870738976 ], [ 122.961713394889799, 14.134341786167425 ], [ 122.961638914529843, 14.134372974461659 ], [ 122.961458638204022, 14.134464897830302 ], [ 122.961334222148125, 14.134432068060049 ], [ 122.961231382933278, 14.13445439002445 ] ] ] } },
{ "type": "Feature", "properties": { "fid": 240, "desc": "creek", "other desc": "borabod creek; yadao to katangyanan area", "barangay": "Barangay Borabod", "col": "FGD waterways", "layer": "borabod_waterways", "etc": null, "name": null }, "geometry": { "type": "MultiLineString", "coordinates": [ [ [ 122.970262595714189, 14.134477939471088 ], [ 122.969457989621148, 14.134254219728145 ], [ 122.968841779101112, 14.133842104412198 ], [ 122.969273518955916, 14.133378965295229 ], [ 122.969244082147625, 14.132860877469456 ], [ 122.968920277256515, 14.132584171471606 ], [ 122.968802530023396, 14.13252137294727 ], [ 122.968516011756108, 14.132238779587764 ], [ 122.968545448564399, 14.132154394070689 ], [ 122.968686745244142, 14.131916937150548 ], [ 122.968847666462764, 14.131783490286347 ], [ 122.96868870769805, 14.131465572756902 ], [ 122.968629834081483, 14.131186904305167 ], [ 122.968514049302243, 14.130935710207828 ], [ 122.968767205853453, 14.130637417217237 ], [ 122.968777018122864, 14.130341086680524 ], [ 122.968784867938396, 14.130080080313755 ] ] ] } },
{ "type": "Feature", "properties": { "fid": 241, "desc": "drainage", "other desc": "outlet from highway", "barangay": "Barangay Borabod", "col": "FGD waterways", "layer": "borabod_waterways", "etc": null, "name": null }, "geometry": { "type": "MultiLineString", "coordinates": [ [ [ 122.969923091192001, 14.130617792678382 ], [ 122.969720958441798, 14.131571545266716 ], [ 122.969308843125845, 14.132058233830312 ], [ 122.968882990632707, 14.132515485585625 ], [ 122.968564744096156, 14.132838164960839 ], [ 122.968359036981468, 14.133045992767464 ], [ 122.968135657434203, 14.133267251622815 ], [ 122.967972364157575, 14.133416406953419 ], [ 122.967789277756509, 14.133582527819264 ], [ 122.967594174101308, 14.133752183171611 ], [ 122.967485311916889, 14.133839838436989 ], [ 122.967349587635013, 14.133894976426502 ], [ 122.967172863309656, 14.133968493745853 ], [ 122.967023001081742, 14.134032114502983 ], [ 122.966929690637983, 14.134075942135675 ], [ 122.966614414441537, 14.134297907888328 ], [ 122.966411534916048, 14.134449890808135 ] ] ] } },
{ "type": "Feature", "properties": { "fid": 242, "desc": "drainage", "other desc": "outlet from highway", "barangay": "Barangay Borabod", "col": "FGD waterways", "layer": "borabod_waterways", "etc": null, "name": null }, "geometry": { "type": "MultiLineString", "coordinates": [ [ [ 122.969993739531859, 14.130673722614116 ], [ 122.969852442852115, 14.131326238531033 ], [ 122.969767076108084, 14.131597057167228 ], [ 122.969609098570317, 14.131807039732973 ], [ 122.96891046498709, 14.132570434294419 ], [ 122.968600088961182, 14.132903906409869 ], [ 122.968240985132041, 14.133268665417413 ], [ 122.96781967434039, 14.133647562370985 ], [ 122.96759629479314, 14.133839838436977 ], [ 122.967548932673949, 14.133875890199349 ], [ 122.967466932586987, 14.133923252318546 ], [ 122.967373622143185, 14.133962131670124 ], [ 122.967113483936259, 14.134081597314069 ], [ 122.967013104519467, 14.134127545638663 ], [ 122.966707017987943, 14.134341028623698 ], [ 122.966385379715788, 14.13455804609524 ], [ 122.966101913897916, 14.134783546334406 ], [ 122.965865810199233, 14.135001270703249 ], [ 122.965739982479576, 14.135110132887672 ], [ 122.965645258241182, 14.135172339850198 ], [ 122.965522258110724, 14.135243029580343 ], [ 122.965266361287604, 14.135308064132074 ], [ 122.964488774256026, 14.135480547073627 ] ] ] } },
{ "type": "Feature", "properties": { "fid": 243, "desc": "creek", "other desc": "aswan creek, from b5 to b6 ", "barangay": "Barangay Borabod", "col": "FGD waterways", "layer": "borabod_waterways", "etc": null, "name": "Aswan Creek" }, "geometry": { "type": "MultiLineString", "coordinates": [ [ [ 122.963923724634313, 14.119082558981107 ], [ 122.963934319703114, 14.119105262699987 ], [ 122.963953996259477, 14.11915823804404 ], [ 122.963933376209653, 14.119180425552178 ], [ 122.963894966590388, 14.119239971432007 ], [ 122.963866591968952, 14.119293958761352 ], [ 122.963798097389841, 14.119317164076199 ], [ 122.963724675457485, 14.119315663639577 ], [ 122.963651280007753, 14.119317164076199 ], [ 122.963536009977531, 14.119354064577974 ], [ 122.96344391937528, 14.119389815976616 ], [ 122.963321319293328, 14.119382248070323 ], [ 122.963209314280192, 14.11929446035732 ], [ 122.963176015492508, 14.119265702313406 ], [ 122.963082173454467, 14.119247539338302 ], [ 122.963020116622857, 14.119320191238717 ], [ 122.962894489378399, 14.119412519695496 ], [ 122.962712859627359, 14.11951998396486 ], [ 122.962657613911418, 14.119616096374786 ], [ 122.9625943521838, 14.119629549570821 ], [ 122.962419981653809, 14.119710695203448 ], [ 122.962373060634803, 14.119722803853517 ], [ 122.962110166438762, 14.119773135688307 ], [ 122.961993151738881, 14.119809077985261 ], [ 122.961892498585172, 14.119755345850578 ], [ 122.961892498585172, 14.119755345850578 ], [ 122.961810008406616, 14.119759886594359 ], [ 122.96173659971555, 14.11973756127079 ], [ 122.961571619358352, 14.119751183502117 ], [ 122.961585910149338, 14.119859955201205 ], [ 122.961585910149338, 14.120030255014967 ], [ 122.961579187264647, 14.12010990226042 ], [ 122.961529239083106, 14.120150768954403 ], [ 122.961449019276401, 14.120238556667406 ], [ 122.961388476026059, 14.120296072755234 ], [ 122.961290093244244, 14.120388401212013 ], [ 122.961226522831382, 14.12036872465565 ], [ 122.9610388387553, 14.120249151736216 ], [ 122.9609949448988, 14.120220393692302 ], [ 122.960881426304411, 14.120203744298456 ], [ 122.960760339803713, 14.120227961598594 ], [ 122.960710391622172, 14.120305154242788 ], [ 122.960657416278124, 14.120386887630755 ], [ 122.960575682890152, 14.120397482699564 ], [ 122.960425838345543, 14.120415645674669 ], [ 122.96034864570133, 14.120371751818171 ], [ 122.960179124600359, 14.120262773967548 ], [ 122.96007549759473, 14.120277623155891 ], [ 122.959023622312117, 14.120344346587997 ], [ 122.958403486884308, 14.120320797141371 ] ] ] } },
{ "type": "Feature", "properties": { "fid": 244, "desc": "creek", "other desc": "\"forest spring\"", "barangay": "Barangay Borabod", "col": "FGD waterways", "layer": "borabod_waterways", "etc": null, "name": "\"Forest Spring\"" }, "geometry": { "type": "MultiLineString", "coordinates": [ [ [ 122.96330845385269, 14.118658756228683 ], [ 122.963462082350446, 14.118684487110082 ], [ 122.963727337466011, 14.118966391619509 ], [ 122.963923724634313, 14.119082558981107 ], [ 122.964091732154031, 14.11908558614363 ], [ 122.964276389067592, 14.11917640101915 ], [ 122.964273361905114, 14.11940343820795 ], [ 122.964327850830429, 14.119518470383609 ], [ 122.964584522556407, 14.119579461390305 ], [ 122.964878794408577, 14.119615339584163 ], [ 122.965005935234302, 14.11987870272317 ], [ 122.965375249061452, 14.120320668450702 ], [ 122.965460009611931, 14.120605221727331 ], [ 122.96556293313752, 14.120953345416826 ], [ 122.965726399913464, 14.121195518418212 ], [ 122.965802078976395, 14.121283306131215 ], [ 122.965983708727435, 14.121313577756387 ], [ 122.966304216754196, 14.121232371347402 ], [ 122.966513462167967, 14.121177355443107 ], [ 122.966734975106661, 14.121108820502123 ], [ 122.966870667345006, 14.121025997317242 ], [ 122.967022147341623, 14.120991948080913 ], [ 122.9674095022731, 14.12082317742858 ], [ 122.9674095022731, 14.12082317742858 ], [ 122.967603170235634, 14.120654687665425 ], [ 122.967779194495407, 14.120593491472562 ], [ 122.967815142050455, 14.120632466189987 ], [ 122.967883664046539, 14.120741507178323 ], [ 122.968036124914221, 14.120853449053753 ], [ 122.968117408888958, 14.120881754083774 ], [ 122.968281325078124, 14.120923073791651 ], [ 122.968357832155448, 14.120875075659706 ], [ 122.968441764691548, 14.120883720678925 ], [ 122.968656693230272, 14.120762634178233 ], [ 122.968725145479254, 14.120587903424735 ], [ 122.96899270826971, 14.120453863601464 ], [ 122.96899270826971, 14.120453863601464 ], [ 122.969131957745503, 14.120556787127054 ], [ 122.969183419508298, 14.120702090927885 ], [ 122.969237908433612, 14.120832258916131 ], [ 122.969237908433612, 14.120832258916131 ], [ 122.969365049259338, 14.120962426904375 ], [ 122.969470999947447, 14.120974535554446 ], [ 122.969640521048419, 14.120956372579341 ], [ 122.969776743361692, 14.120892802166477 ], [ 122.969931128650074, 14.120732362553058 ], [ 122.969931128650074, 14.120732362553058 ], [ 122.970158165838882, 14.120717226740473 ], [ 122.970215681926703, 14.120829231753614 ], [ 122.970267861439211, 14.120901789355981 ], [ 122.970524452503469, 14.121016915829689 ], [ 122.970733326717166, 14.121119839355277 ], [ 122.971235972841342, 14.121267681141108 ], [ 122.971724623858833, 14.121436452175256 ] ] ] } },
{ "type": "Feature", "properties": { "fid": 245, "desc": "canal", "other desc": "irrigation to libho creek; to verify", "barangay": "Barangay Cobangbang", "col": "FGD waterways", "layer": "cobangbang_waterways", "etc": null, "name": null }, "geometry": { "type": "MultiLineString", "coordinates": [ [ [ 122.961927880750466, 14.103293424163613 ], [ 122.962209420710991, 14.103712605882619 ], [ 122.96272870552707, 14.103856504084666 ], [ 122.963016501931165, 14.104231890698701 ], [ 122.963035271261873, 14.104357019570045 ], [ 122.964205226208946, 14.105433127863611 ] ] ] } },
{ "type": "Feature", "properties": { "fid": 246, "desc": "river", "other desc": "nobenta river; boundary of bibirao, calasgasan, slr", "barangay": "Barangay Calasgasan", "col": "FGD waterways", "layer": "calasgasan_waterways", "etc": null, "name": "Nobenta River" }, "geometry": { "type": "MultiLineString", "coordinates": [ [ [ 122.921361100660576, 14.086964106453113 ], [ 122.921367357104145, 14.08694533712241 ], [ 122.921367357104145, 14.086926567791709 ], [ 122.921367357104145, 14.086907798461008 ], [ 122.921373613547715, 14.086882772686739 ], [ 122.921379869991284, 14.086864003356036 ], [ 122.921379869991284, 14.086851490468902 ], [ 122.921386126434854, 14.086832721138201 ], [ 122.921386126434854, 14.086820208251066 ], [ 122.921392382878423, 14.086807695363932 ], [ 122.921398639321978, 14.086795182476797 ], [ 122.921398639321978, 14.086782669589661 ], [ 122.921404895765548, 14.08676390025896 ], [ 122.921411152209117, 14.086751387371827 ], [ 122.921411152209117, 14.086738874484691 ], [ 122.921417408652687, 14.086726361597558 ], [ 122.921423665096256, 14.086713848710422 ], [ 122.921429921539826, 14.086701335823289 ], [ 122.921436177983395, 14.086688822936154 ], [ 122.92144869087052, 14.086670053605452 ], [ 122.921461203757659, 14.086657540718317 ], [ 122.921467460201228, 14.086645027831183 ], [ 122.921473716644797, 14.086632514944048 ], [ 122.921486229531922, 14.086613745613347 ], [ 122.9215112553062, 14.086594976282646 ], [ 122.921523768193325, 14.08658246339551 ], [ 122.921536281080463, 14.086569950508377 ], [ 122.921548793967602, 14.086569950508377 ], [ 122.921561306854727, 14.086557437621241 ], [ 122.921573819741866, 14.086551181177674 ], [ 122.921592589072574, 14.086544924734106 ], [ 122.921605101959699, 14.08653866829054 ], [ 122.921617614846838, 14.08653866829054 ], [ 122.921642640621101, 14.086519898959837 ], [ 122.92165515350824, 14.086519898959837 ], [ 122.921673922838949, 14.086507386072704 ], [ 122.921692692169643, 14.086507386072704 ], [ 122.921705205056782, 14.086507386072704 ], [ 122.921730230831045, 14.086494873185568 ], [ 122.921742743718184, 14.086488616742002 ], [ 122.921767769492448, 14.086482360298435 ], [ 122.921792795266725, 14.086482360298435 ], [ 122.92180530815385, 14.086476103854867 ], [ 122.921824077484558, 14.086476103854867 ], [ 122.921849103258822, 14.086463590967734 ], [ 122.921861616145961, 14.086463590967734 ], [ 122.921880385476669, 14.086463590967734 ], [ 122.921892898363794, 14.086463590967734 ], [ 122.921911667694502, 14.086463590967734 ], [ 122.921930437025196, 14.086457334524166 ], [ 122.921942949912335, 14.086451078080598 ], [ 122.921955462799474, 14.086444821637031 ], [ 122.921967975686599, 14.086444821637031 ], [ 122.921980488573737, 14.086444821637031 ], [ 122.921993001460876, 14.086444821637031 ], [ 122.92201177079157, 14.086444821637031 ], [ 122.922024283678709, 14.086444821637031 ], [ 122.922036796565848, 14.086438565193463 ], [ 122.922055565896542, 14.086438565193463 ], [ 122.922074335227251, 14.086438565193463 ], [ 122.92208059167082, 14.086426052306329 ], [ 122.922105617445084, 14.086426052306329 ], [ 122.922130643219347, 14.086419795862762 ], [ 122.922155668993625, 14.086419795862762 ], [ 122.92216818188075, 14.086419795862762 ], [ 122.922186951211458, 14.086407282975628 ], [ 122.922199464098597, 14.08640102653206 ], [ 122.922218233429291, 14.086394770088493 ], [ 122.92223074631643, 14.086388513644925 ], [ 122.922243259203569, 14.086376000757792 ], [ 122.922268284977832, 14.086369744314224 ], [ 122.922280797864971, 14.086363487870656 ], [ 122.922318336526374, 14.086350974983523 ], [ 122.922343362300637, 14.086344718539955 ], [ 122.92237464451847, 14.086332205652822 ], [ 122.922399670292748, 14.086332205652822 ], [ 122.922424696067011, 14.086319692765686 ], [ 122.92244346539772, 14.086319692765686 ], [ 122.922481004059122, 14.086313436322119 ], [ 122.922499773389816, 14.086313436322119 ], [ 122.922518542720525, 14.086307179878551 ], [ 122.922549824938358, 14.086307179878551 ], [ 122.922568594269066, 14.086307179878551 ], [ 122.92258736359976, 14.086307179878551 ], [ 122.922606132930468, 14.086307179878551 ], [ 122.922624902261163, 14.086307179878551 ], [ 122.922637415148301, 14.086307179878551 ], [ 122.92264992803544, 14.086307179878551 ], [ 122.922674953809704, 14.086319692765686 ], [ 122.922693723140398, 14.086325949209254 ], [ 122.922712492471106, 14.086344718539955 ], [ 122.922743774688939, 14.08635723142709 ], [ 122.922762544019648, 14.086369744314224 ], [ 122.922787569793911, 14.086388513644925 ], [ 122.92280008268105, 14.08640102653206 ], [ 122.922812595568189, 14.086419795862762 ], [ 122.922818852011744, 14.086438565193463 ], [ 122.922818852011744, 14.086457334524166 ], [ 122.922818852011744, 14.086476103854867 ], [ 122.922818852011744, 14.086494873185568 ], [ 122.922818852011744, 14.086519898959837 ], [ 122.922818852011744, 14.086532411846973 ], [ 122.922818852011744, 14.086544924734106 ], [ 122.922818852011744, 14.086563694064809 ], [ 122.922818852011744, 14.08658246339551 ], [ 122.922818852011744, 14.086601232726212 ], [ 122.92280633912462, 14.086620002056915 ], [ 122.92280008268105, 14.086638771387616 ], [ 122.922787569793911, 14.086657540718317 ], [ 122.922775056906772, 14.08667631004902 ], [ 122.922756287576078, 14.086707592266855 ], [ 122.92273751824537, 14.086738874484691 ], [ 122.922718748914676, 14.08676390025896 ], [ 122.922699979583967, 14.086788926033229 ], [ 122.922693723140398, 14.086826464694633 ], [ 122.922687466696843, 14.086838977581767 ], [ 122.922674953809704, 14.086851490468902 ], [ 122.922674953809704, 14.086870259799603 ], [ 122.922662440922565, 14.086882772686739 ], [ 122.922656184478996, 14.08690154201744 ], [ 122.922656184478996, 14.086914054904575 ], [ 122.92264992803544, 14.086939080678844 ], [ 122.92264992803544, 14.086951593565978 ], [ 122.92264992803544, 14.086964106453113 ], [ 122.92264992803544, 14.086976619340247 ], [ 122.92264992803544, 14.086989132227382 ], [ 122.92264992803544, 14.087007901558083 ], [ 122.92264992803544, 14.087026670888784 ], [ 122.92264992803544, 14.087051696663053 ], [ 122.92264992803544, 14.087064209550189 ], [ 122.922656184478996, 14.087089235324457 ], [ 122.922668697366134, 14.087108004655159 ], [ 122.922668697366134, 14.08712677398586 ], [ 122.922681210253273, 14.087158056203696 ], [ 122.922693723140398, 14.087170569090832 ], [ 122.922699979583967, 14.087189338421533 ], [ 122.922712492471106, 14.087201851308668 ], [ 122.922725005358245, 14.08722062063937 ], [ 122.92273751824537, 14.087233133526503 ], [ 122.922762544019648, 14.087251902857206 ], [ 122.922775056906772, 14.087251902857206 ], [ 122.922787569793911, 14.08726441574434 ], [ 122.92280008268105, 14.087270672187907 ], [ 122.922818852011744, 14.087289441518609 ], [ 122.922831364898883, 14.087289441518609 ], [ 122.922837621342453, 14.087301954405744 ], [ 122.922850134229591, 14.087308210849312 ], [ 122.922875160003855, 14.087326980180013 ], [ 122.922900185778118, 14.087326980180013 ], [ 122.922925211552396, 14.087352005954282 ], [ 122.922956493770229, 14.087358262397849 ], [ 122.922981519544493, 14.087370775284983 ], [ 122.923019058205895, 14.087389544615686 ], [ 122.923056596867312, 14.087395801059252 ], [ 122.923075366198006, 14.087408313946387 ], [ 122.92310039197227, 14.087414570389955 ], [ 122.923119161302978, 14.087420826833521 ], [ 122.923137930633686, 14.087433339720656 ], [ 122.923150443520811, 14.087439596164224 ], [ 122.923169212851519, 14.087452109051357 ], [ 122.923194238625783, 14.087470878382058 ], [ 122.923219264400046, 14.087489647712761 ], [ 122.923238033730755, 14.087508417043463 ], [ 122.923269315948588, 14.087533442817731 ], [ 122.923281828835727, 14.087545955704867 ], [ 122.92331311105356, 14.087577237922702 ], [ 122.923338136827837, 14.087596007253405 ], [ 122.923350649714962, 14.087627289471241 ], [ 122.92336941904567, 14.087658571689076 ], [ 122.923388188376364, 14.087689853906912 ], [ 122.923406957707073, 14.087708623237615 ], [ 122.923419470594212, 14.08773990545545 ], [ 122.923438239924906, 14.087758674786153 ], [ 122.923450752812045, 14.087771187673287 ], [ 122.923457009255614, 14.087783700560422 ], [ 122.923475778586308, 14.087802469891123 ], [ 122.923482035029878, 14.087814982778257 ], [ 122.923494547917016, 14.08783375210896 ], [ 122.92351957369128, 14.087840008552527 ], [ 122.923532086578419, 14.087858777883229 ], [ 122.923569625239821, 14.087883803657498 ], [ 122.923607163901224, 14.087896316544631 ], [ 122.923638446119057, 14.087915085875334 ], [ 122.923675984780459, 14.087940111649603 ], [ 122.923701010554737, 14.087965137423872 ], [ 122.92373229277257, 14.087990163198141 ], [ 122.923751062103264, 14.088002676085274 ], [ 122.923763574990403, 14.088008932528842 ], [ 122.923788600764667, 14.088021445415977 ], [ 122.923819882982514, 14.088033958303111 ], [ 122.923832395869638, 14.088033958303111 ], [ 122.923844908756777, 14.088033958303111 ], [ 122.923851165200347, 14.088046471190246 ], [ 122.923863678087486, 14.088046471190246 ], [ 122.923888703861749, 14.088046471190246 ], [ 122.923907473192457, 14.088046471190246 ], [ 122.923926242523152, 14.088046471190246 ], [ 122.92394501185386, 14.088046471190246 ], [ 122.923970037628123, 14.088046471190246 ], [ 122.923995063402387, 14.088046471190246 ], [ 122.924026345620234, 14.088046471190246 ], [ 122.924063884281637, 14.088046471190246 ], [ 122.924101422943039, 14.088052727633814 ], [ 122.924138961604442, 14.08805898407738 ], [ 122.924170243822275, 14.08805898407738 ], [ 122.924207782483677, 14.088065240520947 ], [ 122.924245321145079, 14.088071496964515 ], [ 122.924270346919357, 14.088071496964515 ], [ 122.924295372693621, 14.088071496964515 ], [ 122.924320398467884, 14.088077753408083 ], [ 122.924351680685731, 14.088077753408083 ], [ 122.924376706459995, 14.088084009851649 ], [ 122.924389219347134, 14.088084009851649 ], [ 122.924414245121397, 14.088084009851649 ], [ 122.924433014452106, 14.088090266295216 ], [ 122.92444552733923, 14.088090266295216 ], [ 122.924464296669939, 14.088096522738784 ], [ 122.924495578887772, 14.088102779182352 ], [ 122.924520604662035, 14.088102779182352 ], [ 122.924539373992744, 14.088109035625918 ], [ 122.924564399767007, 14.088115292069485 ], [ 122.92459568198484, 14.088127804956621 ], [ 122.924614451315549, 14.088134061400186 ], [ 122.924645733533382, 14.088140317843754 ], [ 122.92466450286409, 14.088146574287322 ], [ 122.924683272194784, 14.088152830730889 ], [ 122.924708297969062, 14.088165343618023 ], [ 122.924739580186895, 14.088171600061591 ], [ 122.924764605961158, 14.088177856505158 ], [ 122.924783375291867, 14.088184112948726 ], [ 122.924795888179005, 14.088190369392292 ], [ 122.924820913953269, 14.08819662583586 ], [ 122.924833426840408, 14.08819662583586 ], [ 122.924858452614671, 14.088202882279427 ], [ 122.92487722194538, 14.088209138722995 ], [ 122.924889734832504, 14.088215395166561 ], [ 122.924908504163213, 14.088221651610128 ], [ 122.924921017050337, 14.088221651610128 ], [ 122.924939786381046, 14.088221651610128 ], [ 122.924971068598879, 14.088227908053696 ], [ 122.924983581486018, 14.088234164497264 ], [ 122.925014863703851, 14.08824042094083 ], [ 122.92502737659099, 14.08824042094083 ], [ 122.925052402365253, 14.088246677384397 ], [ 122.925064915252392, 14.088246677384397 ], [ 122.925083684583086, 14.088246677384397 ], [ 122.925096197470225, 14.088246677384397 ], [ 122.925108710357364, 14.088246677384397 ], [ 122.925121223244503, 14.088246677384397 ], [ 122.925133736131627, 14.088246677384397 ], [ 122.925152505462336, 14.088246677384397 ], [ 122.92517127479303, 14.088246677384397 ], [ 122.925190044123738, 14.088246677384397 ], [ 122.925215069898002, 14.088246677384397 ], [ 122.92523383922871, 14.088246677384397 ], [ 122.925246352115835, 14.088246677384397 ], [ 122.925271377890112, 14.088246677384397 ], [ 122.925283890777237, 14.088246677384397 ], [ 122.925296403664376, 14.088246677384397 ], [ 122.925315172995084, 14.088246677384397 ], [ 122.925327685882209, 14.088252933827965 ], [ 122.925346455212917, 14.088265446715099 ], [ 122.925365224543611, 14.088277959602234 ], [ 122.92538399387432, 14.088290472489369 ], [ 122.925409019648583, 14.088302985376503 ], [ 122.925434045422861, 14.088315498263638 ], [ 122.925465327640694, 14.088334267594339 ], [ 122.925471584084264, 14.088346780481473 ], [ 122.925496609858527, 14.088365549812176 ], [ 122.925509122745666, 14.088378062699309 ], [ 122.92552789207636, 14.088403088473578 ], [ 122.92552789207636, 14.088415601360714 ], [ 122.925540404963499, 14.088434370691415 ], [ 122.925546661407068, 14.08844688357855 ], [ 122.925552917850638, 14.088459396465684 ], [ 122.925565430737777, 14.088484422239953 ], [ 122.925565430737777, 14.088503191570654 ], [ 122.925577943624901, 14.088521960901357 ], [ 122.925584200068471, 14.08853447378849 ], [ 122.92559045651204, 14.088559499562759 ], [ 122.925602969399179, 14.088578268893462 ], [ 122.925609225842734, 14.088603294667731 ], [ 122.925621738729873, 14.088622063998432 ], [ 122.925621738729873, 14.088659602659837 ], [ 122.925627995173443, 14.088684628434105 ], [ 122.925627995173443, 14.088697141321239 ], [ 122.925627995173443, 14.088722167095508 ], [ 122.925634251617012, 14.088753449313344 ], [ 122.925640508060582, 14.088784731531181 ], [ 122.925640508060582, 14.088797244418314 ], [ 122.925646764504151, 14.088834783079719 ], [ 122.925653020947706, 14.08885355241042 ], [ 122.925659277391276, 14.088872321741123 ], [ 122.925659277391276, 14.088891091071824 ], [ 122.925665533834845, 14.088909860402525 ], [ 122.925671790278415, 14.088934886176794 ], [ 122.925678046721984, 14.088966168394631 ], [ 122.925690559609109, 14.0889911941689 ], [ 122.925690559609109, 14.089028732830304 ], [ 122.925696816052678, 14.089053758604573 ], [ 122.925696816052678, 14.089091297265975 ], [ 122.925696816052678, 14.089110066596678 ], [ 122.925703072496248, 14.089141348814513 ], [ 122.925709328939817, 14.089153861701648 ], [ 122.925709328939817, 14.089178887475917 ], [ 122.925715585383386, 14.089203913250186 ], [ 122.925728098270525, 14.089216426137321 ], [ 122.925734354714081, 14.089235195468023 ], [ 122.925746867601219, 14.089260221242291 ], [ 122.925753124044789, 14.089272734129425 ], [ 122.925765636931928, 14.089291503460128 ], [ 122.925765636931928, 14.089304016347262 ], [ 122.925778149819052, 14.089322785677965 ], [ 122.925784406262622, 14.089335298565098 ], [ 122.925796919149761, 14.089347811452233 ], [ 122.92580317559333, 14.089360324339367 ], [ 122.925815688480455, 14.089372837226502 ], [ 122.925821944924024, 14.089385350113636 ], [ 122.925834457811163, 14.089391606557204 ], [ 122.925846970698302, 14.089410375887905 ], [ 122.925859483585427, 14.08942288877504 ], [ 122.925878252916135, 14.089435401662174 ], [ 122.925890765803274, 14.089454170992877 ], [ 122.925903278690399, 14.08946668388001 ], [ 122.925915791577538, 14.089485453210711 ], [ 122.925922048021107, 14.089497966097847 ], [ 122.925928304464676, 14.08951047898498 ], [ 122.925934560908232, 14.089522991872116 ], [ 122.925940817351801, 14.089541761202817 ], [ 122.92595333023894, 14.08956053053352 ], [ 122.925959586682509, 14.089573043420653 ], [ 122.925972099569634, 14.08960432563849 ], [ 122.925978356013204, 14.089616838525624 ], [ 122.925984612456773, 14.089635607856327 ], [ 122.925990868900342, 14.089654377187028 ], [ 122.925997125343912, 14.089673146517729 ], [ 122.926009638231051, 14.089698172291998 ], [ 122.926015894674606, 14.089729454509834 ], [ 122.926022151118175, 14.089754480284103 ], [ 122.926028407561745, 14.089779506058372 ], [ 122.926034664005314, 14.089810788276209 ], [ 122.926040920448884, 14.089835814050478 ], [ 122.926047176892453, 14.089854583381179 ], [ 122.926053433336008, 14.089873352711882 ], [ 122.926059689779578, 14.089892122042583 ], [ 122.926059689779578, 14.089910891373284 ], [ 122.926059689779578, 14.089935917147553 ], [ 122.926059689779578, 14.089948430034688 ], [ 122.926059689779578, 14.08996719936539 ], [ 122.926059689779578, 14.089985968696091 ], [ 122.926059689779578, 14.090010994470362 ], [ 122.926065946223147, 14.090023507357495 ], [ 122.926065946223147, 14.09003602024463 ], [ 122.926065946223147, 14.090054789575332 ], [ 122.926065946223147, 14.090073558906033 ], [ 122.926065946223147, 14.090092328236734 ], [ 122.926065946223147, 14.090111097567437 ], [ 122.926065946223147, 14.090129866898138 ], [ 122.926065946223147, 14.090154892672407 ], [ 122.926065946223147, 14.090173662003108 ], [ 122.926065946223147, 14.090186174890244 ], [ 122.926065946223147, 14.090198687777377 ], [ 122.926065946223147, 14.09021745710808 ], [ 122.926065946223147, 14.090236226438781 ], [ 122.926059689779578, 14.090248739325917 ], [ 122.926059689779578, 14.09026125221305 ], [ 122.926053433336008, 14.090280021543752 ], [ 122.926047176892453, 14.090292534430887 ], [ 122.926047176892453, 14.09030504731802 ], [ 122.926034664005314, 14.090317560205156 ], [ 122.926034664005314, 14.090330073092289 ], [ 122.926028407561745, 14.090348842422992 ], [ 122.926015894674606, 14.090367611753694 ], [ 122.926009638231051, 14.090380124640829 ], [ 122.926003381787481, 14.090392637527962 ], [ 122.925997125343912, 14.090405150415098 ], [ 122.925990868900342, 14.090417663302231 ], [ 122.925984612456773, 14.090430176189367 ] ] ] } },
{ "type": "Feature", "properties": { "fid": 247, "desc": "canal", "other desc": null, "barangay": "Barangay Mambalite", "col": "FGD waterways", "layer": "mambalite_waterways", "etc": null, "name": null }, "geometry": { "type": "MultiLineString", "coordinates": [ [ [ 122.982994589445809, 14.088062075210283 ], [ 122.981728651828305, 14.088770061676311 ], [ 122.981174263059515, 14.088818037627457 ], [ 122.980881076691389, 14.088567496549251 ], [ 122.980561237017085, 14.088727416386403 ], [ 122.980364002551269, 14.088754069692596 ], [ 122.980385325196224, 14.089127215979287 ], [ 122.979798952459987, 14.08928713581644 ] ] ] } },
{ "type": "Feature", "properties": { "fid": 248, "desc": "river", "other desc": "\"riverbed\"; dating may river, natabunan na; calle pogi, golden palace", "barangay": "Barangay IV", "col": "FGD waterways", "layer": "b4_waterways", "etc": null, "name": "\"riverbed\"" }, "geometry": { "type": "MultiLineString", "coordinates": [ [ [ 122.953161539180343, 14.113913395196146 ], [ 122.953798932030026, 14.115226060461707 ], [ 122.953852255713684, 14.115859279205319 ], [ 122.951599330078523, 14.117139047613456 ], [ 122.950159590619364, 14.11711238577162 ], [ 122.9480494, 14.1147408 ] ] ] } },
{ "type": "Feature", "properties": { "fid": 249, "desc": "canal", "other desc": "no outlet; p9, back of mantagbac es", "barangay": "Barangay IV", "col": "FGD waterways", "layer": "b4_waterways", "etc": null, "name": null }, "geometry": { "type": "MultiLineString", "coordinates": [ [ [ 122.948209943435145, 14.116875761925314 ], [ 122.948569878299935, 14.11760896257581 ], [ 122.948409907248916, 14.117675617180399 ] ] ] } },
{ "type": "Feature", "properties": { "fid": 250, "desc": "drainage", "other desc": "one side only; to mercedes", "barangay": "Barangay Gubat", "col": "FGD waterways", "layer": "gubat_waterways", "etc": null, "name": null }, "geometry": { "type": "MultiLineString", "coordinates": [ [ [ 122.964388464141521, 14.114935419598428 ], [ 122.96652526882869, 14.114757837215546 ], [ 122.966764609319867, 14.114744104564412 ], [ 122.96738846404277, 14.114716639262145 ], [ 122.970350793072939, 14.11452045853167 ], [ 122.97122575913086, 14.114465527927136 ], [ 122.971816263129583, 14.114420406359127 ], [ 122.97677178838137, 14.114079051888099 ], [ 122.981276097953085, 14.11382401693848 ] ] ] } },
{ "type": "Feature", "properties": { "fid": 251, "desc": "creek", "other desc": null, "barangay": "Barangay Gubat", "col": "FGD waterways", "layer": "gubat_waterways", "etc": null, "name": "creek" }, "geometry": { "type": "MultiLineString", "coordinates": [ [ [ 122.981460507839685, 14.122350031484901 ], [ 122.981460507839685, 14.121737947605821 ], [ 122.980986387932063, 14.121268972271585 ], [ 122.980419289274337, 14.121608800214588 ], [ 122.980136920777483, 14.121501596761844 ], [ 122.980377590207468, 14.121102322039084 ], [ 122.980764552816339, 14.120651908614466 ], [ 122.981123076983266, 14.121047391434551 ], [ 122.981640994111714, 14.120733502265791 ], [ 122.981391494550209, 14.120301307174365 ], [ 122.980730715522313, 14.120168501762025 ], [ 122.980364537817195, 14.120177231193143 ], [ 122.980330506832146, 14.119948779343893 ], [ 122.980733249008196, 14.119702615867647 ], [ 122.98093474348201, 14.119462251132317 ], [ 122.980707173834659, 14.119164056421996 ], [ 122.980244187310745, 14.118732458814952 ], [ 122.98005090787801, 14.118251848203162 ], [ 122.98036974297824, 14.118167458311184 ], [ 122.980448215270442, 14.11781433299633 ], [ 122.981170160358587, 14.117257179721783 ], [ 122.980958285169677, 14.117029610074432 ], [ 122.980534534791857, 14.116982526699118 ], [ 122.980660090459367, 14.116511692945982 ], [ 122.981083840837229, 14.115628879658843 ], [ 122.980820958658398, 14.115052108311248 ], [ 122.98010751754147, 14.114701540450248 ], [ 122.979883122492751, 14.113761218341319 ] ] ] } },
{ "type": "Feature", "properties": { "fid": 252, "desc": "creek", "other desc": null, "barangay": "Barangay Gubat", "col": "FGD waterways", "layer": "gubat_waterways", "etc": null, "name": "creek" }, "geometry": { "type": "MultiLineString", "coordinates": [ [ [ 122.980189256706211, 14.122128347259469 ], [ 122.97968311042159, 14.12219112509322 ], [ 122.979184811366181, 14.121916472070556 ], [ 122.978753213759148, 14.12157904121414 ], [ 122.97850210242413, 14.121335777108351 ], [ 122.978125435421617, 14.121280846503819 ], [ 122.977878247701213, 14.121178832523972 ], [ 122.977666372512289, 14.121131749148658 ] ] ] } },
{ "type": "Feature", "properties": { "fid": 253, "desc": "creek", "other desc": null, "barangay": "Barangay Gubat", "col": "FGD waterways", "layer": "gubat_waterways", "etc": null, "name": "creek" }, "geometry": { "type": "MultiLineString", "coordinates": [ [ [ 122.975569218838714, 14.126693602340319 ], [ 122.975503432569084, 14.126519977107154 ], [ 122.975366398950058, 14.126445375013898 ], [ 122.97533612732488, 14.12629401688803 ], [ 122.975439050850468, 14.126148713087199 ], [ 122.975493539775783, 14.12602157226147 ], [ 122.975472349638153, 14.125785453585118 ], [ 122.975312100720913, 14.125365010557884 ], [ 122.975293747049633, 14.124977201192989 ], [ 122.975339154487401, 14.12490757645509 ], [ 122.975505648425852, 14.124747136841671 ], [ 122.975562182119944, 14.124715169499433 ], [ 122.975635816414098, 14.124659349128668 ], [ 122.975632305572674, 14.124566574563902 ], [ 122.975584354651303, 14.124492855190216 ], [ 122.975563164513616, 14.124405067477214 ], [ 122.975599490463821, 14.124350578551901 ], [ 122.975617653438931, 14.124302143951624 ], [ 122.975684251014314, 14.12423857353876 ], [ 122.97581139184004, 14.124187111775965 ], [ 122.976002103078628, 14.123929802961992 ], [ 122.976108053766737, 14.123687629960605 ], [ 122.975980912941012, 14.123590760760051 ], [ 122.975778093052355, 14.123602869410121 ], [ 122.975675169526767, 14.123502973047048 ], [ 122.975702413989424, 14.12295505663141 ], [ 122.975602517626356, 14.122821861480647 ], [ 122.975460336152892, 14.122768408883294 ], [ 122.975290036339132, 14.122771748095328 ], [ 122.975224122311687, 14.12277342688037 ], [ 122.975066709860783, 14.122824888643164 ], [ 122.97498194931029, 14.122803698505543 ], [ 122.974942596197579, 14.122661421867228 ], [ 122.97490929740988, 14.122497955091292 ], [ 122.974916044591254, 14.122431148467804 ], [ 122.974900215922332, 14.122388977240668 ], [ 122.974866917134634, 14.122195238839559 ], [ 122.974839672671976, 14.122089288151452 ], [ 122.974788210909182, 14.122025717738588 ], [ 122.974751884958977, 14.122052962201243 ], [ 122.97470950468373, 14.122198266002076 ], [ 122.97464099430151, 14.122342671554103 ], [ 122.974588418183046, 14.122443466165981 ], [ 122.974521820607663, 14.122449520491015 ], [ 122.974443114382211, 14.122431357515911 ], [ 122.974400734106965, 14.122373841428081 ], [ 122.974376516806828, 14.122298162365148 ], [ 122.974340190856623, 14.122195238839559 ], [ 122.974319000719007, 14.122149831401799 ], [ 122.974285701931308, 14.122122586939142 ], [ 122.974107955278896, 14.122047139083831 ], [ 122.9740041758172, 14.122043880713692 ], [ 122.973910333779159, 14.122031772063622 ], [ 122.973733963531032, 14.122013746963486 ], [ 122.973671187940298, 14.122007554763483 ], [ 122.973610412685744, 14.121970337207037 ], [ 122.97348686184047, 14.121940284298725 ], [ 122.973416906288833, 14.121904631237895 ], [ 122.973279830694324, 14.12190689217838 ], [ 122.973079477972249, 14.121923588238554 ], [ 122.972974940561301, 14.121922794212999 ], [ 122.972974940561301, 14.121922794212999 ], [ 122.972872017035712, 14.12189857691286 ], [ 122.97271216464847, 14.121903552966346 ], [ 122.972558560894882, 14.121916909814484 ], [ 122.972445027685708, 14.121930266662622 ], [ 122.972252962300871, 14.121958363372579 ], [ 122.972162147425351, 14.121967444860131 ], [ 122.972114445694288, 14.12198035484314 ], [ 122.97206527822479, 14.121943227559992 ], [ 122.972007590909186, 14.121903552966346 ], [ 122.971914092972213, 14.121763306060895 ], [ 122.971874566986202, 14.121695000233572 ], [ 122.971826132385928, 14.121604185358052 ], [ 122.971753480485503, 14.121467963044772 ], [ 122.971724623858833, 14.121436452175256 ] ] ] } },
{ "type": "Feature", "properties": { "fid": 254, "desc": "canal", "other desc": "dulo ng airport to dagat; matatakpan due to expansion", "barangay": "Barangay Gubat", "col": "FGD waterways", "layer": "gubat_waterways", "etc": null, "name": null }, "geometry": { "type": "MultiLineString", "coordinates": [ [ [ 122.975439050850468, 14.126148713087199 ], [ 122.975569218838714, 14.126693602340319 ], [ 122.97595567654264, 14.12627462699804 ], [ 122.976504982587969, 14.126494349416172 ], [ 122.977564358532533, 14.126659141229769 ], [ 122.978356928683652, 14.126462960499294 ] ] ] } },
{ "type": "Feature", "properties": { "fid": 255, "desc": "drainage", "other desc": null, "barangay": "Barangay I", "col": "FGD waterways", "layer": "b1_waterways", "etc": null, "name": null }, "geometry": { "type": "MultiLineString", "coordinates": [ [ [ 122.956156973393149, 14.112827470784325 ], [ 122.956170581165949, 14.112821638881574 ], [ 122.95623314157713, 14.112817044049114 ], [ 122.956350486529175, 14.112785233670548 ], [ 122.956415521080913, 14.112765440546106 ], [ 122.956466771135268, 14.112750949151426 ], [ 122.956517314292327, 14.112736104308095 ], [ 122.956846021537501, 14.112629009366916 ], [ 122.956946400954308, 14.112598966231603 ], [ 122.956989168241051, 14.112585181734225 ], [ 122.957021332068237, 14.112572811031448 ], [ 122.957026280349339, 14.112456879874006 ], [ 122.957026280349339, 14.112297827981177 ], [ 122.957025926900684, 14.112239862402456 ], [ 122.95704112519266, 14.11182668092974 ], [ 122.957046780371044, 14.111349171802594 ], [ 122.957045720025093, 14.111285904494112 ], [ 122.957042185538569, 14.11090771443782 ] ] ] } },
{ "type": "Feature", "properties": { "fid": 256, "desc": "drainage", "other desc": null, "barangay": "Barangay I", "col": "FGD waterways", "layer": "b1_waterways", "etc": null, "name": null }, "geometry": { "type": "MultiLineString", "coordinates": [ [ [ 122.956036977575764, 14.110815464339971 ], [ 122.956427184886181, 14.110822886761637 ], [ 122.957040771743877, 14.110832783323858 ], [ 122.957191340869102, 14.110835257464412 ], [ 122.957715151769477, 14.110844093680679 ], [ 122.957876324354217, 14.110847274718537 ], [ 122.958143884982832, 14.110852576448302 ], [ 122.958207505739963, 14.11085222299965 ], [ 122.958380342130184, 14.110848688513144 ], [ 122.958604428574731, 14.110837731604967 ], [ 122.958804480511077, 14.110827835042748 ], [ 122.95900223503115, 14.110819352275129 ] ] ] } },
{ "type": "Feature", "properties": { "fid": 257, "desc": "drainage", "other desc": null, "barangay": "Barangay I", "col": "FGD waterways", "layer": "b1_waterways", "etc": null, "name": null }, "geometry": { "type": "MultiLineString", "coordinates": [ [ [ 122.958999230717566, 14.110457597581096 ], [ 122.958746514932287, 14.110440985494511 ], [ 122.958513592271458, 14.110426847548478 ], [ 122.958375747297666, 14.110420132024114 ], [ 122.958242143707693, 14.110411649256495 ], [ 122.95811136770692, 14.110404580283479 ], [ 122.957510858449325, 14.110371356110305 ], [ 122.957183388274416, 14.110350856088559 ], [ 122.956963013040664, 14.110335304347929 ], [ 122.956552482432826, 14.11032364054245 ], [ 122.956139654408744, 14.110293067234162 ], [ 122.956041042235555, 14.110288825850384 ] ] ] } },
{ "type": "Feature", "properties": { "fid": 258, "desc": "drainage", "other desc": null, "barangay": "Barangay I", "col": "FGD waterways", "layer": "b1_waterways", "etc": null, "name": null }, "geometry": { "type": "MultiLineString", "coordinates": [ [ [ 122.957021332068237, 14.112572811031448 ], [ 122.957079120921236, 14.112537289441901 ], [ 122.957759863022559, 14.112482151452387 ], [ 122.958162794484409, 14.112454582457628 ], [ 122.958796881363824, 14.112405806543828 ], [ 122.959018316944523, 14.112367457365325 ], [ 122.959101023928795, 14.112350491830091 ], [ 122.959242049940443, 14.112314793516365 ], [ 122.959361162135735, 14.112282629689149 ], [ 122.959421955303682, 14.112262129667407 ], [ 122.959538946807072, 14.112227845148285 ], [ 122.959778584992264, 14.112152030412698 ], [ 122.959823296246583, 14.11214125022885 ], [ 122.959988003317832, 14.11209273940154 ], [ 122.960116746988859, 14.112049883752638 ] ] ] } },
{ "type": "Feature", "properties": { "fid": 259, "desc": "drainage", "other desc": null, "barangay": "Barangay I", "col": "FGD waterways", "layer": "b1_waterways", "etc": null, "name": null }, "geometry": { "type": "MultiLineString", "coordinates": [ [ [ 122.959015047544327, 14.112417293625061 ], [ 122.959021763068833, 14.112297121083826 ], [ 122.959024767382346, 14.112042107882314 ], [ 122.959044560506783, 14.111490727987162 ], [ 122.959050215685195, 14.111310822623937 ], [ 122.959055517414924, 14.11116431815821 ], [ 122.959061349317622, 14.110989891249067 ], [ 122.959070538982516, 14.11077110653426 ], [ 122.959072306225778, 14.110683981441854 ], [ 122.959078314852846, 14.110551614922153 ], [ 122.959087857966438, 14.110399985450984 ] ] ] } },
{ "type": "Feature", "properties": { "fid": 260, "desc": "drainage", "other desc": null, "barangay": "Barangay I", "col": "FGD waterways", "layer": "b1_waterways", "etc": null, "name": null }, "geometry": { "type": "MultiLineString", "coordinates": [ [ [ 122.95904632774986, 14.111486133154694 ], [ 122.959118077825963, 14.111480831424933 ], [ 122.959197780496694, 14.111475352970846 ], [ 122.959256452972767, 14.111472525381641 ] ] ] } },
{ "type": "Feature", "properties": { "fid": 261, "desc": "drainage", "other desc": null, "barangay": "Barangay I", "col": "FGD waterways", "layer": "b1_waterways", "etc": null, "name": null }, "geometry": { "type": "MultiLineString", "coordinates": [ [ [ 122.959462071725184, 14.112249140429457 ], [ 122.959448994125111, 14.112184989499349 ], [ 122.959424959616854, 14.112081429044682 ], [ 122.95939544665454, 14.111949592697952 ], [ 122.95938095525986, 14.111896398676015 ], [ 122.959346494016401, 14.111731338156124 ], [ 122.959335890556886, 14.111685743280178 ], [ 122.959298601724228, 14.111490993073618 ], [ 122.959295243962075, 14.111479152543817 ] ] ] } },
{ "type": "Feature", "properties": { "fid": 262, "desc": "drainage", "other desc": null, "barangay": "Barangay I", "col": "FGD waterways", "layer": "b1_waterways", "etc": null, "name": null }, "geometry": { "type": "MultiLineString", "coordinates": [ [ [ 122.960541503904437, 14.111920168097765 ], [ 122.960526128888134, 14.111832866281032 ], [ 122.960471521071582, 14.111570253933536 ], [ 122.960404896000853, 14.111248792385693 ], [ 122.960349934735703, 14.110978050719229 ] ] ] } },
{ "type": "Feature", "properties": { "fid": 263, "desc": "drainage", "other desc": null, "barangay": "Barangay I", "col": "FGD waterways", "layer": "b1_waterways", "etc": null, "name": null }, "geometry": { "type": "MultiLineString", "coordinates": [ [ [ 122.956234555370216, 14.106643091380031 ], [ 122.956314611489603, 14.106650513801696 ], [ 122.956353314116853, 14.106661647434194 ], [ 122.95668096101609, 14.106683914699191 ], [ 122.956908935395816, 14.106702470753355 ], [ 122.956957976396083, 14.106704326358772 ], [ 122.956999594974704, 14.106708832829069 ] ] ] } },
{ "type": "Feature", "properties": { "fid": 264, "desc": "drainage", "other desc": null, "barangay": "Barangay Gubat", "col": "FGD waterways", "layer": "gubat_waterways", "etc": null, "name": null }, "geometry": { "type": "MultiLineString", "coordinates": [ [ [ 122.964388464141521, 14.114935419598428 ], [ 122.964207525517779, 14.113162831544726 ] ] ] } },
{ "type": "Feature", "properties": { "fid": 265, "desc": "drainage", "other desc": "exit to daet river", "barangay": "Barangay Gubat", "col": "FGD waterways", "layer": "gubat_waterways", "etc": null, "name": null }, "geometry": { "type": "MultiLineString", "coordinates": [ [ [ 122.96493413805652, 14.114888536324177 ], [ 122.964650972875987, 14.113210916198019 ] ] ] } },
{ "type": "Feature", "properties": { "fid": 266, "desc": "drainage", "other desc": "exit to daet river", "barangay": "Barangay Gubat", "col": "FGD waterways", "layer": "gubat_waterways", "etc": null, "name": null }, "geometry": { "type": "MultiLineString", "coordinates": [ [ [ 122.965436355546515, 14.113253658112066 ], [ 122.965692807030777, 14.113632992599191 ], [ 122.966045427821626, 14.113643678077702 ], [ 122.966424762308748, 14.114167266524721 ], [ 122.966520931615335, 14.114413032530463 ], [ 122.96652526882869, 14.114757837215546 ] ] ] } },
{ "type": "Feature", "properties": { "fid": 267, "desc": "creek", "other desc": null, "barangay": "Barangay Gubat", "col": "FGD waterways", "layer": "gubat_waterways", "etc": null, "name": null }, "geometry": { "type": "MultiLineString", "coordinates": [ [ [ 122.965842403729908, 14.117036317504802 ], [ 122.965324158022156, 14.116860007109379 ], [ 122.965051678320137, 14.116694382192465 ], [ 122.965040992841622, 14.116571499189593 ], [ 122.965073049277152, 14.116421902490446 ], [ 122.9653775854147, 14.116299019487574 ], [ 122.965575266767146, 14.116181479223957 ], [ 122.965596637724175, 14.115973112393002 ], [ 122.965576, 14.115806893160432 ] ] ] } },
{ "type": "Feature", "properties": { "fid": 268, "desc": "canal", "other desc": "from dam", "barangay": "Barangay Gubat", "col": "FGD waterways", "layer": "gubat_waterways", "etc": null, "name": null }, "geometry": { "type": "MultiLineString", "coordinates": [ [ [ 122.970911929305686, 14.121168273955554 ], [ 122.971302683248794, 14.120802948679774 ], [ 122.972018610308993, 14.120567868152543 ], [ 122.973535948257492, 14.120428956931905 ], [ 122.974871633071317, 14.120471698845947 ], [ 122.975929495443864, 14.120631981023605 ], [ 122.977179696429602, 14.120920488943391 ], [ 122.977666372512289, 14.121131749148658 ] ] ] } },
{ "type": "Feature", "properties": { "fid": 269, "desc": "creek", "other desc": null, "barangay": "Barangay Gubat", "col": "FGD waterways", "layer": "gubat_waterways", "etc": null, "name": "Magtagsit Creek" }, "geometry": { "type": "MultiLineString", "coordinates": [ [ [ 122.979883122492751, 14.113761218341319 ], [ 122.979851066057222, 14.113237629894302 ], [ 122.979391590481271, 14.112692670490263 ], [ 122.979049655168922, 14.112169082043247 ] ] ] } },
{ "type": "Feature", "properties": { "fid": 270, "desc": "creek", "other desc": "mababaw na", "barangay": "Barangay Gubat", "col": "FGD waterways", "layer": "gubat_waterways", "etc": null, "name": null }, "geometry": { "type": "MultiLineString", "coordinates": [ [ [ 122.975186854687351, 14.113574222467381 ], [ 122.975678386698846, 14.113162831544724 ], [ 122.976394313759045, 14.112671299533238 ] ] ] } }
]
}
